IP Upgrade report for golden_top
Fri Jun 26 21:35:10 2026
Quartus Prime Version 25.3.1 Build 100 12/19/2025 SC Pro Edition


---------------------
; Table of Contents ;
---------------------
  1. Legal Notice
  2. IP Upgrade Summary
  3. Successfully Upgraded IP Components
  4. IP Upgrade Messages



----------------
; Legal Notice ;
----------------
Copyright (C) 2025  Altera Corporation. All rights reserved.
Your use of Altera Corporation's design tools, logic functions 
and other software and tools, and any partner logic 
functions, and any output files from any of the foregoing 
(including device programming or simulation files), and any 
associated documentation or information are expressly subject 
to the terms and conditions of the Altera Program License 
Subscription Agreement, the Altera Quartus Prime License Agreement,
the Altera IP License Agreement, or other applicable license
agreement, including, without limitation, that your use is for
the sole purpose of programming logic devices manufactured by
Altera and sold by Altera or its authorized distributors.  Please
refer to the Altera Software License Subscription Agreements 
on the Quartus Prime software download page.



+---------------------------------------------------------------------------+
; IP Upgrade Summary                                                        ;
+------------------------------+--------------------------------------------+
; IP Components Upgrade Status ; Passed - Fri Jun 26 21:35:09 2026          ;
; Quartus Prime Version        ; 25.3.1 Build 100 12/19/2025 SC Pro Edition ;
; Revision Name                ; golden_top                                 ;
; Top-level Entity Name        ; golden_top                                 ;
; Family                       ; Agilex 5                                   ;
+------------------------------+--------------------------------------------+


+-------------------------------------------------------------------------------------------------------------------------------------------------------------------------------------------------------------------------------------------------------------------+
; Successfully Upgraded IP Components                                                                                                                                                                                                                               ;
+------------------------------------------------+--------------------------------------------+---------+---------------------------------------------------------------+---------------------------------------------------------------+-----------------+---------+
; Entity Name                                    ; Component Name                             ; Version ; Original Source File                                          ; Generation File Path                                          ; New Source File ; Message ;
+------------------------------------------------+--------------------------------------------+---------+---------------------------------------------------------------+---------------------------------------------------------------+-----------------+---------+
; agilex_hps                                     ; intel_agilex_5_soc                         ; 9.0.0   ; hps_subsys/ip/hps_subsys/agilex_hps.ip                        ; hps_subsys/ip/hps_subsys/agilex_hps.ip                        ;                 ;         ;
; sysid                                          ; altera_avalon_sysid_qsys                   ; 19.1.8  ; peripheral_subsys/ip/peripheral_subsys/sysid.ip               ; peripheral_subsys/ip/peripheral_subsys/sysid.ip               ;                 ;         ;
; qsys_top_ace5lite_cache_coherency_translator_0 ; altera_ace5lite_cache_coherency_translator ; 2.1.1   ; ip/qsys_top/qsys_top_ace5lite_cache_coherency_translator_0.ip ; ip/qsys_top/qsys_top_ace5lite_cache_coherency_translator_0.ip ;                 ;         ;
; emif_io96b_hps                                 ; emif_io96b_hps                             ; 4.0.0   ; hps_subsys/ip/qsys_top/emif_io96b_hps.ip                      ; hps_subsys/ip/qsys_top/emif_io96b_hps.ip                      ;                 ;         ;
; pll                                            ; altera_iopll                               ; 20.0.0  ; ip/pll.ip                                                     ; ip/pll.ip                                                     ;                 ;         ;
+------------------------------------------------+--------------------------------------------+---------+---------------------------------------------------------------+---------------------------------------------------------------+-----------------+---------+


+---------------------+
; IP Upgrade Messages ;
+---------------------+
Info (11902): Backing up file "C:/trumpf/ghrd_base/GHRD/hps_subsys/ip/hps_subsys/agilex_hps.ip" to "C:/trumpf/ghrd_base/GHRD/hps_subsys/ip/hps_subsys/agilex_hps.BAK.ip"
Info (11902): Backing up file "hps_subsys/ip/hps_subsys/agilex_hps/synth/agilex_hps.v" to "C:/trumpf/ghrd_base/GHRD/hps_subsys/ip/hps_subsys/agilex_hps.BAK.v"
Info (11902): Backing up file "C:/trumpf/ghrd_base/GHRD/peripheral_subsys/ip/peripheral_subsys/sysid.ip" to "C:/trumpf/ghrd_base/GHRD/peripheral_subsys/ip/peripheral_subsys/sysid.BAK.ip"
Info (11902): Backing up file "peripheral_subsys/ip/peripheral_subsys/sysid/synth/sysid.v" to "C:/trumpf/ghrd_base/GHRD/peripheral_subsys/ip/peripheral_subsys/sysid.BAK.v"
Info (11902): Backing up file "C:/trumpf/ghrd_base/GHRD/ip/qsys_top/qsys_top_ace5lite_cache_coherency_translator_0.ip" to "C:/trumpf/ghrd_base/GHRD/ip/qsys_top/qsys_top_ace5lite_cache_coherency_translator_0.BAK.ip"
Info (11902): Backing up file "ip/qsys_top/qsys_top_ace5lite_cache_coherency_translator_0/synth/qsys_top_ace5lite_cache_coherency_translator_0.v" to "C:/trumpf/ghrd_base/GHRD/ip/qsys_top/qsys_top_ace5lite_cache_coherency_translator_0.BAK.v"
Info (11902): Backing up file "C:/trumpf/ghrd_base/GHRD/hps_subsys/ip/qsys_top/emif_io96b_hps.ip" to "C:/trumpf/ghrd_base/GHRD/hps_subsys/ip/qsys_top/emif_io96b_hps.BAK.ip"
Info (11902): Backing up file "hps_subsys/ip/qsys_top/emif_io96b_hps/synth/emif_io96b_hps.v" to "C:/trumpf/ghrd_base/GHRD/hps_subsys/ip/qsys_top/emif_io96b_hps.BAK.v"
Info (11902): Backing up file "C:/trumpf/ghrd_base/GHRD/ip/pll.ip" to "C:/trumpf/ghrd_base/GHRD/ip/pll.BAK.ip"
Info (11902): Backing up file "ip/pll/synth/pll.v" to "C:/trumpf/ghrd_base/GHRD/ip/pll.BAK.v"
Info (20325): ***************************************************************
Info (20325): Quartus is a registered trademark of Altera Corporation in the
Info (20325): US and other countries.  Portions of the Quartus Prime software
Info (20325): code, and other portions of the code included in this download
Info (20325): or on this DVD, are licensed to Altera Corporation and are the
Info (20325): copyrighted property of third parties. For license details,
Info (20325): refer to the Altera Software License Subscription Agreements
Info (20325): on the Quartus Prime software download page.
Info (20325): ***************************************************************
Info (20325): 2026.06.26.21:26:10 Info: Batch generation will generate the listed files in this order: C:/trumpf/ghrd_base/GHRD/hps_subsys/ip/hps_subsys/agilex_hps.ip, peripheral_subsys/ip/peripheral_subsys/sysid.ip, ip/qsys_top/qsys_top_ace5lite_cache_coherency_translator_0.ip, hps_subsys/ip/qsys_top/emif_io96b_hps.ip, ip/pll.ip
Info (20325): 2026.06.26.21:26:49 Info: Starting to upgrade the IP cores in the Platform Designer system
Info (20325): 2026.06.26.21:26:49 Info: Finished upgrading the ip cores
Info (20325): 2026.06.26.21:26:50 Info: Starting to upgrade the IP cores in the Platform Designer system
Info (20325): 2026.06.26.21:26:50 Info: Finished upgrading the ip cores
Info (20325): 2026.06.26.21:26:51 Info: Starting to upgrade the IP cores in the Platform Designer system
Info (20325): 2026.06.26.21:26:51 Info: Finished upgrading the ip cores
Info (20325): 2026.06.26.21:27:28 Info: Starting to upgrade the IP cores in the Platform Designer system
Info (20325): 2026.06.26.21:27:28 Info: Finished upgrading the ip cores
Info (20325): 2026.06.26.21:27:33 Info: Starting to upgrade the IP cores in the Platform Designer system
Info (20325): 2026.06.26.21:27:33 Info: Finished upgrading the ip cores
Info (20325): ***************************************************************
Info (20325): Quartus is a registered trademark of Altera Corporation in the
Info (20325): US and other countries.  Portions of the Quartus Prime software
Info (20325): code, and other portions of the code included in this download
Info (20325): or on this DVD, are licensed to Altera Corporation and are the
Info (20325): copyrighted property of third parties. For license details,
Info (20325): refer to the Altera Software License Subscription Agreements
Info (20325): on the Quartus Prime software download page.
Info (20325): ***************************************************************
Info (20325): 2026.06.26.21:27:34 Info: Batch generation will generate the listed files in this order: C:/trumpf/ghrd_base/GHRD/peripheral_subsys/ip/peripheral_subsys/sysid.ip, ip/qsys_top/qsys_top_ace5lite_cache_coherency_translator_0.ip, hps_subsys/ip/qsys_top/emif_io96b_hps.ip, ip/pll.ip
Info (20325): 2026.06.26.21:28:26 Info: Parallel IP Generation is enabled.
Info (20325): 2026.06.26.21:28:26 Info: Platform Designer will attempt to use 4 processors for parallel IP generation based on available number of processors and the total number of IP to be generated.
Info (20325): 2026.06.26.21:28:26 Info:
Info (20325): 2026.06.26.21:28:26 Info: Starting: Platform Designer system generation
Info (20325): 2026.06.26.21:29:27 Info:
Info (20325): 2026.06.26.21:29:27 Info: Generating on localhost:65165
Info (20325): 2026.06.26.21:29:27 Info: Saving generation log to C:/trumpf/ghrd_base/GHRD/peripheral_subsys/ip/peripheral_subsys/sysid/sysid_generation.rpt
Info (20325): 2026.06.26.21:29:27 Info: Generated by version: 25.3.1 build 100
Info (20325): 2026.06.26.21:29:27 Info: Starting: Create simulation model
Info (20325): 2026.06.26.21:29:27 Info: qsys-generate C:\trumpf\ghrd_base\GHRD\peripheral_subsys\ip\peripheral_subsys\sysid.ip --simulation=VERILOG --allow-mixed-language-simulation --output-directory=C:\trumpf\ghrd_base\GHRD\peripheral_subsys\ip\peripheral_subsys\sysid --family="Agilex 5" --part=A5EB013BB23BE4SCS
Info (20325): 2026.06.26.21:29:27 Info: sysid.altera_avalon_sysid_qsys_inst: Live Timestamp is turned off. Timestamp is fixed to 0
Info (20325): 2026.06.26.21:29:27 Info: sysid.altera_avalon_sysid_qsys_inst: Edit the System ID parameter to provide a unique ID
Info (20325): 2026.06.26.21:29:27 Info: sysid: "Transforming system: sysid"
Info (20325): 2026.06.26.21:29:27 Info: sysid: "Naming system components in system: sysid"
Info (20325): 2026.06.26.21:29:27 Info: sysid: "Processing generation queue"
Info (20325): 2026.06.26.21:29:27 Info: sysid: "Generating: sysid"
Info (20325): 2026.06.26.21:29:27 Info: sysid: "Generating: altera_avalon_sysid_qsys"
Info (20325): 2026.06.26.21:29:27 Info: sysid: Done "sysid" with 2 modules, 2 files
Warning (20326): 2026.06.26.21:29:27 Warning: Skipping generation of synopsys/vcs/vcs_setup.sh since VCS 2-step flow is not supported for specified device family. Use VCS-MX or another supported simulator.
Info (20325): 2026.06.26.21:29:27 Info: Generating the following file(s) for MODELSIM simulator in C:/trumpf/ghrd_base/GHRD/peripheral_subsys/ip/peripheral_subsys/sysid/sim/ directory:
Info (20325): 2026.06.26.21:29:27 Info: common/modelsim_files.tcl
Info (20325): 2026.06.26.21:29:27 Info: Generating the following file(s) for RIVIERA simulator in C:/trumpf/ghrd_base/GHRD/peripheral_subsys/ip/peripheral_subsys/sysid/sim/ directory:
Info (20325): 2026.06.26.21:29:27 Info: common/riviera_files.tcl
Info (20325): 2026.06.26.21:29:27 Info: For information on how to simulate your IP, see the explanatory comments in the simulator-specific subdirectories under C:/trumpf/ghrd_base/GHRD/peripheral_subsys/ip/peripheral_subsys/sysid/sim/.
Info (20325): 2026.06.26.21:29:27 Info: Regenerate these scripts whenever you make any change to any Quartus-generated IP in your project.
Info (20325): 2026.06.26.21:29:27 Info: Finished: Create simulation model
Info (20325): 2026.06.26.21:29:27 Info: Starting: Create simulation script
Info (20325): 2026.06.26.21:29:27 Info: sim-script-gen --system-file=C:\trumpf\ghrd_base\GHRD\peripheral_subsys\ip\peripheral_subsys\sysid.ip --output-directory=C:/trumpf/ghrd_base/GHRD/peripheral_subsys/ip/peripheral_subsys/sysid/sim/ --use-relative-paths=true
Warning (20326): 2026.06.26.21:29:27 Warning: Skipping generation of synopsys/vcs/vcs_setup.sh since VCS 2-step flow is not supported for specified device family. Use VCS-MX or another supported simulator.
Info (20325): 2026.06.26.21:29:27 Info: Generating the following file(s) for MODELSIM simulator in C:/trumpf/ghrd_base/GHRD/peripheral_subsys/ip/peripheral_subsys/sysid/sim/ directory:
Info (20325): 2026.06.26.21:29:27 Info: mentor/msim_setup.tcl
Info (20325): 2026.06.26.21:29:27 Info: mentor/run_msim_setup.tcl
Info (20325): 2026.06.26.21:29:27 Info: Generating the following file(s) for RIVIERA simulator in C:/trumpf/ghrd_base/GHRD/peripheral_subsys/ip/peripheral_subsys/sysid/sim/ directory:
Info (20325): 2026.06.26.21:29:27 Info: aldec/rivierapro_setup.tcl
Info (20325): 2026.06.26.21:29:27 Info: aldec/run_rivierapro_setup.tcl
Info (20325): 2026.06.26.21:29:27 Info: For information on how to simulate your IP, see the explanatory comments in the simulator-specific subdirectories under C:/trumpf/ghrd_base/GHRD/peripheral_subsys/ip/peripheral_subsys/sysid/sim/.
Info (20325): 2026.06.26.21:29:27 Info: Regenerate these scripts whenever you make any change to any Quartus-generated IP in your project.
Info (20325): 2026.06.26.21:29:27 Info: Finished: Create simulation script
Info (20325): 2026.06.26.21:29:27 Info: Starting: Create block symbol file (.bsf)
Info (20325): 2026.06.26.21:29:27 Info: qsys-generate C:\trumpf\ghrd_base\GHRD\peripheral_subsys\ip\peripheral_subsys\sysid.ip --block-symbol-file --output-directory=C:\trumpf\ghrd_base\GHRD\peripheral_subsys\ip\peripheral_subsys\sysid --family="Agilex 5" --part=A5EB013BB23BE4SCS
Info (20325): 2026.06.26.21:29:27 Info: sysid.altera_avalon_sysid_qsys_inst: Live Timestamp is turned off. Timestamp is fixed to 0
Info (20325): 2026.06.26.21:29:27 Info: sysid.altera_avalon_sysid_qsys_inst: Edit the System ID parameter to provide a unique ID
Info (20325): 2026.06.26.21:29:27 Info: Finished: Create block symbol file (.bsf)
Info (20325): 2026.06.26.21:29:27 Info:
Info (20325): 2026.06.26.21:29:27 Info: Starting: Create HDL design files for synthesis
Info (20325): 2026.06.26.21:29:27 Info: qsys-generate C:\trumpf\ghrd_base\GHRD\peripheral_subsys\ip\peripheral_subsys\sysid.ip --synthesis=VERILOG --output-directory=C:\trumpf\ghrd_base\GHRD\peripheral_subsys\ip\peripheral_subsys\sysid --family="Agilex 5" --part=A5EB013BB23BE4SCS
Info (20325): 2026.06.26.21:29:27 Info: sysid.altera_avalon_sysid_qsys_inst: Live Timestamp is turned off. Timestamp is fixed to 0
Info (20325): 2026.06.26.21:29:27 Info: sysid.altera_avalon_sysid_qsys_inst: Edit the System ID parameter to provide a unique ID
Info (20325): 2026.06.26.21:29:27 Info: sysid: "Transforming system: sysid"
Info (20325): 2026.06.26.21:29:27 Info: sysid: "Naming system components in system: sysid"
Info (20325): 2026.06.26.21:29:27 Info: sysid: "Processing generation queue"
Info (20325): 2026.06.26.21:29:27 Info: sysid: "Generating: sysid"
Info (20325): 2026.06.26.21:29:27 Info: sysid: "Generating: altera_avalon_sysid_qsys"
Info (20325): 2026.06.26.21:29:27 Info: sysid: Done "sysid" with 2 modules, 2 files
Info (20325): 2026.06.26.21:29:27 Info: Finished: Create HDL design files for synthesis
Info (20325): 2026.06.26.21:29:27 Info: Generation of C:/trumpf/ghrd_base/GHRD/peripheral_subsys/ip/peripheral_subsys/sysid.ip (sysid) took 17240 ms
Info (20325): 2026.06.26.21:29:29 Info:
Info (20325): 2026.06.26.21:29:29 Info: Generating on localhost:65166
Info (20325): 2026.06.26.21:29:29 Info: Saving generation log to C:/trumpf/ghrd_base/GHRD/ip/qsys_top/qsys_top_ace5lite_cache_coherency_translator_0/qsys_top_ace5lite_cache_coherency_translator_0_generation.rpt
Info (20325): 2026.06.26.21:29:29 Info: Generated by version: 25.3.1 build 100
Info (20325): 2026.06.26.21:29:29 Info: Starting: Create simulation model
Info (20325): 2026.06.26.21:29:29 Info: qsys-generate C:\trumpf\ghrd_base\GHRD\ip\qsys_top\qsys_top_ace5lite_cache_coherency_translator_0.ip --simulation=VERILOG --allow-mixed-language-simulation --output-directory=C:\trumpf\ghrd_base\GHRD\ip\qsys_top\qsys_top_ace5lite_cache_coherency_translator_0 --family="Agilex 5" --part=A5EB013BB23BE4SCS
Info (20325): 2026.06.26.21:29:29 Info: qsys_top_ace5lite_cache_coherency_translator_0: "Transforming system: qsys_top_ace5lite_cache_coherency_translator_0"
Info (20325): 2026.06.26.21:29:29 Info: qsys_top_ace5lite_cache_coherency_translator_0: "Naming system components in system: qsys_top_ace5lite_cache_coherency_translator_0"
Info (20325): 2026.06.26.21:29:29 Info: qsys_top_ace5lite_cache_coherency_translator_0: "Processing generation queue"
Info (20325): 2026.06.26.21:29:29 Info: qsys_top_ace5lite_cache_coherency_translator_0: "Generating: qsys_top_ace5lite_cache_coherency_translator_0"
Info (20325): 2026.06.26.21:29:29 Info: qsys_top_ace5lite_cache_coherency_translator_0: "Generating: altera_ace5lite_cache_coherency_translator"
Info (20325): 2026.06.26.21:29:29 Info: qsys_top_ace5lite_cache_coherency_translator_0: Done "qsys_top_ace5lite_cache_coherency_translator_0" with 2 modules, 4 files
Warning (20326): 2026.06.26.21:29:29 Warning: Skipping generation of synopsys/vcs/vcs_setup.sh since VCS 2-step flow is not supported for specified device family. Use VCS-MX or another supported simulator.
Info (20325): 2026.06.26.21:29:29 Info: Generating the following file(s) for RIVIERA simulator in C:/trumpf/ghrd_base/GHRD/ip/qsys_top/qsys_top_ace5lite_cache_coherency_translator_0/sim/ directory:
Info (20325): 2026.06.26.21:29:29 Info: common/riviera_files.tcl
Info (20325): 2026.06.26.21:29:29 Info: Generating the following file(s) for MODELSIM simulator in C:/trumpf/ghrd_base/GHRD/ip/qsys_top/qsys_top_ace5lite_cache_coherency_translator_0/sim/ directory:
Info (20325): 2026.06.26.21:29:29 Info: common/modelsim_files.tcl
Info (20325): 2026.06.26.21:29:29 Info: For information on how to simulate your IP, see the explanatory comments in the simulator-specific subdirectories under C:/trumpf/ghrd_base/GHRD/ip/qsys_top/qsys_top_ace5lite_cache_coherency_translator_0/sim/.
Info (20325): 2026.06.26.21:29:29 Info: Regenerate these scripts whenever you make any change to any Quartus-generated IP in your project.
Info (20325): 2026.06.26.21:29:29 Info: Finished: Create simulation model
Info (20325): 2026.06.26.21:29:29 Info: Starting: Create simulation script
Info (20325): 2026.06.26.21:29:29 Info: sim-script-gen --system-file=C:\trumpf\ghrd_base\GHRD\ip\qsys_top\qsys_top_ace5lite_cache_coherency_translator_0.ip --output-directory=C:/trumpf/ghrd_base/GHRD/ip/qsys_top/qsys_top_ace5lite_cache_coherency_translator_0/sim/ --use-relative-paths=true
Warning (20326): 2026.06.26.21:29:29 Warning: Skipping generation of synopsys/vcs/vcs_setup.sh since VCS 2-step flow is not supported for specified device family. Use VCS-MX or another supported simulator.
Info (20325): 2026.06.26.21:29:29 Info: Generating the following file(s) for RIVIERA simulator in C:/trumpf/ghrd_base/GHRD/ip/qsys_top/qsys_top_ace5lite_cache_coherency_translator_0/sim/ directory:
Info (20325): 2026.06.26.21:29:29 Info: aldec/rivierapro_setup.tcl
Info (20325): 2026.06.26.21:29:29 Info: aldec/run_rivierapro_setup.tcl
Info (20325): 2026.06.26.21:29:29 Info: Generating the following file(s) for MODELSIM simulator in C:/trumpf/ghrd_base/GHRD/ip/qsys_top/qsys_top_ace5lite_cache_coherency_translator_0/sim/ directory:
Info (20325): 2026.06.26.21:29:29 Info: mentor/msim_setup.tcl
Info (20325): 2026.06.26.21:29:29 Info: mentor/run_msim_setup.tcl
Info (20325): 2026.06.26.21:29:29 Info: For information on how to simulate your IP, see the explanatory comments in the simulator-specific subdirectories under C:/trumpf/ghrd_base/GHRD/ip/qsys_top/qsys_top_ace5lite_cache_coherency_translator_0/sim/.
Info (20325): 2026.06.26.21:29:29 Info: Regenerate these scripts whenever you make any change to any Quartus-generated IP in your project.
Info (20325): 2026.06.26.21:29:29 Info: Finished: Create simulation script
Info (20325): 2026.06.26.21:29:29 Info: Starting: Create block symbol file (.bsf)
Info (20325): 2026.06.26.21:29:29 Info: qsys-generate C:\trumpf\ghrd_base\GHRD\ip\qsys_top\qsys_top_ace5lite_cache_coherency_translator_0.ip --block-symbol-file --output-directory=C:\trumpf\ghrd_base\GHRD\ip\qsys_top\qsys_top_ace5lite_cache_coherency_translator_0 --family="Agilex 5" --part=A5EB013BB23BE4SCS
Info (20325): 2026.06.26.21:29:29 Info: Finished: Create block symbol file (.bsf)
Info (20325): 2026.06.26.21:29:29 Info:
Info (20325): 2026.06.26.21:29:29 Info: Starting: Create HDL design files for synthesis
Info (20325): 2026.06.26.21:29:29 Info: qsys-generate C:\trumpf\ghrd_base\GHRD\ip\qsys_top\qsys_top_ace5lite_cache_coherency_translator_0.ip --synthesis=VERILOG --output-directory=C:\trumpf\ghrd_base\GHRD\ip\qsys_top\qsys_top_ace5lite_cache_coherency_translator_0 --family="Agilex 5" --part=A5EB013BB23BE4SCS
Info (20325): 2026.06.26.21:29:29 Info: qsys_top_ace5lite_cache_coherency_translator_0: "Transforming system: qsys_top_ace5lite_cache_coherency_translator_0"
Info (20325): 2026.06.26.21:29:29 Info: qsys_top_ace5lite_cache_coherency_translator_0: "Naming system components in system: qsys_top_ace5lite_cache_coherency_translator_0"
Info (20325): 2026.06.26.21:29:29 Info: qsys_top_ace5lite_cache_coherency_translator_0: "Processing generation queue"
Info (20325): 2026.06.26.21:29:29 Info: qsys_top_ace5lite_cache_coherency_translator_0: "Generating: qsys_top_ace5lite_cache_coherency_translator_0"
Info (20325): 2026.06.26.21:29:29 Info: qsys_top_ace5lite_cache_coherency_translator_0: "Generating: altera_ace5lite_cache_coherency_translator"
Info (20325): 2026.06.26.21:29:29 Info: qsys_top_ace5lite_cache_coherency_translator_0: Done "qsys_top_ace5lite_cache_coherency_translator_0" with 2 modules, 4 files
Info (20325): 2026.06.26.21:29:29 Info: Finished: Create HDL design files for synthesis
Info (20325): 2026.06.26.21:29:29 Info: Generation of C:/trumpf/ghrd_base/GHRD/ip/qsys_top/qsys_top_ace5lite_cache_coherency_translator_0.ip (qsys_top_ace5lite_cache_coherency_translator_0) took 18983 ms
Info (20325): 2026.06.26.21:29:32 Info:
Info (20325): 2026.06.26.21:29:32 Info: Generating on localhost:65163
Info (20325): 2026.06.26.21:29:32 Info: Saving generation log to C:/trumpf/ghrd_base/GHRD/ip/pll/pll_generation.rpt
Info (20325): 2026.06.26.21:29:32 Info: Generated by version: 25.3.1 build 100
Info (20325): 2026.06.26.21:29:32 Info: Starting: Create simulation model
Info (20325): 2026.06.26.21:29:32 Info: qsys-generate C:\trumpf\ghrd_base\GHRD\ip\pll.ip --simulation=VERILOG --allow-mixed-language-simulation --output-directory=C:\trumpf\ghrd_base\GHRD\ip\pll --family="Agilex 5" --part=A5EB013BB23BE4SCS
Info (20325): 2026.06.26.21:29:32 Info: pll.iopll_0: Able to implement PLL with user settings
Info (20325): 2026.06.26.21:29:32 Info: pll: "Transforming system: pll"
Info (20325): 2026.06.26.21:29:32 Info: pll: "Naming system components in system: pll"
Info (20325): 2026.06.26.21:29:32 Info: pll: "Processing generation queue"
Info (20325): 2026.06.26.21:29:32 Info: pll: "Generating: pll"
Info (20325): 2026.06.26.21:29:32 Info: pll: "Generating: pll_altera_iopll_2100_jzlyngq"
Info (20325): 2026.06.26.21:29:32 Info: pll: Done "pll" with 2 modules, 2 files
Warning (20326): 2026.06.26.21:29:32 Warning: Skipping generation of synopsys/vcs/vcs_setup.sh since VCS 2-step flow is not supported for specified device family. Use VCS-MX or another supported simulator.
Info (20325): 2026.06.26.21:29:32 Info: Generating the following file(s) for MODELSIM simulator in C:/trumpf/ghrd_base/GHRD/ip/pll/sim/ directory:
Info (20325): 2026.06.26.21:29:32 Info: common/modelsim_files.tcl
Info (20325): 2026.06.26.21:29:32 Info: Generating the following file(s) for RIVIERA simulator in C:/trumpf/ghrd_base/GHRD/ip/pll/sim/ directory:
Info (20325): 2026.06.26.21:29:32 Info: common/riviera_files.tcl
Info (20325): 2026.06.26.21:29:32 Info: For information on how to simulate your IP, see the explanatory comments in the simulator-specific subdirectories under C:/trumpf/ghrd_base/GHRD/ip/pll/sim/.
Info (20325): 2026.06.26.21:29:32 Info: Regenerate these scripts whenever you make any change to any Quartus-generated IP in your project.
Info (20325): 2026.06.26.21:29:32 Info: Finished: Create simulation model
Info (20325): 2026.06.26.21:29:32 Info: Starting: Create simulation script
Info (20325): 2026.06.26.21:29:32 Info: sim-script-gen --system-file=C:\trumpf\ghrd_base\GHRD\ip\pll.ip --output-directory=C:/trumpf/ghrd_base/GHRD/ip/pll/sim/ --use-relative-paths=true
Warning (20326): 2026.06.26.21:29:32 Warning: Skipping generation of synopsys/vcs/vcs_setup.sh since VCS 2-step flow is not supported for specified device family. Use VCS-MX or another supported simulator.
Info (20325): 2026.06.26.21:29:32 Info: Generating the following file(s) for MODELSIM simulator in C:/trumpf/ghrd_base/GHRD/ip/pll/sim/ directory:
Info (20325): 2026.06.26.21:29:32 Info: mentor/msim_setup.tcl
Info (20325): 2026.06.26.21:29:32 Info: mentor/run_msim_setup.tcl
Info (20325): 2026.06.26.21:29:32 Info: Generating the following file(s) for RIVIERA simulator in C:/trumpf/ghrd_base/GHRD/ip/pll/sim/ directory:
Info (20325): 2026.06.26.21:29:32 Info: aldec/rivierapro_setup.tcl
Info (20325): 2026.06.26.21:29:32 Info: aldec/run_rivierapro_setup.tcl
Info (20325): 2026.06.26.21:29:32 Info: For information on how to simulate your IP, see the explanatory comments in the simulator-specific subdirectories under C:/trumpf/ghrd_base/GHRD/ip/pll/sim/.
Info (20325): 2026.06.26.21:29:32 Info: Regenerate these scripts whenever you make any change to any Quartus-generated IP in your project.
Info (20325): 2026.06.26.21:29:32 Info: Finished: Create simulation script
Info (20325): 2026.06.26.21:29:32 Info: Starting: Create block symbol file (.bsf)
Info (20325): 2026.06.26.21:29:32 Info: qsys-generate C:\trumpf\ghrd_base\GHRD\ip\pll.ip --block-symbol-file --output-directory=C:\trumpf\ghrd_base\GHRD\ip\pll --family="Agilex 5" --part=A5EB013BB23BE4SCS
Info (20325): 2026.06.26.21:29:32 Info: pll.iopll_0: Able to implement PLL with user settings
Info (20325): 2026.06.26.21:29:32 Info: Finished: Create block symbol file (.bsf)
Info (20325): 2026.06.26.21:29:32 Info:
Info (20325): 2026.06.26.21:29:32 Info: Starting: Create HDL design files for synthesis
Info (20325): 2026.06.26.21:29:32 Info: qsys-generate C:\trumpf\ghrd_base\GHRD\ip\pll.ip --synthesis=VERILOG --output-directory=C:\trumpf\ghrd_base\GHRD\ip\pll --family="Agilex 5" --part=A5EB013BB23BE4SCS
Info (20325): 2026.06.26.21:29:32 Info: pll.iopll_0: Able to implement PLL with user settings
Info (20325): 2026.06.26.21:29:32 Info: pll: "Transforming system: pll"
Info (20325): 2026.06.26.21:29:32 Info: pll: "Naming system components in system: pll"
Info (20325): 2026.06.26.21:29:32 Info: pll: "Processing generation queue"
Info (20325): 2026.06.26.21:29:32 Info: pll: "Generating: pll"
Info (20325): 2026.06.26.21:29:32 Info: pll: "Generating: pll_altera_iopll_2100_jzlyngq"
Info (20325): 2026.06.26.21:29:32 Info: pll: Done "pll" with 2 modules, 6 files
Info (20325): 2026.06.26.21:29:32 Info: Finished: Create HDL design files for synthesis
Info (20325): 2026.06.26.21:29:32 Info: Generation of C:/trumpf/ghrd_base/GHRD/ip/pll.ip (pll) took 19998 ms
Info (20325): 2026.06.26.21:34:13 Info:
Info (20325): 2026.06.26.21:34:13 Info: Generating on localhost:65164
Info (20325): 2026.06.26.21:34:13 Info: Saving generation log to C:/trumpf/ghrd_base/GHRD/hps_subsys/ip/qsys_top/emif_io96b_hps/emif_io96b_hps_generation.rpt
Info (20325): 2026.06.26.21:34:13 Info: Generated by version: 25.3.1 build 100
Info (20325): 2026.06.26.21:34:13 Info: Starting: Create simulation model
Info (20325): 2026.06.26.21:34:13 Info: qsys-generate C:\trumpf\ghrd_base\GHRD\hps_subsys\ip\qsys_top\emif_io96b_hps.ip --simulation=VERILOG --allow-mixed-language-simulation --output-directory=C:\trumpf\ghrd_base\GHRD\hps_subsys\ip\qsys_top\emif_io96b_hps --family="Agilex 5" --part=A5EB013BB23BE4SCS
Info (20325): 2026.06.26.21:34:13 Info: emif_io96b_hps: "Transforming system: emif_io96b_hps"
Info (20325): 2026.06.26.21:34:13 Info: emif_io96b_hps: "Naming system components in system: emif_io96b_hps"
Info (20325): 2026.06.26.21:34:13 Info: emif_io96b_hps: "Processing generation queue"
Info (20325): 2026.06.26.21:34:13 Info: emif_io96b_hps: "Generating: emif_io96b_hps"
Info (20325): 2026.06.26.21:34:13 Info: emif_io96b_hps: "Generating: emif_io96b_hps_emif_io96b_hps_411_tyu27mi"
Info (20325): 2026.06.26.21:34:13 Info: emif_io96b_hps: generate_all_instances: qsys-generate emif_io96b_hps_emif_io96b_hps_411_tyu27mi.qsys --simulation=VERILOG --generate-all-simulation-scripts --part=A5EB013BB23BE4SCS --search-path=C:/trumpf/ghrd_base/GHRD/**/*,C:/Users/lenovo/AppData/Local/Temp/alt0630_7886830082676761958.dir/0012_packageGeneration/**/*,$ --clear-output-directory
Info (20325): 2026.06.26.21:34:13 Info: emif_io96b_hps: generate_all_instances: ***************************************************************
Info (20325): 2026.06.26.21:34:13 Info: emif_io96b_hps: generate_all_instances: Quartus is a registered trademark of Altera Corporation in the
Info (20325): 2026.06.26.21:34:13 Info: emif_io96b_hps: generate_all_instances: US and other countries.  Portions of the Quartus Prime software
Info (20325): 2026.06.26.21:34:13 Info: emif_io96b_hps: generate_all_instances: code, and other portions of the code included in this download
Info (20325): 2026.06.26.21:34:13 Info: emif_io96b_hps: generate_all_instances: or on this DVD, are licensed to Altera Corporation and are the
Info (20325): 2026.06.26.21:34:13 Info: emif_io96b_hps: generate_all_instances: copyrighted property of third parties. For license details,
Info (20325): 2026.06.26.21:34:13 Info: emif_io96b_hps: generate_all_instances: refer to the Altera Software License Subscription Agreements
Info (20325): 2026.06.26.21:34:13 Info: emif_io96b_hps: generate_all_instances: on the Quartus Prime software download page.
Info (20325): 2026.06.26.21:34:13 Info: emif_io96b_hps: generate_all_instances: ***************************************************************
Warning (20326): 2026.06.26.21:34:13 Warning: emif_io96b_hps: generate_all_instances: 2026.06.26.21:30:08 Warning: Quartus project not specified. Use --quartus-project and --rev to specify a Quartus project and revision.
Info (20325): 2026.06.26.21:34:13 Info: emif_io96b_hps: generate_all_instances: 2026.06.26.21:30:20 Info: Parallel IP Generation is enabled.
Info (20325): 2026.06.26.21:34:13 Info: emif_io96b_hps: generate_all_instances: 2026.06.26.21:30:20 Info: Platform Designer will attempt to use 4 processors for parallel IP generation based on available number of processors and the total number of IP to be generated.
Info (20325): 2026.06.26.21:34:13 Info: emif_io96b_hps: generate_all_instances: 2026.06.26.21:30:20 Info:
Info (20325): 2026.06.26.21:34:13 Info: emif_io96b_hps: generate_all_instances: 2026.06.26.21:30:20 Info: Starting: Platform Designer system generation
Info (20325): 2026.06.26.21:34:13 Info: emif_io96b_hps: generate_all_instances: 2026.06.26.21:31:16 Info:
Info (20325): 2026.06.26.21:34:13 Info: emif_io96b_hps: generate_all_instances: 2026.06.26.21:31:16 Info: Generating on localhost:56834
Warning (20326): 2026.06.26.21:34:13 Warning: emif_io96b_hps: generate_all_instances: 2026.06.26.21:31:16 Warning: Quartus project not specified. Use --quartus-project and --rev to specify a Quartus project and revision.
Info (20325): 2026.06.26.21:34:13 Info: emif_io96b_hps: generate_all_instances: 2026.06.26.21:31:16 Info: emif_io96b_hps_emif_io96b_hps_411_tyu27mi: All Generic Component instances match their respective ip files.
Info (20325): 2026.06.26.21:34:13 Info: emif_io96b_hps: generate_all_instances: 2026.06.26.21:31:16 Info: Saving generation log to C:/Users/lenovo/AppData/Local/Temp/alt0630_7886830082676761958.dir/0012_packageGeneration/emif_io96b_hps_emif_io96b_hps_411_tyu27mi/emif_io96b_hps_emif_io96b_hps_411_tyu27mi_generation.rpt
Info (20325): 2026.06.26.21:34:13 Info: emif_io96b_hps: generate_all_instances: 2026.06.26.21:31:16 Info: Generated by version: 25.3.1 build 100
Info (20325): 2026.06.26.21:34:13 Info: emif_io96b_hps: generate_all_instances: 2026.06.26.21:31:16 Info: Starting: Create simulation model
Info (20325): 2026.06.26.21:34:13 Info: emif_io96b_hps: generate_all_instances: 2026.06.26.21:31:16 Info: qsys-generate C:\Users\lenovo\AppData\Local\Temp\alt0630_7886830082676761958.dir\0012_packageGeneration\emif_io96b_hps_emif_io96b_hps_411_tyu27mi.qsys --simulation=VERILOG --allow-mixed-language-simulation --output-directory=C:\Users\lenovo\AppData\Local\Temp\alt0630_7886830082676761958.dir\0012_packageGeneration\emif_io96b_hps_emif_io96b_hps_411_tyu27mi --family="Agilex 5" --part=A5EB013BB23BE4SCS
Info (20325): 2026.06.26.21:34:13 Info: emif_io96b_hps: generate_all_instances: 2026.06.26.21:31:16 Info: Loading 0012_packageGeneration/emif_io96b_hps_emif_io96b_hps_411_tyu27mi.qsys
Info (20325): 2026.06.26.21:34:13 Info: emif_io96b_hps: generate_all_instances: 2026.06.26.21:31:16 Info: Reading input file
Info (20325): 2026.06.26.21:34:13 Info: emif_io96b_hps: generate_all_instances: 2026.06.26.21:31:16 Info: Parameterizing module emif_0_ddr4comp
Info (20325): 2026.06.26.21:34:13 Info: emif_io96b_hps: generate_all_instances: 2026.06.26.21:31:16 Info: Parameterizing module emif_0_ddr5comp
Info (20325): 2026.06.26.21:34:13 Info: emif_io96b_hps: generate_all_instances: 2026.06.26.21:31:16 Info: Parameterizing module emif_0_ddr5dimm
Info (20325): 2026.06.26.21:34:13 Info: emif_io96b_hps: generate_all_instances: 2026.06.26.21:31:16 Info: Parameterizing module emif_0_lpddr4
Info (20325): 2026.06.26.21:34:13 Info: emif_io96b_hps: generate_all_instances: 2026.06.26.21:31:16 Info: Parameterizing module emif_0_lpddr5
Info (20325): 2026.06.26.21:34:13 Info: emif_io96b_hps: generate_all_instances: 2026.06.26.21:31:16 Info: Parameterizing module emif_1_ddr4comp
Info (20325): 2026.06.26.21:34:13 Info: emif_io96b_hps: generate_all_instances: 2026.06.26.21:31:16 Info: Parameterizing module emif_1_ddr5comp
Info (20325): 2026.06.26.21:34:13 Info: emif_io96b_hps: generate_all_instances: 2026.06.26.21:31:16 Info: Parameterizing module emif_1_ddr5dimm
Info (20325): 2026.06.26.21:34:13 Info: emif_io96b_hps: generate_all_instances: 2026.06.26.21:31:16 Info: Parameterizing module emif_1_lpddr4
Info (20325): 2026.06.26.21:34:13 Info: emif_io96b_hps: generate_all_instances: 2026.06.26.21:31:16 Info: Parameterizing module emif_1_lpddr5
Info (20325): 2026.06.26.21:34:13 Info: emif_io96b_hps: generate_all_instances: 2026.06.26.21:31:16 Info: Parameterizing module refclk_bridge
Info (20325): 2026.06.26.21:34:13 Info: emif_io96b_hps: generate_all_instances: 2026.06.26.21:31:16 Info: Parameterizing module refclk_gpio
Info (20325): 2026.06.26.21:34:13 Info: emif_io96b_hps: generate_all_instances: 2026.06.26.21:31:16 Info: Building connections
Info (20325): 2026.06.26.21:34:13 Info: emif_io96b_hps: generate_all_instances: 2026.06.26.21:31:16 Info: Parameterizing connections
Info (20325): 2026.06.26.21:34:13 Info: emif_io96b_hps: generate_all_instances: 2026.06.26.21:31:16 Info: Validating
Info (20325): 2026.06.26.21:34:13 Info: emif_io96b_hps: generate_all_instances: 2026.06.26.21:31:16 Info: Done reading input file
Info (20325): 2026.06.26.21:34:13 Info: emif_io96b_hps: generate_all_instances: 2026.06.26.21:31:16 Info: emif_io96b_hps_emif_io96b_hps_411_tyu27mi: "Transforming system: emif_io96b_hps_emif_io96b_hps_411_tyu27mi"
Info (20325): 2026.06.26.21:34:13 Info: emif_io96b_hps: generate_all_instances: 2026.06.26.21:31:16 Info: emif_io96b_hps_emif_io96b_hps_411_tyu27mi: "Naming system components in system: emif_io96b_hps_emif_io96b_hps_411_tyu27mi"
Info (20325): 2026.06.26.21:34:13 Info: emif_io96b_hps: generate_all_instances: 2026.06.26.21:31:16 Info: emif_io96b_hps_emif_io96b_hps_411_tyu27mi: "Processing generation queue"
Info (20325): 2026.06.26.21:34:13 Info: emif_io96b_hps: generate_all_instances: 2026.06.26.21:31:16 Info: emif_io96b_hps_emif_io96b_hps_411_tyu27mi: "Generating: emif_io96b_hps_emif_io96b_hps_411_tyu27mi"
Info (20325): 2026.06.26.21:34:13 Info: emif_io96b_hps: generate_all_instances: 2026.06.26.21:31:16 Info: emif_io96b_hps_emif_io96b_hps_411_tyu27mi: "Generating: emif_io96b_hps_emif_io96b_hps_411_tyu27mi_emif_0_lpddr4"
Info (20325): 2026.06.26.21:34:13 Info: emif_io96b_hps: generate_all_instances: 2026.06.26.21:31:16 Info: emif_io96b_hps_emif_io96b_hps_411_tyu27mi: "Generating: emif_io96b_hps_emif_io96b_hps_411_tyu27mi_refclk_bridge"
Info (20325): 2026.06.26.21:34:13 Info: emif_io96b_hps: generate_all_instances: 2026.06.26.21:31:16 Info: emif_io96b_hps_emif_io96b_hps_411_tyu27mi: "Generating: emif_io96b_hps_emif_io96b_hps_411_tyu27mi_refclk_gpio"
Info (20325): 2026.06.26.21:34:13 Info: emif_io96b_hps: generate_all_instances: 2026.06.26.21:31:16 Info: emif_io96b_hps_emif_io96b_hps_411_tyu27mi: Done "emif_io96b_hps_emif_io96b_hps_411_tyu27mi" with 4 modules, 1 files
Warning (20326): 2026.06.26.21:34:13 Warning: emif_io96b_hps: generate_all_instances: 2026.06.26.21:31:16 Warning: Skipping generation of synopsys/vcs/vcs_setup.sh since VCS 2-step flow is not supported for specified device family. Use VCS-MX or another supported simulator.
Info (20325): 2026.06.26.21:34:13 Info: emif_io96b_hps: generate_all_instances: 2026.06.26.21:31:16 Info: Generating the following file(s) for RIVIERA simulator in C:/Users/lenovo/AppData/Local/Temp/alt0630_7886830082676761958.dir/0012_packageGeneration/emif_io96b_hps_emif_io96b_hps_411_tyu27mi/sim/ directory:
Info (20325): 2026.06.26.21:34:13 Info: emif_io96b_hps: generate_all_instances: 2026.06.26.21:31:16 Info: common/riviera_files.tcl
Info (20325): 2026.06.26.21:34:13 Info: emif_io96b_hps: generate_all_instances: 2026.06.26.21:31:16 Info: Generating the following file(s) for MODELSIM simulator in C:/Users/lenovo/AppData/Local/Temp/alt0630_7886830082676761958.dir/0012_packageGeneration/emif_io96b_hps_emif_io96b_hps_411_tyu27mi/sim/ directory:
Info (20325): 2026.06.26.21:34:13 Info: emif_io96b_hps: generate_all_instances: 2026.06.26.21:31:16 Info: common/modelsim_files.tcl
Info (20325): 2026.06.26.21:34:13 Info: emif_io96b_hps: generate_all_instances: 2026.06.26.21:31:16 Info: For information on how to simulate your IP, see the explanatory comments in the simulator-specific subdirectories under C:/Users/lenovo/AppData/Local/Temp/alt0630_7886830082676761958.dir/0012_packageGeneration/emif_io96b_hps_emif_io96b_hps_411_tyu27mi/sim/.
Info (20325): 2026.06.26.21:34:13 Info: emif_io96b_hps: generate_all_instances: 2026.06.26.21:31:16 Info: Regenerate these scripts whenever you make any change to any Quartus-generated IP in your project.
Info (20325): 2026.06.26.21:34:13 Info: emif_io96b_hps: generate_all_instances: 2026.06.26.21:31:16 Info: Finished: Create simulation model
Info (20325): 2026.06.26.21:34:13 Info: emif_io96b_hps: generate_all_instances: 2026.06.26.21:31:16 Info: Starting: Create simulation script
Info (20325): 2026.06.26.21:34:13 Info: emif_io96b_hps: generate_all_instances: 2026.06.26.21:31:16 Info: sim-script-gen --system-file=C:\Users\lenovo\AppData\Local\Temp\alt0630_7886830082676761958.dir\0012_packageGeneration\emif_io96b_hps_emif_io96b_hps_411_tyu27mi.qsys --output-directory=C:/Users/lenovo/AppData/Local/Temp/alt0630_7886830082676761958.dir/0012_packageGeneration/emif_io96b_hps_emif_io96b_hps_411_tyu27mi/sim/ --use-relative-paths=true
Warning (20326): 2026.06.26.21:34:13 Warning: emif_io96b_hps: generate_all_instances: 2026.06.26.21:31:16 Warning: Skipping generation of synopsys/vcs/vcs_setup.sh since VCS 2-step flow is not supported for specified device family. Use VCS-MX or another supported simulator.
Info (20325): 2026.06.26.21:34:13 Info: emif_io96b_hps: generate_all_instances: 2026.06.26.21:31:16 Info: Generating the following file(s) for RIVIERA simulator in C:/Users/lenovo/AppData/Local/Temp/alt0630_7886830082676761958.dir/0012_packageGeneration/emif_io96b_hps_emif_io96b_hps_411_tyu27mi/sim/ directory:
Info (20325): 2026.06.26.21:34:13 Info: emif_io96b_hps: generate_all_instances: 2026.06.26.21:31:16 Info: aldec/rivierapro_setup.tcl
Info (20325): 2026.06.26.21:34:13 Info: emif_io96b_hps: generate_all_instances: 2026.06.26.21:31:16 Info: aldec/run_rivierapro_setup.tcl
Info (20325): 2026.06.26.21:34:13 Info: emif_io96b_hps: generate_all_instances: 2026.06.26.21:31:16 Info: Generating the following file(s) for MODELSIM simulator in C:/Users/lenovo/AppData/Local/Temp/alt0630_7886830082676761958.dir/0012_packageGeneration/emif_io96b_hps_emif_io96b_hps_411_tyu27mi/sim/ directory:
Info (20325): 2026.06.26.21:34:13 Info: emif_io96b_hps: generate_all_instances: 2026.06.26.21:31:16 Info: mentor/msim_setup.tcl
Info (20325): 2026.06.26.21:34:13 Info: emif_io96b_hps: generate_all_instances: 2026.06.26.21:31:16 Info: mentor/run_msim_setup.tcl
Info (20325): 2026.06.26.21:34:13 Info: emif_io96b_hps: generate_all_instances: 2026.06.26.21:31:16 Info: For information on how to simulate your IP, see the explanatory comments in the simulator-specific subdirectories under C:/Users/lenovo/AppData/Local/Temp/alt0630_7886830082676761958.dir/0012_packageGeneration/emif_io96b_hps_emif_io96b_hps_411_tyu27mi/sim/.
Info (20325): 2026.06.26.21:34:13 Info: emif_io96b_hps: generate_all_instances: 2026.06.26.21:31:16 Info: Regenerate these scripts whenever you make any change to any Quartus-generated IP in your project.
Info (20325): 2026.06.26.21:34:13 Info: emif_io96b_hps: generate_all_instances: 2026.06.26.21:31:16 Info: Finished: Create simulation script
Info (20325): 2026.06.26.21:34:13 Info: emif_io96b_hps: generate_all_instances: 2026.06.26.21:31:16 Info: Generation of C:/Users/lenovo/AppData/Local/Temp/alt0630_7886830082676761958.dir/0012_packageGeneration/emif_io96b_hps_emif_io96b_hps_411_tyu27mi.qsys (emif_io96b_hps_emif_io96b_hps_411_tyu27mi) took 18428 ms
Info (20325): 2026.06.26.21:34:13 Info: emif_io96b_hps: generate_all_instances: 2026.06.26.21:31:18 Info:
Info (20325): 2026.06.26.21:34:13 Info: emif_io96b_hps: generate_all_instances: 2026.06.26.21:31:18 Info: Generating on localhost:56835
Warning (20326): 2026.06.26.21:34:13 Warning: emif_io96b_hps: generate_all_instances: 2026.06.26.21:31:18 Warning: Quartus project not specified. Use --quartus-project and --rev to specify a Quartus project and revision.
Info (20325): 2026.06.26.21:34:13 Info: emif_io96b_hps: generate_all_instances: 2026.06.26.21:31:18 Info: Saving generation log to C:/Users/lenovo/AppData/Local/Temp/alt0630_7886830082676761958.dir/0012_packageGeneration/ip/emif_io96b_hps_emif_io96b_hps_411_tyu27mi/emif_io96b_hps_emif_io96b_hps_411_tyu27mi_refclk_gpio/emif_io96b_hps_emif_io96b_hps_411_tyu27mi_refclk_gpio_generation.rpt
Info (20325): 2026.06.26.21:34:13 Info: emif_io96b_hps: generate_all_instances: 2026.06.26.21:31:18 Info: Generated by version: 25.3.1 build 100
Info (20325): 2026.06.26.21:34:13 Info: emif_io96b_hps: generate_all_instances: 2026.06.26.21:31:18 Info: Starting: Create simulation model
Info (20325): 2026.06.26.21:34:13 Info: emif_io96b_hps: generate_all_instances: 2026.06.26.21:31:18 Info: qsys-generate C:\Users\lenovo\AppData\Local\Temp\alt0630_7886830082676761958.dir\0012_packageGeneration\ip\emif_io96b_hps_emif_io96b_hps_411_tyu27mi\emif_io96b_hps_emif_io96b_hps_411_tyu27mi_refclk_gpio.ip --simulation=VERILOG --allow-mixed-language-simulation --output-directory=C:\Users\lenovo\AppData\Local\Temp\alt0630_7886830082676761958.dir\0012_packageGeneration\ip\emif_io96b_hps_emif_io96b_hps_411_tyu27mi\emif_io96b_hps_emif_io96b_hps_411_tyu27mi_refclk_gpio --family="Agilex 5" --part=A5EB013BB23BE4SCS
Info (20325): 2026.06.26.21:34:13 Info: emif_io96b_hps: generate_all_instances: 2026.06.26.21:31:18 Info: emif_io96b_hps_emif_io96b_hps_411_tyu27mi_refclk_gpio.refclk_gpio: GPIO supports a maximum interface frequency of 250 MHZ.
Info (20325): 2026.06.26.21:34:13 Info: emif_io96b_hps: generate_all_instances: 2026.06.26.21:31:18 Info: emif_io96b_hps_emif_io96b_hps_411_tyu27mi_refclk_gpio: "Transforming system: emif_io96b_hps_emif_io96b_hps_411_tyu27mi_refclk_gpio"
Info (20325): 2026.06.26.21:34:13 Info: emif_io96b_hps: generate_all_instances: 2026.06.26.21:31:18 Info: emif_io96b_hps_emif_io96b_hps_411_tyu27mi_refclk_gpio: "Naming system components in system: emif_io96b_hps_emif_io96b_hps_411_tyu27mi_refclk_gpio"
Info (20325): 2026.06.26.21:34:13 Info: emif_io96b_hps: generate_all_instances: 2026.06.26.21:31:18 Info: emif_io96b_hps_emif_io96b_hps_411_tyu27mi_refclk_gpio: "Processing generation queue"
Info (20325): 2026.06.26.21:34:13 Info: emif_io96b_hps: generate_all_instances: 2026.06.26.21:31:18 Info: emif_io96b_hps_emif_io96b_hps_411_tyu27mi_refclk_gpio: "Generating: emif_io96b_hps_emif_io96b_hps_411_tyu27mi_refclk_gpio"
Info (20325): 2026.06.26.21:34:13 Info: emif_io96b_hps: generate_all_instances: 2026.06.26.21:31:18 Info: emif_io96b_hps_emif_io96b_hps_411_tyu27mi_refclk_gpio: "Generating: emif_io96b_hps_emif_io96b_hps_411_tyu27mi_refclk_gpio_altera_gpio_2300_ctzjwfq"
Info (20325): 2026.06.26.21:34:13 Info: emif_io96b_hps: generate_all_instances: 2026.06.26.21:31:18 Info: emif_io96b_hps_emif_io96b_hps_411_tyu27mi_refclk_gpio: "Generating: altera_gpio"
Info (20325): 2026.06.26.21:34:13 Info: emif_io96b_hps: generate_all_instances: 2026.06.26.21:31:18 Info: emif_io96b_hps_emif_io96b_hps_411_tyu27mi_refclk_gpio: Done "emif_io96b_hps_emif_io96b_hps_411_tyu27mi_refclk_gpio" with 3 modules, 3 files
Warning (20326): 2026.06.26.21:34:13 Warning: emif_io96b_hps: generate_all_instances: 2026.06.26.21:31:18 Warning: Skipping generation of synopsys/vcs/vcs_setup.sh since VCS 2-step flow is not supported for specified device family. Use VCS-MX or another supported simulator.
Info (20325): 2026.06.26.21:34:13 Info: emif_io96b_hps: generate_all_instances: 2026.06.26.21:31:18 Info: Generating the following file(s) for MODELSIM simulator in C:/Users/lenovo/AppData/Local/Temp/alt0630_7886830082676761958.dir/0012_packageGeneration/ip/emif_io96b_hps_emif_io96b_hps_411_tyu27mi/emif_io96b_hps_emif_io96b_hps_411_tyu27mi_refclk_gpio/sim/ directory:
Info (20325): 2026.06.26.21:34:13 Info: emif_io96b_hps: generate_all_instances: 2026.06.26.21:31:18 Info: common/modelsim_files.tcl
Info (20325): 2026.06.26.21:34:13 Info: emif_io96b_hps: generate_all_instances: 2026.06.26.21:31:18 Info: Generating the following file(s) for RIVIERA simulator in C:/Users/lenovo/AppData/Local/Temp/alt0630_7886830082676761958.dir/0012_packageGeneration/ip/emif_io96b_hps_emif_io96b_hps_411_tyu27mi/emif_io96b_hps_emif_io96b_hps_411_tyu27mi_refclk_gpio/sim/ directory:
Info (20325): 2026.06.26.21:34:13 Info: emif_io96b_hps: generate_all_instances: 2026.06.26.21:31:18 Info: common/riviera_files.tcl
Info (20325): 2026.06.26.21:34:13 Info: emif_io96b_hps: generate_all_instances: 2026.06.26.21:31:18 Info: For information on how to simulate your IP, see the explanatory comments in the simulator-specific subdirectories under C:/Users/lenovo/AppData/Local/Temp/alt0630_7886830082676761958.dir/0012_packageGeneration/ip/emif_io96b_hps_emif_io96b_hps_411_tyu27mi/emif_io96b_hps_emif_io96b_hps_411_tyu27mi_refclk_gpio/sim/.
Info (20325): 2026.06.26.21:34:13 Info: emif_io96b_hps: generate_all_instances: 2026.06.26.21:31:18 Info: Regenerate these scripts whenever you make any change to any Quartus-generated IP in your project.
Info (20325): 2026.06.26.21:34:13 Info: emif_io96b_hps: generate_all_instances: 2026.06.26.21:31:18 Info: Finished: Create simulation model
Info (20325): 2026.06.26.21:34:13 Info: emif_io96b_hps: generate_all_instances: 2026.06.26.21:31:18 Info: Starting: Create simulation script
Info (20325): 2026.06.26.21:34:13 Info: emif_io96b_hps: generate_all_instances: 2026.06.26.21:31:18 Info: sim-script-gen --system-file=C:\Users\lenovo\AppData\Local\Temp\alt0630_7886830082676761958.dir\0012_packageGeneration\ip\emif_io96b_hps_emif_io96b_hps_411_tyu27mi\emif_io96b_hps_emif_io96b_hps_411_tyu27mi_refclk_gpio.ip --output-directory=C:/Users/lenovo/AppData/Local/Temp/alt0630_7886830082676761958.dir/0012_packageGeneration/ip/emif_io96b_hps_emif_io96b_hps_411_tyu27mi/emif_io96b_hps_emif_io96b_hps_411_tyu27mi_refclk_gpio/sim/ --use-relative-paths=true
Warning (20326): 2026.06.26.21:34:13 Warning: emif_io96b_hps: generate_all_instances: 2026.06.26.21:31:18 Warning: Skipping generation of synopsys/vcs/vcs_setup.sh since VCS 2-step flow is not supported for specified device family. Use VCS-MX or another supported simulator.
Info (20325): 2026.06.26.21:34:13 Info: emif_io96b_hps: generate_all_instances: 2026.06.26.21:31:18 Info: Generating the following file(s) for MODELSIM simulator in C:/Users/lenovo/AppData/Local/Temp/alt0630_7886830082676761958.dir/0012_packageGeneration/ip/emif_io96b_hps_emif_io96b_hps_411_tyu27mi/emif_io96b_hps_emif_io96b_hps_411_tyu27mi_refclk_gpio/sim/ directory:
Info (20325): 2026.06.26.21:34:13 Info: emif_io96b_hps: generate_all_instances: 2026.06.26.21:31:18 Info: mentor/msim_setup.tcl
Info (20325): 2026.06.26.21:34:13 Info: emif_io96b_hps: generate_all_instances: 2026.06.26.21:31:18 Info: mentor/run_msim_setup.tcl
Info (20325): 2026.06.26.21:34:13 Info: emif_io96b_hps: generate_all_instances: 2026.06.26.21:31:18 Info: Generating the following file(s) for RIVIERA simulator in C:/Users/lenovo/AppData/Local/Temp/alt0630_7886830082676761958.dir/0012_packageGeneration/ip/emif_io96b_hps_emif_io96b_hps_411_tyu27mi/emif_io96b_hps_emif_io96b_hps_411_tyu27mi_refclk_gpio/sim/ directory:
Info (20325): 2026.06.26.21:34:13 Info: emif_io96b_hps: generate_all_instances: 2026.06.26.21:31:18 Info: aldec/rivierapro_setup.tcl
Info (20325): 2026.06.26.21:34:13 Info: emif_io96b_hps: generate_all_instances: 2026.06.26.21:31:18 Info: aldec/run_rivierapro_setup.tcl
Info (20325): 2026.06.26.21:34:13 Info: emif_io96b_hps: generate_all_instances: 2026.06.26.21:31:18 Info: For information on how to simulate your IP, see the explanatory comments in the simulator-specific subdirectories under C:/Users/lenovo/AppData/Local/Temp/alt0630_7886830082676761958.dir/0012_packageGeneration/ip/emif_io96b_hps_emif_io96b_hps_411_tyu27mi/emif_io96b_hps_emif_io96b_hps_411_tyu27mi_refclk_gpio/sim/.
Info (20325): 2026.06.26.21:34:13 Info: emif_io96b_hps: generate_all_instances: 2026.06.26.21:31:18 Info: Regenerate these scripts whenever you make any change to any Quartus-generated IP in your project.
Info (20325): 2026.06.26.21:34:13 Info: emif_io96b_hps: generate_all_instances: 2026.06.26.21:31:18 Info: Finished: Create simulation script
Info (20325): 2026.06.26.21:34:13 Info: emif_io96b_hps: generate_all_instances: 2026.06.26.21:31:18 Info: Generation of C:/Users/lenovo/AppData/Local/Temp/alt0630_7886830082676761958.dir/0012_packageGeneration/ip/emif_io96b_hps_emif_io96b_hps_411_tyu27mi/emif_io96b_hps_emif_io96b_hps_411_tyu27mi_refclk_gpio.ip (emif_io96b_hps_emif_io96b_hps_411_tyu27mi_refclk_gpio) took 15737 ms
Info (20325): 2026.06.26.21:34:13 Info: emif_io96b_hps: generate_all_instances: 2026.06.26.21:31:24 Info:
Info (20325): 2026.06.26.21:34:13 Info: emif_io96b_hps: generate_all_instances: 2026.06.26.21:31:24 Info: Generating on localhost:56832
Warning (20326): 2026.06.26.21:34:13 Warning: emif_io96b_hps: generate_all_instances: 2026.06.26.21:31:24 Warning: Quartus project not specified. Use --quartus-project and --rev to specify a Quartus project and revision.
Info (20325): 2026.06.26.21:34:13 Info: emif_io96b_hps: generate_all_instances: 2026.06.26.21:31:24 Info: Saving generation log to C:/Users/lenovo/AppData/Local/Temp/alt0630_7886830082676761958.dir/0012_packageGeneration/ip/emif_io96b_hps_emif_io96b_hps_411_tyu27mi/emif_io96b_hps_emif_io96b_hps_411_tyu27mi_refclk_bridge/emif_io96b_hps_emif_io96b_hps_411_tyu27mi_refclk_bridge_generation.rpt
Info (20325): 2026.06.26.21:34:13 Info: emif_io96b_hps: generate_all_instances: 2026.06.26.21:31:24 Info: Generated by version: 25.3.1 build 100
Info (20325): 2026.06.26.21:34:13 Info: emif_io96b_hps: generate_all_instances: 2026.06.26.21:31:24 Info: Starting: Create simulation model
Info (20325): 2026.06.26.21:34:13 Info: emif_io96b_hps: generate_all_instances: 2026.06.26.21:31:24 Info: qsys-generate C:\Users\lenovo\AppData\Local\Temp\alt0630_7886830082676761958.dir\0012_packageGeneration\ip\emif_io96b_hps_emif_io96b_hps_411_tyu27mi\emif_io96b_hps_emif_io96b_hps_411_tyu27mi_refclk_bridge.ip --simulation=VERILOG --allow-mixed-language-simulation --output-directory=C:\Users\lenovo\AppData\Local\Temp\alt0630_7886830082676761958.dir\0012_packageGeneration\ip\emif_io96b_hps_emif_io96b_hps_411_tyu27mi\emif_io96b_hps_emif_io96b_hps_411_tyu27mi_refclk_bridge --family="Agilex 5" --part=A5EB013BB23BE4SCS
Info (20325): 2026.06.26.21:34:13 Info: emif_io96b_hps: generate_all_instances: 2026.06.26.21:31:24 Info: emif_io96b_hps_emif_io96b_hps_411_tyu27mi_refclk_bridge: "Transforming system: emif_io96b_hps_emif_io96b_hps_411_tyu27mi_refclk_bridge"
Info (20325): 2026.06.26.21:34:13 Info: emif_io96b_hps: generate_all_instances: 2026.06.26.21:31:24 Info: emif_io96b_hps_emif_io96b_hps_411_tyu27mi_refclk_bridge: "Naming system components in system: emif_io96b_hps_emif_io96b_hps_411_tyu27mi_refclk_bridge"
Info (20325): 2026.06.26.21:34:13 Info: emif_io96b_hps: generate_all_instances: 2026.06.26.21:31:24 Info: emif_io96b_hps_emif_io96b_hps_411_tyu27mi_refclk_bridge: "Processing generation queue"
Info (20325): 2026.06.26.21:34:13 Info: emif_io96b_hps: generate_all_instances: 2026.06.26.21:31:24 Info: emif_io96b_hps_emif_io96b_hps_411_tyu27mi_refclk_bridge: "Generating: emif_io96b_hps_emif_io96b_hps_411_tyu27mi_refclk_bridge"
Info (20325): 2026.06.26.21:34:13 Info: emif_io96b_hps: generate_all_instances: 2026.06.26.21:31:24 Info: emif_io96b_hps_emif_io96b_hps_411_tyu27mi_refclk_bridge: "Generating: emif_io96b_hps_emif_io96b_hps_411_tyu27mi_refclk_bridge_qsys_interface_bridge_10_tos2vpi"
Info (20325): 2026.06.26.21:34:13 Info: emif_io96b_hps: generate_all_instances: 2026.06.26.21:31:24 Info: emif_io96b_hps_emif_io96b_hps_411_tyu27mi_refclk_bridge: Done "emif_io96b_hps_emif_io96b_hps_411_tyu27mi_refclk_bridge" with 2 modules, 2 files
Warning (20326): 2026.06.26.21:34:13 Warning: emif_io96b_hps: generate_all_instances: 2026.06.26.21:31:24 Warning: Skipping generation of synopsys/vcs/vcs_setup.sh since VCS 2-step flow is not supported for specified device family. Use VCS-MX or another supported simulator.
Info (20325): 2026.06.26.21:34:13 Info: emif_io96b_hps: generate_all_instances: 2026.06.26.21:31:24 Info: Generating the following file(s) for MODELSIM simulator in C:/Users/lenovo/AppData/Local/Temp/alt0630_7886830082676761958.dir/0012_packageGeneration/ip/emif_io96b_hps_emif_io96b_hps_411_tyu27mi/emif_io96b_hps_emif_io96b_hps_411_tyu27mi_refclk_bridge/sim/ directory:
Info (20325): 2026.06.26.21:34:13 Info: emif_io96b_hps: generate_all_instances: 2026.06.26.21:31:24 Info: common/modelsim_files.tcl
Info (20325): 2026.06.26.21:34:13 Info: emif_io96b_hps: generate_all_instances: 2026.06.26.21:31:24 Info: Generating the following file(s) for RIVIERA simulator in C:/Users/lenovo/AppData/Local/Temp/alt0630_7886830082676761958.dir/0012_packageGeneration/ip/emif_io96b_hps_emif_io96b_hps_411_tyu27mi/emif_io96b_hps_emif_io96b_hps_411_tyu27mi_refclk_bridge/sim/ directory:
Info (20325): 2026.06.26.21:34:13 Info: emif_io96b_hps: generate_all_instances: 2026.06.26.21:31:24 Info: common/riviera_files.tcl
Info (20325): 2026.06.26.21:34:13 Info: emif_io96b_hps: generate_all_instances: 2026.06.26.21:31:24 Info: For information on how to simulate your IP, see the explanatory comments in the simulator-specific subdirectories under C:/Users/lenovo/AppData/Local/Temp/alt0630_7886830082676761958.dir/0012_packageGeneration/ip/emif_io96b_hps_emif_io96b_hps_411_tyu27mi/emif_io96b_hps_emif_io96b_hps_411_tyu27mi_refclk_bridge/sim/.
Info (20325): 2026.06.26.21:34:13 Info: emif_io96b_hps: generate_all_instances: 2026.06.26.21:31:24 Info: Regenerate these scripts whenever you make any change to any Quartus-generated IP in your project.
Info (20325): 2026.06.26.21:34:13 Info: emif_io96b_hps: generate_all_instances: 2026.06.26.21:31:24 Info: Finished: Create simulation model
Info (20325): 2026.06.26.21:34:13 Info: emif_io96b_hps: generate_all_instances: 2026.06.26.21:31:24 Info: Starting: Create simulation script
Info (20325): 2026.06.26.21:34:13 Info: emif_io96b_hps: generate_all_instances: 2026.06.26.21:31:24 Info: sim-script-gen --system-file=C:\Users\lenovo\AppData\Local\Temp\alt0630_7886830082676761958.dir\0012_packageGeneration\ip\emif_io96b_hps_emif_io96b_hps_411_tyu27mi\emif_io96b_hps_emif_io96b_hps_411_tyu27mi_refclk_bridge.ip --output-directory=C:/Users/lenovo/AppData/Local/Temp/alt0630_7886830082676761958.dir/0012_packageGeneration/ip/emif_io96b_hps_emif_io96b_hps_411_tyu27mi/emif_io96b_hps_emif_io96b_hps_411_tyu27mi_refclk_bridge/sim/ --use-relative-paths=true
Warning (20326): 2026.06.26.21:34:13 Warning: emif_io96b_hps: generate_all_instances: 2026.06.26.21:31:24 Warning: Skipping generation of synopsys/vcs/vcs_setup.sh since VCS 2-step flow is not supported for specified device family. Use VCS-MX or another supported simulator.
Info (20325): 2026.06.26.21:34:13 Info: emif_io96b_hps: generate_all_instances: 2026.06.26.21:31:24 Info: Generating the following file(s) for MODELSIM simulator in C:/Users/lenovo/AppData/Local/Temp/alt0630_7886830082676761958.dir/0012_packageGeneration/ip/emif_io96b_hps_emif_io96b_hps_411_tyu27mi/emif_io96b_hps_emif_io96b_hps_411_tyu27mi_refclk_bridge/sim/ directory:
Info (20325): 2026.06.26.21:34:13 Info: emif_io96b_hps: generate_all_instances: 2026.06.26.21:31:24 Info: mentor/msim_setup.tcl
Info (20325): 2026.06.26.21:34:13 Info: emif_io96b_hps: generate_all_instances: 2026.06.26.21:31:24 Info: mentor/run_msim_setup.tcl
Info (20325): 2026.06.26.21:34:13 Info: emif_io96b_hps: generate_all_instances: 2026.06.26.21:31:24 Info: Generating the following file(s) for RIVIERA simulator in C:/Users/lenovo/AppData/Local/Temp/alt0630_7886830082676761958.dir/0012_packageGeneration/ip/emif_io96b_hps_emif_io96b_hps_411_tyu27mi/emif_io96b_hps_emif_io96b_hps_411_tyu27mi_refclk_bridge/sim/ directory:
Info (20325): 2026.06.26.21:34:13 Info: emif_io96b_hps: generate_all_instances: 2026.06.26.21:31:24 Info: aldec/rivierapro_setup.tcl
Info (20325): 2026.06.26.21:34:13 Info: emif_io96b_hps: generate_all_instances: 2026.06.26.21:31:24 Info: aldec/run_rivierapro_setup.tcl
Info (20325): 2026.06.26.21:34:13 Info: emif_io96b_hps: generate_all_instances: 2026.06.26.21:31:24 Info: For information on how to simulate your IP, see the explanatory comments in the simulator-specific subdirectories under C:/Users/lenovo/AppData/Local/Temp/alt0630_7886830082676761958.dir/0012_packageGeneration/ip/emif_io96b_hps_emif_io96b_hps_411_tyu27mi/emif_io96b_hps_emif_io96b_hps_411_tyu27mi_refclk_bridge/sim/.
Info (20325): 2026.06.26.21:34:13 Info: emif_io96b_hps: generate_all_instances: 2026.06.26.21:31:24 Info: Regenerate these scripts whenever you make any change to any Quartus-generated IP in your project.
Info (20325): 2026.06.26.21:34:13 Info: emif_io96b_hps: generate_all_instances: 2026.06.26.21:31:24 Info: Finished: Create simulation script
Info (20325): 2026.06.26.21:34:13 Info: emif_io96b_hps: generate_all_instances: 2026.06.26.21:31:24 Info: Generation of C:/Users/lenovo/AppData/Local/Temp/alt0630_7886830082676761958.dir/0012_packageGeneration/ip/emif_io96b_hps_emif_io96b_hps_411_tyu27mi/emif_io96b_hps_emif_io96b_hps_411_tyu27mi_refclk_bridge.ip (emif_io96b_hps_emif_io96b_hps_411_tyu27mi_refclk_bridge) took 11056 ms
Info (20325): 2026.06.26.21:34:13 Info: emif_io96b_hps: generate_all_instances: 2026.06.26.21:31:52 Info:
Info (20325): 2026.06.26.21:34:13 Info: emif_io96b_hps: generate_all_instances: 2026.06.26.21:31:52 Info: Generating on localhost:56833
Warning (20326): 2026.06.26.21:34:13 Warning: emif_io96b_hps: generate_all_instances: 2026.06.26.21:31:52 Warning: Quartus project not specified. Use --quartus-project and --rev to specify a Quartus project and revision.
Info (20325): 2026.06.26.21:34:13 Info: emif_io96b_hps: generate_all_instances: 2026.06.26.21:31:52 Info: Saving generation log to C:/Users/lenovo/AppData/Local/Temp/alt0630_7886830082676761958.dir/0012_packageGeneration/ip/emif_io96b_hps_emif_io96b_hps_411_tyu27mi/emif_io96b_hps_emif_io96b_hps_411_tyu27mi_emif_0_lpddr4/emif_io96b_hps_emif_io96b_hps_411_tyu27mi_emif_0_lpddr4_generation.rpt
Info (20325): 2026.06.26.21:34:13 Info: emif_io96b_hps: generate_all_instances: 2026.06.26.21:31:52 Info: Generated by version: 25.3.1 build 100
Info (20325): 2026.06.26.21:34:13 Info: emif_io96b_hps: generate_all_instances: 2026.06.26.21:31:52 Info: Starting: Create simulation model
Info (20325): 2026.06.26.21:34:13 Info: emif_io96b_hps: generate_all_instances: 2026.06.26.21:31:52 Info: qsys-generate C:\Users\lenovo\AppData\Local\Temp\alt0630_7886830082676761958.dir\0012_packageGeneration\ip\emif_io96b_hps_emif_io96b_hps_411_tyu27mi\emif_io96b_hps_emif_io96b_hps_411_tyu27mi_emif_0_lpddr4.ip --simulation=VERILOG --allow-mixed-language-simulation --output-directory=C:\Users\lenovo\AppData\Local\Temp\alt0630_7886830082676761958.dir\0012_packageGeneration\ip\emif_io96b_hps_emif_io96b_hps_411_tyu27mi\emif_io96b_hps_emif_io96b_hps_411_tyu27mi_emif_0_lpddr4 --family="Agilex 5" --part=A5EB013BB23BE4SCS
Info (20325): 2026.06.26.21:34:13 Info: emif_io96b_hps: generate_all_instances: 2026.06.26.21:31:52 Info: emif_io96b_hps_emif_io96b_hps_411_tyu27mi_emif_0_lpddr4.emif_0_lpddr4: Configuring this IP for device A5EB013BB23BE4SCS (Agilex 5). This device has speedgrade 4.
Info (20325): 2026.06.26.21:34:13 Info: emif_io96b_hps: generate_all_instances: 2026.06.26.21:31:52 Info: emif_io96b_hps_emif_io96b_hps_411_tyu27mi_emif_0_lpddr4: "Transforming system: emif_io96b_hps_emif_io96b_hps_411_tyu27mi_emif_0_lpddr4"
Info (20325): 2026.06.26.21:34:13 Info: emif_io96b_hps: generate_all_instances: 2026.06.26.21:31:52 Info: emif_io96b_hps_emif_io96b_hps_411_tyu27mi_emif_0_lpddr4: "Naming system components in system: emif_io96b_hps_emif_io96b_hps_411_tyu27mi_emif_0_lpddr4"
Info (20325): 2026.06.26.21:34:13 Info: emif_io96b_hps: generate_all_instances: 2026.06.26.21:31:52 Info: emif_io96b_hps_emif_io96b_hps_411_tyu27mi_emif_0_lpddr4: "Processing generation queue"
Info (20325): 2026.06.26.21:34:13 Info: emif_io96b_hps: generate_all_instances: 2026.06.26.21:31:52 Info: emif_io96b_hps_emif_io96b_hps_411_tyu27mi_emif_0_lpddr4: "Generating: emif_io96b_hps_emif_io96b_hps_411_tyu27mi_emif_0_lpddr4"
Info (20325): 2026.06.26.21:34:13 Info: emif_io96b_hps: generate_all_instances: 2026.06.26.21:31:52 Info: emif_io96b_hps_emif_io96b_hps_411_tyu27mi_emif_0_lpddr4: "Generating: emif_io96b_hps_emif_io96b_hps_411_tyu27mi_emif_0_lpddr4_emif_io96b_lpddr4_411_6mp36ta"
Info (20325): 2026.06.26.21:34:13 Info: emif_io96b_hps: generate_all_instances: 2026.06.26.21:31:52 Info: cal_0: "Generating: cal_0"
Info (20325): 2026.06.26.21:34:13 Info: emif_io96b_hps: generate_all_instances: 2026.06.26.21:31:52 Info: emif_io96b_hps_emif_io96b_hps_411_tyu27mi_emif_0_lpddr4: "Generating: emif_io96b_hps_emif_io96b_hps_411_tyu27mi_emif_0_lpddr4_emif_io96b_lpddr4_emif_io96b_cal_411_ybhh6ly"
Info (20325): 2026.06.26.21:34:13 Info: emif_io96b_hps: generate_all_instances: 2026.06.26.21:31:52 Info: emif_io96b_hps_emif_io96b_hps_411_tyu27mi_emif_0_lpddr4: "Generating: emif_io96b_hps_emif_io96b_hps_411_tyu27mi_emif_0_lpddr4_emif_io96b_cal_231_t4gnteq"
Info (20325): 2026.06.26.21:34:13 Info: emif_io96b_hps: generate_all_instances: 2026.06.26.21:31:52 Info: jamb: "Generating: jamb"
Info (20325): 2026.06.26.21:34:13 Info: emif_io96b_hps: generate_all_instances: 2026.06.26.21:31:52 Info: emif_io96b_hps_emif_io96b_hps_411_tyu27mi_emif_0_lpddr4: "Generating: emif_io96b_hps_emif_io96b_hps_411_tyu27mi_emif_0_lpddr4_emif_io96b_cal_alt_mem_if_jtag_master_231_7ir2qwq"
Info (20325): 2026.06.26.21:34:13 Info: emif_io96b_hps: generate_all_instances: 2026.06.26.21:31:52 Info: emif_io96b_hps_emif_io96b_hps_411_tyu27mi_emif_0_lpddr4: "Generating: emif_io96b_hps_emif_io96b_hps_411_tyu27mi_emif_0_lpddr4_alt_mem_if_jtag_master_191_2xbfrbi"
Info (20325): 2026.06.26.21:34:13 Info: emif_io96b_hps: generate_all_instances: 2026.06.26.21:31:52 Info: emif_io96b_hps_emif_io96b_hps_411_tyu27mi_emif_0_lpddr4: "Generating: altera_avalon_st_jtag_interface"
Info (20325): 2026.06.26.21:34:13 Info: emif_io96b_hps: generate_all_instances: 2026.06.26.21:31:52 Info: emif_io96b_hps_emif_io96b_hps_411_tyu27mi_emif_0_lpddr4: "Generating: emif_io96b_hps_emif_io96b_hps_411_tyu27mi_emif_0_lpddr4_timing_adapter_1950_bbjt6kq"
Info (20325): 2026.06.26.21:34:13 Info: emif_io96b_hps: generate_all_instances: 2026.06.26.21:31:52 Info: emif_io96b_hps_emif_io96b_hps_411_tyu27mi_emif_0_lpddr4: "Generating: emif_io96b_hps_emif_io96b_hps_411_tyu27mi_emif_0_lpddr4_altera_avalon_sc_fifo_1932_onpcouq"
Info (20325): 2026.06.26.21:34:13 Info: emif_io96b_hps: generate_all_instances: 2026.06.26.21:31:52 Info: emif_io96b_hps_emif_io96b_hps_411_tyu27mi_emif_0_lpddr4: "Generating: altera_avalon_st_bytes_to_packets"
Info (20325): 2026.06.26.21:34:13 Info: emif_io96b_hps: generate_all_instances: 2026.06.26.21:31:52 Info: emif_io96b_hps_emif_io96b_hps_411_tyu27mi_emif_0_lpddr4: "Generating: altera_avalon_st_packets_to_bytes"
Info (20325): 2026.06.26.21:34:13 Info: emif_io96b_hps: generate_all_instances: 2026.06.26.21:31:52 Info: emif_io96b_hps_emif_io96b_hps_411_tyu27mi_emif_0_lpddr4: "Generating: altera_avalon_packets_to_master"
Info (20325): 2026.06.26.21:34:13 Info: emif_io96b_hps: generate_all_instances: 2026.06.26.21:31:52 Info: emif_io96b_hps_emif_io96b_hps_411_tyu27mi_emif_0_lpddr4: "Generating: emif_io96b_hps_emif_io96b_hps_411_tyu27mi_emif_0_lpddr4_channel_adapter_1922_rd56ufy"
Info (20325): 2026.06.26.21:34:13 Info: emif_io96b_hps: generate_all_instances: 2026.06.26.21:31:52 Info: emif_io96b_hps_emif_io96b_hps_411_tyu27mi_emif_0_lpddr4: "Generating: emif_io96b_hps_emif_io96b_hps_411_tyu27mi_emif_0_lpddr4_channel_adapter_1922_5vp3d5a"
Info (20325): 2026.06.26.21:34:13 Info: emif_io96b_hps: generate_all_instances: 2026.06.26.21:31:52 Info: emif_io96b_hps_emif_io96b_hps_411_tyu27mi_emif_0_lpddr4: "Generating: altera_reset_controller"
Info (20325): 2026.06.26.21:34:13 Info: emif_io96b_hps: generate_all_instances: 2026.06.26.21:31:52 Info: emif_io96b_hps_emif_io96b_hps_411_tyu27mi_emif_0_lpddr4: Done "emif_io96b_hps_emif_io96b_hps_411_tyu27mi_emif_0_lpddr4" with 15 modules, 159 files
Warning (20326): 2026.06.26.21:34:13 Warning: emif_io96b_hps: generate_all_instances: 2026.06.26.21:31:52 Warning: Skipping generation of synopsys/vcs/vcs_setup.sh since VCS 2-step flow is not supported for specified device family. Use VCS-MX or another supported simulator.
Info (20325): 2026.06.26.21:34:13 Info: emif_io96b_hps: generate_all_instances: 2026.06.26.21:31:52 Info: Generating the following file(s) for RIVIERA simulator in C:/Users/lenovo/AppData/Local/Temp/alt0630_7886830082676761958.dir/0012_packageGeneration/ip/emif_io96b_hps_emif_io96b_hps_411_tyu27mi/emif_io96b_hps_emif_io96b_hps_411_tyu27mi_emif_0_lpddr4/sim/ directory:
Info (20325): 2026.06.26.21:34:13 Info: emif_io96b_hps: generate_all_instances: 2026.06.26.21:31:52 Info: common/riviera_files.tcl
Info (20325): 2026.06.26.21:34:13 Info: emif_io96b_hps: generate_all_instances: 2026.06.26.21:31:52 Info: Generating the following file(s) for MODELSIM simulator in C:/Users/lenovo/AppData/Local/Temp/alt0630_7886830082676761958.dir/0012_packageGeneration/ip/emif_io96b_hps_emif_io96b_hps_411_tyu27mi/emif_io96b_hps_emif_io96b_hps_411_tyu27mi_emif_0_lpddr4/sim/ directory:
Info (20325): 2026.06.26.21:34:13 Info: emif_io96b_hps: generate_all_instances: 2026.06.26.21:31:52 Info: common/modelsim_files.tcl
Info (20325): 2026.06.26.21:34:13 Info: emif_io96b_hps: generate_all_instances: 2026.06.26.21:31:52 Info: For information on how to simulate your IP, see the explanatory comments in the simulator-specific subdirectories under C:/Users/lenovo/AppData/Local/Temp/alt0630_7886830082676761958.dir/0012_packageGeneration/ip/emif_io96b_hps_emif_io96b_hps_411_tyu27mi/emif_io96b_hps_emif_io96b_hps_411_tyu27mi_emif_0_lpddr4/sim/.
Info (20325): 2026.06.26.21:34:13 Info: emif_io96b_hps: generate_all_instances: 2026.06.26.21:31:52 Info: Regenerate these scripts whenever you make any change to any Quartus-generated IP in your project.
Info (20325): 2026.06.26.21:34:13 Info: emif_io96b_hps: generate_all_instances: 2026.06.26.21:31:52 Info: Finished: Create simulation model
Info (20325): 2026.06.26.21:34:13 Info: emif_io96b_hps: generate_all_instances: 2026.06.26.21:31:52 Info: Starting: Create simulation script
Info (20325): 2026.06.26.21:34:13 Info: emif_io96b_hps: generate_all_instances: 2026.06.26.21:31:52 Info: sim-script-gen --system-file=C:\Users\lenovo\AppData\Local\Temp\alt0630_7886830082676761958.dir\0012_packageGeneration\ip\emif_io96b_hps_emif_io96b_hps_411_tyu27mi\emif_io96b_hps_emif_io96b_hps_411_tyu27mi_emif_0_lpddr4.ip --output-directory=C:/Users/lenovo/AppData/Local/Temp/alt0630_7886830082676761958.dir/0012_packageGeneration/ip/emif_io96b_hps_emif_io96b_hps_411_tyu27mi/emif_io96b_hps_emif_io96b_hps_411_tyu27mi_emif_0_lpddr4/sim/ --use-relative-paths=true
Warning (20326): 2026.06.26.21:34:13 Warning: emif_io96b_hps: generate_all_instances: 2026.06.26.21:31:52 Warning: Skipping generation of synopsys/vcs/vcs_setup.sh since VCS 2-step flow is not supported for specified device family. Use VCS-MX or another supported simulator.
Info (20325): 2026.06.26.21:34:13 Info: emif_io96b_hps: generate_all_instances: 2026.06.26.21:31:52 Info: Generating the following file(s) for RIVIERA simulator in C:/Users/lenovo/AppData/Local/Temp/alt0630_7886830082676761958.dir/0012_packageGeneration/ip/emif_io96b_hps_emif_io96b_hps_411_tyu27mi/emif_io96b_hps_emif_io96b_hps_411_tyu27mi_emif_0_lpddr4/sim/ directory:
Info (20325): 2026.06.26.21:34:13 Info: emif_io96b_hps: generate_all_instances: 2026.06.26.21:31:52 Info: aldec/rivierapro_setup.tcl
Info (20325): 2026.06.26.21:34:13 Info: emif_io96b_hps: generate_all_instances: 2026.06.26.21:31:52 Info: aldec/run_rivierapro_setup.tcl
Info (20325): 2026.06.26.21:34:13 Info: emif_io96b_hps: generate_all_instances: 2026.06.26.21:31:52 Info: Generating the following file(s) for MODELSIM simulator in C:/Users/lenovo/AppData/Local/Temp/alt0630_7886830082676761958.dir/0012_packageGeneration/ip/emif_io96b_hps_emif_io96b_hps_411_tyu27mi/emif_io96b_hps_emif_io96b_hps_411_tyu27mi_emif_0_lpddr4/sim/ directory:
Info (20325): 2026.06.26.21:34:13 Info: emif_io96b_hps: generate_all_instances: 2026.06.26.21:31:52 Info: mentor/msim_setup.tcl
Info (20325): 2026.06.26.21:34:13 Info: emif_io96b_hps: generate_all_instances: 2026.06.26.21:31:52 Info: mentor/run_msim_setup.tcl
Info (20325): 2026.06.26.21:34:13 Info: emif_io96b_hps: generate_all_instances: 2026.06.26.21:31:52 Info: For information on how to simulate your IP, see the explanatory comments in the simulator-specific subdirectories under C:/Users/lenovo/AppData/Local/Temp/alt0630_7886830082676761958.dir/0012_packageGeneration/ip/emif_io96b_hps_emif_io96b_hps_411_tyu27mi/emif_io96b_hps_emif_io96b_hps_411_tyu27mi_emif_0_lpddr4/sim/.
Info (20325): 2026.06.26.21:34:13 Info: emif_io96b_hps: generate_all_instances: 2026.06.26.21:31:52 Info: Regenerate these scripts whenever you make any change to any Quartus-generated IP in your project.
Info (20325): 2026.06.26.21:34:13 Info: emif_io96b_hps: generate_all_instances: 2026.06.26.21:31:52 Info: Finished: Create simulation script
Info (20325): 2026.06.26.21:34:13 Info: emif_io96b_hps: generate_all_instances: 2026.06.26.21:31:52 Info: Generation of C:/Users/lenovo/AppData/Local/Temp/alt0630_7886830082676761958.dir/0012_packageGeneration/ip/emif_io96b_hps_emif_io96b_hps_411_tyu27mi/emif_io96b_hps_emif_io96b_hps_411_tyu27mi_emif_0_lpddr4.ip (emif_io96b_hps_emif_io96b_hps_411_tyu27mi_emif_0_lpddr4) took 21722 ms
Info (20325): 2026.06.26.21:34:13 Info: emif_io96b_hps: generate_all_instances: 2026.06.26.21:31:52 Info: Finished: Platform Designer system generation
Info (20325): 2026.06.26.21:34:13 Info: emif_io96b_hps: Done "emif_io96b_hps" with 2 modules, 5 files
Warning (20326): 2026.06.26.21:34:13 Warning: Skipping generation of synopsys/vcs/vcs_setup.sh since VCS 2-step flow is not supported for specified device family. Use VCS-MX or another supported simulator.
Info (20325): 2026.06.26.21:34:13 Info: Generating the following file(s) for MODELSIM simulator in C:/trumpf/ghrd_base/GHRD/hps_subsys/ip/qsys_top/emif_io96b_hps/sim/ directory:
Info (20325): 2026.06.26.21:34:13 Info: common/modelsim_files.tcl
Info (20325): 2026.06.26.21:34:13 Info: Generating the following file(s) for RIVIERA simulator in C:/trumpf/ghrd_base/GHRD/hps_subsys/ip/qsys_top/emif_io96b_hps/sim/ directory:
Info (20325): 2026.06.26.21:34:13 Info: common/riviera_files.tcl
Info (20325): 2026.06.26.21:34:13 Info: For information on how to simulate your IP, see the explanatory comments in the simulator-specific subdirectories under C:/trumpf/ghrd_base/GHRD/hps_subsys/ip/qsys_top/emif_io96b_hps/sim/.
Info (20325): 2026.06.26.21:34:13 Info: Regenerate these scripts whenever you make any change to any Quartus-generated IP in your project.
Info (20325): 2026.06.26.21:34:13 Info: Finished: Create simulation model
Info (20325): 2026.06.26.21:34:13 Info: Starting: Create simulation script
Info (20325): 2026.06.26.21:34:13 Info: sim-script-gen --system-file=C:\trumpf\ghrd_base\GHRD\hps_subsys\ip\qsys_top\emif_io96b_hps.ip --output-directory=C:/trumpf/ghrd_base/GHRD/hps_subsys/ip/qsys_top/emif_io96b_hps/sim/ --use-relative-paths=true
Warning (20326): 2026.06.26.21:34:13 Warning: Skipping generation of synopsys/vcs/vcs_setup.sh since VCS 2-step flow is not supported for specified device family. Use VCS-MX or another supported simulator.
Info (20325): 2026.06.26.21:34:13 Info: Generating the following file(s) for MODELSIM simulator in C:/trumpf/ghrd_base/GHRD/hps_subsys/ip/qsys_top/emif_io96b_hps/sim/ directory:
Info (20325): 2026.06.26.21:34:13 Info: mentor/msim_setup.tcl
Info (20325): 2026.06.26.21:34:13 Info: mentor/run_msim_setup.tcl
Info (20325): 2026.06.26.21:34:13 Info: Generating the following file(s) for RIVIERA simulator in C:/trumpf/ghrd_base/GHRD/hps_subsys/ip/qsys_top/emif_io96b_hps/sim/ directory:
Info (20325): 2026.06.26.21:34:13 Info: aldec/rivierapro_setup.tcl
Info (20325): 2026.06.26.21:34:13 Info: aldec/run_rivierapro_setup.tcl
Info (20325): 2026.06.26.21:34:13 Info: For information on how to simulate your IP, see the explanatory comments in the simulator-specific subdirectories under C:/trumpf/ghrd_base/GHRD/hps_subsys/ip/qsys_top/emif_io96b_hps/sim/.
Info (20325): 2026.06.26.21:34:13 Info: Regenerate these scripts whenever you make any change to any Quartus-generated IP in your project.
Info (20325): 2026.06.26.21:34:13 Info: Finished: Create simulation script
Info (20325): 2026.06.26.21:34:13 Info: Starting: Create block symbol file (.bsf)
Info (20325): 2026.06.26.21:34:13 Info: qsys-generate C:\trumpf\ghrd_base\GHRD\hps_subsys\ip\qsys_top\emif_io96b_hps.ip --block-symbol-file --output-directory=C:\trumpf\ghrd_base\GHRD\hps_subsys\ip\qsys_top\emif_io96b_hps --family="Agilex 5" --part=A5EB013BB23BE4SCS
Info (20325): 2026.06.26.21:34:13 Info: Finished: Create block symbol file (.bsf)
Info (20325): 2026.06.26.21:34:13 Info:
Info (20325): 2026.06.26.21:34:13 Info: Starting: Create HDL design files for synthesis
Info (20325): 2026.06.26.21:34:13 Info: qsys-generate C:\trumpf\ghrd_base\GHRD\hps_subsys\ip\qsys_top\emif_io96b_hps.ip --synthesis=VERILOG --output-directory=C:\trumpf\ghrd_base\GHRD\hps_subsys\ip\qsys_top\emif_io96b_hps --family="Agilex 5" --part=A5EB013BB23BE4SCS
Info (20325): 2026.06.26.21:34:13 Info: emif_io96b_hps: "Transforming system: emif_io96b_hps"
Info (20325): 2026.06.26.21:34:13 Info: emif_io96b_hps: "Naming system components in system: emif_io96b_hps"
Info (20325): 2026.06.26.21:34:13 Info: emif_io96b_hps: "Processing generation queue"
Info (20325): 2026.06.26.21:34:13 Info: emif_io96b_hps: "Generating: emif_io96b_hps"
Info (20325): 2026.06.26.21:34:13 Info: emif_io96b_hps: "Generating: emif_io96b_hps_emif_io96b_hps_411_tyu27mi"
Info (20325): 2026.06.26.21:34:13 Info: emif_io96b_hps: generate_all_instances: qsys-generate emif_io96b_hps_emif_io96b_hps_411_tyu27mi.qsys --synthesis=VERILOG --package-subsystem --generate-all-simulation-scripts --part=A5EB013BB23BE4SCS --search-path=C:/trumpf/ghrd_base/GHRD/**/*,C:/Users/lenovo/AppData/Local/Temp/alt0630_7886830082676761958.dir/0025_packageGeneration/**/*,$ --clear-output-directory
Info (20325): 2026.06.26.21:34:13 Info: emif_io96b_hps: generate_all_instances: ***************************************************************
Info (20325): 2026.06.26.21:34:13 Info: emif_io96b_hps: generate_all_instances: Quartus is a registered trademark of Altera Corporation in the
Info (20325): 2026.06.26.21:34:13 Info: emif_io96b_hps: generate_all_instances: US and other countries.  Portions of the Quartus Prime software
Info (20325): 2026.06.26.21:34:13 Info: emif_io96b_hps: generate_all_instances: code, and other portions of the code included in this download
Info (20325): 2026.06.26.21:34:13 Info: emif_io96b_hps: generate_all_instances: or on this DVD, are licensed to Altera Corporation and are the
Info (20325): 2026.06.26.21:34:13 Info: emif_io96b_hps: generate_all_instances: copyrighted property of third parties. For license details,
Info (20325): 2026.06.26.21:34:13 Info: emif_io96b_hps: generate_all_instances: refer to the Altera Software License Subscription Agreements
Info (20325): 2026.06.26.21:34:13 Info: emif_io96b_hps: generate_all_instances: on the Quartus Prime software download page.
Info (20325): 2026.06.26.21:34:13 Info: emif_io96b_hps: generate_all_instances: ***************************************************************
Warning (20326): 2026.06.26.21:34:13 Warning: emif_io96b_hps: generate_all_instances: 2026.06.26.21:32:37 Warning: Quartus project not specified. Use --quartus-project and --rev to specify a Quartus project and revision.
Info (20325): 2026.06.26.21:34:13 Info: emif_io96b_hps: generate_all_instances: 2026.06.26.21:32:51 Info: Parallel IP Generation is enabled.
Info (20325): 2026.06.26.21:34:13 Info: emif_io96b_hps: generate_all_instances: 2026.06.26.21:32:51 Info: Platform Designer will attempt to use 4 processors for parallel IP generation based on available number of processors and the total number of IP to be generated.
Info (20325): 2026.06.26.21:34:13 Info: emif_io96b_hps: generate_all_instances: 2026.06.26.21:32:51 Info:
Info (20325): 2026.06.26.21:34:13 Info: emif_io96b_hps: generate_all_instances: 2026.06.26.21:32:51 Info: Starting: Platform Designer system generation
Info (20325): 2026.06.26.21:34:13 Info: emif_io96b_hps: generate_all_instances: 2026.06.26.21:33:35 Info:
Info (20325): 2026.06.26.21:34:13 Info: emif_io96b_hps: generate_all_instances: 2026.06.26.21:33:35 Info: Generating on localhost:50077
Warning (20326): 2026.06.26.21:34:13 Warning: emif_io96b_hps: generate_all_instances: 2026.06.26.21:33:35 Warning: Quartus project not specified. Use --quartus-project and --rev to specify a Quartus project and revision.
Info (20325): 2026.06.26.21:34:13 Info: emif_io96b_hps: generate_all_instances: 2026.06.26.21:33:35 Info: Saving generation log to C:/Users/lenovo/AppData/Local/Temp/alt0630_7886830082676761958.dir/0025_packageGeneration/ip/emif_io96b_hps_emif_io96b_hps_411_tyu27mi/emif_io96b_hps_emif_io96b_hps_411_tyu27mi_refclk_bridge/emif_io96b_hps_emif_io96b_hps_411_tyu27mi_refclk_bridge_generation.rpt
Info (20325): 2026.06.26.21:34:13 Info: emif_io96b_hps: generate_all_instances: 2026.06.26.21:33:35 Info: Generated by version: 25.3.1 build 100
Info (20325): 2026.06.26.21:34:13 Info: emif_io96b_hps: generate_all_instances: 2026.06.26.21:33:35 Info: Starting: Create HDL design files for synthesis
Info (20325): 2026.06.26.21:34:13 Info: emif_io96b_hps: generate_all_instances: 2026.06.26.21:33:35 Info: qsys-generate C:\Users\lenovo\AppData\Local\Temp\alt0630_7886830082676761958.dir\0025_packageGeneration\ip\emif_io96b_hps_emif_io96b_hps_411_tyu27mi\emif_io96b_hps_emif_io96b_hps_411_tyu27mi_refclk_bridge.ip --synthesis=VERILOG --output-directory=C:\Users\lenovo\AppData\Local\Temp\alt0630_7886830082676761958.dir\0025_packageGeneration\ip\emif_io96b_hps_emif_io96b_hps_411_tyu27mi\emif_io96b_hps_emif_io96b_hps_411_tyu27mi_refclk_bridge --family="Agilex 5" --part=A5EB013BB23BE4SCS
Info (20325): 2026.06.26.21:34:13 Info: emif_io96b_hps: generate_all_instances: 2026.06.26.21:33:35 Info: emif_io96b_hps_emif_io96b_hps_411_tyu27mi_refclk_bridge: "Transforming system: emif_io96b_hps_emif_io96b_hps_411_tyu27mi_refclk_bridge"
Info (20325): 2026.06.26.21:34:13 Info: emif_io96b_hps: generate_all_instances: 2026.06.26.21:33:35 Info: emif_io96b_hps_emif_io96b_hps_411_tyu27mi_refclk_bridge: "Naming system components in system: emif_io96b_hps_emif_io96b_hps_411_tyu27mi_refclk_bridge"
Info (20325): 2026.06.26.21:34:13 Info: emif_io96b_hps: generate_all_instances: 2026.06.26.21:33:35 Info: emif_io96b_hps_emif_io96b_hps_411_tyu27mi_refclk_bridge: "Processing generation queue"
Info (20325): 2026.06.26.21:34:13 Info: emif_io96b_hps: generate_all_instances: 2026.06.26.21:33:35 Info: emif_io96b_hps_emif_io96b_hps_411_tyu27mi_refclk_bridge: "Generating: emif_io96b_hps_emif_io96b_hps_411_tyu27mi_refclk_bridge"
Info (20325): 2026.06.26.21:34:13 Info: emif_io96b_hps: generate_all_instances: 2026.06.26.21:33:35 Info: emif_io96b_hps_emif_io96b_hps_411_tyu27mi_refclk_bridge: "Generating: emif_io96b_hps_emif_io96b_hps_411_tyu27mi_refclk_bridge_qsys_interface_bridge_10_tos2vpi"
Info (20325): 2026.06.26.21:34:13 Info: emif_io96b_hps: generate_all_instances: 2026.06.26.21:33:35 Info: emif_io96b_hps_emif_io96b_hps_411_tyu27mi_refclk_bridge: Done "emif_io96b_hps_emif_io96b_hps_411_tyu27mi_refclk_bridge" with 2 modules, 2 files
Info (20325): 2026.06.26.21:34:13 Info: emif_io96b_hps: generate_all_instances: 2026.06.26.21:33:35 Info: Finished: Create HDL design files for synthesis
Info (20325): 2026.06.26.21:34:13 Info: emif_io96b_hps: generate_all_instances: 2026.06.26.21:33:35 Info: Generation of C:/Users/lenovo/AppData/Local/Temp/alt0630_7886830082676761958.dir/0025_packageGeneration/ip/emif_io96b_hps_emif_io96b_hps_411_tyu27mi/emif_io96b_hps_emif_io96b_hps_411_tyu27mi_refclk_bridge.ip (emif_io96b_hps_emif_io96b_hps_411_tyu27mi_refclk_bridge) took 3778 ms
Info (20325): 2026.06.26.21:34:13 Info: emif_io96b_hps: generate_all_instances: 2026.06.26.21:33:39 Info:
Info (20325): 2026.06.26.21:34:13 Info: emif_io96b_hps: generate_all_instances: 2026.06.26.21:33:39 Info: Generating on localhost:50075
Warning (20326): 2026.06.26.21:34:13 Warning: emif_io96b_hps: generate_all_instances: 2026.06.26.21:33:39 Warning: Quartus project not specified. Use --quartus-project and --rev to specify a Quartus project and revision.
Info (20325): 2026.06.26.21:34:13 Info: emif_io96b_hps: generate_all_instances: 2026.06.26.21:33:39 Info: Saving generation log to C:/Users/lenovo/AppData/Local/Temp/alt0630_7886830082676761958.dir/0025_packageGeneration/ip/emif_io96b_hps_emif_io96b_hps_411_tyu27mi/emif_io96b_hps_emif_io96b_hps_411_tyu27mi_refclk_gpio/emif_io96b_hps_emif_io96b_hps_411_tyu27mi_refclk_gpio_generation.rpt
Info (20325): 2026.06.26.21:34:13 Info: emif_io96b_hps: generate_all_instances: 2026.06.26.21:33:39 Info: Generated by version: 25.3.1 build 100
Info (20325): 2026.06.26.21:34:13 Info: emif_io96b_hps: generate_all_instances: 2026.06.26.21:33:39 Info: Starting: Create HDL design files for synthesis
Info (20325): 2026.06.26.21:34:13 Info: emif_io96b_hps: generate_all_instances: 2026.06.26.21:33:39 Info: qsys-generate C:\Users\lenovo\AppData\Local\Temp\alt0630_7886830082676761958.dir\0025_packageGeneration\ip\emif_io96b_hps_emif_io96b_hps_411_tyu27mi\emif_io96b_hps_emif_io96b_hps_411_tyu27mi_refclk_gpio.ip --synthesis=VERILOG --output-directory=C:\Users\lenovo\AppData\Local\Temp\alt0630_7886830082676761958.dir\0025_packageGeneration\ip\emif_io96b_hps_emif_io96b_hps_411_tyu27mi\emif_io96b_hps_emif_io96b_hps_411_tyu27mi_refclk_gpio --family="Agilex 5" --part=A5EB013BB23BE4SCS
Info (20325): 2026.06.26.21:34:13 Info: emif_io96b_hps: generate_all_instances: 2026.06.26.21:33:39 Info: emif_io96b_hps_emif_io96b_hps_411_tyu27mi_refclk_gpio.refclk_gpio: GPIO supports a maximum interface frequency of 250 MHZ.
Info (20325): 2026.06.26.21:34:13 Info: emif_io96b_hps: generate_all_instances: 2026.06.26.21:33:39 Info: emif_io96b_hps_emif_io96b_hps_411_tyu27mi_refclk_gpio: "Transforming system: emif_io96b_hps_emif_io96b_hps_411_tyu27mi_refclk_gpio"
Info (20325): 2026.06.26.21:34:13 Info: emif_io96b_hps: generate_all_instances: 2026.06.26.21:33:39 Info: emif_io96b_hps_emif_io96b_hps_411_tyu27mi_refclk_gpio: "Naming system components in system: emif_io96b_hps_emif_io96b_hps_411_tyu27mi_refclk_gpio"
Info (20325): 2026.06.26.21:34:13 Info: emif_io96b_hps: generate_all_instances: 2026.06.26.21:33:39 Info: emif_io96b_hps_emif_io96b_hps_411_tyu27mi_refclk_gpio: "Processing generation queue"
Info (20325): 2026.06.26.21:34:13 Info: emif_io96b_hps: generate_all_instances: 2026.06.26.21:33:39 Info: emif_io96b_hps_emif_io96b_hps_411_tyu27mi_refclk_gpio: "Generating: emif_io96b_hps_emif_io96b_hps_411_tyu27mi_refclk_gpio"
Info (20325): 2026.06.26.21:34:13 Info: emif_io96b_hps: generate_all_instances: 2026.06.26.21:33:39 Info: emif_io96b_hps_emif_io96b_hps_411_tyu27mi_refclk_gpio: "Generating: emif_io96b_hps_emif_io96b_hps_411_tyu27mi_refclk_gpio_altera_gpio_2300_ctzjwfq"
Info (20325): 2026.06.26.21:34:13 Info: emif_io96b_hps: generate_all_instances: 2026.06.26.21:33:39 Info: emif_io96b_hps_emif_io96b_hps_411_tyu27mi_refclk_gpio: "Generating: altera_gpio"
Info (20325): 2026.06.26.21:34:13 Info: emif_io96b_hps: generate_all_instances: 2026.06.26.21:33:39 Info: emif_io96b_hps_emif_io96b_hps_411_tyu27mi_refclk_gpio: Done "emif_io96b_hps_emif_io96b_hps_411_tyu27mi_refclk_gpio" with 3 modules, 3 files
Info (20325): 2026.06.26.21:34:13 Info: emif_io96b_hps: generate_all_instances: 2026.06.26.21:33:39 Info: Finished: Create HDL design files for synthesis
Info (20325): 2026.06.26.21:34:13 Info: emif_io96b_hps: generate_all_instances: 2026.06.26.21:33:39 Info: Generation of C:/Users/lenovo/AppData/Local/Temp/alt0630_7886830082676761958.dir/0025_packageGeneration/ip/emif_io96b_hps_emif_io96b_hps_411_tyu27mi/emif_io96b_hps_emif_io96b_hps_411_tyu27mi_refclk_gpio.ip (emif_io96b_hps_emif_io96b_hps_411_tyu27mi_refclk_gpio) took 3749 ms
Info (20325): 2026.06.26.21:34:13 Info: emif_io96b_hps: generate_all_instances: 2026.06.26.21:33:48 Info:
Info (20325): 2026.06.26.21:34:13 Info: emif_io96b_hps: generate_all_instances: 2026.06.26.21:33:48 Info: Generating on localhost:50074
Warning (20326): 2026.06.26.21:34:13 Warning: emif_io96b_hps: generate_all_instances: 2026.06.26.21:33:48 Warning: Quartus project not specified. Use --quartus-project and --rev to specify a Quartus project and revision.
Info (20325): 2026.06.26.21:34:13 Info: emif_io96b_hps: generate_all_instances: 2026.06.26.21:33:48 Info: emif_io96b_hps_emif_io96b_hps_411_tyu27mi: All Generic Component instances match their respective ip files.
Info (20325): 2026.06.26.21:34:13 Info: emif_io96b_hps: generate_all_instances: 2026.06.26.21:33:48 Info: Saving generation log to C:/Users/lenovo/AppData/Local/Temp/alt0630_7886830082676761958.dir/0025_packageGeneration/emif_io96b_hps_emif_io96b_hps_411_tyu27mi/emif_io96b_hps_emif_io96b_hps_411_tyu27mi_generation.rpt
Info (20325): 2026.06.26.21:34:13 Info: emif_io96b_hps: generate_all_instances: 2026.06.26.21:33:48 Info: Generated by version: 25.3.1 build 100
Info (20325): 2026.06.26.21:34:13 Info: emif_io96b_hps: generate_all_instances: 2026.06.26.21:33:48 Info: Starting: Create HDL design files for synthesis
Info (20325): 2026.06.26.21:34:13 Info: emif_io96b_hps: generate_all_instances: 2026.06.26.21:33:48 Info: qsys-generate C:\Users\lenovo\AppData\Local\Temp\alt0630_7886830082676761958.dir\0025_packageGeneration\emif_io96b_hps_emif_io96b_hps_411_tyu27mi.qsys --synthesis=VERILOG --output-directory=C:\Users\lenovo\AppData\Local\Temp\alt0630_7886830082676761958.dir\0025_packageGeneration\emif_io96b_hps_emif_io96b_hps_411_tyu27mi --family="Agilex 5" --part=A5EB013BB23BE4SCS
Info (20325): 2026.06.26.21:34:13 Info: emif_io96b_hps: generate_all_instances: 2026.06.26.21:33:48 Info: Loading 0025_packageGeneration/emif_io96b_hps_emif_io96b_hps_411_tyu27mi.qsys
Info (20325): 2026.06.26.21:34:13 Info: emif_io96b_hps: generate_all_instances: 2026.06.26.21:33:48 Info: Reading input file
Info (20325): 2026.06.26.21:34:13 Info: emif_io96b_hps: generate_all_instances: 2026.06.26.21:33:48 Info: Parameterizing module emif_0_ddr4comp
Info (20325): 2026.06.26.21:34:13 Info: emif_io96b_hps: generate_all_instances: 2026.06.26.21:33:48 Info: Parameterizing module emif_0_ddr5comp
Info (20325): 2026.06.26.21:34:13 Info: emif_io96b_hps: generate_all_instances: 2026.06.26.21:33:48 Info: Parameterizing module emif_0_ddr5dimm
Info (20325): 2026.06.26.21:34:13 Info: emif_io96b_hps: generate_all_instances: 2026.06.26.21:33:48 Info: Parameterizing module emif_0_lpddr4
Info (20325): 2026.06.26.21:34:13 Info: emif_io96b_hps: generate_all_instances: 2026.06.26.21:33:48 Info: Parameterizing module emif_0_lpddr5
Info (20325): 2026.06.26.21:34:13 Info: emif_io96b_hps: generate_all_instances: 2026.06.26.21:33:48 Info: Parameterizing module emif_1_ddr4comp
Info (20325): 2026.06.26.21:34:13 Info: emif_io96b_hps: generate_all_instances: 2026.06.26.21:33:48 Info: Parameterizing module emif_1_ddr5comp
Info (20325): 2026.06.26.21:34:13 Info: emif_io96b_hps: generate_all_instances: 2026.06.26.21:33:48 Info: Parameterizing module emif_1_ddr5dimm
Info (20325): 2026.06.26.21:34:13 Info: emif_io96b_hps: generate_all_instances: 2026.06.26.21:33:48 Info: Parameterizing module emif_1_lpddr4
Info (20325): 2026.06.26.21:34:13 Info: emif_io96b_hps: generate_all_instances: 2026.06.26.21:33:48 Info: Parameterizing module emif_1_lpddr5
Info (20325): 2026.06.26.21:34:13 Info: emif_io96b_hps: generate_all_instances: 2026.06.26.21:33:48 Info: Parameterizing module refclk_bridge
Info (20325): 2026.06.26.21:34:13 Info: emif_io96b_hps: generate_all_instances: 2026.06.26.21:33:48 Info: Parameterizing module refclk_gpio
Info (20325): 2026.06.26.21:34:13 Info: emif_io96b_hps: generate_all_instances: 2026.06.26.21:33:48 Info: Building connections
Info (20325): 2026.06.26.21:34:13 Info: emif_io96b_hps: generate_all_instances: 2026.06.26.21:33:48 Info: Parameterizing connections
Info (20325): 2026.06.26.21:34:13 Info: emif_io96b_hps: generate_all_instances: 2026.06.26.21:33:48 Info: Validating
Info (20325): 2026.06.26.21:34:13 Info: emif_io96b_hps: generate_all_instances: 2026.06.26.21:33:48 Info: Done reading input file
Info (20325): 2026.06.26.21:34:13 Info: emif_io96b_hps: generate_all_instances: 2026.06.26.21:33:48 Info: emif_io96b_hps_emif_io96b_hps_411_tyu27mi: "Transforming system: emif_io96b_hps_emif_io96b_hps_411_tyu27mi"
Info (20325): 2026.06.26.21:34:13 Info: emif_io96b_hps: generate_all_instances: 2026.06.26.21:33:48 Info: emif_io96b_hps_emif_io96b_hps_411_tyu27mi: "Naming system components in system: emif_io96b_hps_emif_io96b_hps_411_tyu27mi"
Info (20325): 2026.06.26.21:34:13 Info: emif_io96b_hps: generate_all_instances: 2026.06.26.21:33:48 Info: emif_io96b_hps_emif_io96b_hps_411_tyu27mi: "Processing generation queue"
Info (20325): 2026.06.26.21:34:13 Info: emif_io96b_hps: generate_all_instances: 2026.06.26.21:33:48 Info: emif_io96b_hps_emif_io96b_hps_411_tyu27mi: "Generating: emif_io96b_hps_emif_io96b_hps_411_tyu27mi"
Info (20325): 2026.06.26.21:34:13 Info: emif_io96b_hps: generate_all_instances: 2026.06.26.21:33:48 Info: emif_io96b_hps_emif_io96b_hps_411_tyu27mi: "Generating: emif_io96b_hps_emif_io96b_hps_411_tyu27mi_emif_0_lpddr4"
Info (20325): 2026.06.26.21:34:13 Info: emif_io96b_hps: generate_all_instances: 2026.06.26.21:33:48 Info: emif_io96b_hps_emif_io96b_hps_411_tyu27mi: "Generating: emif_io96b_hps_emif_io96b_hps_411_tyu27mi_refclk_bridge"
Info (20325): 2026.06.26.21:34:13 Info: emif_io96b_hps: generate_all_instances: 2026.06.26.21:33:48 Info: emif_io96b_hps_emif_io96b_hps_411_tyu27mi: "Generating: emif_io96b_hps_emif_io96b_hps_411_tyu27mi_refclk_gpio"
Info (20325): 2026.06.26.21:34:13 Info: emif_io96b_hps: generate_all_instances: 2026.06.26.21:33:48 Info: emif_io96b_hps_emif_io96b_hps_411_tyu27mi: Done "emif_io96b_hps_emif_io96b_hps_411_tyu27mi" with 4 modules, 1 files
Info (20325): 2026.06.26.21:34:13 Info: emif_io96b_hps: generate_all_instances: 2026.06.26.21:33:48 Info: Finished: Create HDL design files for synthesis
Info (20325): 2026.06.26.21:34:13 Info: emif_io96b_hps: generate_all_instances: 2026.06.26.21:33:48 Info: Generation of C:/Users/lenovo/AppData/Local/Temp/alt0630_7886830082676761958.dir/0025_packageGeneration/emif_io96b_hps_emif_io96b_hps_411_tyu27mi.qsys (emif_io96b_hps_emif_io96b_hps_411_tyu27mi) took 4639 ms
Info (20325): 2026.06.26.21:34:13 Info: emif_io96b_hps: generate_all_instances: 2026.06.26.21:34:08 Info:
Info (20325): 2026.06.26.21:34:13 Info: emif_io96b_hps: generate_all_instances: 2026.06.26.21:34:08 Info: Generating on localhost:50076
Warning (20326): 2026.06.26.21:34:13 Warning: emif_io96b_hps: generate_all_instances: 2026.06.26.21:34:08 Warning: Quartus project not specified. Use --quartus-project and --rev to specify a Quartus project and revision.
Info (20325): 2026.06.26.21:34:13 Info: emif_io96b_hps: generate_all_instances: 2026.06.26.21:34:08 Info: Saving generation log to C:/Users/lenovo/AppData/Local/Temp/alt0630_7886830082676761958.dir/0025_packageGeneration/ip/emif_io96b_hps_emif_io96b_hps_411_tyu27mi/emif_io96b_hps_emif_io96b_hps_411_tyu27mi_emif_0_lpddr4/emif_io96b_hps_emif_io96b_hps_411_tyu27mi_emif_0_lpddr4_generation.rpt
Info (20325): 2026.06.26.21:34:13 Info: emif_io96b_hps: generate_all_instances: 2026.06.26.21:34:08 Info: Generated by version: 25.3.1 build 100
Info (20325): 2026.06.26.21:34:13 Info: emif_io96b_hps: generate_all_instances: 2026.06.26.21:34:08 Info: Starting: Create HDL design files for synthesis
Info (20325): 2026.06.26.21:34:13 Info: emif_io96b_hps: generate_all_instances: 2026.06.26.21:34:08 Info: qsys-generate C:\Users\lenovo\AppData\Local\Temp\alt0630_7886830082676761958.dir\0025_packageGeneration\ip\emif_io96b_hps_emif_io96b_hps_411_tyu27mi\emif_io96b_hps_emif_io96b_hps_411_tyu27mi_emif_0_lpddr4.ip --synthesis=VERILOG --output-directory=C:\Users\lenovo\AppData\Local\Temp\alt0630_7886830082676761958.dir\0025_packageGeneration\ip\emif_io96b_hps_emif_io96b_hps_411_tyu27mi\emif_io96b_hps_emif_io96b_hps_411_tyu27mi_emif_0_lpddr4 --family="Agilex 5" --part=A5EB013BB23BE4SCS
Info (20325): 2026.06.26.21:34:13 Info: emif_io96b_hps: generate_all_instances: 2026.06.26.21:34:08 Info: emif_io96b_hps_emif_io96b_hps_411_tyu27mi_emif_0_lpddr4.emif_0_lpddr4: Configuring this IP for device A5EB013BB23BE4SCS (Agilex 5). This device has speedgrade 4.
Info (20325): 2026.06.26.21:34:13 Info: emif_io96b_hps: generate_all_instances: 2026.06.26.21:34:08 Info: emif_io96b_hps_emif_io96b_hps_411_tyu27mi_emif_0_lpddr4: "Transforming system: emif_io96b_hps_emif_io96b_hps_411_tyu27mi_emif_0_lpddr4"
Info (20325): 2026.06.26.21:34:13 Info: emif_io96b_hps: generate_all_instances: 2026.06.26.21:34:08 Info: emif_io96b_hps_emif_io96b_hps_411_tyu27mi_emif_0_lpddr4: "Naming system components in system: emif_io96b_hps_emif_io96b_hps_411_tyu27mi_emif_0_lpddr4"
Info (20325): 2026.06.26.21:34:13 Info: emif_io96b_hps: generate_all_instances: 2026.06.26.21:34:08 Info: emif_io96b_hps_emif_io96b_hps_411_tyu27mi_emif_0_lpddr4: "Processing generation queue"
Info (20325): 2026.06.26.21:34:13 Info: emif_io96b_hps: generate_all_instances: 2026.06.26.21:34:08 Info: emif_io96b_hps_emif_io96b_hps_411_tyu27mi_emif_0_lpddr4: "Generating: emif_io96b_hps_emif_io96b_hps_411_tyu27mi_emif_0_lpddr4"
Info (20325): 2026.06.26.21:34:13 Info: emif_io96b_hps: generate_all_instances: 2026.06.26.21:34:08 Info: emif_io96b_hps_emif_io96b_hps_411_tyu27mi_emif_0_lpddr4: "Generating: emif_io96b_hps_emif_io96b_hps_411_tyu27mi_emif_0_lpddr4_emif_io96b_lpddr4_411_6mp36ta"
Info (20325): 2026.06.26.21:34:13 Info: emif_io96b_hps: generate_all_instances: 2026.06.26.21:34:08 Info: cal_0: "Generating: cal_0"
Info (20325): 2026.06.26.21:34:13 Info: emif_io96b_hps: generate_all_instances: 2026.06.26.21:34:08 Info: emif_io96b_hps_emif_io96b_hps_411_tyu27mi_emif_0_lpddr4: "Generating: emif_io96b_hps_emif_io96b_hps_411_tyu27mi_emif_0_lpddr4_emif_io96b_lpddr4_emif_io96b_cal_411_ybhh6ly"
Info (20325): 2026.06.26.21:34:13 Info: emif_io96b_hps: generate_all_instances: 2026.06.26.21:34:08 Info: emif_io96b_hps_emif_io96b_hps_411_tyu27mi_emif_0_lpddr4: "Generating: emif_io96b_hps_emif_io96b_hps_411_tyu27mi_emif_0_lpddr4_emif_io96b_cal_231_t4gnteq"
Info (20325): 2026.06.26.21:34:13 Info: emif_io96b_hps: generate_all_instances: 2026.06.26.21:34:08 Info: jamb: "Generating: jamb"
Info (20325): 2026.06.26.21:34:13 Info: emif_io96b_hps: generate_all_instances: 2026.06.26.21:34:08 Info: emif_io96b_hps_emif_io96b_hps_411_tyu27mi_emif_0_lpddr4: "Generating: emif_io96b_hps_emif_io96b_hps_411_tyu27mi_emif_0_lpddr4_emif_io96b_cal_alt_mem_if_jtag_master_231_7ir2qwq"
Info (20325): 2026.06.26.21:34:13 Info: emif_io96b_hps: generate_all_instances: 2026.06.26.21:34:08 Info: emif_io96b_hps_emif_io96b_hps_411_tyu27mi_emif_0_lpddr4: "Generating: emif_io96b_hps_emif_io96b_hps_411_tyu27mi_emif_0_lpddr4_alt_mem_if_jtag_master_191_2xbfrbi"
Info (20325): 2026.06.26.21:34:13 Info: emif_io96b_hps: generate_all_instances: 2026.06.26.21:34:08 Info: emif_io96b_hps_emif_io96b_hps_411_tyu27mi_emif_0_lpddr4: "Generating: altera_avalon_st_jtag_interface"
Info (20325): 2026.06.26.21:34:13 Info: emif_io96b_hps: generate_all_instances: 2026.06.26.21:34:08 Info: emif_io96b_hps_emif_io96b_hps_411_tyu27mi_emif_0_lpddr4: "Generating: emif_io96b_hps_emif_io96b_hps_411_tyu27mi_emif_0_lpddr4_timing_adapter_1950_bbjt6kq"
Info (20325): 2026.06.26.21:34:13 Info: emif_io96b_hps: generate_all_instances: 2026.06.26.21:34:08 Info: emif_io96b_hps_emif_io96b_hps_411_tyu27mi_emif_0_lpddr4: "Generating: emif_io96b_hps_emif_io96b_hps_411_tyu27mi_emif_0_lpddr4_altera_avalon_sc_fifo_1932_onpcouq"
Info (20325): 2026.06.26.21:34:13 Info: emif_io96b_hps: generate_all_instances: 2026.06.26.21:34:08 Info: emif_io96b_hps_emif_io96b_hps_411_tyu27mi_emif_0_lpddr4: "Generating: altera_avalon_st_bytes_to_packets"
Info (20325): 2026.06.26.21:34:13 Info: emif_io96b_hps: generate_all_instances: 2026.06.26.21:34:08 Info: emif_io96b_hps_emif_io96b_hps_411_tyu27mi_emif_0_lpddr4: "Generating: altera_avalon_st_packets_to_bytes"
Info (20325): 2026.06.26.21:34:13 Info: emif_io96b_hps: generate_all_instances: 2026.06.26.21:34:08 Info: emif_io96b_hps_emif_io96b_hps_411_tyu27mi_emif_0_lpddr4: "Generating: altera_avalon_packets_to_master"
Info (20325): 2026.06.26.21:34:13 Info: emif_io96b_hps: generate_all_instances: 2026.06.26.21:34:08 Info: emif_io96b_hps_emif_io96b_hps_411_tyu27mi_emif_0_lpddr4: "Generating: emif_io96b_hps_emif_io96b_hps_411_tyu27mi_emif_0_lpddr4_channel_adapter_1922_rd56ufy"
Info (20325): 2026.06.26.21:34:13 Info: emif_io96b_hps: generate_all_instances: 2026.06.26.21:34:08 Info: emif_io96b_hps_emif_io96b_hps_411_tyu27mi_emif_0_lpddr4: "Generating: emif_io96b_hps_emif_io96b_hps_411_tyu27mi_emif_0_lpddr4_channel_adapter_1922_5vp3d5a"
Info (20325): 2026.06.26.21:34:13 Info: emif_io96b_hps: generate_all_instances: 2026.06.26.21:34:08 Info: emif_io96b_hps_emif_io96b_hps_411_tyu27mi_emif_0_lpddr4: "Generating: altera_reset_controller"
Info (20325): 2026.06.26.21:34:13 Info: emif_io96b_hps: generate_all_instances: 2026.06.26.21:34:08 Info: emif_io96b_hps_emif_io96b_hps_411_tyu27mi_emif_0_lpddr4: Done "emif_io96b_hps_emif_io96b_hps_411_tyu27mi_emif_0_lpddr4" with 15 modules, 165 files
Info (20325): 2026.06.26.21:34:13 Info: emif_io96b_hps: generate_all_instances: 2026.06.26.21:34:08 Info: Finished: Create HDL design files for synthesis
Info (20325): 2026.06.26.21:34:13 Info: emif_io96b_hps: generate_all_instances: 2026.06.26.21:34:08 Info: Generation of C:/Users/lenovo/AppData/Local/Temp/alt0630_7886830082676761958.dir/0025_packageGeneration/ip/emif_io96b_hps_emif_io96b_hps_411_tyu27mi/emif_io96b_hps_emif_io96b_hps_411_tyu27mi_emif_0_lpddr4.ip (emif_io96b_hps_emif_io96b_hps_411_tyu27mi_emif_0_lpddr4) took 12623 ms
Info (20325): 2026.06.26.21:34:13 Info: emif_io96b_hps: generate_all_instances: 2026.06.26.21:34:08 Info: Finished: Platform Designer system generation
Info (20325): 2026.06.26.21:34:13 Info: emif_io96b_hps: Done "emif_io96b_hps" with 2 modules, 9 files
Info (20325): 2026.06.26.21:34:13 Info: Finished: Create HDL design files for synthesis
Info (20325): 2026.06.26.21:34:13 Info: Generation of C:/trumpf/ghrd_base/GHRD/hps_subsys/ip/qsys_top/emif_io96b_hps.ip (emif_io96b_hps) took 261803 ms
Info (20325): 2026.06.26.21:34:15 Info: Finished: Platform Designer system generation
Info (20325): ***************************************************************
Info (20325): Quartus is a registered trademark of Altera Corporation in the
Info (20325): US and other countries.  Portions of the Quartus Prime software
Info (20325): code, and other portions of the code included in this download
Info (20325): or on this DVD, are licensed to Altera Corporation and are the
Info (20325): copyrighted property of third parties. For license details,
Info (20325): refer to the Altera Software License Subscription Agreements
Info (20325): on the Quartus Prime software download page.
Info (20325): ***************************************************************
Info (20325): 2026.06.26.21:34:47 Info: Saving generation log to C:/trumpf/ghrd_base/GHRD/hps_subsys/ip/hps_subsys/agilex_hps/agilex_hps_generation.rpt
Info (20325): 2026.06.26.21:34:47 Info: Generated by version: 25.3.1 build 100
Info (20325): 2026.06.26.21:34:47 Info: Starting: Create block symbol file (.bsf)
Info (20325): 2026.06.26.21:34:47 Info: qsys-generate C:\trumpf\ghrd_base\GHRD\hps_subsys\ip\hps_subsys\agilex_hps.ip --block-symbol-file --output-directory=C:\trumpf\ghrd_base\GHRD\hps_subsys\ip\hps_subsys\agilex_hps --family="Agilex 5" --part=A5EB013BB23BE4SCS
Info (20325): 2026.06.26.21:34:57 Info: Finished: Create block symbol file (.bsf)
Info (20325): 2026.06.26.21:34:57 Info:
Info (20325): 2026.06.26.21:34:57 Info: Starting: Create HDL design files for synthesis
Info (20325): 2026.06.26.21:34:57 Info: qsys-generate C:\trumpf\ghrd_base\GHRD\hps_subsys\ip\hps_subsys\agilex_hps.ip --synthesis=VERILOG --output-directory=C:\trumpf\ghrd_base\GHRD\hps_subsys\ip\hps_subsys\agilex_hps --family="Agilex 5" --part=A5EB013BB23BE4SCS
Info (20325): 2026.06.26.21:35:06 Info: agilex_hps: "Transforming system: agilex_hps"
Info (20325): 2026.06.26.21:35:08 Info: agilex_hps: "Naming system components in system: agilex_hps"
Info (20325): 2026.06.26.21:35:08 Info: agilex_hps: "Processing generation queue"
Info (20325): 2026.06.26.21:35:08 Info: agilex_hps: "Generating: agilex_hps"
Info (20325): 2026.06.26.21:35:08 Info: agilex_hps: "Generating: agilex_hps_intel_agilex_5_soc_1300_ufrbo6y"
Info (20325): 2026.06.26.21:35:08 Info: agilex_hps: "Generating: agilex_hps_intel_sundancemesa_hps_100_z5bqzvi"
Info (20325): 2026.06.26.21:35:08 Info: agilex_hps: "Generating: agilex_hps_intel_sundancemesa_mpfe_100_u4663zy"
Info (20325): 2026.06.26.21:35:09 Info: agilex_hps: Done "agilex_hps" with 4 modules, 27 files
Info (20325): 2026.06.26.21:35:09 Info: Finished: Create HDL design files for synthesis
Info (20325): 2026.06.26.21:35:09 Info: Generation of C:/trumpf/ghrd_base/GHRD/hps_subsys/ip/hps_subsys/agilex_hps.ip (agilex_hps) took 21980 ms
Info (11131): Completed upgrading IP component intel_agilex_5_soc with file "hps_subsys/ip/hps_subsys/agilex_hps.ip"
Info (11131): Completed upgrading IP component altera_avalon_sysid_qsys with file "peripheral_subsys/ip/peripheral_subsys/sysid.ip"
Info (11131): Completed upgrading IP component altera_ace5lite_cache_coherency_translator with file "ip/qsys_top/qsys_top_ace5lite_cache_coherency_translator_0.ip"
Info (11131): Completed upgrading IP component emif_io96b_hps with file "hps_subsys/ip/qsys_top/emif_io96b_hps.ip"
Info (11131): Completed upgrading IP component altera_iopll with file "ip/pll.ip"
Info (23030): Evaluation of Tcl script c:/altera_pro/25.3.1/quartus/common/tcl/internal/ip_regen/ip_regen.tcl was successful
Info: Quartus Prime Shell was successful. 0 errors, 26 warnings
    Info: Peak virtual memory: 388 megabytes
    Info: Processing ended: Fri Jun 26 21:35:11 2026
    Info: Elapsed time: 00:09:17
    Info: System process ID: 6464


