Fitter Place Stage Report for golden_top
Sun Aug 16 17:14:13 2026
Quartus Prime Version 25.3.1 Build 100 12/19/2025 SC Pro Edition


---------------------
; Table of Contents ;
---------------------
  1. Legal Notice
  2. Fitter Resource Usage Summary
  3. Fitter Resource Utilization by Entity
  4. Fitter Partition Statistics
  5. Global & Other Fast Signals Summary
  6. Global Signal Visualization
  7. Global & Other Fast Signals Details
  8. Fitter Duplication Summary
  9. Non-Global High Fan-Out Signals
 10. Fitter RAM Summary
 11. Fitter Physical RAM Information
 12. Place Messages



----------------
; Legal Notice ;
----------------
Copyright (C) 2025  Altera Corporation. All rights reserved.
Your use of Altera Corporation's design tools, logic functions 
and other software and tools, and any partner logic 
functions, and any output files from any of the foregoing 
(including device programming or simulation files), and any 
associated documentation or information are expressly subject 
to the terms and conditions of the Altera Program License 
Subscription Agreement, the Altera Quartus Prime License Agreement,
the Altera IP License Agreement, or other applicable license
agreement, including, without limitation, that your use is for
the sole purpose of programming logic devices manufactured by
Altera and sold by Altera or its authorized distributors.  Please
refer to the Altera Software License Subscription Agreements 
on the Quartus Prime software download page.



+---------------------------------------------------------------------------------------------+
; Fitter Resource Usage Summary                                                               ;
+-------------------------------------------------------------+-----------------------+-------+
; Resource                                                    ; Usage                 ; %     ;
+-------------------------------------------------------------+-----------------------+-------+
; Usage Report Generated after: Place                         ;                       ;       ;
;                                                             ;                       ;       ;
; Logic utilization (ALMs needed / total ALMs on device)      ; 9,393 / 46,800        ; 20 %  ;
; ALMs needed [=A-B+C]                                        ; 9,393                 ;       ;
;     [A] ALMs used in final placement [=a+b+c+d]             ; 10,087 / 46,800       ; 22 %  ;
;         [a] ALMs used for LUT logic and register circuitry  ; 5,196                 ;       ;
;         [b] ALMs used for LUT logic                         ; 2,249                 ;       ;
;         [c] ALMs used for register circuitry                ; 1,962                 ;       ;
;         [d] ALMs used for memory (up to half of total ALMs) ; 680                   ;       ;
;     [B] Estimate of ALMs recoverable by dense packing       ; 764 / 46,800          ; 2 %   ;
;     [C] Estimate of ALMs unavailable [=a+b+c+d]             ; 70 / 46,800           ; < 1 % ;
;         [a] Due to location constrained logic               ; 0                     ;       ;
;         [b] Due to LAB-wide signal conflicts                ; 61                    ;       ;
;         [c] Due to LAB input limits                         ; 9                     ;       ;
;         [d] Due to virtual I/Os                             ; 0                     ;       ;
;                                                             ;                       ;       ;
; Difficulty packing design                                   ; Low                   ;       ;
;                                                             ;                       ;       ;
; Total LABs:  partially or completely used                   ; 1,271 / 4,680         ; 27 %  ;
;     -- Logic LABs                                           ; 1,203                 ;       ;
;     -- Memory LABs (up to half of total LABs)               ; 68                    ;       ;
;                                                             ;                       ;       ;
; Combinational ALUT usage for logic                          ; 13,589                ;       ;
;     -- 8 input functions                                    ; 188                   ;       ;
;     -- 7 input functions                                    ; 134                   ;       ;
;     -- 6 input functions                                    ; 699                   ;       ;
;     -- 5 input functions                                    ; 1,359                 ;       ;
;     -- 4 input functions                                    ; 2,023                 ;       ;
;     -- <=3 input functions                                  ; 9,186                 ;       ;
; Combinational ALUT usage for route-throughs                 ; 1,660                 ;       ;
; Memory ALUT usage                                           ; 1,204                 ;       ;
;     -- 64-address deep                                      ; 0                     ;       ;
;     -- 32-address deep                                      ; 1,204                 ;       ;
;                                                             ;                       ;       ;
;                                                             ;                       ;       ;
; Dedicated logic registers                                   ; 17,979                ;       ;
;     -- By type:                                             ;                       ;       ;
;         -- LAB logic registers:                             ;                       ;       ;
;             -- Primary logic registers                      ; 14,316 / 93,600       ; 15 %  ;
;             -- Secondary logic registers                    ; 1,619 / 93,600        ; 2 %   ;
;         -- Hyper-Registers:                                 ; 2,044                 ;       ;
;                                                             ;                       ;       ;
; Register control circuitry for power estimation             ; 157                   ;       ;
;                                                             ;                       ;       ;
; ALMs adjustment for power estimation                        ; 1,593                 ;       ;
;                                                             ;                       ;       ;
; I/O pins                                                    ; 356 / 351             ; 101 % ;
;     -- Clock pins                                           ; 1 / 16                ; 6 %   ;
;     -- Dedicated input pins                                 ; 0 / 6                 ; 0 %   ;
;                                                             ;                       ;       ;
; M20K blocks                                                 ; 138 / 358             ; 39 %  ;
; Total MLAB memory bits                                      ; 9,776                 ;       ;
; Total block memory bits                                     ; 2,107,072 / 7,331,840 ; 29 %  ;
;                                                             ;                       ;       ;
; DSP Blocks Needed [=A+B+C-D]                                ; 0 / 188               ; 0 %   ;
;     [A] Total Fixed Point DSP Blocks                        ; 0                     ;       ;
;     [B] Total Floating Point DSP Blocks                     ; 0                     ;       ;
;     [C] Total DSP_PRIME Blocks                              ; 0                     ;       ;
;     [D] Estimate of DSP Blocks recoverable by dense merging ; 0                     ;       ;
;                                                             ;                       ;       ;
; IOPLLs                                                      ; 3 / 11                ; 27 %  ;
; Global signals                                              ; 0                     ;       ;
; LVDS_RX blocks                                              ; 0 / 96                ; 0 %   ;
; HMC blocks                                                  ; 2 / 4                 ; 50 %  ;
; Maximum fan-out                                             ; 2274                  ;       ;
; Highest non-global fan-out                                  ; 2                     ;       ;
; Total fan-out                                               ; 956                   ;       ;
; Average fan-out                                             ; 34.14                 ;       ;
+-------------------------------------------------------------+-----------------------+-------+
The Fitter Resource Usage Summary report displays a detailed analysis of logic utilization based on calculations of ALM usage. Refer to <a class="xref" href="https://www.intel.com/content/www/us/en/programmable/quartushelp/current/index.htm#mapIdTopics/mwh1465496451103.htm" target="_blank">Fitter Resource Usage Summary Report</a> in the <i>Intel® Quartus® Prime Pro Edition Help</i> for more information.


+--------------------------------------------------------------------------------------------------------------------------------------------------------------------------------------------------------------------------------------------------------------------------------------------------------------------------------------------------------------------------------------------------------------------------------------------------------------------------------------------------------------------------------------------------------------------------------------------------------------------------------------------------------------------------------------------------------------------------------------------------------------------------------------------------------------------------------------------------------------------------------------------------------+
; Fitter Resource Utilization by Entity                                                                                                                                                                                                                                                                                                                                                                                                                                                                                                                                                                                                                                                                                                                                                                                                                                                                  ;
+---------------------------------------------------------------------------------------+----------------------+----------------------------------+---------------------------------------------------+----------------------------------+----------------------+---------------------+---------------------------+---------------+-------------------+-------+--------------------------+----------------------------------------+---------------------------------------------------+------+--------+------------------------------------------------------------------------------------------------------------------------------------------------------------------------------------------------------------+---------------------------------------------------------------------------------------------------------------------------+---------------------------------------------------------+
; Compilation Hierarchy Node                                                            ; ALMs needed [=A-B+C] ; [A] ALMs used in final placement ; [B] Estimate of ALMs recoverable by dense packing ; [C] Estimate of ALMs unavailable ; ALMs used for memory ; Combinational ALUTs ; Dedicated Logic Registers ; I/O Registers ; Block Memory Bits ; M20Ks ; DSP Blocks needed [=A-B] ; [A] DSP Blocks used in final placement ; [B] Estimate of DSPs recoverable by dense merging ; Pins ; IOPLLs ; Full Hierarchy Name                                                                                                                                                                                        ; Entity Name                                                                                                               ; Library Name                                            ;
+---------------------------------------------------------------------------------------+----------------------+----------------------------------+---------------------------------------------------+----------------------------------+----------------------+---------------------+---------------------------+---------------+-------------------+-------+--------------------------+----------------------------------------+---------------------------------------------------+------+--------+------------------------------------------------------------------------------------------------------------------------------------------------------------------------------------------------------------+---------------------------------------------------------------------------------------------------------------------------+---------------------------------------------------------+
; |                                                                                     ; 9392.8 (32.3)        ; 10087.0 (36.5)                   ; 763.5 (4.2)                                       ; 69.3 (0.0)                       ; 680.0 (0.0)          ; 13589 (70)          ; 17979 (31)                ; 0 (0)         ; 2107072           ; 138   ; 0                        ; 0                                      ; 0                                                 ; 686  ; 3 (0)  ; |                                                                                                                                                                                                          ; golden_top                                                                                                                ; altera_work                                             ;
;    |auto_fab_0|                                                                       ; 83.6 (0.0)           ; 92.0 (0.0)                       ; 8.4 (0.0)                                         ; 0.0 (0.0)                        ; 0.0 (0.0)            ; 137 (0)             ; 96 (0)                    ; 0 (0)         ; 0                 ; 0     ; 0                        ; 0                                      ; 0                                                 ; 0    ; 0 (0)  ; auto_fab_0                                                                                                                                                                                                 ; alt_sld_fab_0                                                                                                             ; alt_sld_fab_0                                           ;
;       |alt_sld_fab_0|                                                                 ; 83.6 (0.0)           ; 92.0 (0.0)                       ; 8.4 (0.0)                                         ; 0.0 (0.0)                        ; 0.0 (0.0)            ; 137 (0)             ; 96 (0)                    ; 0 (0)         ; 0                 ; 0     ; 0                        ; 0                                      ; 0                                                 ; 0    ; 0 (0)  ; auto_fab_0|alt_sld_fab_0                                                                                                                                                                                   ; alt_sld_fab_0_alt_sld_fab_0_10_fkimwiy                                                                                    ; N/A                                                     ;
;          |alt_sld_fab_0|                                                              ; 83.6 (0.0)           ; 92.0 (0.0)                       ; 8.4 (0.0)                                         ; 0.0 (0.0)                        ; 0.0 (0.0)            ; 137 (0)             ; 96 (0)                    ; 0 (0)         ; 0                 ; 0     ; 0                        ; 0                                      ; 0                                                 ; 0    ; 0 (0)  ; auto_fab_0|alt_sld_fab_0|alt_sld_fab_0                                                                                                                                                                     ; alt_sld_fab_0_alt_sld_fab_1920_hhmkogq                                                                                    ; N/A                                                     ;
;             |agilexconfigreset|                                                       ; 0.0 (0.0)            ; 0.0 (0.0)                        ; 0.0 (0.0)                                         ; 0.0 (0.0)                        ; 0.0 (0.0)            ; 0 (0)               ; 0 (0)                     ; 0 (0)         ; 0                 ; 0     ; 0                        ; 0                                      ; 0                                                 ; 0    ; 0 (0)  ; auto_fab_0|alt_sld_fab_0|alt_sld_fab_0|agilexconfigreset                                                                                                                                                   ; alt_sld_fab_0_intel_agilex_reset_release_from_sdm_203_poqcpxq                                                             ; N/A                                                     ;
;                |user_reset|                                                           ; 0.0 (0.0)            ; 0.0 (0.0)                        ; 0.0 (0.0)                                         ; 0.0 (0.0)                        ; 0.0 (0.0)            ; 0 (0)               ; 0 (0)                     ; 0 (0)         ; 0                 ; 0     ; 0                        ; 0                                      ; 0                                                 ; 0    ; 0 (0)  ; auto_fab_0|alt_sld_fab_0|alt_sld_fab_0|agilexconfigreset|user_reset                                                                                                                                        ; intel_agilex_reset_release_from_sdm_atom                                                                                  ; N/A                                                     ;
;             |configresetfabric|                                                       ; 0.0 (0.0)            ; 0.0 (0.0)                        ; 0.0 (0.0)                                         ; 0.0 (0.0)                        ; 0.0 (0.0)            ; 0 (0)               ; 0 (0)                     ; 0 (0)         ; 0                 ; 0     ; 0                        ; 0                                      ; 0                                                 ; 0    ; 0 (0)  ; auto_fab_0|alt_sld_fab_0|alt_sld_fab_0|configresetfabric                                                                                                                                                   ; alt_sld_fab_0_intel_configuration_debug_reset_release_hub_203_ku24h5y                                                     ; N/A                                                     ;
;                |conf_reset_src|                                                       ; 0.0 (0.0)            ; 0.0 (0.0)                        ; 0.0 (0.0)                                         ; 0.0 (0.0)                        ; 0.0 (0.0)            ; 0 (0)               ; 0 (0)                     ; 0 (0)         ; 0                 ; 0     ; 0                        ; 0                                      ; 0                                                 ; 0    ; 0 (0)  ; auto_fab_0|alt_sld_fab_0|alt_sld_fab_0|configresetfabric|conf_reset_src                                                                                                                                    ; intel_configuration_reset_release_for_debug                                                                               ; N/A                                                     ;
;             |jtagpins|                                                                ; 0.0 (0.0)            ; 0.0 (0.0)                        ; 0.0 (0.0)                                         ; 0.0 (0.0)                        ; 0.0 (0.0)            ; 0 (0)               ; 0 (0)                     ; 0 (0)         ; 0                 ; 0     ; 0                        ; 0                                      ; 0                                                 ; 0    ; 0 (0)  ; auto_fab_0|alt_sld_fab_0|alt_sld_fab_0|jtagpins                                                                                                                                                            ; altera_jtag_wys_atom                                                                                                      ; N/A                                                     ;
;                |atom_inst|                                                            ; 0.0 (0.0)            ; 0.0 (0.0)                        ; 0.0 (0.0)                                         ; 0.0 (0.0)                        ; 0.0 (0.0)            ; 0 (0)               ; 0 (0)                     ; 0 (0)         ; 0                 ; 0     ; 0                        ; 0                                      ; 0                                                 ; 0    ; 0 (0)  ; auto_fab_0|alt_sld_fab_0|alt_sld_fab_0|jtagpins|atom_inst                                                                                                                                                  ; altera_jtag_wys_atom_bare                                                                                                 ; N/A                                                     ;
;             |sldfabric|                                                               ; 83.6 (0.0)           ; 92.0 (0.0)                       ; 8.4 (0.0)                                         ; 0.0 (0.0)                        ; 0.0 (0.0)            ; 137 (0)             ; 96 (0)                    ; 0 (0)         ; 0                 ; 0     ; 0                        ; 0                                      ; 0                                                 ; 0    ; 0 (0)  ; auto_fab_0|alt_sld_fab_0|alt_sld_fab_0|sldfabric                                                                                                                                                           ; alt_sld_fab_0_altera_sld_jtag_hub_1920_mkoj4fi                                                                            ; N/A                                                     ;
;                |jtag_hub_gen.real_sld_jtag_hub|                                       ; 83.6 (61.2)          ; 92.0 (68.7)                      ; 8.4 (7.5)                                         ; 0.0 (0.0)                        ; 0.0 (0.0)            ; 137 (96)            ; 96 (67)                   ; 0 (0)         ; 0                 ; 0     ; 0                        ; 0                                      ; 0                                                 ; 0    ; 0 (0)  ; auto_fab_0|alt_sld_fab_0|alt_sld_fab_0|sldfabric|jtag_hub_gen.real_sld_jtag_hub                                                                                                                            ; sld_jtag_hub                                                                                                              ; N/A                                                     ;
;                   |hub_info_reg|                                                      ; 11.8 (11.8)          ; 12.3 (12.3)                      ; 0.5 (0.5)                                         ; 0.0 (0.0)                        ; 0.0 (0.0)            ; 21 (21)             ; 10 (10)                   ; 0 (0)         ; 0                 ; 0     ; 0                        ; 0                                      ; 0                                                 ; 0    ; 0 (0)  ; auto_fab_0|alt_sld_fab_0|alt_sld_fab_0|sldfabric|jtag_hub_gen.real_sld_jtag_hub|hub_info_reg                                                                                                               ; sld_rom_sr                                                                                                                ; N/A                                                     ;
;                   |shadow_jsm|                                                        ; 10.5 (10.5)          ; 10.9 (10.9)                      ; 0.4 (0.4)                                         ; 0.0 (0.0)                        ; 0.0 (0.0)            ; 20 (20)             ; 19 (19)                   ; 0 (0)         ; 0                 ; 0     ; 0                        ; 0                                      ; 0                                                 ; 0    ; 0 (0)  ; auto_fab_0|alt_sld_fab_0|alt_sld_fab_0|sldfabric|jtag_hub_gen.real_sld_jtag_hub|shadow_jsm                                                                                                                 ; sld_shadow_jsm                                                                                                            ; N/A                                                     ;
;    |debounce_inst|                                                                    ; 47.0 (47.0)          ; 46.2 (46.2)                      ; 0.2 (0.2)                                         ; 1.0 (1.0)                        ; 0.0 (0.0)            ; 90 (90)             ; 64 (64)                   ; 0 (0)         ; 0                 ; 0     ; 0                        ; 0                                      ; 0                                                 ; 0    ; 0 (0)  ; debounce_inst                                                                                                                                                                                              ; debounce                                                                                                                  ; altera_work                                             ;
;    |pll_inst|                                                                         ; 0.0 (0.0)            ; 0.0 (0.0)                        ; 0.0 (0.0)                                         ; 0.0 (0.0)                        ; 0.0 (0.0)            ; 0 (0)               ; 0 (0)                     ; 0 (0)         ; 0                 ; 0     ; 0                        ; 0                                      ; 0                                                 ; 0    ; 1 (0)  ; pll_inst                                                                                                                                                                                                   ; pll                                                                                                                       ; pll                                                     ;
;       |iopll_0|                                                                       ; 0.0 (0.0)            ; 0.0 (0.0)                        ; 0.0 (0.0)                                         ; 0.0 (0.0)                        ; 0.0 (0.0)            ; 0 (0)               ; 0 (0)                     ; 0 (0)         ; 0                 ; 0     ; 0                        ; 0                                      ; 0                                                 ; 0    ; 1 (1)  ; pll_inst|iopll_0                                                                                                                                                                                           ; pll_altera_iopll_2100_jzlyngq                                                                                             ; altera_iopll_2100                                       ;
;    |soc_inst|                                                                         ; 9229.8 (0.0)         ; 9912.3 (0.0)                     ; 750.7 (0.0)                                       ; 68.2 (0.0)                       ; 680.0 (0.0)          ; 13292 (0)           ; 17788 (0)                 ; 0 (0)         ; 2107072           ; 138   ; 0                        ; 0                                      ; 0                                                 ; 28   ; 2 (0)  ; soc_inst                                                                                                                                                                                                   ; qsys_top                                                                                                                  ; qsys_top                                                ;
;       |emif_io96b_lpddr4_0|                                                           ; 348.8 (0.0)          ; 382.6 (0.0)                      ; 34.3 (0.0)                                        ; 0.5 (0.0)                        ; 10.0 (0.0)           ; 519 (0)             ; 1101 (0)                  ; 0 (0)         ; 8384              ; 7     ; 0                        ; 0                                      ; 0                                                 ; 14   ; 1 (0)  ; soc_inst|emif_io96b_lpddr4_0                                                                                                                                                                               ; qsys_top_emif_io96b_lpddr4_0                                                                                              ; qsys_top_emif_io96b_lpddr4_0                            ;
;          |emif_io96b_lpddr4_0|                                                        ; 348.8 (0.0)          ; 382.6 (0.0)                      ; 34.3 (0.0)                                        ; 0.5 (0.0)                        ; 10.0 (0.0)           ; 519 (0)             ; 1101 (0)                  ; 0 (0)         ; 8384              ; 7     ; 0                        ; 0                                      ; 0                                                 ; 14   ; 1 (0)  ; soc_inst|emif_io96b_lpddr4_0|emif_io96b_lpddr4_0                                                                                                                                                           ; qsys_top_emif_io96b_lpddr4_0_emif_io96b_lpddr4_411_dl7osfi                                                                ; emif_io96b_lpddr4_411                                   ;
;             |emif_arch_top|                                                           ; 348.8 (0.0)          ; 382.6 (0.0)                      ; 34.3 (0.0)                                        ; 0.5 (0.0)                        ; 10.0 (0.0)           ; 519 (0)             ; 1101 (0)                  ; 0 (0)         ; 8384              ; 7     ; 0                        ; 0                                      ; 0                                                 ; 14   ; 1 (0)  ; soc_inst|emif_io96b_lpddr4_0|emif_io96b_lpddr4_0|emif_arch_top                                                                                                                                             ; qsys_top_emif_io96b_lpddr4_0_emif_io96b_lpddr4_411_dl7osfi_arch_top                                                       ; emif_io96b_lpddr4_411                                   ;
;                |arch_emif_0.arch0_1ch_per_io.arch_0|                                  ; 133.8 (0.0)          ; 138.8 (0.0)                      ; 5.1 (0.0)                                         ; 0.0 (0.0)                        ; 10.0 (0.0)           ; 225 (0)             ; 883 (0)                   ; 0 (0)         ; 8384              ; 7     ; 0                        ; 0                                      ; 0                                                 ; 14   ; 1 (0)  ; soc_inst|emif_io96b_lpddr4_0|emif_io96b_lpddr4_0|emif_arch_top|arch_emif_0.arch0_1ch_per_io.arch_0                                                                                                         ; io0_qsys_top_emif_io96b_lpddr4_0_emif_io96b_lpddr4_411_dl7osfi_io96b_top                                                  ; emif_io96b_lpddr4_411                                   ;
;                   |fbr_axi_adapter_wide|                                              ; 64.7 (7.5)           ; 66.8 (8.3)                       ; 2.1 (0.8)                                         ; 0.0 (0.0)                        ; 10.0 (0.0)           ; 96 (14)             ; 76 (17)                   ; 0 (0)         ; 8384              ; 7     ; 0                        ; 0                                      ; 0                                                 ; 0    ; 0 (0)  ; soc_inst|emif_io96b_lpddr4_0|emif_io96b_lpddr4_0|emif_arch_top|arch_emif_0.arch0_1ch_per_io.arch_0|fbr_axi_adapter_wide                                                                                    ; io0_qsys_top_emif_io96b_lpddr4_0_emif_io96b_lpddr4_411_dl7osfi_phy_arch_fp_fbr_axi_adapter_wide                           ; emif_io96b_lpddr4_411                                   ;
;                      |gen_skid_buffers.inst_rdfifo|                                   ; 23.7 (0.0)           ; 24.5 (0.0)                       ; 0.8 (0.0)                                         ; 0.0 (0.0)                        ; 0.0 (0.0)            ; 42 (0)              ; 27 (0)                    ; 0 (0)         ; 8384              ; 7     ; 0                        ; 0                                      ; 0                                                 ; 0    ; 0 (0)  ; soc_inst|emif_io96b_lpddr4_0|emif_io96b_lpddr4_0|emif_arch_top|arch_emif_0.arch0_1ch_per_io.arch_0|fbr_axi_adapter_wide|gen_skid_buffers.inst_rdfifo                                                       ; scfifo                                                                                                                    ; altera_work                                             ;
;                         |auto_generated|                                              ; 23.7 (2.0)           ; 24.5 (2.0)                       ; 0.8 (0.0)                                         ; 0.0 (0.0)                        ; 0.0 (0.0)            ; 42 (3)              ; 27 (1)                    ; 0 (0)         ; 8384              ; 7     ; 0                        ; 0                                      ; 0                                                 ; 0    ; 0 (0)  ; soc_inst|emif_io96b_lpddr4_0|emif_io96b_lpddr4_0|emif_arch_top|arch_emif_0.arch0_1ch_per_io.arch_0|fbr_axi_adapter_wide|gen_skid_buffers.inst_rdfifo|auto_generated                                        ; scfifo_uu0t                                                                                                               ; altera_work                                             ;
;                            |dpfifo|                                                   ; 21.7 (12.2)          ; 22.5 (12.5)                      ; 0.8 (0.3)                                         ; 0.0 (0.0)                        ; 0.0 (0.0)            ; 39 (21)             ; 26 (12)                   ; 0 (0)         ; 8384              ; 7     ; 0                        ; 0                                      ; 0                                                 ; 0    ; 0 (0)  ; soc_inst|emif_io96b_lpddr4_0|emif_io96b_lpddr4_0|emif_arch_top|arch_emif_0.arch0_1ch_per_io.arch_0|fbr_axi_adapter_wide|gen_skid_buffers.inst_rdfifo|auto_generated|dpfifo                                 ; a_dpfifo_rkka1                                                                                                            ; altera_work                                             ;
;                               |FIFOram|                                               ; 0.0 (0.0)            ; 0.0 (0.0)                        ; 0.0 (0.0)                                         ; 0.0 (0.0)                        ; 0.0 (0.0)            ; 0 (0)               ; 0 (0)                     ; 0 (0)         ; 8384              ; 7     ; 0                        ; 0                                      ; 0                                                 ; 0    ; 0 (0)  ; soc_inst|emif_io96b_lpddr4_0|emif_io96b_lpddr4_0|emif_arch_top|arch_emif_0.arch0_1ch_per_io.arch_0|fbr_axi_adapter_wide|gen_skid_buffers.inst_rdfifo|auto_generated|dpfifo|FIFOram                         ; altera_syncram_2bk8                                                                                                       ; altera_work                                             ;
;                                  |altera_syncram_impl1|                               ; 0.0 (0.0)            ; 0.0 (0.0)                        ; 0.0 (0.0)                                         ; 0.0 (0.0)                        ; 0.0 (0.0)            ; 0 (0)               ; 0 (0)                     ; 0 (0)         ; 8384              ; 7     ; 0                        ; 0                                      ; 0                                                 ; 0    ; 0 (0)  ; soc_inst|emif_io96b_lpddr4_0|emif_io96b_lpddr4_0|emif_arch_top|arch_emif_0.arch0_1ch_per_io.arch_0|fbr_axi_adapter_wide|gen_skid_buffers.inst_rdfifo|auto_generated|dpfifo|FIFOram|altera_syncram_impl1    ; altera_syncram_impl_8n0f1                                                                                                 ; altera_work                                             ;
;                               |rd_ptr_msb|                                            ; 2.5 (2.5)            ; 2.5 (2.5)                        ; 0.0 (0.0)                                         ; 0.0 (0.0)                        ; 0.0 (0.0)            ; 5 (5)               ; 4 (4)                     ; 0 (0)         ; 0                 ; 0     ; 0                        ; 0                                      ; 0                                                 ; 0    ; 0 (0)  ; soc_inst|emif_io96b_lpddr4_0|emif_io96b_lpddr4_0|emif_arch_top|arch_emif_0.arch0_1ch_per_io.arch_0|fbr_axi_adapter_wide|gen_skid_buffers.inst_rdfifo|auto_generated|dpfifo|rd_ptr_msb                      ; altera_counter                                                                                                            ; altera_work                                             ;
;                               |usedw_counter|                                         ; 4.0 (4.0)            ; 4.0 (4.0)                        ; 0.0 (0.0)                                         ; 0.0 (0.0)                        ; 0.0 (0.0)            ; 7 (7)               ; 5 (5)                     ; 0 (0)         ; 0                 ; 0     ; 0                        ; 0                                      ; 0                                                 ; 0    ; 0 (0)  ; soc_inst|emif_io96b_lpddr4_0|emif_io96b_lpddr4_0|emif_arch_top|arch_emif_0.arch0_1ch_per_io.arch_0|fbr_axi_adapter_wide|gen_skid_buffers.inst_rdfifo|auto_generated|dpfifo|usedw_counter                   ; altera_counter                                                                                                            ; altera_work                                             ;
;                               |wr_ptr|                                                ; 3.0 (3.0)            ; 3.5 (3.5)                        ; 0.5 (0.5)                                         ; 0.0 (0.0)                        ; 0.0 (0.0)            ; 6 (6)               ; 5 (5)                     ; 0 (0)         ; 0                 ; 0     ; 0                        ; 0                                      ; 0                                                 ; 0    ; 0 (0)  ; soc_inst|emif_io96b_lpddr4_0|emif_io96b_lpddr4_0|emif_arch_top|arch_emif_0.arch0_1ch_per_io.arch_0|fbr_axi_adapter_wide|gen_skid_buffers.inst_rdfifo|auto_generated|dpfifo|wr_ptr                          ; altera_counter                                                                                                            ; altera_work                                             ;
;                      |gen_skid_buffers.inst_wrespfifo|                                ; 33.6 (0.0)           ; 34.0 (0.0)                       ; 0.4 (0.0)                                         ; 0.0 (0.0)                        ; 10.0 (0.0)           ; 40 (0)              ; 32 (0)                    ; 0 (0)         ; 0                 ; 0     ; 0                        ; 0                                      ; 0                                                 ; 0    ; 0 (0)  ; soc_inst|emif_io96b_lpddr4_0|emif_io96b_lpddr4_0|emif_arch_top|arch_emif_0.arch0_1ch_per_io.arch_0|fbr_axi_adapter_wide|gen_skid_buffers.inst_wrespfifo                                                    ; scfifo                                                                                                                    ; altera_work                                             ;
;                         |auto_generated|                                              ; 33.6 (1.7)           ; 34.0 (1.7)                       ; 0.4 (0.0)                                         ; 0.0 (0.0)                        ; 10.0 (0.0)           ; 40 (2)              ; 32 (1)                    ; 0 (0)         ; 0                 ; 0     ; 0                        ; 0                                      ; 0                                                 ; 0    ; 0 (0)  ; soc_inst|emif_io96b_lpddr4_0|emif_io96b_lpddr4_0|emif_arch_top|arch_emif_0.arch0_1ch_per_io.arch_0|fbr_axi_adapter_wide|gen_skid_buffers.inst_wrespfifo|auto_generated                                     ; scfifo_vbpf1                                                                                                              ; altera_work                                             ;
;                            |dpfifo|                                                   ; 31.9 (12.0)          ; 32.3 (12.7)                      ; 0.4 (0.7)                                         ; 0.0 (0.0)                        ; 10.0 (0.0)           ; 38 (21)             ; 31 (12)                   ; 0 (0)         ; 0                 ; 0     ; 0                        ; 0                                      ; 0                                                 ; 0    ; 0 (0)  ; soc_inst|emif_io96b_lpddr4_0|emif_io96b_lpddr4_0|emif_arch_top|arch_emif_0.arch0_1ch_per_io.arch_0|fbr_axi_adapter_wide|gen_skid_buffers.inst_wrespfifo|auto_generated|dpfifo                              ; a_dpfifo_v44s1                                                                                                            ; altera_work                                             ;
;                               |FIFOram|                                               ; 11.7 (0.0)           ; 11.7 (0.0)                       ; 0.0 (0.0)                                         ; 0.0 (0.0)                        ; 10.0 (0.0)           ; 0 (0)               ; 5 (0)                     ; 0 (0)         ; 0                 ; 0     ; 0                        ; 0                                      ; 0                                                 ; 0    ; 0 (0)  ; soc_inst|emif_io96b_lpddr4_0|emif_io96b_lpddr4_0|emif_arch_top|arch_emif_0.arch0_1ch_per_io.arch_0|fbr_axi_adapter_wide|gen_skid_buffers.inst_wrespfifo|auto_generated|dpfifo|FIFOram                      ; altera_syncram_7h0m                                                                                                       ; altera_work                                             ;
;                                  |altera_syncram_impl1|                               ; 11.7 (11.7)          ; 11.7 (11.7)                      ; 0.0 (0.0)                                         ; 0.0 (0.0)                        ; 10.0 (10.0)          ; 0 (0)               ; 5 (5)                     ; 0 (0)         ; 0                 ; 0     ; 0                        ; 0                                      ; 0                                                 ; 0    ; 0 (0)  ; soc_inst|emif_io96b_lpddr4_0|emif_io96b_lpddr4_0|emif_arch_top|arch_emif_0.arch0_1ch_per_io.arch_0|fbr_axi_adapter_wide|gen_skid_buffers.inst_wrespfifo|auto_generated|dpfifo|FIFOram|altera_syncram_impl1 ; altera_syncram_impl_5e1u1                                                                                                 ; altera_work                                             ;
;                               |rd_ptr_msb|                                            ; 2.2 (2.2)            ; 2.5 (2.5)                        ; 0.2 (0.2)                                         ; 0.0 (0.0)                        ; 0.0 (0.0)            ; 5 (5)               ; 4 (4)                     ; 0 (0)         ; 0                 ; 0     ; 0                        ; 0                                      ; 0                                                 ; 0    ; 0 (0)  ; soc_inst|emif_io96b_lpddr4_0|emif_io96b_lpddr4_0|emif_arch_top|arch_emif_0.arch0_1ch_per_io.arch_0|fbr_axi_adapter_wide|gen_skid_buffers.inst_wrespfifo|auto_generated|dpfifo|rd_ptr_msb                   ; altera_counter                                                                                                            ; altera_work                                             ;
;                               |usedw_counter|                                         ; 3.0 (3.0)            ; 3.0 (3.0)                        ; 0.0 (0.0)                                         ; 0.0 (0.0)                        ; 0.0 (0.0)            ; 6 (6)               ; 5 (5)                     ; 0 (0)         ; 0                 ; 0     ; 0                        ; 0                                      ; 0                                                 ; 0    ; 0 (0)  ; soc_inst|emif_io96b_lpddr4_0|emif_io96b_lpddr4_0|emif_arch_top|arch_emif_0.arch0_1ch_per_io.arch_0|fbr_axi_adapter_wide|gen_skid_buffers.inst_wrespfifo|auto_generated|dpfifo|usedw_counter                ; altera_counter                                                                                                            ; altera_work                                             ;
;                               |wr_ptr|                                                ; 2.5 (2.5)            ; 2.5 (2.5)                        ; 0.0 (0.0)                                         ; 0.0 (0.0)                        ; 0.0 (0.0)            ; 6 (6)               ; 5 (5)                     ; 0 (0)         ; 0                 ; 0     ; 0                        ; 0                                      ; 0                                                 ; 0    ; 0 (0)  ; soc_inst|emif_io96b_lpddr4_0|emif_io96b_lpddr4_0|emif_arch_top|arch_emif_0.arch0_1ch_per_io.arch_0|fbr_axi_adapter_wide|gen_skid_buffers.inst_wrespfifo|auto_generated|dpfifo|wr_ptr                       ; altera_counter                                                                                                            ; altera_work                                             ;
;                   |gen_byte_conns[0].wrapper_byte|                                    ; 0.0 (0.0)            ; 0.0 (0.0)                        ; 0.0 (0.0)                                         ; 0.0 (0.0)                        ; 0.0 (0.0)            ; 0 (0)               ; 0 (0)                     ; 0 (0)         ; 0                 ; 0     ; 0                        ; 0                                      ; 0                                                 ; 0    ; 0 (0)  ; soc_inst|emif_io96b_lpddr4_0|emif_io96b_lpddr4_0|emif_arch_top|arch_emif_0.arch0_1ch_per_io.arch_0|gen_byte_conns[0].wrapper_byte                                                                          ; io0_qsys_top_emif_io96b_lpddr4_0_emif_io96b_lpddr4_411_dl7osfi_phy_arch_fp_atom_inst_byte                                 ; emif_io96b_lpddr4_411                                   ;
;                   |gen_byte_conns[0].wrapper_byte_ctrl|                               ; 0.0 (0.0)            ; 0.0 (0.0)                        ; 0.0 (0.0)                                         ; 0.0 (0.0)                        ; 0.0 (0.0)            ; 0 (0)               ; 0 (0)                     ; 0 (0)         ; 0                 ; 0     ; 0                        ; 0                                      ; 0                                                 ; 0    ; 0 (0)  ; soc_inst|emif_io96b_lpddr4_0|emif_io96b_lpddr4_0|emif_arch_top|arch_emif_0.arch0_1ch_per_io.arch_0|gen_byte_conns[0].wrapper_byte_ctrl                                                                     ; io0_qsys_top_emif_io96b_lpddr4_0_emif_io96b_lpddr4_411_dl7osfi_phy_arch_fp_atom_inst_byte_ctrl                            ; emif_io96b_lpddr4_411                                   ;
;                   |gen_byte_conns[0].wrapper_pa|                                      ; 0.0 (0.0)            ; 0.0 (0.0)                        ; 0.0 (0.0)                                         ; 0.0 (0.0)                        ; 0.0 (0.0)            ; 0 (0)               ; 0 (0)                     ; 0 (0)         ; 0                 ; 0     ; 0                        ; 0                                      ; 0                                                 ; 0    ; 0 (0)  ; soc_inst|emif_io96b_lpddr4_0|emif_io96b_lpddr4_0|emif_arch_top|arch_emif_0.arch0_1ch_per_io.arch_0|gen_byte_conns[0].wrapper_pa                                                                            ; io0_qsys_top_emif_io96b_lpddr4_0_emif_io96b_lpddr4_411_dl7osfi_phy_arch_fp_atom_inst_pa                                   ; emif_io96b_lpddr4_411                                   ;
;                   |gen_byte_conns[1].wrapper_byte|                                    ; 0.0 (0.0)            ; 0.0 (0.0)                        ; 0.0 (0.0)                                         ; 0.0 (0.0)                        ; 0.0 (0.0)            ; 0 (0)               ; 0 (0)                     ; 0 (0)         ; 0                 ; 0     ; 0                        ; 0                                      ; 0                                                 ; 0    ; 0 (0)  ; soc_inst|emif_io96b_lpddr4_0|emif_io96b_lpddr4_0|emif_arch_top|arch_emif_0.arch0_1ch_per_io.arch_0|gen_byte_conns[1].wrapper_byte                                                                          ; io0_qsys_top_emif_io96b_lpddr4_0_emif_io96b_lpddr4_411_dl7osfi_phy_arch_fp_atom_inst_byte                                 ; emif_io96b_lpddr4_411                                   ;
;                   |gen_byte_conns[1].wrapper_byte_ctrl|                               ; 0.0 (0.0)            ; 0.0 (0.0)                        ; 0.0 (0.0)                                         ; 0.0 (0.0)                        ; 0.0 (0.0)            ; 0 (0)               ; 0 (0)                     ; 0 (0)         ; 0                 ; 0     ; 0                        ; 0                                      ; 0                                                 ; 0    ; 0 (0)  ; soc_inst|emif_io96b_lpddr4_0|emif_io96b_lpddr4_0|emif_arch_top|arch_emif_0.arch0_1ch_per_io.arch_0|gen_byte_conns[1].wrapper_byte_ctrl                                                                     ; io0_qsys_top_emif_io96b_lpddr4_0_emif_io96b_lpddr4_411_dl7osfi_phy_arch_fp_atom_inst_byte_ctrl                            ; emif_io96b_lpddr4_411                                   ;
;                   |gen_byte_conns[1].wrapper_falane|                                  ; 10.0 (10.0)          ; 10.0 (10.0)                      ; 0.0 (0.0)                                         ; 0.0 (0.0)                        ; 0.0 (0.0)            ; 20 (20)             ; 212 (212)                 ; 0 (0)         ; 0                 ; 0     ; 0                        ; 0                                      ; 0                                                 ; 0    ; 0 (0)  ; soc_inst|emif_io96b_lpddr4_0|emif_io96b_lpddr4_0|emif_arch_top|arch_emif_0.arch0_1ch_per_io.arch_0|gen_byte_conns[1].wrapper_falane                                                                        ; io0_qsys_top_emif_io96b_lpddr4_0_emif_io96b_lpddr4_411_dl7osfi_phy_arch_fp_atom_inst_fa_lane                              ; emif_io96b_lpddr4_411                                   ;
;                   |gen_byte_conns[1].wrapper_pa|                                      ; 0.0 (0.0)            ; 0.0 (0.0)                        ; 0.0 (0.0)                                         ; 0.0 (0.0)                        ; 0.0 (0.0)            ; 0 (0)               ; 0 (0)                     ; 0 (0)         ; 0                 ; 0     ; 0                        ; 0                                      ; 0                                                 ; 0    ; 0 (0)  ; soc_inst|emif_io96b_lpddr4_0|emif_io96b_lpddr4_0|emif_arch_top|arch_emif_0.arch0_1ch_per_io.arch_0|gen_byte_conns[1].wrapper_pa                                                                            ; io0_qsys_top_emif_io96b_lpddr4_0_emif_io96b_lpddr4_411_dl7osfi_phy_arch_fp_atom_inst_pa                                   ; emif_io96b_lpddr4_411                                   ;
;                   |gen_byte_conns[2].wrapper_byte|                                    ; 0.0 (0.0)            ; 0.0 (0.0)                        ; 0.0 (0.0)                                         ; 0.0 (0.0)                        ; 0.0 (0.0)            ; 0 (0)               ; 0 (0)                     ; 0 (0)         ; 0                 ; 0     ; 0                        ; 0                                      ; 0                                                 ; 0    ; 0 (0)  ; soc_inst|emif_io96b_lpddr4_0|emif_io96b_lpddr4_0|emif_arch_top|arch_emif_0.arch0_1ch_per_io.arch_0|gen_byte_conns[2].wrapper_byte                                                                          ; io0_qsys_top_emif_io96b_lpddr4_0_emif_io96b_lpddr4_411_dl7osfi_phy_arch_fp_atom_inst_byte                                 ; emif_io96b_lpddr4_411                                   ;
;                   |gen_byte_conns[2].wrapper_byte_ctrl|                               ; 0.0 (0.0)            ; 0.0 (0.0)                        ; 0.0 (0.0)                                         ; 0.0 (0.0)                        ; 0.0 (0.0)            ; 0 (0)               ; 0 (0)                     ; 0 (0)         ; 0                 ; 0     ; 0                        ; 0                                      ; 0                                                 ; 0    ; 0 (0)  ; soc_inst|emif_io96b_lpddr4_0|emif_io96b_lpddr4_0|emif_arch_top|arch_emif_0.arch0_1ch_per_io.arch_0|gen_byte_conns[2].wrapper_byte_ctrl                                                                     ; io0_qsys_top_emif_io96b_lpddr4_0_emif_io96b_lpddr4_411_dl7osfi_phy_arch_fp_atom_inst_byte_ctrl                            ; emif_io96b_lpddr4_411                                   ;
;                   |gen_byte_conns[2].wrapper_falane|                                  ; 10.0 (10.0)          ; 10.0 (10.0)                      ; 0.0 (0.0)                                         ; 0.0 (0.0)                        ; 0.0 (0.0)            ; 20 (20)             ; 212 (212)                 ; 0 (0)         ; 0                 ; 0     ; 0                        ; 0                                      ; 0                                                 ; 0    ; 0 (0)  ; soc_inst|emif_io96b_lpddr4_0|emif_io96b_lpddr4_0|emif_arch_top|arch_emif_0.arch0_1ch_per_io.arch_0|gen_byte_conns[2].wrapper_falane                                                                        ; io0_qsys_top_emif_io96b_lpddr4_0_emif_io96b_lpddr4_411_dl7osfi_phy_arch_fp_atom_inst_fa_lane                              ; emif_io96b_lpddr4_411                                   ;
;                   |gen_byte_conns[2].wrapper_pa|                                      ; 0.0 (0.0)            ; 0.0 (0.0)                        ; 0.0 (0.0)                                         ; 0.0 (0.0)                        ; 0.0 (0.0)            ; 0 (0)               ; 0 (0)                     ; 0 (0)         ; 0                 ; 0     ; 0                        ; 0                                      ; 0                                                 ; 0    ; 0 (0)  ; soc_inst|emif_io96b_lpddr4_0|emif_io96b_lpddr4_0|emif_arch_top|arch_emif_0.arch0_1ch_per_io.arch_0|gen_byte_conns[2].wrapper_pa                                                                            ; io0_qsys_top_emif_io96b_lpddr4_0_emif_io96b_lpddr4_411_dl7osfi_phy_arch_fp_atom_inst_pa                                   ; emif_io96b_lpddr4_411                                   ;
;                   |gen_byte_conns[3].wrapper_byte|                                    ; 0.0 (0.0)            ; 0.0 (0.0)                        ; 0.0 (0.0)                                         ; 0.0 (0.0)                        ; 0.0 (0.0)            ; 0 (0)               ; 0 (0)                     ; 0 (0)         ; 0                 ; 0     ; 0                        ; 0                                      ; 0                                                 ; 0    ; 0 (0)  ; soc_inst|emif_io96b_lpddr4_0|emif_io96b_lpddr4_0|emif_arch_top|arch_emif_0.arch0_1ch_per_io.arch_0|gen_byte_conns[3].wrapper_byte                                                                          ; io0_qsys_top_emif_io96b_lpddr4_0_emif_io96b_lpddr4_411_dl7osfi_phy_arch_fp_atom_inst_byte                                 ; emif_io96b_lpddr4_411                                   ;
;                   |gen_byte_conns[3].wrapper_byte_ctrl|                               ; 0.0 (0.0)            ; 0.0 (0.0)                        ; 0.0 (0.0)                                         ; 0.0 (0.0)                        ; 0.0 (0.0)            ; 0 (0)               ; 0 (0)                     ; 0 (0)         ; 0                 ; 0     ; 0                        ; 0                                      ; 0                                                 ; 0    ; 0 (0)  ; soc_inst|emif_io96b_lpddr4_0|emif_io96b_lpddr4_0|emif_arch_top|arch_emif_0.arch0_1ch_per_io.arch_0|gen_byte_conns[3].wrapper_byte_ctrl                                                                     ; io0_qsys_top_emif_io96b_lpddr4_0_emif_io96b_lpddr4_411_dl7osfi_phy_arch_fp_atom_inst_byte_ctrl                            ; emif_io96b_lpddr4_411                                   ;
;                   |gen_byte_conns[3].wrapper_falane|                                  ; 10.0 (10.0)          ; 10.0 (10.0)                      ; 0.0 (0.0)                                         ; 0.0 (0.0)                        ; 0.0 (0.0)            ; 20 (20)             ; 180 (180)                 ; 0 (0)         ; 0                 ; 0     ; 0                        ; 0                                      ; 0                                                 ; 0    ; 0 (0)  ; soc_inst|emif_io96b_lpddr4_0|emif_io96b_lpddr4_0|emif_arch_top|arch_emif_0.arch0_1ch_per_io.arch_0|gen_byte_conns[3].wrapper_falane                                                                        ; io0_qsys_top_emif_io96b_lpddr4_0_emif_io96b_lpddr4_411_dl7osfi_phy_arch_fp_atom_inst_fa_lane                              ; emif_io96b_lpddr4_411                                   ;
;                   |gen_byte_conns[3].wrapper_pa|                                      ; 0.0 (0.0)            ; 0.0 (0.0)                        ; 0.0 (0.0)                                         ; 0.0 (0.0)                        ; 0.0 (0.0)            ; 0 (0)               ; 0 (0)                     ; 0 (0)         ; 0                 ; 0     ; 0                        ; 0                                      ; 0                                                 ; 0    ; 0 (0)  ; soc_inst|emif_io96b_lpddr4_0|emif_io96b_lpddr4_0|emif_arch_top|arch_emif_0.arch0_1ch_per_io.arch_0|gen_byte_conns[3].wrapper_pa                                                                            ; io0_qsys_top_emif_io96b_lpddr4_0_emif_io96b_lpddr4_411_dl7osfi_phy_arch_fp_atom_inst_pa                                   ; emif_io96b_lpddr4_411                                   ;
;                   |gen_byte_conns[6].wrapper_byte|                                    ; 0.0 (0.0)            ; 0.0 (0.0)                        ; 0.0 (0.0)                                         ; 0.0 (0.0)                        ; 0.0 (0.0)            ; 0 (0)               ; 0 (0)                     ; 0 (0)         ; 0                 ; 0     ; 0                        ; 0                                      ; 0                                                 ; 0    ; 0 (0)  ; soc_inst|emif_io96b_lpddr4_0|emif_io96b_lpddr4_0|emif_arch_top|arch_emif_0.arch0_1ch_per_io.arch_0|gen_byte_conns[6].wrapper_byte                                                                          ; io0_qsys_top_emif_io96b_lpddr4_0_emif_io96b_lpddr4_411_dl7osfi_phy_arch_fp_atom_inst_byte                                 ; emif_io96b_lpddr4_411                                   ;
;                   |gen_byte_conns[6].wrapper_byte_ctrl|                               ; 0.0 (0.0)            ; 0.0 (0.0)                        ; 0.0 (0.0)                                         ; 0.0 (0.0)                        ; 0.0 (0.0)            ; 0 (0)               ; 0 (0)                     ; 0 (0)         ; 0                 ; 0     ; 0                        ; 0                                      ; 0                                                 ; 0    ; 0 (0)  ; soc_inst|emif_io96b_lpddr4_0|emif_io96b_lpddr4_0|emif_arch_top|arch_emif_0.arch0_1ch_per_io.arch_0|gen_byte_conns[6].wrapper_byte_ctrl                                                                     ; io0_qsys_top_emif_io96b_lpddr4_0_emif_io96b_lpddr4_411_dl7osfi_phy_arch_fp_atom_inst_byte_ctrl                            ; emif_io96b_lpddr4_411                                   ;
;                   |gen_byte_conns[6].wrapper_pa|                                      ; 0.0 (0.0)            ; 0.0 (0.0)                        ; 0.0 (0.0)                                         ; 0.0 (0.0)                        ; 0.0 (0.0)            ; 0 (0)               ; 0 (0)                     ; 0 (0)         ; 0                 ; 0     ; 0                        ; 0                                      ; 0                                                 ; 0    ; 0 (0)  ; soc_inst|emif_io96b_lpddr4_0|emif_io96b_lpddr4_0|emif_arch_top|arch_emif_0.arch0_1ch_per_io.arch_0|gen_byte_conns[6].wrapper_pa                                                                            ; io0_qsys_top_emif_io96b_lpddr4_0_emif_io96b_lpddr4_411_dl7osfi_phy_arch_fp_atom_inst_pa                                   ; emif_io96b_lpddr4_411                                   ;
;                   |gen_byte_conns[7].wrapper_byte|                                    ; 0.0 (0.0)            ; 0.0 (0.0)                        ; 0.0 (0.0)                                         ; 0.0 (0.0)                        ; 0.0 (0.0)            ; 0 (0)               ; 0 (0)                     ; 0 (0)         ; 0                 ; 0     ; 0                        ; 0                                      ; 0                                                 ; 0    ; 0 (0)  ; soc_inst|emif_io96b_lpddr4_0|emif_io96b_lpddr4_0|emif_arch_top|arch_emif_0.arch0_1ch_per_io.arch_0|gen_byte_conns[7].wrapper_byte                                                                          ; io0_qsys_top_emif_io96b_lpddr4_0_emif_io96b_lpddr4_411_dl7osfi_phy_arch_fp_atom_inst_byte                                 ; emif_io96b_lpddr4_411                                   ;
;                   |gen_byte_conns[7].wrapper_byte_ctrl|                               ; 0.0 (0.0)            ; 0.0 (0.0)                        ; 0.0 (0.0)                                         ; 0.0 (0.0)                        ; 0.0 (0.0)            ; 0 (0)               ; 0 (0)                     ; 0 (0)         ; 0                 ; 0     ; 0                        ; 0                                      ; 0                                                 ; 0    ; 0 (0)  ; soc_inst|emif_io96b_lpddr4_0|emif_io96b_lpddr4_0|emif_arch_top|arch_emif_0.arch0_1ch_per_io.arch_0|gen_byte_conns[7].wrapper_byte_ctrl                                                                     ; io0_qsys_top_emif_io96b_lpddr4_0_emif_io96b_lpddr4_411_dl7osfi_phy_arch_fp_atom_inst_byte_ctrl                            ; emif_io96b_lpddr4_411                                   ;
;                   |gen_byte_conns[7].wrapper_pa|                                      ; 0.0 (0.0)            ; 0.0 (0.0)                        ; 0.0 (0.0)                                         ; 0.0 (0.0)                        ; 0.0 (0.0)            ; 0 (0)               ; 0 (0)                     ; 0 (0)         ; 0                 ; 0     ; 0                        ; 0                                      ; 0                                                 ; 0    ; 0 (0)  ; soc_inst|emif_io96b_lpddr4_0|emif_io96b_lpddr4_0|emif_arch_top|arch_emif_0.arch0_1ch_per_io.arch_0|gen_byte_conns[7].wrapper_pa                                                                            ; io0_qsys_top_emif_io96b_lpddr4_0_emif_io96b_lpddr4_411_dl7osfi_phy_arch_fp_atom_inst_pa                                   ; emif_io96b_lpddr4_411                                   ;
;                   |lock_sync_inst|                                                    ; 1.3 (1.3)            ; 2.0 (2.0)                        ; 0.7 (0.7)                                         ; 0.0 (0.0)                        ; 0.0 (0.0)            ; 1 (1)               ; 3 (3)                     ; 0 (0)         ; 0                 ; 0     ; 0                        ; 0                                      ; 0                                                 ; 0    ; 0 (0)  ; soc_inst|emif_io96b_lpddr4_0|emif_io96b_lpddr4_0|emif_arch_top|arch_emif_0.arch0_1ch_per_io.arch_0|lock_sync_inst                                                                                          ; altera_std_synchronizer_nocut                                                                                             ; emif_io96b_lpddr4_411                                   ;
;                   |wrapper_bufs_mem|                                                  ; 0.0 (0.0)            ; 0.0 (0.0)                        ; 0.0 (0.0)                                         ; 0.0 (0.0)                        ; 0.0 (0.0)            ; 0 (0)               ; 0 (0)                     ; 0 (0)         ; 0                 ; 0     ; 0                        ; 0                                      ; 0                                                 ; 14   ; 0 (0)  ; soc_inst|emif_io96b_lpddr4_0|emif_io96b_lpddr4_0|emif_arch_top|arch_emif_0.arch0_1ch_per_io.arch_0|wrapper_bufs_mem                                                                                        ; io0_qsys_top_emif_io96b_lpddr4_0_emif_io96b_lpddr4_411_dl7osfi_phy_arch_fp_atom_inst_bufs_mem                             ; emif_io96b_lpddr4_411                                   ;
;                   |wrapper_cpa|                                                       ; 0.0 (0.0)            ; 0.0 (0.0)                        ; 0.0 (0.0)                                         ; 0.0 (0.0)                        ; 0.0 (0.0)            ; 0 (0)               ; 0 (0)                     ; 0 (0)         ; 0                 ; 0     ; 0                        ; 0                                      ; 0                                                 ; 0    ; 0 (0)  ; soc_inst|emif_io96b_lpddr4_0|emif_io96b_lpddr4_0|emif_arch_top|arch_emif_0.arch0_1ch_per_io.arch_0|wrapper_cpa                                                                                             ; io0_qsys_top_emif_io96b_lpddr4_0_emif_io96b_lpddr4_411_dl7osfi_phy_arch_fp_atom_inst_cpa                                  ; emif_io96b_lpddr4_411                                   ;
;                   |wrapper_fahmc_wide|                                                ; 37.7 (37.7)          ; 40.0 (40.0)                      ; 2.3 (2.3)                                         ; 0.0 (0.0)                        ; 0.0 (0.0)            ; 68 (68)             ; 200 (200)                 ; 0 (0)         ; 0                 ; 0     ; 0                        ; 0                                      ; 0                                                 ; 0    ; 0 (0)  ; soc_inst|emif_io96b_lpddr4_0|emif_io96b_lpddr4_0|emif_arch_top|arch_emif_0.arch0_1ch_per_io.arch_0|wrapper_fahmc_wide                                                                                      ; io0_qsys_top_emif_io96b_lpddr4_0_emif_io96b_lpddr4_411_dl7osfi_phy_arch_fp_atom_inst_fa_hmc                               ; emif_io96b_lpddr4_411                                   ;
;                   |wrapper_hmc_wide|                                                  ; 0.0 (0.0)            ; 0.0 (0.0)                        ; 0.0 (0.0)                                         ; 0.0 (0.0)                        ; 0.0 (0.0)            ; 0 (0)               ; 0 (0)                     ; 0 (0)         ; 0                 ; 0     ; 0                        ; 0                                      ; 0                                                 ; 0    ; 0 (0)  ; soc_inst|emif_io96b_lpddr4_0|emif_io96b_lpddr4_0|emif_arch_top|arch_emif_0.arch0_1ch_per_io.arch_0|wrapper_hmc_wide                                                                                        ; io0_qsys_top_emif_io96b_lpddr4_0_emif_io96b_lpddr4_411_dl7osfi_phy_arch_fp_atom_inst_hmc_wide                             ; emif_io96b_lpddr4_411                                   ;
;                   |wrapper_pll|                                                       ; 0.0 (0.0)            ; 0.0 (0.0)                        ; 0.0 (0.0)                                         ; 0.0 (0.0)                        ; 0.0 (0.0)            ; 0 (0)               ; 0 (0)                     ; 0 (0)         ; 0                 ; 0     ; 0                        ; 0                                      ; 0                                                 ; 0    ; 1 (1)  ; soc_inst|emif_io96b_lpddr4_0|emif_io96b_lpddr4_0|emif_arch_top|arch_emif_0.arch0_1ch_per_io.arch_0|wrapper_pll                                                                                             ; io0_qsys_top_emif_io96b_lpddr4_0_emif_io96b_lpddr4_411_dl7osfi_phy_arch_fp_atom_inst_pll                                  ; emif_io96b_lpddr4_411                                   ;
;                |io0.calip_0|                                                          ; 215.0 (0.0)          ; 243.7 (0.0)                      ; 29.2 (0.0)                                        ; 0.5 (0.0)                        ; 0.0 (0.0)            ; 294 (0)             ; 218 (0)                   ; 0 (0)         ; 0                 ; 0     ; 0                        ; 0                                      ; 0                                                 ; 0    ; 0 (0)  ; soc_inst|emif_io96b_lpddr4_0|emif_io96b_lpddr4_0|emif_arch_top|io0.calip_0                                                                                                                                 ; qsys_top_emif_io96b_lpddr4_0_emif_io96b_lpddr4_emif_io96b_cal_411_yhgkgsq                                                 ; emif_io96b_lpddr4_411                                   ;
;                   |cal_0|                                                             ; 215.0 (0.0)          ; 243.7 (0.0)                      ; 29.2 (0.0)                                        ; 0.5 (0.0)                        ; 0.0 (0.0)            ; 294 (0)             ; 218 (0)                   ; 0 (0)         ; 0                 ; 0     ; 0                        ; 0                                      ; 0                                                 ; 0    ; 0 (0)  ; soc_inst|emif_io96b_lpddr4_0|emif_io96b_lpddr4_0|emif_arch_top|io0.calip_0|cal_0                                                                                                                           ; qsys_top_emif_io96b_lpddr4_0_emif_io96b_cal_231_ihlvdea                                                                   ; emif_io96b_cal_231                                      ;
;                      |cal_arch_0|                                                     ; 215.0 (0.0)          ; 243.7 (0.0)                      ; 29.2 (0.0)                                        ; 0.5 (0.0)                        ; 0.0 (0.0)            ; 294 (0)             ; 218 (0)                   ; 0 (0)         ; 0                 ; 0     ; 0                        ; 0                                      ; 0                                                 ; 0    ; 0 (0)  ; soc_inst|emif_io96b_lpddr4_0|emif_io96b_lpddr4_0|emif_arch_top|io0.calip_0|cal_0|cal_arch_0                                                                                                                ; io0_qsys_top_emif_io96b_lpddr4_0_emif_io96b_cal_231_ihlvdea_cal_arch_fp_top                                               ; emif_io96b_cal_231                                      ;
;                         |inst_gearbox|                                                ; 215.0 (215.0)        ; 243.7 (243.7)                    ; 29.2 (29.2)                                       ; 0.5 (0.5)                        ; 0.0 (0.0)            ; 294 (294)           ; 218 (218)                 ; 0 (0)         ; 0                 ; 0     ; 0                        ; 0                                      ; 0                                                 ; 0    ; 0 (0)  ; soc_inst|emif_io96b_lpddr4_0|emif_io96b_lpddr4_0|emif_arch_top|io0.calip_0|cal_0|cal_arch_0|inst_gearbox                                                                                                   ; altera_emif_cal_gearbox_bidir                                                                                             ; emif_io96b_cal_231                                      ;
;                         |u_iossm|                                                     ; 0.0 (0.0)            ; 0.0 (0.0)                        ; 0.0 (0.0)                                         ; 0.0 (0.0)                        ; 0.0 (0.0)            ; 0 (0)               ; 0 (0)                     ; 0 (0)         ; 0                 ; 0     ; 0                        ; 0                                      ; 0                                                 ; 0    ; 0 (0)  ; soc_inst|emif_io96b_lpddr4_0|emif_io96b_lpddr4_0|emif_arch_top|io0.calip_0|cal_0|cal_arch_0|u_iossm                                                                                                        ; io0_qsys_top_emif_io96b_lpddr4_0_emif_io96b_cal_231_ihlvdea_stdfn_inst_iossm                                              ; emif_io96b_cal_231                                      ;
;                         |u_seq|                                                       ; 0.0 (0.0)            ; 0.0 (0.0)                        ; 0.0 (0.0)                                         ; 0.0 (0.0)                        ; 0.0 (0.0)            ; 0 (0)               ; 0 (0)                     ; 0 (0)         ; 0                 ; 0     ; 0                        ; 0                                      ; 0                                                 ; 0    ; 0 (0)  ; soc_inst|emif_io96b_lpddr4_0|emif_io96b_lpddr4_0|emif_arch_top|io0.calip_0|cal_0|cal_arch_0|u_seq                                                                                                          ; io0_qsys_top_emif_io96b_lpddr4_0_emif_io96b_cal_231_ihlvdea_stdfn_inst_seq                                                ; emif_io96b_cal_231                                      ;
;                         |u_ssm_fa|                                                    ; 0.0 (0.0)            ; 0.0 (0.0)                        ; 0.0 (0.0)                                         ; 0.0 (0.0)                        ; 0.0 (0.0)            ; 0 (0)               ; 0 (0)                     ; 0 (0)         ; 0                 ; 0     ; 0                        ; 0                                      ; 0                                                 ; 0    ; 0 (0)  ; soc_inst|emif_io96b_lpddr4_0|emif_io96b_lpddr4_0|emif_arch_top|io0.calip_0|cal_0|cal_arch_0|u_ssm_fa                                                                                                       ; stdfn_inst_fa_c2p_ssm                                                                                                     ; emif_io96b_cal_231                                      ;
;       |f2h_bridge_tester|                                                             ; 176.2 (0.0)          ; 179.7 (0.0)                      ; 3.5 (0.0)                                         ; 0.0 (0.0)                        ; 0.0 (0.0)            ; 322 (0)             ; 53 (0)                    ; 0 (0)         ; 0                 ; 0     ; 0                        ; 0                                      ; 0                                                 ; 0    ; 0 (0)  ; soc_inst|f2h_bridge_tester                                                                                                                                                                                 ; f2h_bridge_tester                                                                                                         ; f2h_bridge_tester                                       ;
;          |f2h_bridge_tester|                                                          ; 176.2 (176.2)        ; 179.7 (179.7)                    ; 3.5 (3.5)                                         ; 0.0 (0.0)                        ; 0.0 (0.0)            ; 322 (322)           ; 53 (53)                   ; 0 (0)         ; 0                 ; 0     ; 0                        ; 0                                      ; 0                                                 ; 0    ; 0 (0)  ; soc_inst|f2h_bridge_tester|f2h_bridge_tester                                                                                                                                                               ; test_axi4                                                                                                                 ; axi4_tester_10                                          ;
;       |f2sdram_bridge_tester|                                                         ; 181.4 (0.0)          ; 188.1 (0.0)                      ; 6.6 (0.0)                                         ; 0.0 (0.0)                        ; 0.0 (0.0)            ; 322 (0)             ; 53 (0)                    ; 0 (0)         ; 0                 ; 0     ; 0                        ; 0                                      ; 0                                                 ; 0    ; 0 (0)  ; soc_inst|f2sdram_bridge_tester                                                                                                                                                                             ; f2sdram_tester                                                                                                            ; f2sdram_tester                                          ;
;          |f2sdram_tester|                                                             ; 181.4 (181.4)        ; 188.1 (188.1)                    ; 6.6 (6.6)                                         ; 0.0 (0.0)                        ; 0.0 (0.0)            ; 322 (322)           ; 53 (53)                   ; 0 (0)         ; 0                 ; 0     ; 0                        ; 0                                      ; 0                                                 ; 0    ; 0 (0)  ; soc_inst|f2sdram_bridge_tester|f2sdram_tester                                                                                                                                                              ; test_axi4                                                                                                                 ; axi4_tester_10                                          ;
;       |mm_interconnect_2|                                                             ; 3833.9 (0.0)         ; 4060.2 (0.0)                     ; 256.9 (0.0)                                       ; 30.7 (0.0)                       ; 0.0 (0.0)            ; 6373 (0)            ; 8320 (0)                  ; 0 (0)         ; 0                 ; 0     ; 0                        ; 0                                      ; 0                                                 ; 0    ; 0 (0)  ; soc_inst|mm_interconnect_2                                                                                                                                                                                 ; qsys_top_altera_mm_interconnect_1920_vzjqkjy                                                                              ; altera_mm_interconnect_1920                             ;
;          |agent_pipeline|                                                             ; 144.1 (0.0)          ; 145.2 (0.0)                      ; 3.7 (0.0)                                         ; 2.6 (0.0)                        ; 0.0 (0.0)            ; 195 (0)             ; 377 (0)                   ; 0 (0)         ; 0                 ; 0     ; 0                        ; 0                                      ; 0                                                 ; 0    ; 0 (0)  ; soc_inst|mm_interconnect_2|agent_pipeline                                                                                                                                                                  ; qsys_top_altera_avalon_st_pipeline_stage_1930_oiupeiq                                                                     ; altera_avalon_st_pipeline_stage_1930                    ;
;             |gen_inst[0].core|                                                        ; 96.5 (96.5)          ; 98.5 (98.5)                      ; 2.0 (2.0)                                         ; 0.0 (0.0)                        ; 0.0 (0.0)            ; 132 (132)           ; 259 (259)                 ; 0 (0)         ; 0                 ; 0     ; 0                        ; 0                                      ; 0                                                 ; 0    ; 0 (0)  ; soc_inst|mm_interconnect_2|agent_pipeline|gen_inst[0].core                                                                                                                                                 ; altera_avalon_st_pipeline_base                                                                                            ; altera_avalon_st_pipeline_stage_1930                    ;
;             |gen_inst[1].core|                                                        ; 45.3 (45.3)          ; 44.1 (44.1)                      ; 1.4 (1.4)                                         ; 2.6 (2.6)                        ; 0.0 (0.0)            ; 59 (59)             ; 113 (113)                 ; 0 (0)         ; 0                 ; 0     ; 0                        ; 0                                      ; 0                                                 ; 0    ; 0 (0)  ; soc_inst|mm_interconnect_2|agent_pipeline|gen_inst[1].core                                                                                                                                                 ; altera_avalon_st_pipeline_base                                                                                            ; altera_avalon_st_pipeline_stage_1930                    ;
;             |gen_inst[2].core|                                                        ; 2.2 (2.2)            ; 2.7 (2.7)                        ; 0.4 (0.4)                                         ; 0.0 (0.0)                        ; 0.0 (0.0)            ; 4 (4)               ; 5 (5)                     ; 0 (0)         ; 0                 ; 0     ; 0                        ; 0                                      ; 0                                                 ; 0    ; 0 (0)  ; soc_inst|mm_interconnect_2|agent_pipeline|gen_inst[2].core                                                                                                                                                 ; altera_avalon_st_pipeline_base                                                                                            ; altera_avalon_st_pipeline_stage_1930                    ;
;          |agent_pipeline_001|                                                         ; 45.4 (0.0)           ; 46.8 (0.0)                       ; 1.3 (0.0)                                         ; 0.0 (0.0)                        ; 0.0 (0.0)            ; 63 (0)              ; 118 (0)                   ; 0 (0)         ; 0                 ; 0     ; 0                        ; 0                                      ; 0                                                 ; 0    ; 0 (0)  ; soc_inst|mm_interconnect_2|agent_pipeline_001                                                                                                                                                              ; qsys_top_altera_avalon_st_pipeline_stage_1930_oiupeiq                                                                     ; altera_avalon_st_pipeline_stage_1930                    ;
;             |gen_inst[1].core|                                                        ; 43.0 (43.0)          ; 44.1 (44.1)                      ; 1.1 (1.1)                                         ; 0.0 (0.0)                        ; 0.0 (0.0)            ; 59 (59)             ; 113 (113)                 ; 0 (0)         ; 0                 ; 0     ; 0                        ; 0                                      ; 0                                                 ; 0    ; 0 (0)  ; soc_inst|mm_interconnect_2|agent_pipeline_001|gen_inst[1].core                                                                                                                                             ; altera_avalon_st_pipeline_base                                                                                            ; altera_avalon_st_pipeline_stage_1930                    ;
;             |gen_inst[2].core|                                                        ; 2.4 (2.4)            ; 2.7 (2.7)                        ; 0.3 (0.3)                                         ; 0.0 (0.0)                        ; 0.0 (0.0)            ; 4 (4)               ; 5 (5)                     ; 0 (0)         ; 0                 ; 0     ; 0                        ; 0                                      ; 0                                                 ; 0    ; 0 (0)  ; soc_inst|mm_interconnect_2|agent_pipeline_001|gen_inst[2].core                                                                                                                                             ; altera_avalon_st_pipeline_base                                                                                            ; altera_avalon_st_pipeline_stage_1930                    ;
;          |agent_pipeline_002|                                                         ; 119.2 (0.0)          ; 129.5 (0.0)                      ; 10.3 (0.0)                                        ; 0.0 (0.0)                        ; 0.0 (0.0)            ; 162 (0)             ; 313 (0)                   ; 0 (0)         ; 0                 ; 0     ; 0                        ; 0                                      ; 0                                                 ; 0    ; 0 (0)  ; soc_inst|mm_interconnect_2|agent_pipeline_002                                                                                                                                                              ; qsys_top_altera_avalon_st_pipeline_stage_1930_oiupeiq                                                                     ; altera_avalon_st_pipeline_stage_1930                    ;
;             |gen_inst[0].core|                                                        ; 98.0 (98.0)          ; 104.0 (104.0)                    ; 6.0 (6.0)                                         ; 0.0 (0.0)                        ; 0.0 (0.0)            ; 132 (132)           ; 259 (259)                 ; 0 (0)         ; 0                 ; 0     ; 0                        ; 0                                      ; 0                                                 ; 0    ; 0 (0)  ; soc_inst|mm_interconnect_2|agent_pipeline_002|gen_inst[0].core                                                                                                                                             ; altera_avalon_st_pipeline_base                                                                                            ; altera_avalon_st_pipeline_stage_1930                    ;
;             |gen_inst[1].core|                                                        ; 19.9 (19.9)          ; 24.2 (24.2)                      ; 4.3 (4.3)                                         ; 0.0 (0.0)                        ; 0.0 (0.0)            ; 28 (28)             ; 51 (51)                   ; 0 (0)         ; 0                 ; 0     ; 0                        ; 0                                      ; 0                                                 ; 0    ; 0 (0)  ; soc_inst|mm_interconnect_2|agent_pipeline_002|gen_inst[1].core                                                                                                                                             ; altera_avalon_st_pipeline_base                                                                                            ; altera_avalon_st_pipeline_stage_1930                    ;
;             |gen_inst[2].core|                                                        ; 1.3 (1.3)            ; 1.3 (1.3)                        ; 0.0 (0.0)                                         ; 0.0 (0.0)                        ; 0.0 (0.0)            ; 2 (2)               ; 3 (3)                     ; 0 (0)         ; 0                 ; 0     ; 0                        ; 0                                      ; 0                                                 ; 0    ; 0 (0)  ; soc_inst|mm_interconnect_2|agent_pipeline_002|gen_inst[2].core                                                                                                                                             ; altera_avalon_st_pipeline_base                                                                                            ; altera_avalon_st_pipeline_stage_1930                    ;
;          |agent_pipeline_003|                                                         ; 132.3 (0.0)          ; 133.5 (0.0)                      ; 2.5 (0.0)                                         ; 1.2 (0.0)                        ; 0.0 (0.0)            ; 165 (0)             ; 315 (0)                   ; 0 (0)         ; 0                 ; 0     ; 0                        ; 0                                      ; 0                                                 ; 0    ; 0 (0)  ; soc_inst|mm_interconnect_2|agent_pipeline_003                                                                                                                                                              ; qsys_top_altera_avalon_st_pipeline_stage_1930_oiupeiq                                                                     ; altera_avalon_st_pipeline_stage_1930                    ;
;             |gen_inst[0].core|                                                        ; 109.0 (109.0)        ; 108.8 (108.8)                    ; 1.0 (1.0)                                         ; 1.2 (1.2)                        ; 0.0 (0.0)            ; 132 (132)           ; 259 (259)                 ; 0 (0)         ; 0                 ; 0     ; 0                        ; 0                                      ; 0                                                 ; 0    ; 0 (0)  ; soc_inst|mm_interconnect_2|agent_pipeline_003|gen_inst[0].core                                                                                                                                             ; altera_avalon_st_pipeline_base                                                                                            ; altera_avalon_st_pipeline_stage_1930                    ;
;             |gen_inst[1].core|                                                        ; 20.1 (20.1)          ; 21.7 (21.7)                      ; 1.6 (1.6)                                         ; 0.0 (0.0)                        ; 0.0 (0.0)            ; 28 (28)             ; 51 (51)                   ; 0 (0)         ; 0                 ; 0     ; 0                        ; 0                                      ; 0                                                 ; 0    ; 0 (0)  ; soc_inst|mm_interconnect_2|agent_pipeline_003|gen_inst[1].core                                                                                                                                             ; altera_avalon_st_pipeline_base                                                                                            ; altera_avalon_st_pipeline_stage_1930                    ;
;             |gen_inst[2].core|                                                        ; 3.0 (3.0)            ; 3.0 (3.0)                        ; 0.0 (0.0)                                         ; 0.0 (0.0)                        ; 0.0 (0.0)            ; 5 (5)               ; 5 (5)                     ; 0 (0)         ; 0                 ; 0     ; 0                        ; 0                                      ; 0                                                 ; 0    ; 0 (0)  ; soc_inst|mm_interconnect_2|agent_pipeline_003|gen_inst[2].core                                                                                                                                             ; altera_avalon_st_pipeline_base                                                                                            ; altera_avalon_st_pipeline_stage_1930                    ;
;          |agent_pipeline_004|                                                         ; 262.4 (0.0)          ; 269.5 (0.0)                      ; 7.1 (0.0)                                         ; 0.0 (0.0)                        ; 0.0 (0.0)            ; 354 (0)             ; 688 (0)                   ; 0 (0)         ; 0                 ; 0     ; 0                        ; 0                                      ; 0                                                 ; 0    ; 0 (0)  ; soc_inst|mm_interconnect_2|agent_pipeline_004                                                                                                                                                              ; qsys_top_altera_avalon_st_pipeline_stage_1930_oiupeiq                                                                     ; altera_avalon_st_pipeline_stage_1930                    ;
;             |gen_inst[0].core|                                                        ; 98.4 (98.4)          ; 100.0 (100.0)                    ; 1.6 (1.6)                                         ; 0.0 (0.0)                        ; 0.0 (0.0)            ; 132 (132)           ; 259 (259)                 ; 0 (0)         ; 0                 ; 0     ; 0                        ; 0                                      ; 0                                                 ; 0    ; 0 (0)  ; soc_inst|mm_interconnect_2|agent_pipeline_004|gen_inst[0].core                                                                                                                                             ; altera_avalon_st_pipeline_base                                                                                            ; altera_avalon_st_pipeline_stage_1930                    ;
;             |gen_inst[1].core|                                                        ; 97.9 (97.9)          ; 100.0 (100.0)                    ; 2.1 (2.1)                                         ; 0.0 (0.0)                        ; 0.0 (0.0)            ; 132 (132)           ; 259 (259)                 ; 0 (0)         ; 0                 ; 0     ; 0                        ; 0                                      ; 0                                                 ; 0    ; 0 (0)  ; soc_inst|mm_interconnect_2|agent_pipeline_004|gen_inst[1].core                                                                                                                                             ; altera_avalon_st_pipeline_base                                                                                            ; altera_avalon_st_pipeline_stage_1930                    ;
;             |gen_inst[2].core|                                                        ; 60.8 (60.8)          ; 63.0 (63.0)                      ; 2.2 (2.2)                                         ; 0.0 (0.0)                        ; 0.0 (0.0)            ; 82 (82)             ; 159 (159)                 ; 0 (0)         ; 0                 ; 0     ; 0                        ; 0                                      ; 0                                                 ; 0    ; 0 (0)  ; soc_inst|mm_interconnect_2|agent_pipeline_004|gen_inst[2].core                                                                                                                                             ; altera_avalon_st_pipeline_base                                                                                            ; altera_avalon_st_pipeline_stage_1930                    ;
;             |gen_inst[3].core|                                                        ; 5.3 (5.3)            ; 6.5 (6.5)                        ; 1.3 (1.3)                                         ; 0.0 (0.0)                        ; 0.0 (0.0)            ; 8 (8)               ; 11 (11)                   ; 0 (0)         ; 0                 ; 0     ; 0                        ; 0                                      ; 0                                                 ; 0    ; 0 (0)  ; soc_inst|mm_interconnect_2|agent_pipeline_004|gen_inst[3].core                                                                                                                                             ; altera_avalon_st_pipeline_base                                                                                            ; altera_avalon_st_pipeline_stage_1930                    ;
;          |agent_pipeline_005|                                                         ; 46.2 (0.0)           ; 49.0 (0.0)                       ; 2.8 (0.0)                                         ; 0.0 (0.0)                        ; 0.0 (0.0)            ; 64 (0)              ; 118 (0)                   ; 0 (0)         ; 0                 ; 0     ; 0                        ; 0                                      ; 0                                                 ; 0    ; 0 (0)  ; soc_inst|mm_interconnect_2|agent_pipeline_005                                                                                                                                                              ; qsys_top_altera_avalon_st_pipeline_stage_1930_oiupeiq                                                                     ; altera_avalon_st_pipeline_stage_1930                    ;
;             |gen_inst[2].core|                                                        ; 41.8 (41.8)          ; 43.7 (43.7)                      ; 1.8 (1.8)                                         ; 0.0 (0.0)                        ; 0.0 (0.0)            ; 57 (57)             ; 109 (109)                 ; 0 (0)         ; 0                 ; 0     ; 0                        ; 0                                      ; 0                                                 ; 0    ; 0 (0)  ; soc_inst|mm_interconnect_2|agent_pipeline_005|gen_inst[2].core                                                                                                                                             ; altera_avalon_st_pipeline_base                                                                                            ; altera_avalon_st_pipeline_stage_1930                    ;
;             |gen_inst[3].core|                                                        ; 4.4 (4.4)            ; 5.3 (5.3)                        ; 0.9 (0.9)                                         ; 0.0 (0.0)                        ; 0.0 (0.0)            ; 7 (7)               ; 9 (9)                     ; 0 (0)         ; 0                 ; 0     ; 0                        ; 0                                      ; 0                                                 ; 0    ; 0 (0)  ; soc_inst|mm_interconnect_2|agent_pipeline_005|gen_inst[3].core                                                                                                                                             ; altera_avalon_st_pipeline_base                                                                                            ; altera_avalon_st_pipeline_stage_1930                    ;
;          |agent_pipeline_006|                                                         ; 8.9 (0.0)            ; 10.5 (0.0)                       ; 1.6 (0.0)                                         ; 0.0 (0.0)                        ; 0.0 (0.0)            ; 14 (0)              ; 18 (0)                    ; 0 (0)         ; 0                 ; 0     ; 0                        ; 0                                      ; 0                                                 ; 0    ; 0 (0)  ; soc_inst|mm_interconnect_2|agent_pipeline_006                                                                                                                                                              ; qsys_top_altera_avalon_st_pipeline_stage_1930_oiupeiq                                                                     ; altera_avalon_st_pipeline_stage_1930                    ;
;             |gen_inst[2].core|                                                        ; 3.0 (3.0)            ; 3.0 (3.0)                        ; 0.0 (0.0)                                         ; 0.0 (0.0)                        ; 0.0 (0.0)            ; 5 (5)               ; 5 (5)                     ; 0 (0)         ; 0                 ; 0     ; 0                        ; 0                                      ; 0                                                 ; 0    ; 0 (0)  ; soc_inst|mm_interconnect_2|agent_pipeline_006|gen_inst[2].core                                                                                                                                             ; altera_avalon_st_pipeline_base                                                                                            ; altera_avalon_st_pipeline_stage_1930                    ;
;             |gen_inst[3].core|                                                        ; 5.7 (5.7)            ; 7.5 (7.5)                        ; 1.8 (1.8)                                         ; 0.0 (0.0)                        ; 0.0 (0.0)            ; 9 (9)               ; 13 (13)                   ; 0 (0)         ; 0                 ; 0     ; 0                        ; 0                                      ; 0                                                 ; 0    ; 0 (0)  ; soc_inst|mm_interconnect_2|agent_pipeline_006|gen_inst[3].core                                                                                                                                             ; altera_avalon_st_pipeline_base                                                                                            ; altera_avalon_st_pipeline_stage_1930                    ;
;          |agent_pipeline_007|                                                         ; 212.4 (0.0)          ; 233.9 (0.0)                      ; 21.5 (0.0)                                        ; 0.0 (0.0)                        ; 0.0 (0.0)            ; 293 (0)             ; 564 (0)                   ; 0 (0)         ; 0                 ; 0     ; 0                        ; 0                                      ; 0                                                 ; 0    ; 0 (0)  ; soc_inst|mm_interconnect_2|agent_pipeline_007                                                                                                                                                              ; qsys_top_altera_avalon_st_pipeline_stage_1930_oiupeiq                                                                     ; altera_avalon_st_pipeline_stage_1930                    ;
;             |gen_inst[0].core|                                                        ; 95.8 (95.8)          ; 107.0 (107.0)                    ; 11.2 (11.2)                                       ; 0.0 (0.0)                        ; 0.0 (0.0)            ; 132 (132)           ; 259 (259)                 ; 0 (0)         ; 0                 ; 0     ; 0                        ; 0                                      ; 0                                                 ; 0    ; 0 (0)  ; soc_inst|mm_interconnect_2|agent_pipeline_007|gen_inst[0].core                                                                                                                                             ; altera_avalon_st_pipeline_base                                                                                            ; altera_avalon_st_pipeline_stage_1930                    ;
;             |gen_inst[1].core|                                                        ; 96.4 (96.4)          ; 105.0 (105.0)                    ; 8.6 (8.6)                                         ; 0.0 (0.0)                        ; 0.0 (0.0)            ; 132 (132)           ; 259 (259)                 ; 0 (0)         ; 0                 ; 0     ; 0                        ; 0                                      ; 0                                                 ; 0    ; 0 (0)  ; soc_inst|mm_interconnect_2|agent_pipeline_007|gen_inst[1].core                                                                                                                                             ; altera_avalon_st_pipeline_base                                                                                            ; altera_avalon_st_pipeline_stage_1930                    ;
;             |gen_inst[2].core|                                                        ; 12.2 (12.2)          ; 12.6 (12.6)                      ; 0.4 (0.4)                                         ; 0.0 (0.0)                        ; 0.0 (0.0)            ; 17 (17)             ; 29 (29)                   ; 0 (0)         ; 0                 ; 0     ; 0                        ; 0                                      ; 0                                                 ; 0    ; 0 (0)  ; soc_inst|mm_interconnect_2|agent_pipeline_007|gen_inst[2].core                                                                                                                                             ; altera_avalon_st_pipeline_base                                                                                            ; altera_avalon_st_pipeline_stage_1930                    ;
;             |gen_inst[3].core|                                                        ; 8.0 (8.0)            ; 9.3 (9.3)                        ; 1.3 (1.3)                                         ; 0.0 (0.0)                        ; 0.0 (0.0)            ; 12 (12)             ; 17 (17)                   ; 0 (0)         ; 0                 ; 0     ; 0                        ; 0                                      ; 0                                                 ; 0    ; 0 (0)  ; soc_inst|mm_interconnect_2|agent_pipeline_007|gen_inst[3].core                                                                                                                                             ; altera_avalon_st_pipeline_base                                                                                            ; altera_avalon_st_pipeline_stage_1930                    ;
;          |cmd_demux|                                                                  ; 0.5 (0.5)            ; 0.5 (0.5)                        ; 0.0 (0.0)                                         ; 0.0 (0.0)                        ; 0.0 (0.0)            ; 1 (1)               ; 0 (0)                     ; 0 (0)         ; 0                 ; 0     ; 0                        ; 0                                      ; 0                                                 ; 0    ; 0 (0)  ; soc_inst|mm_interconnect_2|cmd_demux                                                                                                                                                                       ; qsys_top_altera_merlin_demultiplexer_1921_fj7xowi                                                                         ; altera_merlin_demultiplexer_1921                        ;
;          |cmd_demux_001|                                                              ; 1.0 (1.0)            ; 1.0 (1.0)                        ; 0.0 (0.0)                                         ; 0.0 (0.0)                        ; 0.0 (0.0)            ; 2 (2)               ; 0 (0)                     ; 0 (0)         ; 0                 ; 0     ; 0                        ; 0                                      ; 0                                                 ; 0    ; 0 (0)  ; soc_inst|mm_interconnect_2|cmd_demux_001                                                                                                                                                                   ; qsys_top_altera_merlin_demultiplexer_1921_hegzyky                                                                         ; altera_merlin_demultiplexer_1921                        ;
;          |cmd_demux_002|                                                              ; 0.3 (0.3)            ; 0.5 (0.5)                        ; 0.2 (0.2)                                         ; 0.0 (0.0)                        ; 0.0 (0.0)            ; 1 (1)               ; 0 (0)                     ; 0 (0)         ; 0                 ; 0     ; 0                        ; 0                                      ; 0                                                 ; 0    ; 0 (0)  ; soc_inst|mm_interconnect_2|cmd_demux_002                                                                                                                                                                   ; qsys_top_altera_merlin_demultiplexer_1921_hegzyky                                                                         ; altera_merlin_demultiplexer_1921                        ;
;          |cmd_mux|                                                                    ; 50.1 (48.0)          ; 51.1 (49.1)                      ; 1.5 (1.5)                                         ; 0.4 (0.4)                        ; 0.0 (0.0)            ; 192 (187)           ; 7 (4)                     ; 0 (0)         ; 0                 ; 0     ; 0                        ; 0                                      ; 0                                                 ; 0    ; 0 (0)  ; soc_inst|mm_interconnect_2|cmd_mux                                                                                                                                                                         ; qsys_top_altera_merlin_multiplexer_1922_nf4c2vy                                                                           ; altera_merlin_multiplexer_1922                          ;
;             |arb|                                                                     ; 2.0 (2.0)            ; 2.0 (2.0)                        ; 0.0 (0.0)                                         ; 0.0 (0.0)                        ; 0.0 (0.0)            ; 5 (5)               ; 3 (3)                     ; 0 (0)         ; 0                 ; 0     ; 0                        ; 0                                      ; 0                                                 ; 0    ; 0 (0)  ; soc_inst|mm_interconnect_2|cmd_mux|arb                                                                                                                                                                     ; altera_merlin_arbitrator                                                                                                  ; altera_merlin_multiplexer_1922                          ;
;          |cmd_mux_001|                                                                ; 18.1 (16.2)          ; 19.2 (17.2)                      ; 1.2 (1.0)                                         ; 0.0 (0.0)                        ; 0.0 (0.0)            ; 64 (59)             ; 7 (4)                     ; 0 (0)         ; 0                 ; 0     ; 0                        ; 0                                      ; 0                                                 ; 0    ; 0 (0)  ; soc_inst|mm_interconnect_2|cmd_mux_001                                                                                                                                                                     ; qsys_top_altera_merlin_multiplexer_1922_nf4c2vy                                                                           ; altera_merlin_multiplexer_1922                          ;
;             |arb|                                                                     ; 1.8 (1.8)            ; 2.0 (2.0)                        ; 0.2 (0.2)                                         ; 0.0 (0.0)                        ; 0.0 (0.0)            ; 5 (5)               ; 3 (3)                     ; 0 (0)         ; 0                 ; 0     ; 0                        ; 0                                      ; 0                                                 ; 0    ; 0 (0)  ; soc_inst|mm_interconnect_2|cmd_mux_001|arb                                                                                                                                                                 ; altera_merlin_arbitrator                                                                                                  ; altera_merlin_multiplexer_1922                          ;
;          |emif_io96b_lpddr4_0_s0_axi4_agent|                                          ; 1018.4 (18.3)        ; 1025.2 (20.0)                    ; 20.6 (1.7)                                        ; 13.7 (0.0)                       ; 0.0 (0.0)            ; 2044 (37)           ; 1886 (7)                  ; 0 (0)         ; 0                 ; 0     ; 0                        ; 0                                      ; 0                                                 ; 0    ; 0 (0)  ; soc_inst|mm_interconnect_2|emif_io96b_lpddr4_0_s0_axi4_agent                                                                                                                                               ; qsys_top_altera_merlin_axi_slave_ni_19128_gob52ii                                                                         ; altera_merlin_axi_slave_ni_19128                        ;
;             |check_and_align_address_to_size|                                         ; 1.3 (1.3)            ; 1.3 (1.3)                        ; 0.0 (0.0)                                         ; 0.0 (0.0)                        ; 0.0 (0.0)            ; 4 (4)               ; 0 (0)                     ; 0 (0)         ; 0                 ; 0     ; 0                        ; 0                                      ; 0                                                 ; 0    ; 0 (0)  ; soc_inst|mm_interconnect_2|emif_io96b_lpddr4_0_s0_axi4_agent|check_and_align_address_to_size                                                                                                               ; altera_merlin_address_alignment                                                                                           ; altera_merlin_axi_slave_ni_19128                        ;
;             |read_burst_uncompressor|                                                 ; 21.1 (21.1)          ; 21.6 (21.6)                      ; 0.5 (0.5)                                         ; 0.0 (0.0)                        ; 0.0 (0.0)            ; 43 (43)             ; 21 (21)                   ; 0 (0)         ; 0                 ; 0     ; 0                        ; 0                                      ; 0                                                 ; 0    ; 0 (0)  ; soc_inst|mm_interconnect_2|emif_io96b_lpddr4_0_s0_axi4_agent|read_burst_uncompressor                                                                                                                       ; altera_merlin_burst_uncompressor                                                                                          ; altera_merlin_axi_slave_ni_19128                        ;
;             |read_rsp_fifo|                                                           ; 879.8 (0.0)          ; 885.3 (0.0)                      ; 18.7 (0.0)                                        ; 13.1 (0.0)                       ; 0.0 (0.0)            ; 1767 (0)            ; 1729 (0)                  ; 0 (0)         ; 0                 ; 0     ; 0                        ; 0                                      ; 0                                                 ; 0    ; 0 (0)  ; soc_inst|mm_interconnect_2|emif_io96b_lpddr4_0_s0_axi4_agent|read_rsp_fifo                                                                                                                                 ; qsys_top_altera_merlin_axi_slave_ni_altera_avalon_sc_fifo_19128_ylhff7y                                                   ; altera_merlin_axi_slave_ni_19128                        ;
;                |my_altera_avalon_sc_fifo_wr|                                          ; 879.8 (879.8)        ; 885.3 (885.3)                    ; 18.7 (18.7)                                       ; 13.1 (13.1)                      ; 0.0 (0.0)            ; 1767 (1767)         ; 1729 (1729)               ; 0 (0)         ; 0                 ; 0     ; 0                        ; 0                                      ; 0                                                 ; 0    ; 0 (0)  ; soc_inst|mm_interconnect_2|emif_io96b_lpddr4_0_s0_axi4_agent|read_rsp_fifo|my_altera_avalon_sc_fifo_wr                                                                                                     ; qsys_top_altera_avalon_sc_fifo_1932_22gxxgi                                                                               ; altera_avalon_sc_fifo_1932                              ;
;             |write_rsp_fifo|                                                          ; 97.6 (0.0)           ; 97.0 (0.0)                       ; 0.0 (0.0)                                         ; 0.6 (0.0)                        ; 0.0 (0.0)            ; 193 (0)             ; 129 (0)                   ; 0 (0)         ; 0                 ; 0     ; 0                        ; 0                                      ; 0                                                 ; 0    ; 0 (0)  ; soc_inst|mm_interconnect_2|emif_io96b_lpddr4_0_s0_axi4_agent|write_rsp_fifo                                                                                                                                ; qsys_top_altera_merlin_axi_slave_ni_altera_avalon_sc_fifo_19128_ylhff7y                                                   ; altera_merlin_axi_slave_ni_19128                        ;
;                |my_altera_avalon_sc_fifo_wr|                                          ; 97.6 (97.6)          ; 97.0 (97.0)                      ; 0.0 (0.0)                                         ; 0.6 (0.6)                        ; 0.0 (0.0)            ; 193 (193)           ; 129 (129)                 ; 0 (0)         ; 0                 ; 0     ; 0                        ; 0                                      ; 0                                                 ; 0    ; 0 (0)  ; soc_inst|mm_interconnect_2|emif_io96b_lpddr4_0_s0_axi4_agent|write_rsp_fifo|my_altera_avalon_sc_fifo_wr                                                                                                    ; qsys_top_altera_avalon_sc_fifo_1932_22gxxgi                                                                               ; altera_avalon_sc_fifo_1932                              ;
;          |emif_io96b_lpddr4_0_s0_axi4_rd_to_subsys_hps_hps2fpga_rd_rsp_width_adapter| ; 51.6 (51.6)          ; 57.0 (57.0)                      ; 5.4 (5.4)                                         ; 0.0 (0.0)                        ; 0.0 (0.0)            ; 155 (155)           ; 9 (9)                     ; 0 (0)         ; 0                 ; 0     ; 0                        ; 0                                      ; 0                                                 ; 0    ; 0 (0)  ; soc_inst|mm_interconnect_2|emif_io96b_lpddr4_0_s0_axi4_rd_to_subsys_hps_hps2fpga_rd_rsp_width_adapter                                                                                                      ; qsys_top_altera_merlin_width_adapter_1961_lbik4kq                                                                         ; altera_merlin_width_adapter_1961                        ;
;          |limiter_pipeline|                                                           ; 45.5 (0.0)           ; 48.5 (0.0)                       ; 3.0 (0.0)                                         ; 0.0 (0.0)                        ; 0.0 (0.0)            ; 65 (0)              ; 117 (0)                   ; 0 (0)         ; 0                 ; 0     ; 0                        ; 0                                      ; 0                                                 ; 0    ; 0 (0)  ; soc_inst|mm_interconnect_2|limiter_pipeline                                                                                                                                                                ; qsys_top_altera_avalon_st_pipeline_stage_1930_oiupeiq                                                                     ; altera_avalon_st_pipeline_stage_1930                    ;
;             |gen_inst[0].core|                                                        ; 42.1 (42.1)          ; 44.0 (44.0)                      ; 1.9 (1.9)                                         ; 0.0 (0.0)                        ; 0.0 (0.0)            ; 58 (58)             ; 111 (111)                 ; 0 (0)         ; 0                 ; 0     ; 0                        ; 0                                      ; 0                                                 ; 0    ; 0 (0)  ; soc_inst|mm_interconnect_2|limiter_pipeline|gen_inst[0].core                                                                                                                                               ; altera_avalon_st_pipeline_base                                                                                            ; altera_avalon_st_pipeline_stage_1930                    ;
;             |gen_inst[1].core|                                                        ; 3.4 (3.4)            ; 4.5 (4.5)                        ; 1.1 (1.1)                                         ; 0.0 (0.0)                        ; 0.0 (0.0)            ; 7 (7)               ; 6 (6)                     ; 0 (0)         ; 0                 ; 0     ; 0                        ; 0                                      ; 0                                                 ; 0    ; 0 (0)  ; soc_inst|mm_interconnect_2|limiter_pipeline|gen_inst[1].core                                                                                                                                               ; altera_avalon_st_pipeline_base                                                                                            ; altera_avalon_st_pipeline_stage_1930                    ;
;          |limiter_pipeline_001|                                                       ; 9.3 (0.0)            ; 10.0 (0.0)                       ; 0.9 (0.0)                                         ; 0.1 (0.0)                        ; 0.0 (0.0)            ; 1 (0)               ; 40 (0)                    ; 0 (0)         ; 0                 ; 0     ; 0                        ; 0                                      ; 0                                                 ; 0    ; 0 (0)  ; soc_inst|mm_interconnect_2|limiter_pipeline_001                                                                                                                                                            ; qsys_top_altera_avalon_st_pipeline_stage_1930_oiupeiq                                                                     ; altera_avalon_st_pipeline_stage_1930                    ;
;             |gen_inst[0].core|                                                        ; 8.5 (8.5)            ; 9.2 (9.2)                        ; 0.8 (0.8)                                         ; 0.1 (0.1)                        ; 0.0 (0.0)            ; 0 (0)               ; 37 (37)                   ; 0 (0)         ; 0                 ; 0     ; 0                        ; 0                                      ; 0                                                 ; 0    ; 0 (0)  ; soc_inst|mm_interconnect_2|limiter_pipeline_001|gen_inst[0].core                                                                                                                                           ; altera_avalon_st_pipeline_base                                                                                            ; altera_avalon_st_pipeline_stage_1930                    ;
;             |gen_inst[1].core|                                                        ; 0.7 (0.7)            ; 0.8 (0.8)                        ; 0.0 (0.0)                                         ; 0.0 (0.0)                        ; 0.0 (0.0)            ; 1 (1)               ; 3 (3)                     ; 0 (0)         ; 0                 ; 0     ; 0                        ; 0                                      ; 0                                                 ; 0    ; 0 (0)  ; soc_inst|mm_interconnect_2|limiter_pipeline_001|gen_inst[1].core                                                                                                                                           ; altera_avalon_st_pipeline_base                                                                                            ; altera_avalon_st_pipeline_stage_1930                    ;
;          |limiter_pipeline_002|                                                       ; 153.2 (0.0)          ; 160.5 (0.0)                      ; 7.3 (0.0)                                         ; 0.0 (0.0)                        ; 0.0 (0.0)            ; 211 (0)             ; 402 (0)                   ; 0 (0)         ; 0                 ; 0     ; 0                        ; 0                                      ; 0                                                 ; 0    ; 0 (0)  ; soc_inst|mm_interconnect_2|limiter_pipeline_002                                                                                                                                                            ; qsys_top_altera_avalon_st_pipeline_stage_1930_oiupeiq                                                                     ; altera_avalon_st_pipeline_stage_1930                    ;
;             |gen_inst[0].core|                                                        ; 97.6 (97.6)          ; 100.0 (100.0)                    ; 2.4 (2.4)                                         ; 0.0 (0.0)                        ; 0.0 (0.0)            ; 132 (132)           ; 259 (259)                 ; 0 (0)         ; 0                 ; 0     ; 0                        ; 0                                      ; 0                                                 ; 0    ; 0 (0)  ; soc_inst|mm_interconnect_2|limiter_pipeline_002|gen_inst[0].core                                                                                                                                           ; altera_avalon_st_pipeline_base                                                                                            ; altera_avalon_st_pipeline_stage_1930                    ;
;             |gen_inst[1].core|                                                        ; 51.5 (51.5)          ; 55.8 (55.8)                      ; 4.4 (4.4)                                         ; 0.0 (0.0)                        ; 0.0 (0.0)            ; 71 (71)             ; 135 (135)                 ; 0 (0)         ; 0                 ; 0     ; 0                        ; 0                                      ; 0                                                 ; 0    ; 0 (0)  ; soc_inst|mm_interconnect_2|limiter_pipeline_002|gen_inst[1].core                                                                                                                                           ; altera_avalon_st_pipeline_base                                                                                            ; altera_avalon_st_pipeline_stage_1930                    ;
;             |gen_inst[2].core|                                                        ; 4.2 (4.2)            ; 4.7 (4.7)                        ; 0.5 (0.5)                                         ; 0.0 (0.0)                        ; 0.0 (0.0)            ; 8 (8)               ; 8 (8)                     ; 0 (0)         ; 0                 ; 0     ; 0                        ; 0                                      ; 0                                                 ; 0    ; 0 (0)  ; soc_inst|mm_interconnect_2|limiter_pipeline_002|gen_inst[2].core                                                                                                                                           ; altera_avalon_st_pipeline_base                                                                                            ; altera_avalon_st_pipeline_stage_1930                    ;
;          |limiter_pipeline_003|                                                       ; 9.4 (0.0)            ; 10.1 (0.0)                       ; 0.7 (0.0)                                         ; 0.0 (0.0)                        ; 0.0 (0.0)            ; 15 (0)              ; 20 (0)                    ; 0 (0)         ; 0                 ; 0     ; 0                        ; 0                                      ; 0                                                 ; 0    ; 0 (0)  ; soc_inst|mm_interconnect_2|limiter_pipeline_003                                                                                                                                                            ; qsys_top_altera_avalon_st_pipeline_stage_1930_oiupeiq                                                                     ; altera_avalon_st_pipeline_stage_1930                    ;
;             |gen_inst[1].core|                                                        ; 6.7 (6.7)            ; 7.1 (7.1)                        ; 0.3 (0.3)                                         ; 0.0 (0.0)                        ; 0.0 (0.0)            ; 10 (10)             ; 15 (15)                   ; 0 (0)         ; 0                 ; 0     ; 0                        ; 0                                      ; 0                                                 ; 0    ; 0 (0)  ; soc_inst|mm_interconnect_2|limiter_pipeline_003|gen_inst[1].core                                                                                                                                           ; altera_avalon_st_pipeline_base                                                                                            ; altera_avalon_st_pipeline_stage_1930                    ;
;             |gen_inst[2].core|                                                        ; 2.7 (2.7)            ; 3.0 (3.0)                        ; 0.3 (0.3)                                         ; 0.0 (0.0)                        ; 0.0 (0.0)            ; 5 (5)               ; 5 (5)                     ; 0 (0)         ; 0                 ; 0     ; 0                        ; 0                                      ; 0                                                 ; 0    ; 0 (0)  ; soc_inst|mm_interconnect_2|limiter_pipeline_003|gen_inst[2].core                                                                                                                                           ; altera_avalon_st_pipeline_base                                                                                            ; altera_avalon_st_pipeline_stage_1930                    ;
;          |limiter_pipeline_004|                                                       ; 47.8 (0.0)           ; 51.2 (0.0)                       ; 4.1 (0.0)                                         ; 0.7 (0.0)                        ; 0.0 (0.0)            ; 63 (0)              ; 116 (0)                   ; 0 (0)         ; 0                 ; 0     ; 0                        ; 0                                      ; 0                                                 ; 0    ; 0 (0)  ; soc_inst|mm_interconnect_2|limiter_pipeline_004                                                                                                                                                            ; qsys_top_altera_avalon_st_pipeline_stage_1930_oiupeiq                                                                     ; altera_avalon_st_pipeline_stage_1930                    ;
;             |gen_inst[1].core|                                                        ; 45.3 (45.3)          ; 48.5 (48.5)                      ; 3.9 (3.9)                                         ; 0.7 (0.7)                        ; 0.0 (0.0)            ; 59 (59)             ; 111 (111)                 ; 0 (0)         ; 0                 ; 0     ; 0                        ; 0                                      ; 0                                                 ; 0    ; 0 (0)  ; soc_inst|mm_interconnect_2|limiter_pipeline_004|gen_inst[1].core                                                                                                                                           ; altera_avalon_st_pipeline_base                                                                                            ; altera_avalon_st_pipeline_stage_1930                    ;
;             |gen_inst[2].core|                                                        ; 2.5 (2.5)            ; 2.7 (2.7)                        ; 0.2 (0.2)                                         ; 0.0 (0.0)                        ; 0.0 (0.0)            ; 4 (4)               ; 5 (5)                     ; 0 (0)         ; 0                 ; 0     ; 0                        ; 0                                      ; 0                                                 ; 0    ; 0 (0)  ; soc_inst|mm_interconnect_2|limiter_pipeline_004|gen_inst[2].core                                                                                                                                           ; altera_avalon_st_pipeline_base                                                                                            ; altera_avalon_st_pipeline_stage_1930                    ;
;          |limiter_pipeline_005|                                                       ; 105.3 (0.0)          ; 108.4 (0.0)                      ; 3.1 (0.0)                                         ; 0.0 (0.0)                        ; 0.0 (0.0)            ; 146 (0)             ; 279 (0)                   ; 0 (0)         ; 0                 ; 0     ; 0                        ; 0                                      ; 0                                                 ; 0    ; 0 (0)  ; soc_inst|mm_interconnect_2|limiter_pipeline_005                                                                                                                                                            ; qsys_top_altera_avalon_st_pipeline_stage_1930_oiupeiq                                                                     ; altera_avalon_st_pipeline_stage_1930                    ;
;             |gen_inst[0].core|                                                        ; 95.8 (95.8)          ; 98.4 (98.4)                      ; 2.6 (2.6)                                         ; 0.0 (0.0)                        ; 0.0 (0.0)            ; 132 (132)           ; 259 (259)                 ; 0 (0)         ; 0                 ; 0     ; 0                        ; 0                                      ; 0                                                 ; 0    ; 0 (0)  ; soc_inst|mm_interconnect_2|limiter_pipeline_005|gen_inst[0].core                                                                                                                                           ; altera_avalon_st_pipeline_base                                                                                            ; altera_avalon_st_pipeline_stage_1930                    ;
;             |gen_inst[1].core|                                                        ; 6.9 (6.9)            ; 7.0 (7.0)                        ; 0.1 (0.1)                                         ; 0.0 (0.0)                        ; 0.0 (0.0)            ; 10 (10)             ; 15 (15)                   ; 0 (0)         ; 0                 ; 0     ; 0                        ; 0                                      ; 0                                                 ; 0    ; 0 (0)  ; soc_inst|mm_interconnect_2|limiter_pipeline_005|gen_inst[1].core                                                                                                                                           ; altera_avalon_st_pipeline_base                                                                                            ; altera_avalon_st_pipeline_stage_1930                    ;
;             |gen_inst[2].core|                                                        ; 2.6 (2.6)            ; 3.0 (3.0)                        ; 0.4 (0.4)                                         ; 0.0 (0.0)                        ; 0.0 (0.0)            ; 4 (4)               ; 5 (5)                     ; 0 (0)         ; 0                 ; 0     ; 0                        ; 0                                      ; 0                                                 ; 0    ; 0 (0)  ; soc_inst|mm_interconnect_2|limiter_pipeline_005|gen_inst[2].core                                                                                                                                           ; altera_avalon_st_pipeline_base                                                                                            ; altera_avalon_st_pipeline_stage_1930                    ;
;          |mux_pipeline|                                                               ; 127.8 (0.0)          ; 132.0 (0.0)                      ; 7.2 (0.0)                                         ; 3.0 (0.0)                        ; 0.0 (0.0)            ; 172 (0)             ; 331 (0)                   ; 0 (0)         ; 0                 ; 0     ; 0                        ; 0                                      ; 0                                                 ; 0    ; 0 (0)  ; soc_inst|mm_interconnect_2|mux_pipeline                                                                                                                                                                    ; qsys_top_altera_avalon_st_pipeline_stage_1930_oiupeiq                                                                     ; altera_avalon_st_pipeline_stage_1930                    ;
;             |gen_inst[0].core|                                                        ; 100.0 (100.0)        ; 99.0 (99.0)                      ; 2.0 (2.0)                                         ; 3.0 (3.0)                        ; 0.0 (0.0)            ; 133 (133)           ; 259 (259)                 ; 0 (0)         ; 0                 ; 0     ; 0                        ; 0                                      ; 0                                                 ; 0    ; 0 (0)  ; soc_inst|mm_interconnect_2|mux_pipeline|gen_inst[0].core                                                                                                                                                   ; altera_avalon_st_pipeline_base                                                                                            ; altera_avalon_st_pipeline_stage_1930                    ;
;             |gen_inst[1].core|                                                        ; 26.5 (26.5)          ; 31.5 (31.5)                      ; 5.0 (5.0)                                         ; 0.0 (0.0)                        ; 0.0 (0.0)            ; 37 (37)             ; 69 (69)                   ; 0 (0)         ; 0                 ; 0     ; 0                        ; 0                                      ; 0                                                 ; 0    ; 0 (0)  ; soc_inst|mm_interconnect_2|mux_pipeline|gen_inst[1].core                                                                                                                                                   ; altera_avalon_st_pipeline_base                                                                                            ; altera_avalon_st_pipeline_stage_1930                    ;
;             |gen_inst[2].core|                                                        ; 1.2 (1.2)            ; 1.5 (1.5)                        ; 0.3 (0.3)                                         ; 0.0 (0.0)                        ; 0.0 (0.0)            ; 2 (2)               ; 3 (3)                     ; 0 (0)         ; 0                 ; 0     ; 0                        ; 0                                      ; 0                                                 ; 0    ; 0 (0)  ; soc_inst|mm_interconnect_2|mux_pipeline|gen_inst[2].core                                                                                                                                                   ; altera_avalon_st_pipeline_base                                                                                            ; altera_avalon_st_pipeline_stage_1930                    ;
;          |mux_pipeline_001|                                                           ; 142.3 (0.0)          ; 152.5 (0.0)                      ; 10.2 (0.0)                                        ; 0.0 (0.0)                        ; 0.0 (0.0)            ; 195 (0)             ; 373 (0)                   ; 0 (0)         ; 0                 ; 0     ; 0                        ; 0                                      ; 0                                                 ; 0    ; 0 (0)  ; soc_inst|mm_interconnect_2|mux_pipeline_001                                                                                                                                                                ; qsys_top_altera_avalon_st_pipeline_stage_1930_oiupeiq                                                                     ; altera_avalon_st_pipeline_stage_1930                    ;
;             |gen_inst[0].core|                                                        ; 98.1 (98.1)          ; 102.1 (102.1)                    ; 4.0 (4.0)                                         ; 0.0 (0.0)                        ; 0.0 (0.0)            ; 133 (133)           ; 259 (259)                 ; 0 (0)         ; 0                 ; 0     ; 0                        ; 0                                      ; 0                                                 ; 0    ; 0 (0)  ; soc_inst|mm_interconnect_2|mux_pipeline_001|gen_inst[0].core                                                                                                                                               ; altera_avalon_st_pipeline_base                                                                                            ; altera_avalon_st_pipeline_stage_1930                    ;
;             |gen_inst[1].core|                                                        ; 40.9 (40.9)          ; 47.7 (47.7)                      ; 6.9 (6.9)                                         ; 0.0 (0.0)                        ; 0.0 (0.0)            ; 57 (57)             ; 109 (109)                 ; 0 (0)         ; 0                 ; 0     ; 0                        ; 0                                      ; 0                                                 ; 0    ; 0 (0)  ; soc_inst|mm_interconnect_2|mux_pipeline_001|gen_inst[1].core                                                                                                                                               ; altera_avalon_st_pipeline_base                                                                                            ; altera_avalon_st_pipeline_stage_1930                    ;
;             |gen_inst[2].core|                                                        ; 2.7 (2.7)            ; 2.7 (2.7)                        ; 0.0 (0.0)                                         ; 0.0 (0.0)                        ; 0.0 (0.0)            ; 5 (5)               ; 5 (5)                     ; 0 (0)         ; 0                 ; 0     ; 0                        ; 0                                      ; 0                                                 ; 0    ; 0 (0)  ; soc_inst|mm_interconnect_2|mux_pipeline_001|gen_inst[2].core                                                                                                                                               ; altera_avalon_st_pipeline_base                                                                                            ; altera_avalon_st_pipeline_stage_1930                    ;
;          |mux_pipeline_002|                                                           ; 31.1 (0.0)           ; 34.0 (0.0)                       ; 4.8 (0.0)                                         ; 1.9 (0.0)                        ; 0.0 (0.0)            ; 41 (0)              ; 74 (0)                    ; 0 (0)         ; 0                 ; 0     ; 0                        ; 0                                      ; 0                                                 ; 0    ; 0 (0)  ; soc_inst|mm_interconnect_2|mux_pipeline_002                                                                                                                                                                ; qsys_top_altera_avalon_st_pipeline_stage_1930_oiupeiq                                                                     ; altera_avalon_st_pipeline_stage_1930                    ;
;             |gen_inst[1].core|                                                        ; 29.8 (29.8)          ; 32.5 (32.5)                      ; 4.6 (4.6)                                         ; 1.9 (1.9)                        ; 0.0 (0.0)            ; 39 (39)             ; 71 (71)                   ; 0 (0)         ; 0                 ; 0     ; 0                        ; 0                                      ; 0                                                 ; 0    ; 0 (0)  ; soc_inst|mm_interconnect_2|mux_pipeline_002|gen_inst[1].core                                                                                                                                               ; altera_avalon_st_pipeline_base                                                                                            ; altera_avalon_st_pipeline_stage_1930                    ;
;             |gen_inst[2].core|                                                        ; 1.3 (1.3)            ; 1.5 (1.5)                        ; 0.2 (0.2)                                         ; 0.0 (0.0)                        ; 0.0 (0.0)            ; 2 (2)               ; 3 (3)                     ; 0 (0)         ; 0                 ; 0     ; 0                        ; 0                                      ; 0                                                 ; 0    ; 0 (0)  ; soc_inst|mm_interconnect_2|mux_pipeline_002|gen_inst[2].core                                                                                                                                               ; altera_avalon_st_pipeline_base                                                                                            ; altera_avalon_st_pipeline_stage_1930                    ;
;          |mux_pipeline_003|                                                           ; 30.5 (0.0)           ; 32.5 (0.0)                       ; 2.0 (0.0)                                         ; 0.0 (0.0)                        ; 0.0 (0.0)            ; 43 (0)              ; 78 (0)                    ; 0 (0)         ; 0                 ; 0     ; 0                        ; 0                                      ; 0                                                 ; 0    ; 0 (0)  ; soc_inst|mm_interconnect_2|mux_pipeline_003                                                                                                                                                                ; qsys_top_altera_avalon_st_pipeline_stage_1930_oiupeiq                                                                     ; altera_avalon_st_pipeline_stage_1930                    ;
;             |gen_inst[1].core|                                                        ; 29.2 (29.2)          ; 31.0 (31.0)                      ; 1.8 (1.8)                                         ; 0.0 (0.0)                        ; 0.0 (0.0)            ; 41 (41)             ; 75 (75)                   ; 0 (0)         ; 0                 ; 0     ; 0                        ; 0                                      ; 0                                                 ; 0    ; 0 (0)  ; soc_inst|mm_interconnect_2|mux_pipeline_003|gen_inst[1].core                                                                                                                                               ; altera_avalon_st_pipeline_base                                                                                            ; altera_avalon_st_pipeline_stage_1930                    ;
;             |gen_inst[2].core|                                                        ; 1.2 (1.2)            ; 1.5 (1.5)                        ; 0.3 (0.3)                                         ; 0.0 (0.0)                        ; 0.0 (0.0)            ; 2 (2)               ; 3 (3)                     ; 0 (0)         ; 0                 ; 0     ; 0                        ; 0                                      ; 0                                                 ; 0    ; 0 (0)  ; soc_inst|mm_interconnect_2|mux_pipeline_003|gen_inst[2].core                                                                                                                                               ; altera_avalon_st_pipeline_base                                                                                            ; altera_avalon_st_pipeline_stage_1930                    ;
;          |mux_pipeline_004|                                                           ; 260.6 (0.0)          ; 303.8 (0.0)                      ; 43.2 (0.0)                                        ; 0.0 (0.0)                        ; 0.0 (0.0)            ; 354 (0)             ; 688 (0)                   ; 0 (0)         ; 0                 ; 0     ; 0                        ; 0                                      ; 0                                                 ; 0    ; 0 (0)  ; soc_inst|mm_interconnect_2|mux_pipeline_004                                                                                                                                                                ; qsys_top_altera_avalon_st_pipeline_stage_1930_oiupeiq                                                                     ; altera_avalon_st_pipeline_stage_1930                    ;
;             |gen_inst[0].core|                                                        ; 97.0 (97.0)          ; 118.5 (118.5)                    ; 21.5 (21.5)                                       ; 0.0 (0.0)                        ; 0.0 (0.0)            ; 132 (132)           ; 259 (259)                 ; 0 (0)         ; 0                 ; 0     ; 0                        ; 0                                      ; 0                                                 ; 0    ; 0 (0)  ; soc_inst|mm_interconnect_2|mux_pipeline_004|gen_inst[0].core                                                                                                                                               ; altera_avalon_st_pipeline_base                                                                                            ; altera_avalon_st_pipeline_stage_1930                    ;
;             |gen_inst[1].core|                                                        ; 98.0 (98.0)          ; 117.0 (117.0)                    ; 19.0 (19.0)                                       ; 0.0 (0.0)                        ; 0.0 (0.0)            ; 132 (132)           ; 259 (259)                 ; 0 (0)         ; 0                 ; 0     ; 0                        ; 0                                      ; 0                                                 ; 0    ; 0 (0)  ; soc_inst|mm_interconnect_2|mux_pipeline_004|gen_inst[1].core                                                                                                                                               ; altera_avalon_st_pipeline_base                                                                                            ; altera_avalon_st_pipeline_stage_1930                    ;
;             |gen_inst[2].core|                                                        ; 60.5 (60.5)          ; 61.8 (61.8)                      ; 1.3 (1.3)                                         ; 0.0 (0.0)                        ; 0.0 (0.0)            ; 82 (82)             ; 159 (159)                 ; 0 (0)         ; 0                 ; 0     ; 0                        ; 0                                      ; 0                                                 ; 0    ; 0 (0)  ; soc_inst|mm_interconnect_2|mux_pipeline_004|gen_inst[2].core                                                                                                                                               ; altera_avalon_st_pipeline_base                                                                                            ; altera_avalon_st_pipeline_stage_1930                    ;
;             |gen_inst[3].core|                                                        ; 5.2 (5.2)            ; 6.5 (6.5)                        ; 1.3 (1.3)                                         ; 0.0 (0.0)                        ; 0.0 (0.0)            ; 8 (8)               ; 11 (11)                   ; 0 (0)         ; 0                 ; 0     ; 0                        ; 0                                      ; 0                                                 ; 0    ; 0 (0)  ; soc_inst|mm_interconnect_2|mux_pipeline_004|gen_inst[3].core                                                                                                                                               ; altera_avalon_st_pipeline_base                                                                                            ; altera_avalon_st_pipeline_stage_1930                    ;
;          |mux_pipeline_005|                                                           ; 46.4 (0.0)           ; 49.2 (0.0)                       ; 2.8 (0.0)                                         ; 0.0 (0.0)                        ; 0.0 (0.0)            ; 65 (0)              ; 118 (0)                   ; 0 (0)         ; 0                 ; 0     ; 0                        ; 0                                      ; 0                                                 ; 0    ; 0 (0)  ; soc_inst|mm_interconnect_2|mux_pipeline_005                                                                                                                                                                ; qsys_top_altera_avalon_st_pipeline_stage_1930_oiupeiq                                                                     ; altera_avalon_st_pipeline_stage_1930                    ;
;             |gen_inst[2].core|                                                        ; 41.4 (41.4)          ; 43.3 (43.3)                      ; 1.9 (1.9)                                         ; 0.0 (0.0)                        ; 0.0 (0.0)            ; 57 (57)             ; 109 (109)                 ; 0 (0)         ; 0                 ; 0     ; 0                        ; 0                                      ; 0                                                 ; 0    ; 0 (0)  ; soc_inst|mm_interconnect_2|mux_pipeline_005|gen_inst[2].core                                                                                                                                               ; altera_avalon_st_pipeline_base                                                                                            ; altera_avalon_st_pipeline_stage_1930                    ;
;             |gen_inst[3].core|                                                        ; 5.0 (5.0)            ; 5.8 (5.8)                        ; 0.8 (0.8)                                         ; 0.0 (0.0)                        ; 0.0 (0.0)            ; 8 (8)               ; 9 (9)                     ; 0 (0)         ; 0                 ; 0     ; 0                        ; 0                                      ; 0                                                 ; 0    ; 0 (0)  ; soc_inst|mm_interconnect_2|mux_pipeline_005|gen_inst[3].core                                                                                                                                               ; altera_avalon_st_pipeline_base                                                                                            ; altera_avalon_st_pipeline_stage_1930                    ;
;          |mux_pipeline_006|                                                           ; 31.9 (0.0)           ; 31.4 (0.0)                       ; 0.8 (0.0)                                         ; 1.4 (0.0)                        ; 0.0 (0.0)            ; 42 (0)              ; 79 (0)                    ; 0 (0)         ; 0                 ; 0     ; 0                        ; 0                                      ; 0                                                 ; 0    ; 0 (0)  ; soc_inst|mm_interconnect_2|mux_pipeline_006                                                                                                                                                                ; qsys_top_altera_avalon_st_pipeline_stage_1930_oiupeiq                                                                     ; altera_avalon_st_pipeline_stage_1930                    ;
;             |gen_inst[0].core|                                                        ; 31.4 (31.4)          ; 30.8 (30.8)                      ; 0.7 (0.7)                                         ; 1.4 (1.4)                        ; 0.0 (0.0)            ; 41 (41)             ; 77 (77)                   ; 0 (0)         ; 0                 ; 0     ; 0                        ; 0                                      ; 0                                                 ; 0    ; 0 (0)  ; soc_inst|mm_interconnect_2|mux_pipeline_006|gen_inst[0].core                                                                                                                                               ; altera_avalon_st_pipeline_base                                                                                            ; altera_avalon_st_pipeline_stage_1930                    ;
;             |gen_inst[1].core|                                                        ; 0.5 (0.5)            ; 0.7 (0.7)                        ; 0.2 (0.2)                                         ; 0.0 (0.0)                        ; 0.0 (0.0)            ; 1 (1)               ; 2 (2)                     ; 0 (0)         ; 0                 ; 0     ; 0                        ; 0                                      ; 0                                                 ; 0    ; 0 (0)  ; soc_inst|mm_interconnect_2|mux_pipeline_006|gen_inst[1].core                                                                                                                                               ; altera_avalon_st_pipeline_base                                                                                            ; altera_avalon_st_pipeline_stage_1930                    ;
;          |mux_pipeline_007|                                                           ; 32.0 (0.0)           ; 31.6 (0.0)                       ; 0.0 (0.0)                                         ; 0.4 (0.0)                        ; 0.0 (0.0)            ; 42 (0)              ; 80 (0)                    ; 0 (0)         ; 0                 ; 0     ; 0                        ; 0                                      ; 0                                                 ; 0    ; 0 (0)  ; soc_inst|mm_interconnect_2|mux_pipeline_007                                                                                                                                                                ; qsys_top_altera_avalon_st_pipeline_stage_1930_oiupeiq                                                                     ; altera_avalon_st_pipeline_stage_1930                    ;
;             |gen_inst[0].core|                                                        ; 31.5 (31.5)          ; 31.1 (31.1)                      ; 0.0 (0.0)                                         ; 0.4 (0.4)                        ; 0.0 (0.0)            ; 41 (41)             ; 77 (77)                   ; 0 (0)         ; 0                 ; 0     ; 0                        ; 0                                      ; 0                                                 ; 0    ; 0 (0)  ; soc_inst|mm_interconnect_2|mux_pipeline_007|gen_inst[0].core                                                                                                                                               ; altera_avalon_st_pipeline_base                                                                                            ; altera_avalon_st_pipeline_stage_1930                    ;
;             |gen_inst[1].core|                                                        ; 0.5 (0.5)            ; 0.5 (0.5)                        ; 0.0 (0.0)                                         ; 0.0 (0.0)                        ; 0.0 (0.0)            ; 1 (1)               ; 3 (3)                     ; 0 (0)         ; 0                 ; 0     ; 0                        ; 0                                      ; 0                                                 ; 0    ; 0 (0)  ; soc_inst|mm_interconnect_2|mux_pipeline_007|gen_inst[1].core                                                                                                                                               ; altera_avalon_st_pipeline_base                                                                                            ; altera_avalon_st_pipeline_stage_1930                    ;
;          |mux_pipeline_008|                                                           ; 7.7 (0.0)            ; 8.7 (0.0)                        ; 1.0 (0.0)                                         ; 0.0 (0.0)                        ; 0.0 (0.0)            ; 12 (0)              ; 18 (0)                    ; 0 (0)         ; 0                 ; 0     ; 0                        ; 0                                      ; 0                                                 ; 0    ; 0 (0)  ; soc_inst|mm_interconnect_2|mux_pipeline_008                                                                                                                                                                ; qsys_top_altera_avalon_st_pipeline_stage_1930_oiupeiq                                                                     ; altera_avalon_st_pipeline_stage_1930                    ;
;             |gen_inst[1].core|                                                        ; 6.4 (6.4)            ; 7.3 (7.3)                        ; 0.9 (0.9)                                         ; 0.0 (0.0)                        ; 0.0 (0.0)            ; 10 (10)             ; 15 (15)                   ; 0 (0)         ; 0                 ; 0     ; 0                        ; 0                                      ; 0                                                 ; 0    ; 0 (0)  ; soc_inst|mm_interconnect_2|mux_pipeline_008|gen_inst[1].core                                                                                                                                               ; altera_avalon_st_pipeline_base                                                                                            ; altera_avalon_st_pipeline_stage_1930                    ;
;             |gen_inst[2].core|                                                        ; 1.2 (1.2)            ; 1.3 (1.3)                        ; 0.1 (0.1)                                         ; 0.0 (0.0)                        ; 0.0 (0.0)            ; 2 (2)               ; 3 (3)                     ; 0 (0)         ; 0                 ; 0     ; 0                        ; 0                                      ; 0                                                 ; 0    ; 0 (0)  ; soc_inst|mm_interconnect_2|mux_pipeline_008|gen_inst[2].core                                                                                                                                               ; altera_avalon_st_pipeline_base                                                                                            ; altera_avalon_st_pipeline_stage_1930                    ;
;          |mux_pipeline_009|                                                           ; 8.2 (0.0)            ; 9.0 (0.0)                        ; 0.8 (0.0)                                         ; 0.0 (0.0)                        ; 0.0 (0.0)            ; 12 (0)              ; 18 (0)                    ; 0 (0)         ; 0                 ; 0     ; 0                        ; 0                                      ; 0                                                 ; 0    ; 0 (0)  ; soc_inst|mm_interconnect_2|mux_pipeline_009                                                                                                                                                                ; qsys_top_altera_avalon_st_pipeline_stage_1930_oiupeiq                                                                     ; altera_avalon_st_pipeline_stage_1930                    ;
;             |gen_inst[1].core|                                                        ; 7.0 (7.0)            ; 7.8 (7.8)                        ; 0.8 (0.8)                                         ; 0.0 (0.0)                        ; 0.0 (0.0)            ; 10 (10)             ; 15 (15)                   ; 0 (0)         ; 0                 ; 0     ; 0                        ; 0                                      ; 0                                                 ; 0    ; 0 (0)  ; soc_inst|mm_interconnect_2|mux_pipeline_009|gen_inst[1].core                                                                                                                                               ; altera_avalon_st_pipeline_base                                                                                            ; altera_avalon_st_pipeline_stage_1930                    ;
;             |gen_inst[2].core|                                                        ; 1.2 (1.2)            ; 1.2 (1.2)                        ; 0.1 (0.1)                                         ; 0.0 (0.0)                        ; 0.0 (0.0)            ; 2 (2)               ; 3 (3)                     ; 0 (0)         ; 0                 ; 0     ; 0                        ; 0                                      ; 0                                                 ; 0    ; 0 (0)  ; soc_inst|mm_interconnect_2|mux_pipeline_009|gen_inst[2].core                                                                                                                                               ; altera_avalon_st_pipeline_base                                                                                            ; altera_avalon_st_pipeline_stage_1930                    ;
;          |mux_pipeline_010|                                                           ; 105.3 (0.0)          ; 114.7 (0.0)                      ; 9.4 (0.0)                                         ; 0.0 (0.0)                        ; 0.0 (0.0)            ; 145 (0)             ; 277 (0)                   ; 0 (0)         ; 0                 ; 0     ; 0                        ; 0                                      ; 0                                                 ; 0    ; 0 (0)  ; soc_inst|mm_interconnect_2|mux_pipeline_010                                                                                                                                                                ; qsys_top_altera_avalon_st_pipeline_stage_1930_oiupeiq                                                                     ; altera_avalon_st_pipeline_stage_1930                    ;
;             |gen_inst[0].core|                                                        ; 96.7 (96.7)          ; 105.7 (105.7)                    ; 9.0 (9.0)                                         ; 0.0 (0.0)                        ; 0.0 (0.0)            ; 132 (132)           ; 259 (259)                 ; 0 (0)         ; 0                 ; 0     ; 0                        ; 0                                      ; 0                                                 ; 0    ; 0 (0)  ; soc_inst|mm_interconnect_2|mux_pipeline_010|gen_inst[0].core                                                                                                                                               ; altera_avalon_st_pipeline_base                                                                                            ; altera_avalon_st_pipeline_stage_1930                    ;
;             |gen_inst[1].core|                                                        ; 6.3 (6.3)            ; 6.7 (6.7)                        ; 0.3 (0.3)                                         ; 0.0 (0.0)                        ; 0.0 (0.0)            ; 9 (9)               ; 13 (13)                   ; 0 (0)         ; 0                 ; 0     ; 0                        ; 0                                      ; 0                                                 ; 0    ; 0 (0)  ; soc_inst|mm_interconnect_2|mux_pipeline_010|gen_inst[1].core                                                                                                                                               ; altera_avalon_st_pipeline_base                                                                                            ; altera_avalon_st_pipeline_stage_1930                    ;
;             |gen_inst[2].core|                                                        ; 2.2 (2.2)            ; 2.3 (2.3)                        ; 0.1 (0.1)                                         ; 0.0 (0.0)                        ; 0.0 (0.0)            ; 4 (4)               ; 5 (5)                     ; 0 (0)         ; 0                 ; 0     ; 0                        ; 0                                      ; 0                                                 ; 0    ; 0 (0)  ; soc_inst|mm_interconnect_2|mux_pipeline_010|gen_inst[2].core                                                                                                                                               ; altera_avalon_st_pipeline_base                                                                                            ; altera_avalon_st_pipeline_stage_1930                    ;
;          |mux_pipeline_011|                                                           ; 105.4 (0.0)          ; 110.0 (0.0)                      ; 4.6 (0.0)                                         ; 0.0 (0.0)                        ; 0.0 (0.0)            ; 147 (0)             ; 279 (0)                   ; 0 (0)         ; 0                 ; 0     ; 0                        ; 0                                      ; 0                                                 ; 0    ; 0 (0)  ; soc_inst|mm_interconnect_2|mux_pipeline_011                                                                                                                                                                ; qsys_top_altera_avalon_st_pipeline_stage_1930_oiupeiq                                                                     ; altera_avalon_st_pipeline_stage_1930                    ;
;             |gen_inst[0].core|                                                        ; 96.0 (96.0)          ; 99.9 (99.9)                      ; 3.9 (3.9)                                         ; 0.0 (0.0)                        ; 0.0 (0.0)            ; 132 (132)           ; 259 (259)                 ; 0 (0)         ; 0                 ; 0     ; 0                        ; 0                                      ; 0                                                 ; 0    ; 0 (0)  ; soc_inst|mm_interconnect_2|mux_pipeline_011|gen_inst[0].core                                                                                                                                               ; altera_avalon_st_pipeline_base                                                                                            ; altera_avalon_st_pipeline_stage_1930                    ;
;             |gen_inst[1].core|                                                        ; 6.2 (6.2)            ; 7.3 (7.3)                        ; 1.0 (1.0)                                         ; 0.0 (0.0)                        ; 0.0 (0.0)            ; 10 (10)             ; 15 (15)                   ; 0 (0)         ; 0                 ; 0     ; 0                        ; 0                                      ; 0                                                 ; 0    ; 0 (0)  ; soc_inst|mm_interconnect_2|mux_pipeline_011|gen_inst[1].core                                                                                                                                               ; altera_avalon_st_pipeline_base                                                                                            ; altera_avalon_st_pipeline_stage_1930                    ;
;             |gen_inst[2].core|                                                        ; 2.8 (2.8)            ; 2.8 (2.8)                        ; 0.0 (0.0)                                         ; 0.0 (0.0)                        ; 0.0 (0.0)            ; 5 (5)               ; 5 (5)                     ; 0 (0)         ; 0                 ; 0     ; 0                        ; 0                                      ; 0                                                 ; 0    ; 0 (0)  ; soc_inst|mm_interconnect_2|mux_pipeline_011|gen_inst[2].core                                                                                                                                               ; altera_avalon_st_pipeline_base                                                                                            ; altera_avalon_st_pipeline_stage_1930                    ;
;          |ocm_axi_s1_agent|                                                           ; 77.5 (16.5)          ; 99.8 (17.2)                      ; 22.3 (0.7)                                        ; 0.0 (0.0)                        ; 0.0 (0.0)            ; 61 (33)             ; 197 (6)                   ; 0 (0)         ; 0                 ; 0     ; 0                        ; 0                                      ; 0                                                 ; 0    ; 0 (0)  ; soc_inst|mm_interconnect_2|ocm_axi_s1_agent                                                                                                                                                                ; qsys_top_altera_merlin_axi_slave_ni_19128_bbuimci                                                                         ; altera_merlin_axi_slave_ni_19128                        ;
;             |read_burst_uncompressor|                                                 ; 14.3 (14.3)          ; 15.0 (15.0)                      ; 0.7 (0.7)                                         ; 0.0 (0.0)                        ; 0.0 (0.0)            ; 22 (22)             ; 12 (12)                   ; 0 (0)         ; 0                 ; 0     ; 0                        ; 0                                      ; 0                                                 ; 0    ; 0 (0)  ; soc_inst|mm_interconnect_2|ocm_axi_s1_agent|read_burst_uncompressor                                                                                                                                        ; altera_merlin_burst_uncompressor                                                                                          ; altera_merlin_axi_slave_ni_19128                        ;
;             |read_rsp_fifo|                                                           ; 8.9 (0.0)            ; 15.7 (0.0)                       ; 6.8 (0.0)                                         ; 0.0 (0.0)                        ; 0.0 (0.0)            ; 3 (0)               ; 31 (0)                    ; 0 (0)         ; 0                 ; 0     ; 0                        ; 0                                      ; 0                                                 ; 0    ; 0 (0)  ; soc_inst|mm_interconnect_2|ocm_axi_s1_agent|read_rsp_fifo                                                                                                                                                  ; qsys_top_altera_merlin_axi_slave_ni_altera_avalon_sc_fifo_19128_rk46lti                                                   ; altera_merlin_axi_slave_ni_19128                        ;
;                |my_altera_avalon_sc_fifo_wr|                                          ; 8.9 (8.9)            ; 15.7 (15.7)                      ; 6.8 (6.8)                                         ; 0.0 (0.0)                        ; 0.0 (0.0)            ; 3 (3)               ; 31 (31)                   ; 0 (0)         ; 0                 ; 0     ; 0                        ; 0                                      ; 0                                                 ; 0    ; 0 (0)  ; soc_inst|mm_interconnect_2|ocm_axi_s1_agent|read_rsp_fifo|my_altera_avalon_sc_fifo_wr                                                                                                                      ; qsys_top_altera_avalon_sc_fifo_1932_22gxxgi                                                                               ; altera_avalon_sc_fifo_1932                              ;
;             |write_rsp_fifo|                                                          ; 37.8 (0.0)           ; 52.0 (0.0)                       ; 14.2 (0.0)                                        ; 0.0 (0.0)                        ; 0.0 (0.0)            ; 3 (0)               ; 148 (0)                   ; 0 (0)         ; 0                 ; 0     ; 0                        ; 0                                      ; 0                                                 ; 0    ; 0 (0)  ; soc_inst|mm_interconnect_2|ocm_axi_s1_agent|write_rsp_fifo                                                                                                                                                 ; qsys_top_altera_merlin_axi_slave_ni_altera_avalon_sc_fifo_19128_rk46lti                                                   ; altera_merlin_axi_slave_ni_19128                        ;
;                |my_altera_avalon_sc_fifo_wr|                                          ; 37.8 (37.8)          ; 52.0 (52.0)                      ; 14.2 (14.2)                                       ; 0.0 (0.0)                        ; 0.0 (0.0)            ; 3 (3)               ; 148 (148)                 ; 0 (0)         ; 0                 ; 0     ; 0                        ; 0                                      ; 0                                                 ; 0    ; 0 (0)  ; soc_inst|mm_interconnect_2|ocm_axi_s1_agent|write_rsp_fifo|my_altera_avalon_sc_fifo_wr                                                                                                                     ; qsys_top_altera_avalon_sc_fifo_1932_22gxxgi                                                                               ; altera_avalon_sc_fifo_1932                              ;
;          |ocm_axi_s1_rd_to_subsys_debug_fpga_m_master_rsp_width_adapter|              ; 24.4 (24.4)          ; 26.8 (26.8)                      ; 2.5 (2.5)                                         ; 0.2 (0.2)                        ; 0.0 (0.0)            ; 68 (68)             ; 0 (0)                     ; 0 (0)         ; 0                 ; 0     ; 0                        ; 0                                      ; 0                                                 ; 0    ; 0 (0)  ; soc_inst|mm_interconnect_2|ocm_axi_s1_rd_to_subsys_debug_fpga_m_master_rsp_width_adapter                                                                                                                   ; qsys_top_altera_merlin_width_adapter_1961_utogsxy                                                                         ; altera_merlin_width_adapter_1961                        ;
;          |ocm_axi_s1_wr_to_subsys_debug_fpga_m_master_rsp_width_adapter|              ; 23.8 (23.8)          ; 25.3 (25.3)                      ; 1.9 (1.9)                                         ; 0.5 (0.5)                        ; 0.0 (0.0)            ; 68 (68)             ; 0 (0)                     ; 0 (0)         ; 0                 ; 0     ; 0                        ; 0                                      ; 0                                                 ; 0    ; 0 (0)  ; soc_inst|mm_interconnect_2|ocm_axi_s1_wr_to_subsys_debug_fpga_m_master_rsp_width_adapter                                                                                                                   ; qsys_top_altera_merlin_width_adapter_1961_utogsxy                                                                         ; altera_merlin_width_adapter_1961                        ;
;          |router|                                                                     ; 0.3 (0.3)            ; 0.5 (0.5)                        ; 0.2 (0.2)                                         ; 0.0 (0.0)                        ; 0.0 (0.0)            ; 1 (1)               ; 0 (0)                     ; 0 (0)         ; 0                 ; 0     ; 0                        ; 0                                      ; 0                                                 ; 0    ; 0 (0)  ; soc_inst|mm_interconnect_2|router                                                                                                                                                                          ; qsys_top_altera_merlin_router_1921_gu7swbi                                                                                ; altera_merlin_router_1921                               ;
;          |router_001|                                                                 ; 2.2 (2.2)            ; 2.2 (2.2)                        ; 0.0 (0.0)                                         ; 0.0 (0.0)                        ; 0.0 (0.0)            ; 4 (4)               ; 0 (0)                     ; 0 (0)         ; 0                 ; 0     ; 0                        ; 0                                      ; 0                                                 ; 0    ; 0 (0)  ; soc_inst|mm_interconnect_2|router_001                                                                                                                                                                      ; qsys_top_altera_merlin_router_1921_ms3fzaq                                                                                ; altera_merlin_router_1921                               ;
;          |router_002|                                                                 ; 2.0 (2.0)            ; 1.7 (1.7)                        ; 0.0 (0.0)                                         ; 0.3 (0.3)                        ; 0.0 (0.0)            ; 3 (3)               ; 0 (0)                     ; 0 (0)         ; 0                 ; 0     ; 0                        ; 0                                      ; 0                                                 ; 0    ; 0 (0)  ; soc_inst|mm_interconnect_2|router_002                                                                                                                                                                      ; qsys_top_altera_merlin_router_1921_5aj6bhi                                                                                ; altera_merlin_router_1921                               ;
;          |rsp_demux|                                                                  ; 1.2 (1.2)            ; 1.3 (1.3)                        ; 0.2 (0.2)                                         ; 0.0 (0.0)                        ; 0.0 (0.0)            ; 3 (3)               ; 0 (0)                     ; 0 (0)         ; 0                 ; 0     ; 0                        ; 0                                      ; 0                                                 ; 0    ; 0 (0)  ; soc_inst|mm_interconnect_2|rsp_demux                                                                                                                                                                       ; qsys_top_altera_merlin_demultiplexer_1921_hegzyky                                                                         ; altera_merlin_demultiplexer_1921                        ;
;          |rsp_demux_001|                                                              ; 1.2 (1.2)            ; 1.5 (1.5)                        ; 0.3 (0.3)                                         ; 0.0 (0.0)                        ; 0.0 (0.0)            ; 3 (3)               ; 0 (0)                     ; 0 (0)         ; 0                 ; 0     ; 0                        ; 0                                      ; 0                                                 ; 0    ; 0 (0)  ; soc_inst|mm_interconnect_2|rsp_demux_001                                                                                                                                                                   ; qsys_top_altera_merlin_demultiplexer_1921_hegzyky                                                                         ; altera_merlin_demultiplexer_1921                        ;
;          |rsp_mux|                                                                    ; 8.8 (8.8)            ; 9.5 (9.5)                        ; 0.9 (0.9)                                         ; 0.1 (0.1)                        ; 0.0 (0.0)            ; 38 (38)             ; 0 (0)                     ; 0 (0)         ; 0                 ; 0     ; 0                        ; 0                                      ; 0                                                 ; 0    ; 0 (0)  ; soc_inst|mm_interconnect_2|rsp_mux                                                                                                                                                                         ; qsys_top_altera_merlin_multiplexer_1922_dmshw4i                                                                           ; altera_merlin_multiplexer_1922                          ;
;          |rsp_mux_001|                                                                ; 1.9 (1.9)            ; 1.9 (1.9)                        ; 0.0 (0.0)                                         ; 0.0 (0.0)                        ; 0.0 (0.0)            ; 7 (7)               ; 0 (0)                     ; 0 (0)         ; 0                 ; 0     ; 0                        ; 0                                      ; 0                                                 ; 0    ; 0 (0)  ; soc_inst|mm_interconnect_2|rsp_mux_001                                                                                                                                                                     ; qsys_top_altera_merlin_multiplexer_1922_kvsfdaq                                                                           ; altera_merlin_multiplexer_1922                          ;
;          |rsp_mux_002|                                                                ; 33.6 (33.6)          ; 34.9 (34.9)                      ; 1.3 (1.3)                                         ; 0.0 (0.0)                        ; 0.0 (0.0)            ; 137 (137)           ; 0 (0)                     ; 0 (0)         ; 0                 ; 0     ; 0                        ; 0                                      ; 0                                                 ; 0    ; 0 (0)  ; soc_inst|mm_interconnect_2|rsp_mux_002                                                                                                                                                                     ; qsys_top_altera_merlin_multiplexer_1922_kvsfdaq                                                                           ; altera_merlin_multiplexer_1922                          ;
;          |subsys_debug_fpga_m_master_agent|                                           ; 2.4 (2.4)            ; 2.5 (2.5)                        ; 0.1 (0.1)                                         ; 0.0 (0.0)                        ; 0.0 (0.0)            ; 2 (2)               ; 2 (2)                     ; 0 (0)         ; 0                 ; 0     ; 0                        ; 0                                      ; 0                                                 ; 0    ; 0 (0)  ; soc_inst|mm_interconnect_2|subsys_debug_fpga_m_master_agent                                                                                                                                                ; qsys_top_altera_merlin_master_agent_1940_r3ep6da                                                                          ; altera_merlin_master_agent_1940                         ;
;          |subsys_debug_fpga_m_master_limiter|                                         ; 7.6 (7.6)            ; 8.0 (8.0)                        ; 0.4 (0.4)                                         ; 0.0 (0.0)                        ; 0.0 (0.0)            ; 13 (13)             ; 8 (8)                     ; 0 (0)         ; 0                 ; 0     ; 0                        ; 0                                      ; 0                                                 ; 0    ; 0 (0)  ; soc_inst|mm_interconnect_2|subsys_debug_fpga_m_master_limiter                                                                                                                                              ; qsys_top_altera_merlin_traffic_limiter_1921_5mv5aua                                                                       ; altera_merlin_traffic_limiter_1921                      ;
;          |subsys_debug_fpga_m_master_to_ocm_axi_s1_wr_cmd_width_adapter|              ; 35.2 (35.2)          ; 39.5 (39.5)                      ; 4.3 (4.3)                                         ; 0.0 (0.0)                        ; 0.0 (0.0)            ; 144 (144)           ; 0 (0)                     ; 0 (0)         ; 0                 ; 0     ; 0                        ; 0                                      ; 0                                                 ; 0    ; 0 (0)  ; soc_inst|mm_interconnect_2|subsys_debug_fpga_m_master_to_ocm_axi_s1_wr_cmd_width_adapter                                                                                                                   ; qsys_top_altera_merlin_width_adapter_1961_eng3dcy                                                                         ; altera_merlin_width_adapter_1961                        ;
;          |subsys_hps_hps2fpga_agent|                                                  ; 176.8 (121.4)        ; 207.7 (149.3)                    ; 34.9 (31.9)                                       ; 4.0 (4.0)                        ; 0.0 (0.0)            ; 218 (103)           ; 290 (258)                 ; 0 (0)         ; 0                 ; 0     ; 0                        ; 0                                      ; 0                                                 ; 0    ; 0 (0)  ; soc_inst|mm_interconnect_2|subsys_hps_hps2fpga_agent                                                                                                                                                       ; qsys_top_altera_merlin_axi_master_ni_19116_f5viiry                                                                        ; altera_merlin_axi_master_ni_19116                       ;
;             |align_address_to_size|                                                   ; 55.3 (55.3)          ; 58.3 (58.3)                      ; 3.0 (3.0)                                         ; 0.0 (0.0)                        ; 0.0 (0.0)            ; 115 (115)           ; 32 (32)                   ; 0 (0)         ; 0                 ; 0     ; 0                        ; 0                                      ; 0                                                 ; 0    ; 0 (0)  ; soc_inst|mm_interconnect_2|subsys_hps_hps2fpga_agent|align_address_to_size                                                                                                                                 ; altera_merlin_address_alignment                                                                                           ; altera_merlin_axi_master_ni_19116                       ;
;          |subsys_hps_hps2fpga_rd_limiter|                                             ; 6.9 (6.9)            ; 9.0 (9.0)                        ; 2.1 (2.1)                                         ; 0.0 (0.0)                        ; 0.0 (0.0)            ; 13 (13)             ; 8 (8)                     ; 0 (0)         ; 0                 ; 0     ; 0                        ; 0                                      ; 0                                                 ; 0    ; 0 (0)  ; soc_inst|mm_interconnect_2|subsys_hps_hps2fpga_rd_limiter                                                                                                                                                  ; qsys_top_altera_merlin_traffic_limiter_1921_7ytbk2a                                                                       ; altera_merlin_traffic_limiter_1921                      ;
;          |subsys_hps_hps2fpga_rd_to_emif_io96b_lpddr4_0_s0_axi4_rd_cmd_width_adapter| ; 1.4 (1.4)            ; 1.7 (1.7)                        ; 0.3 (0.3)                                         ; 0.0 (0.0)                        ; 0.0 (0.0)            ; 4 (4)               ; 0 (0)                     ; 0 (0)         ; 0                 ; 0     ; 0                        ; 0                                      ; 0                                                 ; 0    ; 0 (0)  ; soc_inst|mm_interconnect_2|subsys_hps_hps2fpga_rd_to_emif_io96b_lpddr4_0_s0_axi4_rd_cmd_width_adapter                                                                                                      ; qsys_top_altera_merlin_width_adapter_1961_gydmhfy                                                                         ; altera_merlin_width_adapter_1961                        ;
;          |subsys_hps_hps2fpga_wr_limiter|                                             ; 7.2 (7.2)            ; 7.8 (7.8)                        ; 0.6 (0.6)                                         ; 0.0 (0.0)                        ; 0.0 (0.0)            ; 14 (14)             ; 8 (8)                     ; 0 (0)         ; 0                 ; 0     ; 0                        ; 0                                      ; 0                                                 ; 0    ; 0 (0)  ; soc_inst|mm_interconnect_2|subsys_hps_hps2fpga_wr_limiter                                                                                                                                                  ; qsys_top_altera_merlin_traffic_limiter_1921_7ytbk2a                                                                       ; altera_merlin_traffic_limiter_1921                      ;
;          |subsys_hps_hps2fpga_wr_to_emif_io96b_lpddr4_0_s0_axi4_wr_cmd_width_adapter| ; 8.0 (8.0)            ; 8.2 (8.2)                        ; 0.2 (0.2)                                         ; 0.0 (0.0)                        ; 0.0 (0.0)            ; 32 (32)             ; 0 (0)                     ; 0 (0)         ; 0                 ; 0     ; 0                        ; 0                                      ; 0                                                 ; 0    ; 0 (0)  ; soc_inst|mm_interconnect_2|subsys_hps_hps2fpga_wr_to_emif_io96b_lpddr4_0_s0_axi4_wr_cmd_width_adapter                                                                                                      ; qsys_top_altera_merlin_width_adapter_1961_gydmhfy                                                                         ; altera_merlin_width_adapter_1961                        ;
;       |mm_interconnect_3|                                                             ; 1073.3 (0.0)         ; 1195.6 (0.0)                     ; 126.6 (0.0)                                       ; 4.3 (0.0)                        ; 0.0 (0.0)            ; 1680 (0)            ; 2254 (0)                  ; 0 (0)         ; 0                 ; 0     ; 0                        ; 0                                      ; 0                                                 ; 0    ; 0 (0)  ; soc_inst|mm_interconnect_3                                                                                                                                                                                 ; qsys_top_altera_mm_interconnect_1920_iajizha                                                                              ; altera_mm_interconnect_1920                             ;
;          |agent_pipeline|                                                             ; 26.8 (0.0)           ; 29.7 (0.0)                       ; 3.7 (0.0)                                         ; 0.8 (0.0)                        ; 0.0 (0.0)            ; 38 (0)              ; 66 (0)                    ; 0 (0)         ; 0                 ; 0     ; 0                        ; 0                                      ; 0                                                 ; 0    ; 0 (0)  ; soc_inst|mm_interconnect_3|agent_pipeline                                                                                                                                                                  ; qsys_top_altera_avalon_st_pipeline_stage_1930_oiupeiq                                                                     ; altera_avalon_st_pipeline_stage_1930                    ;
;             |gen_inst[0].core|                                                        ; 23.8 (23.8)          ; 26.5 (26.5)                      ; 3.5 (3.5)                                         ; 0.8 (0.8)                        ; 0.0 (0.0)            ; 33 (33)             ; 61 (61)                   ; 0 (0)         ; 0                 ; 0     ; 0                        ; 0                                      ; 0                                                 ; 0    ; 0 (0)  ; soc_inst|mm_interconnect_3|agent_pipeline|gen_inst[0].core                                                                                                                                                 ; altera_avalon_st_pipeline_base                                                                                            ; altera_avalon_st_pipeline_stage_1930                    ;
;             |gen_inst[1].core|                                                        ; 3.0 (3.0)            ; 3.2 (3.2)                        ; 0.2 (0.2)                                         ; 0.0 (0.0)                        ; 0.0 (0.0)            ; 5 (5)               ; 5 (5)                     ; 0 (0)         ; 0                 ; 0     ; 0                        ; 0                                      ; 0                                                 ; 0    ; 0 (0)  ; soc_inst|mm_interconnect_3|agent_pipeline|gen_inst[1].core                                                                                                                                                 ; altera_avalon_st_pipeline_base                                                                                            ; altera_avalon_st_pipeline_stage_1930                    ;
;          |agent_pipeline_001|                                                         ; 32.6 (0.0)           ; 34.2 (0.0)                       ; 1.6 (0.0)                                         ; 0.0 (0.0)                        ; 0.0 (0.0)            ; 46 (0)              ; 84 (0)                    ; 0 (0)         ; 0                 ; 0     ; 0                        ; 0                                      ; 0                                                 ; 0    ; 0 (0)  ; soc_inst|mm_interconnect_3|agent_pipeline_001                                                                                                                                                              ; qsys_top_altera_avalon_st_pipeline_stage_1930_oiupeiq                                                                     ; altera_avalon_st_pipeline_stage_1930                    ;
;             |gen_inst[0].core|                                                        ; 30.2 (30.2)          ; 31.5 (31.5)                      ; 1.3 (1.3)                                         ; 0.0 (0.0)                        ; 0.0 (0.0)            ; 42 (42)             ; 79 (79)                   ; 0 (0)         ; 0                 ; 0     ; 0                        ; 0                                      ; 0                                                 ; 0    ; 0 (0)  ; soc_inst|mm_interconnect_3|agent_pipeline_001|gen_inst[0].core                                                                                                                                             ; altera_avalon_st_pipeline_base                                                                                            ; altera_avalon_st_pipeline_stage_1930                    ;
;             |gen_inst[1].core|                                                        ; 2.3 (2.3)            ; 2.7 (2.7)                        ; 0.3 (0.3)                                         ; 0.0 (0.0)                        ; 0.0 (0.0)            ; 4 (4)               ; 5 (5)                     ; 0 (0)         ; 0                 ; 0     ; 0                        ; 0                                      ; 0                                                 ; 0    ; 0 (0)  ; soc_inst|mm_interconnect_3|agent_pipeline_001|gen_inst[1].core                                                                                                                                             ; altera_avalon_st_pipeline_base                                                                                            ; altera_avalon_st_pipeline_stage_1930                    ;
;          |agent_pipeline_002|                                                         ; 51.1 (0.0)           ; 55.1 (0.0)                       ; 4.0 (0.0)                                         ; 0.0 (0.0)                        ; 0.0 (0.0)            ; 71 (0)              ; 134 (0)                   ; 0 (0)         ; 0                 ; 0     ; 0                        ; 0                                      ; 0                                                 ; 0    ; 0 (0)  ; soc_inst|mm_interconnect_3|agent_pipeline_002                                                                                                                                                              ; qsys_top_altera_avalon_st_pipeline_stage_1930_oiupeiq                                                                     ; altera_avalon_st_pipeline_stage_1930                    ;
;             |gen_inst[0].core|                                                        ; 49.1 (49.1)          ; 52.6 (52.6)                      ; 3.4 (3.4)                                         ; 0.0 (0.0)                        ; 0.0 (0.0)            ; 67 (67)             ; 129 (129)                 ; 0 (0)         ; 0                 ; 0     ; 0                        ; 0                                      ; 0                                                 ; 0    ; 0 (0)  ; soc_inst|mm_interconnect_3|agent_pipeline_002|gen_inst[0].core                                                                                                                                             ; altera_avalon_st_pipeline_base                                                                                            ; altera_avalon_st_pipeline_stage_1930                    ;
;             |gen_inst[1].core|                                                        ; 1.9 (1.9)            ; 2.5 (2.5)                        ; 0.6 (0.6)                                         ; 0.0 (0.0)                        ; 0.0 (0.0)            ; 4 (4)               ; 5 (5)                     ; 0 (0)         ; 0                 ; 0     ; 0                        ; 0                                      ; 0                                                 ; 0    ; 0 (0)  ; soc_inst|mm_interconnect_3|agent_pipeline_002|gen_inst[1].core                                                                                                                                             ; altera_avalon_st_pipeline_base                                                                                            ; altera_avalon_st_pipeline_stage_1930                    ;
;          |agent_pipeline_003|                                                         ; 28.6 (0.0)           ; 29.3 (0.0)                       ; 0.9 (0.0)                                         ; 0.3 (0.0)                        ; 0.0 (0.0)            ; 40 (0)              ; 70 (0)                    ; 0 (0)         ; 0                 ; 0     ; 0                        ; 0                                      ; 0                                                 ; 0    ; 0 (0)  ; soc_inst|mm_interconnect_3|agent_pipeline_003                                                                                                                                                              ; qsys_top_altera_avalon_st_pipeline_stage_1930_oiupeiq                                                                     ; altera_avalon_st_pipeline_stage_1930                    ;
;             |gen_inst[0].core|                                                        ; 25.4 (25.4)          ; 26.3 (26.3)                      ; 1.0 (1.0)                                         ; 0.1 (0.1)                        ; 0.0 (0.0)            ; 35 (35)             ; 65 (65)                   ; 0 (0)         ; 0                 ; 0     ; 0                        ; 0                                      ; 0                                                 ; 0    ; 0 (0)  ; soc_inst|mm_interconnect_3|agent_pipeline_003|gen_inst[0].core                                                                                                                                             ; altera_avalon_st_pipeline_base                                                                                            ; altera_avalon_st_pipeline_stage_1930                    ;
;             |gen_inst[1].core|                                                        ; 3.1 (3.1)            ; 3.0 (3.0)                        ; 0.0 (0.0)                                         ; 0.1 (0.1)                        ; 0.0 (0.0)            ; 5 (5)               ; 5 (5)                     ; 0 (0)         ; 0                 ; 0     ; 0                        ; 0                                      ; 0                                                 ; 0    ; 0 (0)  ; soc_inst|mm_interconnect_3|agent_pipeline_003|gen_inst[1].core                                                                                                                                             ; altera_avalon_st_pipeline_base                                                                                            ; altera_avalon_st_pipeline_stage_1930                    ;
;          |agent_pipeline_004|                                                         ; 6.2 (0.0)            ; 7.2 (0.0)                        ; 1.0 (0.0)                                         ; 0.0 (0.0)                        ; 0.0 (0.0)            ; 10 (0)              ; 14 (0)                    ; 0 (0)         ; 0                 ; 0     ; 0                        ; 0                                      ; 0                                                 ; 0    ; 0 (0)  ; soc_inst|mm_interconnect_3|agent_pipeline_004                                                                                                                                                              ; qsys_top_altera_avalon_st_pipeline_stage_1930_oiupeiq                                                                     ; altera_avalon_st_pipeline_stage_1930                    ;
;             |gen_inst[0].core|                                                        ; 5.0 (5.0)            ; 6.0 (6.0)                        ; 1.0 (1.0)                                         ; 0.0 (0.0)                        ; 0.0 (0.0)            ; 8 (8)               ; 11 (11)                   ; 0 (0)         ; 0                 ; 0     ; 0                        ; 0                                      ; 0                                                 ; 0    ; 0 (0)  ; soc_inst|mm_interconnect_3|agent_pipeline_004|gen_inst[0].core                                                                                                                                             ; altera_avalon_st_pipeline_base                                                                                            ; altera_avalon_st_pipeline_stage_1930                    ;
;             |gen_inst[1].core|                                                        ; 1.2 (1.2)            ; 1.2 (1.2)                        ; 0.0 (0.0)                                         ; 0.0 (0.0)                        ; 0.0 (0.0)            ; 2 (2)               ; 3 (3)                     ; 0 (0)         ; 0                 ; 0     ; 0                        ; 0                                      ; 0                                                 ; 0    ; 0 (0)  ; soc_inst|mm_interconnect_3|agent_pipeline_004|gen_inst[1].core                                                                                                                                             ; altera_avalon_st_pipeline_base                                                                                            ; altera_avalon_st_pipeline_stage_1930                    ;
;          |agent_pipeline_005|                                                         ; 33.2 (0.0)           ; 35.2 (0.0)                       ; 2.1 (0.0)                                         ; 0.0 (0.0)                        ; 0.0 (0.0)            ; 46 (0)              ; 84 (0)                    ; 0 (0)         ; 0                 ; 0     ; 0                        ; 0                                      ; 0                                                 ; 0    ; 0 (0)  ; soc_inst|mm_interconnect_3|agent_pipeline_005                                                                                                                                                              ; qsys_top_altera_avalon_st_pipeline_stage_1930_oiupeiq                                                                     ; altera_avalon_st_pipeline_stage_1930                    ;
;             |gen_inst[0].core|                                                        ; 30.7 (30.7)          ; 33.0 (33.0)                      ; 2.3 (2.3)                                         ; 0.0 (0.0)                        ; 0.0 (0.0)            ; 42 (42)             ; 79 (79)                   ; 0 (0)         ; 0                 ; 0     ; 0                        ; 0                                      ; 0                                                 ; 0    ; 0 (0)  ; soc_inst|mm_interconnect_3|agent_pipeline_005|gen_inst[0].core                                                                                                                                             ; altera_avalon_st_pipeline_base                                                                                            ; altera_avalon_st_pipeline_stage_1930                    ;
;             |gen_inst[1].core|                                                        ; 2.2 (2.2)            ; 2.2 (2.2)                        ; 0.0 (0.0)                                         ; 0.0 (0.0)                        ; 0.0 (0.0)            ; 4 (4)               ; 5 (5)                     ; 0 (0)         ; 0                 ; 0     ; 0                        ; 0                                      ; 0                                                 ; 0    ; 0 (0)  ; soc_inst|mm_interconnect_3|agent_pipeline_005|gen_inst[1].core                                                                                                                                             ; altera_avalon_st_pipeline_base                                                                                            ; altera_avalon_st_pipeline_stage_1930                    ;
;          |cmd_demux|                                                                  ; 0.4 (0.4)            ; 0.5 (0.5)                        ; 0.1 (0.1)                                         ; 0.0 (0.0)                        ; 0.0 (0.0)            ; 1 (1)               ; 0 (0)                     ; 0 (0)         ; 0                 ; 0     ; 0                        ; 0                                      ; 0                                                 ; 0    ; 0 (0)  ; soc_inst|mm_interconnect_3|cmd_demux                                                                                                                                                                       ; qsys_top_altera_merlin_demultiplexer_1921_ddsaksq                                                                         ; altera_merlin_demultiplexer_1921                        ;
;          |cmd_demux_001|                                                              ; 0.2 (0.2)            ; 0.5 (0.5)                        ; 0.3 (0.3)                                         ; 0.0 (0.0)                        ; 0.0 (0.0)            ; 1 (1)               ; 0 (0)                     ; 0 (0)         ; 0                 ; 0     ; 0                        ; 0                                      ; 0                                                 ; 0    ; 0 (0)  ; soc_inst|mm_interconnect_3|cmd_demux_001                                                                                                                                                                   ; qsys_top_altera_merlin_demultiplexer_1921_ddsaksq                                                                         ; altera_merlin_demultiplexer_1921                        ;
;          |cmd_mux|                                                                    ; 25.3 (22.4)          ; 28.0 (24.9)                      ; 2.7 (2.5)                                         ; 0.0 (0.0)                        ; 0.0 (0.0)            ; 72 (68)             ; 7 (4)                     ; 0 (0)         ; 0                 ; 0     ; 0                        ; 0                                      ; 0                                                 ; 0    ; 0 (0)  ; soc_inst|mm_interconnect_3|cmd_mux                                                                                                                                                                         ; qsys_top_altera_merlin_multiplexer_1922_2oxbjya                                                                           ; altera_merlin_multiplexer_1922                          ;
;             |arb|                                                                     ; 2.9 (2.9)            ; 3.1 (3.1)                        ; 0.2 (0.2)                                         ; 0.0 (0.0)                        ; 0.0 (0.0)            ; 4 (4)               ; 3 (3)                     ; 0 (0)         ; 0                 ; 0     ; 0                        ; 0                                      ; 0                                                 ; 0    ; 0 (0)  ; soc_inst|mm_interconnect_3|cmd_mux|arb                                                                                                                                                                     ; altera_merlin_arbitrator                                                                                                  ; altera_merlin_multiplexer_1922                          ;
;          |emif_io96b_lpddr4_0_s0_axi4lite_agent|                                      ; 17.2 (3.7)           ; 19.0 (4.1)                       ; 1.8 (0.4)                                         ; 0.0 (0.0)                        ; 0.0 (0.0)            ; 26 (6)              ; 28 (3)                    ; 0 (0)         ; 0                 ; 0     ; 0                        ; 0                                      ; 0                                                 ; 0    ; 0 (0)  ; soc_inst|mm_interconnect_3|emif_io96b_lpddr4_0_s0_axi4lite_agent                                                                                                                                           ; qsys_top_altera_merlin_axi_slave_ni_19128_k2qmqmq                                                                         ; altera_merlin_axi_slave_ni_19128                        ;
;             |read_burst_uncompressor|                                                 ; 8.4 (8.4)            ; 8.5 (8.5)                        ; 0.1 (0.1)                                         ; 0.0 (0.0)                        ; 0.0 (0.0)            ; 14 (14)             ; 11 (11)                   ; 0 (0)         ; 0                 ; 0     ; 0                        ; 0                                      ; 0                                                 ; 0    ; 0 (0)  ; soc_inst|mm_interconnect_3|emif_io96b_lpddr4_0_s0_axi4lite_agent|read_burst_uncompressor                                                                                                                   ; altera_merlin_burst_uncompressor                                                                                          ; altera_merlin_axi_slave_ni_19128                        ;
;             |read_rsp_fifo|                                                           ; 2.7 (0.0)            ; 3.4 (0.0)                        ; 0.7 (0.0)                                         ; 0.0 (0.0)                        ; 0.0 (0.0)            ; 3 (0)               ; 7 (0)                     ; 0 (0)         ; 0                 ; 0     ; 0                        ; 0                                      ; 0                                                 ; 0    ; 0 (0)  ; soc_inst|mm_interconnect_3|emif_io96b_lpddr4_0_s0_axi4lite_agent|read_rsp_fifo                                                                                                                             ; qsys_top_altera_merlin_axi_slave_ni_altera_avalon_sc_fifo_19128_pb3gmzy                                                   ; altera_merlin_axi_slave_ni_19128                        ;
;                |my_altera_avalon_sc_fifo_wr|                                          ; 2.7 (2.7)            ; 3.4 (3.4)                        ; 0.7 (0.7)                                         ; 0.0 (0.0)                        ; 0.0 (0.0)            ; 3 (3)               ; 7 (7)                     ; 0 (0)         ; 0                 ; 0     ; 0                        ; 0                                      ; 0                                                 ; 0    ; 0 (0)  ; soc_inst|mm_interconnect_3|emif_io96b_lpddr4_0_s0_axi4lite_agent|read_rsp_fifo|my_altera_avalon_sc_fifo_wr                                                                                                 ; qsys_top_altera_avalon_sc_fifo_1932_22gxxgi                                                                               ; altera_avalon_sc_fifo_1932                              ;
;             |write_rsp_fifo|                                                          ; 2.3 (0.0)            ; 3.0 (0.0)                        ; 0.7 (0.0)                                         ; 0.0 (0.0)                        ; 0.0 (0.0)            ; 3 (0)               ; 7 (0)                     ; 0 (0)         ; 0                 ; 0     ; 0                        ; 0                                      ; 0                                                 ; 0    ; 0 (0)  ; soc_inst|mm_interconnect_3|emif_io96b_lpddr4_0_s0_axi4lite_agent|write_rsp_fifo                                                                                                                            ; qsys_top_altera_merlin_axi_slave_ni_altera_avalon_sc_fifo_19128_pb3gmzy                                                   ; altera_merlin_axi_slave_ni_19128                        ;
;                |my_altera_avalon_sc_fifo_wr|                                          ; 2.3 (2.3)            ; 3.0 (3.0)                        ; 0.7 (0.7)                                         ; 0.0 (0.0)                        ; 0.0 (0.0)            ; 3 (3)               ; 7 (7)                     ; 0 (0)         ; 0                 ; 0     ; 0                        ; 0                                      ; 0                                                 ; 0    ; 0 (0)  ; soc_inst|mm_interconnect_3|emif_io96b_lpddr4_0_s0_axi4lite_agent|write_rsp_fifo|my_altera_avalon_sc_fifo_wr                                                                                                ; qsys_top_altera_avalon_sc_fifo_1932_22gxxgi                                                                               ; altera_avalon_sc_fifo_1932                              ;
;          |emif_io96b_lpddr4_0_s0_axi4lite_rd_burst_adapter|                           ; 72.8 (0.0)           ; 90.2 (0.0)                       ; 17.5 (0.0)                                        ; 0.0 (0.0)                        ; 0.0 (0.0)            ; 121 (0)             ; 140 (0)                   ; 0 (0)         ; 0                 ; 0     ; 0                        ; 0                                      ; 0                                                 ; 0    ; 0 (0)  ; soc_inst|mm_interconnect_3|emif_io96b_lpddr4_0_s0_axi4lite_rd_burst_adapter                                                                                                                                ; qsys_top_altera_merlin_burst_adapter_1940_druqflq                                                                         ; altera_merlin_burst_adapter_1940                        ;
;             |altera_merlin_burst_adapter_new.burst_adapter|                           ; 72.8 (30.5)          ; 90.2 (43.7)                      ; 17.5 (13.2)                                       ; 0.0 (0.0)                        ; 0.0 (0.0)            ; 121 (41)            ; 140 (75)                  ; 0 (0)         ; 0                 ; 0     ; 0                        ; 0                                      ; 0                                                 ; 0    ; 0 (0)  ; soc_inst|mm_interconnect_3|emif_io96b_lpddr4_0_s0_axi4lite_rd_burst_adapter|altera_merlin_burst_adapter_new.burst_adapter                                                                                  ; altera_merlin_burst_adapter_new                                                                                           ; altera_merlin_burst_adapter_1940                        ;
;                |align_address_to_size|                                                ; 0.5 (0.5)            ; 1.0 (1.0)                        ; 0.5 (0.5)                                         ; 0.0 (0.0)                        ; 0.0 (0.0)            ; 2 (2)               ; 0 (0)                     ; 0 (0)         ; 0                 ; 0     ; 0                        ; 0                                      ; 0                                                 ; 0    ; 0 (0)  ; soc_inst|mm_interconnect_3|emif_io96b_lpddr4_0_s0_axi4lite_rd_burst_adapter|altera_merlin_burst_adapter_new.burst_adapter|align_address_to_size                                                            ; altera_merlin_address_alignment                                                                                           ; altera_merlin_burst_adapter_1940                        ;
;                |non_bursting_slave_converters_sel.the_default_burst_converter|        ; 41.7 (41.7)          ; 45.5 (45.5)                      ; 3.8 (3.8)                                         ; 0.0 (0.0)                        ; 0.0 (0.0)            ; 78 (78)             ; 65 (65)                   ; 0 (0)         ; 0                 ; 0     ; 0                        ; 0                                      ; 0                                                 ; 0    ; 0 (0)  ; soc_inst|mm_interconnect_3|emif_io96b_lpddr4_0_s0_axi4lite_rd_burst_adapter|altera_merlin_burst_adapter_new.burst_adapter|non_bursting_slave_converters_sel.the_default_burst_converter                    ; altera_default_burst_converter                                                                                            ; altera_merlin_burst_adapter_1940                        ;
;          |emif_io96b_lpddr4_0_s0_axi4lite_wr_burst_adapter|                           ; 83.2 (0.0)           ; 104.1 (0.0)                      ; 22.9 (0.0)                                        ; 2.0 (0.0)                        ; 0.0 (0.0)            ; 122 (0)             ; 173 (0)                   ; 0 (0)         ; 0                 ; 0     ; 0                        ; 0                                      ; 0                                                 ; 0    ; 0 (0)  ; soc_inst|mm_interconnect_3|emif_io96b_lpddr4_0_s0_axi4lite_wr_burst_adapter                                                                                                                                ; qsys_top_altera_merlin_burst_adapter_1940_druqflq                                                                         ; altera_merlin_burst_adapter_1940                        ;
;             |altera_merlin_burst_adapter_new.burst_adapter|                           ; 83.2 (39.4)          ; 104.1 (56.7)                     ; 22.9 (18.4)                                       ; 2.0 (1.0)                        ; 0.0 (0.0)            ; 122 (42)            ; 173 (108)                 ; 0 (0)         ; 0                 ; 0     ; 0                        ; 0                                      ; 0                                                 ; 0    ; 0 (0)  ; soc_inst|mm_interconnect_3|emif_io96b_lpddr4_0_s0_axi4lite_wr_burst_adapter|altera_merlin_burst_adapter_new.burst_adapter                                                                                  ; altera_merlin_burst_adapter_new                                                                                           ; altera_merlin_burst_adapter_1940                        ;
;                |align_address_to_size|                                                ; 0.5 (0.5)            ; 0.8 (0.8)                        ; 0.3 (0.3)                                         ; 0.0 (0.0)                        ; 0.0 (0.0)            ; 2 (2)               ; 0 (0)                     ; 0 (0)         ; 0                 ; 0     ; 0                        ; 0                                      ; 0                                                 ; 0    ; 0 (0)  ; soc_inst|mm_interconnect_3|emif_io96b_lpddr4_0_s0_axi4lite_wr_burst_adapter|altera_merlin_burst_adapter_new.burst_adapter|align_address_to_size                                                            ; altera_merlin_address_alignment                                                                                           ; altera_merlin_burst_adapter_1940                        ;
;                |non_bursting_slave_converters_sel.the_default_burst_converter|        ; 43.3 (43.3)          ; 46.5 (46.5)                      ; 4.2 (4.2)                                         ; 1.0 (1.0)                        ; 0.0 (0.0)            ; 78 (78)             ; 65 (65)                   ; 0 (0)         ; 0                 ; 0     ; 0                        ; 0                                      ; 0                                                 ; 0    ; 0 (0)  ; soc_inst|mm_interconnect_3|emif_io96b_lpddr4_0_s0_axi4lite_wr_burst_adapter|altera_merlin_burst_adapter_new.burst_adapter|non_bursting_slave_converters_sel.the_default_burst_converter                    ; altera_default_burst_converter                                                                                            ; altera_merlin_burst_adapter_1940                        ;
;          |limiter_pipeline|                                                           ; 74.7 (0.0)           ; 82.5 (0.0)                       ; 7.8 (0.0)                                         ; 0.0 (0.0)                        ; 0.0 (0.0)            ; 101 (0)             ; 185 (0)                   ; 0 (0)         ; 0                 ; 0     ; 0                        ; 0                                      ; 0                                                 ; 0    ; 0 (0)  ; soc_inst|mm_interconnect_3|limiter_pipeline                                                                                                                                                                ; qsys_top_altera_avalon_st_pipeline_stage_1930_oiupeiq                                                                     ; altera_avalon_st_pipeline_stage_1930                    ;
;             |gen_inst[0].core|                                                        ; 69.0 (69.0)          ; 76.5 (76.5)                      ; 7.5 (7.5)                                         ; 0.0 (0.0)                        ; 0.0 (0.0)            ; 92 (92)             ; 175 (175)                 ; 0 (0)         ; 0                 ; 0     ; 0                        ; 0                                      ; 0                                                 ; 0    ; 0 (0)  ; soc_inst|mm_interconnect_3|limiter_pipeline|gen_inst[0].core                                                                                                                                               ; altera_avalon_st_pipeline_base                                                                                            ; altera_avalon_st_pipeline_stage_1930                    ;
;             |gen_inst[1].core|                                                        ; 5.7 (5.7)            ; 6.0 (6.0)                        ; 0.3 (0.3)                                         ; 0.0 (0.0)                        ; 0.0 (0.0)            ; 9 (9)               ; 10 (10)                   ; 0 (0)         ; 0                 ; 0     ; 0                        ; 0                                      ; 0                                                 ; 0    ; 0 (0)  ; soc_inst|mm_interconnect_3|limiter_pipeline|gen_inst[1].core                                                                                                                                               ; altera_avalon_st_pipeline_base                                                                                            ; altera_avalon_st_pipeline_stage_1930                    ;
;          |limiter_pipeline_001|                                                       ; 7.9 (0.0)            ; 8.2 (0.0)                        ; 0.3 (0.0)                                         ; 0.0 (0.0)                        ; 0.0 (0.0)            ; 13 (0)              ; 16 (0)                    ; 0 (0)         ; 0                 ; 0     ; 0                        ; 0                                      ; 0                                                 ; 0    ; 0 (0)  ; soc_inst|mm_interconnect_3|limiter_pipeline_001                                                                                                                                                            ; qsys_top_altera_avalon_st_pipeline_stage_1930_oiupeiq                                                                     ; altera_avalon_st_pipeline_stage_1930                    ;
;             |gen_inst[0].core|                                                        ; 5.2 (5.2)            ; 5.2 (5.2)                        ; 0.0 (0.0)                                         ; 0.0 (0.0)                        ; 0.0 (0.0)            ; 8 (8)               ; 11 (11)                   ; 0 (0)         ; 0                 ; 0     ; 0                        ; 0                                      ; 0                                                 ; 0    ; 0 (0)  ; soc_inst|mm_interconnect_3|limiter_pipeline_001|gen_inst[0].core                                                                                                                                           ; altera_avalon_st_pipeline_base                                                                                            ; altera_avalon_st_pipeline_stage_1930                    ;
;             |gen_inst[1].core|                                                        ; 2.7 (2.7)            ; 3.0 (3.0)                        ; 0.3 (0.3)                                         ; 0.0 (0.0)                        ; 0.0 (0.0)            ; 5 (5)               ; 5 (5)                     ; 0 (0)         ; 0                 ; 0     ; 0                        ; 0                                      ; 0                                                 ; 0    ; 0 (0)  ; soc_inst|mm_interconnect_3|limiter_pipeline_001|gen_inst[1].core                                                                                                                                           ; altera_avalon_st_pipeline_base                                                                                            ; altera_avalon_st_pipeline_stage_1930                    ;
;          |limiter_pipeline_002|                                                       ; 47.5 (0.0)           ; 50.5 (0.0)                       ; 3.0 (0.0)                                         ; 0.0 (0.0)                        ; 0.0 (0.0)            ; 62 (0)              ; 109 (0)                   ; 0 (0)         ; 0                 ; 0     ; 0                        ; 0                                      ; 0                                                 ; 0    ; 0 (0)  ; soc_inst|mm_interconnect_3|limiter_pipeline_002                                                                                                                                                            ; qsys_top_altera_avalon_st_pipeline_stage_1930_oiupeiq                                                                     ; altera_avalon_st_pipeline_stage_1930                    ;
;             |gen_inst[0].core|                                                        ; 44.3 (44.3)          ; 47.1 (47.1)                      ; 2.8 (2.8)                                         ; 0.0 (0.0)                        ; 0.0 (0.0)            ; 57 (57)             ; 103 (103)                 ; 0 (0)         ; 0                 ; 0     ; 0                        ; 0                                      ; 0                                                 ; 0    ; 0 (0)  ; soc_inst|mm_interconnect_3|limiter_pipeline_002|gen_inst[0].core                                                                                                                                           ; altera_avalon_st_pipeline_base                                                                                            ; altera_avalon_st_pipeline_stage_1930                    ;
;             |gen_inst[1].core|                                                        ; 3.2 (3.2)            ; 3.4 (3.4)                        ; 0.3 (0.3)                                         ; 0.0 (0.0)                        ; 0.0 (0.0)            ; 5 (5)               ; 6 (6)                     ; 0 (0)         ; 0                 ; 0     ; 0                        ; 0                                      ; 0                                                 ; 0    ; 0 (0)  ; soc_inst|mm_interconnect_3|limiter_pipeline_002|gen_inst[1].core                                                                                                                                           ; altera_avalon_st_pipeline_base                                                                                            ; altera_avalon_st_pipeline_stage_1930                    ;
;          |limiter_pipeline_003|                                                       ; 33.4 (0.0)           ; 34.6 (0.0)                       ; 1.2 (0.0)                                         ; 0.0 (0.0)                        ; 0.0 (0.0)            ; 47 (0)              ; 84 (0)                    ; 0 (0)         ; 0                 ; 0     ; 0                        ; 0                                      ; 0                                                 ; 0    ; 0 (0)  ; soc_inst|mm_interconnect_3|limiter_pipeline_003                                                                                                                                                            ; qsys_top_altera_avalon_st_pipeline_stage_1930_oiupeiq                                                                     ; altera_avalon_st_pipeline_stage_1930                    ;
;             |gen_inst[0].core|                                                        ; 30.1 (30.1)          ; 31.1 (31.1)                      ; 1.0 (1.0)                                         ; 0.0 (0.0)                        ; 0.0 (0.0)            ; 42 (42)             ; 79 (79)                   ; 0 (0)         ; 0                 ; 0     ; 0                        ; 0                                      ; 0                                                 ; 0    ; 0 (0)  ; soc_inst|mm_interconnect_3|limiter_pipeline_003|gen_inst[0].core                                                                                                                                           ; altera_avalon_st_pipeline_base                                                                                            ; altera_avalon_st_pipeline_stage_1930                    ;
;             |gen_inst[1].core|                                                        ; 3.3 (3.3)            ; 3.5 (3.5)                        ; 0.2 (0.2)                                         ; 0.0 (0.0)                        ; 0.0 (0.0)            ; 5 (5)               ; 5 (5)                     ; 0 (0)         ; 0                 ; 0     ; 0                        ; 0                                      ; 0                                                 ; 0    ; 0 (0)  ; soc_inst|mm_interconnect_3|limiter_pipeline_003|gen_inst[1].core                                                                                                                                           ; altera_avalon_st_pipeline_base                                                                                            ; altera_avalon_st_pipeline_stage_1930                    ;
;          |mux_pipeline|                                                               ; 41.5 (0.0)           ; 46.5 (0.0)                       ; 5.0 (0.0)                                         ; 0.0 (0.0)                        ; 0.0 (0.0)            ; 59 (0)              ; 106 (0)                   ; 0 (0)         ; 0                 ; 0     ; 0                        ; 0                                      ; 0                                                 ; 0    ; 0 (0)  ; soc_inst|mm_interconnect_3|mux_pipeline                                                                                                                                                                    ; qsys_top_altera_avalon_st_pipeline_stage_1930_oiupeiq                                                                     ; altera_avalon_st_pipeline_stage_1930                    ;
;             |gen_inst[0].core|                                                        ; 38.0 (38.0)          ; 42.0 (42.0)                      ; 4.0 (4.0)                                         ; 0.0 (0.0)                        ; 0.0 (0.0)            ; 53 (53)             ; 99 (99)                   ; 0 (0)         ; 0                 ; 0     ; 0                        ; 0                                      ; 0                                                 ; 0    ; 0 (0)  ; soc_inst|mm_interconnect_3|mux_pipeline|gen_inst[0].core                                                                                                                                                   ; altera_avalon_st_pipeline_base                                                                                            ; altera_avalon_st_pipeline_stage_1930                    ;
;             |gen_inst[1].core|                                                        ; 3.5 (3.5)            ; 4.5 (4.5)                        ; 1.0 (1.0)                                         ; 0.0 (0.0)                        ; 0.0 (0.0)            ; 6 (6)               ; 7 (7)                     ; 0 (0)         ; 0                 ; 0     ; 0                        ; 0                                      ; 0                                                 ; 0    ; 0 (0)  ; soc_inst|mm_interconnect_3|mux_pipeline|gen_inst[1].core                                                                                                                                                   ; altera_avalon_st_pipeline_base                                                                                            ; altera_avalon_st_pipeline_stage_1930                    ;
;          |mux_pipeline_001|                                                           ; 35.0 (0.0)           ; 36.8 (0.0)                       ; 3.1 (0.0)                                         ; 1.3 (0.0)                        ; 0.0 (0.0)            ; 47 (0)              ; 86 (0)                    ; 0 (0)         ; 0                 ; 0     ; 0                        ; 0                                      ; 0                                                 ; 0    ; 0 (0)  ; soc_inst|mm_interconnect_3|mux_pipeline_001                                                                                                                                                                ; qsys_top_altera_avalon_st_pipeline_stage_1930_oiupeiq                                                                     ; altera_avalon_st_pipeline_stage_1930                    ;
;             |gen_inst[0].core|                                                        ; 33.8 (33.8)          ; 35.3 (35.3)                      ; 2.9 (2.9)                                         ; 1.3 (1.3)                        ; 0.0 (0.0)            ; 45 (45)             ; 83 (83)                   ; 0 (0)         ; 0                 ; 0     ; 0                        ; 0                                      ; 0                                                 ; 0    ; 0 (0)  ; soc_inst|mm_interconnect_3|mux_pipeline_001|gen_inst[0].core                                                                                                                                               ; altera_avalon_st_pipeline_base                                                                                            ; altera_avalon_st_pipeline_stage_1930                    ;
;             |gen_inst[1].core|                                                        ; 1.2 (1.2)            ; 1.5 (1.5)                        ; 0.3 (0.3)                                         ; 0.0 (0.0)                        ; 0.0 (0.0)            ; 2 (2)               ; 3 (3)                     ; 0 (0)         ; 0                 ; 0     ; 0                        ; 0                                      ; 0                                                 ; 0    ; 0 (0)  ; soc_inst|mm_interconnect_3|mux_pipeline_001|gen_inst[1].core                                                                                                                                               ; altera_avalon_st_pipeline_base                                                                                            ; altera_avalon_st_pipeline_stage_1930                    ;
;          |mux_pipeline_002|                                                           ; 66.2 (0.0)           ; 72.8 (0.0)                       ; 6.6 (0.0)                                         ; 0.0 (0.0)                        ; 0.0 (0.0)            ; 93 (0)              ; 174 (0)                   ; 0 (0)         ; 0                 ; 0     ; 0                        ; 0                                      ; 0                                                 ; 0    ; 0 (0)  ; soc_inst|mm_interconnect_3|mux_pipeline_002                                                                                                                                                                ; qsys_top_altera_avalon_st_pipeline_stage_1930_oiupeiq                                                                     ; altera_avalon_st_pipeline_stage_1930                    ;
;             |gen_inst[0].core|                                                        ; 62.0 (62.0)          ; 67.8 (67.8)                      ; 5.8 (5.8)                                         ; 0.0 (0.0)                        ; 0.0 (0.0)            ; 86 (86)             ; 167 (167)                 ; 0 (0)         ; 0                 ; 0     ; 0                        ; 0                                      ; 0                                                 ; 0    ; 0 (0)  ; soc_inst|mm_interconnect_3|mux_pipeline_002|gen_inst[0].core                                                                                                                                               ; altera_avalon_st_pipeline_base                                                                                            ; altera_avalon_st_pipeline_stage_1930                    ;
;             |gen_inst[1].core|                                                        ; 4.2 (4.2)            ; 5.0 (5.0)                        ; 0.8 (0.8)                                         ; 0.0 (0.0)                        ; 0.0 (0.0)            ; 7 (7)               ; 7 (7)                     ; 0 (0)         ; 0                 ; 0     ; 0                        ; 0                                      ; 0                                                 ; 0    ; 0 (0)  ; soc_inst|mm_interconnect_3|mux_pipeline_002|gen_inst[1].core                                                                                                                                               ; altera_avalon_st_pipeline_base                                                                                            ; altera_avalon_st_pipeline_stage_1930                    ;
;          |mux_pipeline_003|                                                           ; 41.2 (0.0)           ; 44.2 (0.0)                       ; 3.1 (0.0)                                         ; 0.0 (0.0)                        ; 0.0 (0.0)            ; 57 (0)              ; 106 (0)                   ; 0 (0)         ; 0                 ; 0     ; 0                        ; 0                                      ; 0                                                 ; 0    ; 0 (0)  ; soc_inst|mm_interconnect_3|mux_pipeline_003                                                                                                                                                                ; qsys_top_altera_avalon_st_pipeline_stage_1930_oiupeiq                                                                     ; altera_avalon_st_pipeline_stage_1930                    ;
;             |gen_inst[0].core|                                                        ; 39.9 (39.9)          ; 42.8 (42.8)                      ; 2.8 (2.8)                                         ; 0.0 (0.0)                        ; 0.0 (0.0)            ; 55 (55)             ; 103 (103)                 ; 0 (0)         ; 0                 ; 0     ; 0                        ; 0                                      ; 0                                                 ; 0    ; 0 (0)  ; soc_inst|mm_interconnect_3|mux_pipeline_003|gen_inst[0].core                                                                                                                                               ; altera_avalon_st_pipeline_base                                                                                            ; altera_avalon_st_pipeline_stage_1930                    ;
;             |gen_inst[1].core|                                                        ; 1.2 (1.2)            ; 1.5 (1.5)                        ; 0.3 (0.3)                                         ; 0.0 (0.0)                        ; 0.0 (0.0)            ; 2 (2)               ; 3 (3)                     ; 0 (0)         ; 0                 ; 0     ; 0                        ; 0                                      ; 0                                                 ; 0    ; 0 (0)  ; soc_inst|mm_interconnect_3|mux_pipeline_003|gen_inst[1].core                                                                                                                                               ; altera_avalon_st_pipeline_base                                                                                            ; altera_avalon_st_pipeline_stage_1930                    ;
;          |mux_pipeline_004|                                                           ; 7.3 (0.0)            ; 9.0 (0.0)                        ; 1.7 (0.0)                                         ; 0.0 (0.0)                        ; 0.0 (0.0)            ; 12 (0)              ; 16 (0)                    ; 0 (0)         ; 0                 ; 0     ; 0                        ; 0                                      ; 0                                                 ; 0    ; 0 (0)  ; soc_inst|mm_interconnect_3|mux_pipeline_004                                                                                                                                                                ; qsys_top_altera_avalon_st_pipeline_stage_1930_oiupeiq                                                                     ; altera_avalon_st_pipeline_stage_1930                    ;
;             |gen_inst[0].core|                                                        ; 5.2 (5.2)            ; 6.5 (6.5)                        ; 1.3 (1.3)                                         ; 0.0 (0.0)                        ; 0.0 (0.0)            ; 8 (8)               ; 11 (11)                   ; 0 (0)         ; 0                 ; 0     ; 0                        ; 0                                      ; 0                                                 ; 0    ; 0 (0)  ; soc_inst|mm_interconnect_3|mux_pipeline_004|gen_inst[0].core                                                                                                                                               ; altera_avalon_st_pipeline_base                                                                                            ; altera_avalon_st_pipeline_stage_1930                    ;
;             |gen_inst[1].core|                                                        ; 2.2 (2.2)            ; 2.5 (2.5)                        ; 0.3 (0.3)                                         ; 0.0 (0.0)                        ; 0.0 (0.0)            ; 4 (4)               ; 5 (5)                     ; 0 (0)         ; 0                 ; 0     ; 0                        ; 0                                      ; 0                                                 ; 0    ; 0 (0)  ; soc_inst|mm_interconnect_3|mux_pipeline_004|gen_inst[1].core                                                                                                                                               ; altera_avalon_st_pipeline_base                                                                                            ; altera_avalon_st_pipeline_stage_1930                    ;
;          |mux_pipeline_005|                                                           ; 6.9 (0.0)            ; 7.0 (0.0)                        ; 0.1 (0.0)                                         ; 0.0 (0.0)                        ; 0.0 (0.0)            ; 10 (0)              ; 14 (0)                    ; 0 (0)         ; 0                 ; 0     ; 0                        ; 0                                      ; 0                                                 ; 0    ; 0 (0)  ; soc_inst|mm_interconnect_3|mux_pipeline_005                                                                                                                                                                ; qsys_top_altera_avalon_st_pipeline_stage_1930_oiupeiq                                                                     ; altera_avalon_st_pipeline_stage_1930                    ;
;             |gen_inst[0].core|                                                        ; 5.5 (5.5)            ; 5.5 (5.5)                        ; 0.0 (0.0)                                         ; 0.0 (0.0)                        ; 0.0 (0.0)            ; 8 (8)               ; 11 (11)                   ; 0 (0)         ; 0                 ; 0     ; 0                        ; 0                                      ; 0                                                 ; 0    ; 0 (0)  ; soc_inst|mm_interconnect_3|mux_pipeline_005|gen_inst[0].core                                                                                                                                               ; altera_avalon_st_pipeline_base                                                                                            ; altera_avalon_st_pipeline_stage_1930                    ;
;             |gen_inst[1].core|                                                        ; 1.3 (1.3)            ; 1.5 (1.5)                        ; 0.2 (0.2)                                         ; 0.0 (0.0)                        ; 0.0 (0.0)            ; 2 (2)               ; 3 (3)                     ; 0 (0)         ; 0                 ; 0     ; 0                        ; 0                                      ; 0                                                 ; 0    ; 0 (0)  ; soc_inst|mm_interconnect_3|mux_pipeline_005|gen_inst[1].core                                                                                                                                               ; altera_avalon_st_pipeline_base                                                                                            ; altera_avalon_st_pipeline_stage_1930                    ;
;          |mux_pipeline_006|                                                           ; 31.2 (0.0)           ; 32.5 (0.0)                       ; 1.3 (0.0)                                         ; 0.0 (0.0)                        ; 0.0 (0.0)            ; 44 (0)              ; 80 (0)                    ; 0 (0)         ; 0                 ; 0     ; 0                        ; 0                                      ; 0                                                 ; 0    ; 0 (0)  ; soc_inst|mm_interconnect_3|mux_pipeline_006                                                                                                                                                                ; qsys_top_altera_avalon_st_pipeline_stage_1930_oiupeiq                                                                     ; altera_avalon_st_pipeline_stage_1930                    ;
;             |gen_inst[0].core|                                                        ; 28.9 (28.9)          ; 29.8 (29.8)                      ; 0.9 (0.9)                                         ; 0.0 (0.0)                        ; 0.0 (0.0)            ; 40 (40)             ; 75 (75)                   ; 0 (0)         ; 0                 ; 0     ; 0                        ; 0                                      ; 0                                                 ; 0    ; 0 (0)  ; soc_inst|mm_interconnect_3|mux_pipeline_006|gen_inst[0].core                                                                                                                                               ; altera_avalon_st_pipeline_base                                                                                            ; altera_avalon_st_pipeline_stage_1930                    ;
;             |gen_inst[1].core|                                                        ; 2.2 (2.2)            ; 2.7 (2.7)                        ; 0.4 (0.4)                                         ; 0.0 (0.0)                        ; 0.0 (0.0)            ; 4 (4)               ; 5 (5)                     ; 0 (0)         ; 0                 ; 0     ; 0                        ; 0                                      ; 0                                                 ; 0    ; 0 (0)  ; soc_inst|mm_interconnect_3|mux_pipeline_006|gen_inst[1].core                                                                                                                                               ; altera_avalon_st_pipeline_base                                                                                            ; altera_avalon_st_pipeline_stage_1930                    ;
;          |mux_pipeline_007|                                                           ; 33.5 (0.0)           ; 36.5 (0.0)                       ; 3.0 (0.0)                                         ; 0.0 (0.0)                        ; 0.0 (0.0)            ; 46 (0)              ; 84 (0)                    ; 0 (0)         ; 0                 ; 0     ; 0                        ; 0                                      ; 0                                                 ; 0    ; 0 (0)  ; soc_inst|mm_interconnect_3|mux_pipeline_007                                                                                                                                                                ; qsys_top_altera_avalon_st_pipeline_stage_1930_oiupeiq                                                                     ; altera_avalon_st_pipeline_stage_1930                    ;
;             |gen_inst[0].core|                                                        ; 30.6 (30.6)          ; 33.5 (33.5)                      ; 2.9 (2.9)                                         ; 0.0 (0.0)                        ; 0.0 (0.0)            ; 42 (42)             ; 79 (79)                   ; 0 (0)         ; 0                 ; 0     ; 0                        ; 0                                      ; 0                                                 ; 0    ; 0 (0)  ; soc_inst|mm_interconnect_3|mux_pipeline_007|gen_inst[0].core                                                                                                                                               ; altera_avalon_st_pipeline_base                                                                                            ; altera_avalon_st_pipeline_stage_1930                    ;
;             |gen_inst[1].core|                                                        ; 2.8 (2.8)            ; 3.0 (3.0)                        ; 0.2 (0.2)                                         ; 0.0 (0.0)                        ; 0.0 (0.0)            ; 4 (4)               ; 5 (5)                     ; 0 (0)         ; 0                 ; 0     ; 0                        ; 0                                      ; 0                                                 ; 0    ; 0 (0)  ; soc_inst|mm_interconnect_3|mux_pipeline_007|gen_inst[1].core                                                                                                                                               ; altera_avalon_st_pipeline_base                                                                                            ; altera_avalon_st_pipeline_stage_1930                    ;
;          |router|                                                                     ; 1.6 (1.6)            ; 1.7 (1.7)                        ; 0.1 (0.1)                                         ; 0.0 (0.0)                        ; 0.0 (0.0)            ; 4 (4)               ; 0 (0)                     ; 0 (0)         ; 0                 ; 0     ; 0                        ; 0                                      ; 0                                                 ; 0    ; 0 (0)  ; soc_inst|mm_interconnect_3|router                                                                                                                                                                          ; qsys_top_altera_merlin_router_1921_xog73ti                                                                                ; altera_merlin_router_1921                               ;
;          |router_001|                                                                 ; 1.2 (1.2)            ; 1.3 (1.3)                        ; 0.1 (0.1)                                         ; 0.0 (0.0)                        ; 0.0 (0.0)            ; 3 (3)               ; 0 (0)                     ; 0 (0)         ; 0                 ; 0     ; 0                        ; 0                                      ; 0                                                 ; 0    ; 0 (0)  ; soc_inst|mm_interconnect_3|router_001                                                                                                                                                                      ; qsys_top_altera_merlin_router_1921_cxln3lq                                                                                ; altera_merlin_router_1921                               ;
;          |rsp_demux|                                                                  ; 1.2 (1.2)            ; 1.3 (1.3)                        ; 0.2 (0.2)                                         ; 0.0 (0.0)                        ; 0.0 (0.0)            ; 3 (3)               ; 0 (0)                     ; 0 (0)         ; 0                 ; 0     ; 0                        ; 0                                      ; 0                                                 ; 0    ; 0 (0)  ; soc_inst|mm_interconnect_3|rsp_demux                                                                                                                                                                       ; qsys_top_altera_merlin_demultiplexer_1921_ddsaksq                                                                         ; altera_merlin_demultiplexer_1921                        ;
;          |rsp_mux|                                                                    ; 1.2 (1.2)            ; 1.2 (1.2)                        ; 0.0 (0.0)                                         ; 0.0 (0.0)                        ; 0.0 (0.0)            ; 5 (5)               ; 0 (0)                     ; 0 (0)         ; 0                 ; 0     ; 0                        ; 0                                      ; 0                                                 ; 0    ; 0 (0)  ; soc_inst|mm_interconnect_3|rsp_mux                                                                                                                                                                         ; qsys_top_altera_merlin_multiplexer_1922_qlxk3ui                                                                           ; altera_merlin_multiplexer_1922                          ;
;          |rsp_mux_001|                                                                ; 9.6 (9.6)            ; 9.9 (9.9)                        ; 0.3 (0.3)                                         ; 0.0 (0.0)                        ; 0.0 (0.0)            ; 39 (39)             ; 0 (0)                     ; 0 (0)         ; 0                 ; 0     ; 0                        ; 0                                      ; 0                                                 ; 0    ; 0 (0)  ; soc_inst|mm_interconnect_3|rsp_mux_001                                                                                                                                                                     ; qsys_top_altera_merlin_multiplexer_1922_qlxk3ui                                                                           ; altera_merlin_multiplexer_1922                          ;
;          |subsys_hps_lwhps2fpga_agent|                                                ; 128.8 (86.2)         ; 150.5 (102.7)                    ; 21.7 (16.5)                                       ; 0.0 (0.0)                        ; 0.0 (0.0)            ; 202 (105)           ; 170 (141)                 ; 0 (0)         ; 0                 ; 0     ; 0                        ; 0                                      ; 0                                                 ; 0    ; 0 (0)  ; soc_inst|mm_interconnect_3|subsys_hps_lwhps2fpga_agent                                                                                                                                                     ; qsys_top_altera_merlin_axi_master_ni_19116_f5viiry                                                                        ; altera_merlin_axi_master_ni_19116                       ;
;             |align_address_to_size|                                                   ; 42.6 (42.6)          ; 47.7 (47.7)                      ; 5.2 (5.2)                                         ; 0.0 (0.0)                        ; 0.0 (0.0)            ; 97 (97)             ; 29 (29)                   ; 0 (0)         ; 0                 ; 0     ; 0                        ; 0                                      ; 0                                                 ; 0    ; 0 (0)  ; soc_inst|mm_interconnect_3|subsys_hps_lwhps2fpga_agent|align_address_to_size                                                                                                                               ; altera_merlin_address_alignment                                                                                           ; altera_merlin_axi_master_ni_19116                       ;
;          |subsys_hps_lwhps2fpga_rd_limiter|                                           ; 6.8 (6.8)            ; 8.8 (8.8)                        ; 2.0 (2.0)                                         ; 0.0 (0.0)                        ; 0.0 (0.0)            ; 13 (13)             ; 8 (8)                     ; 0 (0)         ; 0                 ; 0     ; 0                        ; 0                                      ; 0                                                 ; 0    ; 0 (0)  ; soc_inst|mm_interconnect_3|subsys_hps_lwhps2fpga_rd_limiter                                                                                                                                                ; qsys_top_altera_merlin_traffic_limiter_1921_7ytbk2a                                                                       ; altera_merlin_traffic_limiter_1921                      ;
;          |subsys_hps_lwhps2fpga_wr_limiter|                                           ; 7.2 (7.2)            ; 8.3 (8.3)                        ; 1.2 (1.2)                                         ; 0.0 (0.0)                        ; 0.0 (0.0)            ; 14 (14)             ; 8 (8)                     ; 0 (0)         ; 0                 ; 0     ; 0                        ; 0                                      ; 0                                                 ; 0    ; 0 (0)  ; soc_inst|mm_interconnect_3|subsys_hps_lwhps2fpga_wr_limiter                                                                                                                                                ; qsys_top_altera_merlin_traffic_limiter_1921_7ytbk2a                                                                       ; altera_merlin_traffic_limiter_1921                      ;
;          |subsys_periph_pb_cpu_0_s0_agent|                                            ; 10.9 (2.5)           ; 11.5 (3.0)                       ; 0.6 (0.5)                                         ; 0.0 (0.0)                        ; 0.0 (0.0)            ; 23 (7)              ; 11 (0)                    ; 0 (0)         ; 0                 ; 0     ; 0                        ; 0                                      ; 0                                                 ; 0    ; 0 (0)  ; soc_inst|mm_interconnect_3|subsys_periph_pb_cpu_0_s0_agent                                                                                                                                                 ; qsys_top_altera_merlin_slave_agent_1930_jxauz3i                                                                           ; altera_merlin_slave_agent_1930                          ;
;             |uncompressor|                                                            ; 8.4 (8.4)            ; 8.5 (8.5)                        ; 0.1 (0.1)                                         ; 0.0 (0.0)                        ; 0.0 (0.0)            ; 16 (16)             ; 11 (11)                   ; 0 (0)         ; 0                 ; 0     ; 0                        ; 0                                      ; 0                                                 ; 0    ; 0 (0)  ; soc_inst|mm_interconnect_3|subsys_periph_pb_cpu_0_s0_agent|uncompressor                                                                                                                                    ; altera_merlin_burst_uncompressor                                                                                          ; altera_merlin_slave_agent_1930                          ;
;          |subsys_periph_pb_cpu_0_s0_agent_rdata_fifo|                                 ; 25.9 (25.9)          ; 26.5 (26.5)                      ; 0.6 (0.6)                                         ; 0.0 (0.0)                        ; 0.0 (0.0)            ; 68 (68)             ; 67 (67)                   ; 0 (0)         ; 0                 ; 0     ; 0                        ; 0                                      ; 0                                                 ; 0    ; 0 (0)  ; soc_inst|mm_interconnect_3|subsys_periph_pb_cpu_0_s0_agent_rdata_fifo                                                                                                                                      ; qsys_top_altera_avalon_sc_fifo_1932_22gxxgi                                                                               ; altera_avalon_sc_fifo_1932                              ;
;          |subsys_periph_pb_cpu_0_s0_agent_rsp_fifo|                                   ; 7.5 (7.5)            ; 7.5 (7.5)                        ; 0.0 (0.0)                                         ; 0.0 (0.0)                        ; 0.0 (0.0)            ; 12 (12)             ; 19 (19)                   ; 0 (0)         ; 0                 ; 0     ; 0                        ; 0                                      ; 0                                                 ; 0    ; 0 (0)  ; soc_inst|mm_interconnect_3|subsys_periph_pb_cpu_0_s0_agent_rsp_fifo                                                                                                                                        ; qsys_top_altera_avalon_sc_fifo_1932_22gxxgi                                                                               ; altera_avalon_sc_fifo_1932                              ;
;          |subsys_periph_pb_cpu_0_s0_burst_adapter|                                    ; 67.3 (0.0)           ; 72.7 (0.0)                       ; 5.5 (0.0)                                         ; 0.0 (0.0)                        ; 0.0 (0.0)            ; 109 (0)             ; 111 (0)                   ; 0 (0)         ; 0                 ; 0     ; 0                        ; 0                                      ; 0                                                 ; 0    ; 0 (0)  ; soc_inst|mm_interconnect_3|subsys_periph_pb_cpu_0_s0_burst_adapter                                                                                                                                         ; qsys_top_altera_merlin_burst_adapter_1940_druqflq                                                                         ; altera_merlin_burst_adapter_1940                        ;
;             |altera_merlin_burst_adapter_new.burst_adapter|                           ; 67.3 (32.7)          ; 72.7 (37.6)                      ; 5.5 (4.9)                                         ; 0.0 (0.0)                        ; 0.0 (0.0)            ; 109 (47)            ; 111 (66)                  ; 0 (0)         ; 0                 ; 0     ; 0                        ; 0                                      ; 0                                                 ; 0    ; 0 (0)  ; soc_inst|mm_interconnect_3|subsys_periph_pb_cpu_0_s0_burst_adapter|altera_merlin_burst_adapter_new.burst_adapter                                                                                           ; altera_merlin_burst_adapter_new                                                                                           ; altera_merlin_burst_adapter_1940                        ;
;                |align_address_to_size|                                                ; 1.3 (1.3)            ; 1.3 (1.3)                        ; 0.0 (0.0)                                         ; 0.0 (0.0)                        ; 0.0 (0.0)            ; 3 (3)               ; 0 (0)                     ; 0 (0)         ; 0                 ; 0     ; 0                        ; 0                                      ; 0                                                 ; 0    ; 0 (0)  ; soc_inst|mm_interconnect_3|subsys_periph_pb_cpu_0_s0_burst_adapter|altera_merlin_burst_adapter_new.burst_adapter|align_address_to_size                                                                     ; altera_merlin_address_alignment                                                                                           ; altera_merlin_burst_adapter_1940                        ;
;                |non_bursting_slave_converters_sel.the_default_burst_converter|        ; 33.2 (33.2)          ; 33.8 (33.8)                      ; 0.7 (0.7)                                         ; 0.0 (0.0)                        ; 0.0 (0.0)            ; 59 (59)             ; 45 (45)                   ; 0 (0)         ; 0                 ; 0     ; 0                        ; 0                                      ; 0                                                 ; 0    ; 0 (0)  ; soc_inst|mm_interconnect_3|subsys_periph_pb_cpu_0_s0_burst_adapter|altera_merlin_burst_adapter_new.burst_adapter|non_bursting_slave_converters_sel.the_default_burst_converter                             ; altera_default_burst_converter                                                                                            ; altera_merlin_burst_adapter_1940                        ;
;       |ocm|                                                                           ; 538.0 (0.0)          ; 610.0 (0.0)                      ; 72.9 (0.0)                                        ; 0.9 (0.0)                        ; 0.0 (0.0)            ; 693 (0)             ; 514 (0)                   ; 0 (0)         ; 2097152           ; 128   ; 0                        ; 0                                      ; 0                                                 ; 0    ; 0 (0)  ; soc_inst|ocm                                                                                                                                                                                               ; ocm                                                                                                                       ; ocm                                                     ;
;          |intel_onchip_memory_inst|                                                   ; 538.0 (0.0)          ; 610.0 (0.0)                      ; 72.9 (0.0)                                        ; 0.9 (0.0)                        ; 0.0 (0.0)            ; 693 (0)             ; 514 (0)                   ; 0 (0)         ; 2097152           ; 128   ; 0                        ; 0                                      ; 0                                                 ; 0    ; 0 (0)  ; soc_inst|ocm|intel_onchip_memory_inst                                                                                                                                                                      ; ocm_intel_onchip_memory_1410_xjna2fq                                                                                      ; intel_onchip_memory_1410                                ;
;             |altera_syncram_component|                                                ; 219.4 (0.0)          ; 219.2 (0.0)                      ; 0.7 (0.0)                                         ; 0.9 (0.0)                        ; 0.0 (0.0)            ; 265 (0)             ; 3 (0)                     ; 0 (0)         ; 2097152           ; 128   ; 0                        ; 0                                      ; 0                                                 ; 0    ; 0 (0)  ; soc_inst|ocm|intel_onchip_memory_inst|altera_syncram_component                                                                                                                                             ; altera_syncram                                                                                                            ; altera_work                                             ;
;                |auto_generated|                                                       ; 219.4 (0.0)          ; 219.2 (0.0)                      ; 0.7 (0.0)                                         ; 0.9 (0.0)                        ; 0.0 (0.0)            ; 265 (0)             ; 3 (0)                     ; 0 (0)         ; 2097152           ; 128   ; 0                        ; 0                                      ; 0                                                 ; 0    ; 0 (0)  ; soc_inst|ocm|intel_onchip_memory_inst|altera_syncram_component|auto_generated                                                                                                                              ; altera_syncram_s09r                                                                                                       ; altera_work                                             ;
;                   |altera_syncram_impl1|                                              ; 219.4 (1.8)          ; 219.2 (1.8)                      ; 0.7 (0.0)                                         ; 0.9 (0.0)                        ; 0.0 (0.0)            ; 265 (1)             ; 3 (3)                     ; 0 (0)         ; 2097152           ; 128   ; 0                        ; 0                                      ; 0                                                 ; 0    ; 0 (0)  ; soc_inst|ocm|intel_onchip_memory_inst|altera_syncram_component|auto_generated|altera_syncram_impl1                                                                                                         ; altera_syncram_impl_1j102                                                                                                 ; altera_work                                             ;
;                      |decode3|                                                        ; 3.3 (3.3)            ; 4.0 (4.0)                        ; 0.7 (0.7)                                         ; 0.0 (0.0)                        ; 0.0 (0.0)            ; 8 (8)               ; 0 (0)                     ; 0 (0)         ; 0                 ; 0     ; 0                        ; 0                                      ; 0                                                 ; 0    ; 0 (0)  ; soc_inst|ocm|intel_onchip_memory_inst|altera_syncram_component|auto_generated|altera_syncram_impl1|decode3                                                                                                 ; decode_egb32                                                                                                              ; altera_work                                             ;
;                      |mux4|                                                           ; 214.3 (214.3)        ; 213.3 (213.3)                    ; 0.0 (0.0)                                         ; 0.9 (0.9)                        ; 0.0 (0.0)            ; 256 (256)           ; 0 (0)                     ; 0 (0)         ; 0                 ; 0     ; 0                        ; 0                                      ; 0                                                 ; 0    ; 0 (0)  ; soc_inst|ocm|intel_onchip_memory_inst|altera_syncram_component|auto_generated|altera_syncram_impl1|mux4                                                                                                    ; mux_df2a                                                                                                                  ; altera_work                                             ;
;             |s1_axi_bursting_adapter|                                                 ; 318.6 (318.6)        ; 390.8 (390.8)                    ; 72.2 (72.2)                                       ; 0.0 (0.0)                        ; 0.0 (0.0)            ; 428 (428)           ; 511 (511)                 ; 0 (0)         ; 0                 ; 0     ; 0                        ; 0                                      ; 0                                                 ; 0    ; 0 (0)  ; soc_inst|ocm|intel_onchip_memory_inst|s1_axi_bursting_adapter                                                                                                                                              ; ocm_intel_onchip_memory_1410_xjna2fq_axi_bursting_adapter                                                                 ; intel_onchip_memory_1410                                ;
;       |rst_controller|                                                                ; 6.7 (0.0)            ; 9.5 (0.0)                        ; 2.8 (0.0)                                         ; 0.0 (0.0)                        ; 0.0 (0.0)            ; 6 (0)               ; 20 (0)                    ; 0 (0)         ; 0                 ; 0     ; 0                        ; 0                                      ; 0                                                 ; 0    ; 0 (0)  ; soc_inst|rst_controller                                                                                                                                                                                    ; qsys_top_rst_controller                                                                                                   ; qsys_top                                                ;
;          |rst_controller|                                                             ; 6.7 (4.6)            ; 9.5 (7.0)                        ; 2.8 (2.4)                                         ; 0.0 (0.0)                        ; 0.0 (0.0)            ; 6 (5)               ; 20 (14)                   ; 0 (0)         ; 0                 ; 0     ; 0                        ; 0                                      ; 0                                                 ; 0    ; 0 (0)  ; soc_inst|rst_controller|rst_controller                                                                                                                                                                     ; altera_reset_controller                                                                                                   ; altera_reset_controller_1924                            ;
;             |alt_rst_req_sync_uq1|                                                    ; 0.9 (0.9)            ; 1.0 (1.0)                        ; 0.1 (0.1)                                         ; 0.0 (0.0)                        ; 0.0 (0.0)            ; 1 (1)               ; 3 (3)                     ; 0 (0)         ; 0                 ; 0     ; 0                        ; 0                                      ; 0                                                 ; 0    ; 0 (0)  ; soc_inst|rst_controller|rst_controller|alt_rst_req_sync_uq1                                                                                                                                                ; altera_reset_synchronizer                                                                                                 ; altera_reset_controller_1924                            ;
;             |alt_rst_sync_uq1|                                                        ; 1.2 (1.2)            ; 1.5 (1.5)                        ; 0.3 (0.3)                                         ; 0.0 (0.0)                        ; 0.0 (0.0)            ; 0 (0)               ; 3 (3)                     ; 0 (0)         ; 0                 ; 0     ; 0                        ; 0                                      ; 0                                                 ; 0    ; 0 (0)  ; soc_inst|rst_controller|rst_controller|alt_rst_sync_uq1                                                                                                                                                    ; altera_reset_synchronizer                                                                                                 ; altera_reset_controller_1924                            ;
;       |rst_controller_001|                                                            ; 1.2 (0.0)            ; 1.5 (0.0)                        ; 0.3 (0.0)                                         ; 0.0 (0.0)                        ; 0.0 (0.0)            ; 0 (0)               ; 3 (0)                     ; 0 (0)         ; 0                 ; 0     ; 0                        ; 0                                      ; 0                                                 ; 0    ; 0 (0)  ; soc_inst|rst_controller_001                                                                                                                                                                                ; qsys_top_rst_controller_001                                                                                               ; qsys_top                                                ;
;          |rst_controller_001|                                                         ; 1.2 (0.0)            ; 1.5 (0.0)                        ; 0.3 (0.0)                                         ; 0.0 (0.0)                        ; 0.0 (0.0)            ; 0 (0)               ; 3 (0)                     ; 0 (0)         ; 0                 ; 0     ; 0                        ; 0                                      ; 0                                                 ; 0    ; 0 (0)  ; soc_inst|rst_controller_001|rst_controller_001                                                                                                                                                             ; altera_reset_controller                                                                                                   ; altera_reset_controller_1924                            ;
;             |alt_rst_sync_uq1|                                                        ; 1.2 (1.2)            ; 1.5 (1.5)                        ; 0.3 (0.3)                                         ; 0.0 (0.0)                        ; 0.0 (0.0)            ; 0 (0)               ; 3 (3)                     ; 0 (0)         ; 0                 ; 0     ; 0                        ; 0                                      ; 0                                                 ; 0    ; 0 (0)  ; soc_inst|rst_controller_001|rst_controller_001|alt_rst_sync_uq1                                                                                                                                            ; altera_reset_synchronizer                                                                                                 ; altera_reset_controller_1924                            ;
;       |rst_controller_002|                                                            ; 1.1 (0.0)            ; 1.5 (0.0)                        ; 0.4 (0.0)                                         ; 0.0 (0.0)                        ; 0.0 (0.0)            ; 1 (0)               ; 3 (0)                     ; 0 (0)         ; 0                 ; 0     ; 0                        ; 0                                      ; 0                                                 ; 0    ; 0 (0)  ; soc_inst|rst_controller_002                                                                                                                                                                                ; qsys_top_rst_controller_001                                                                                               ; qsys_top                                                ;
;          |rst_controller_001|                                                         ; 1.1 (0.0)            ; 1.5 (0.0)                        ; 0.4 (0.0)                                         ; 0.0 (0.0)                        ; 0.0 (0.0)            ; 1 (0)               ; 3 (0)                     ; 0 (0)         ; 0                 ; 0     ; 0                        ; 0                                      ; 0                                                 ; 0    ; 0 (0)  ; soc_inst|rst_controller_002|rst_controller_001                                                                                                                                                             ; altera_reset_controller                                                                                                   ; altera_reset_controller_1924                            ;
;             |alt_rst_sync_uq1|                                                        ; 1.1 (1.1)            ; 1.5 (1.5)                        ; 0.4 (0.4)                                         ; 0.0 (0.0)                        ; 0.0 (0.0)            ; 1 (1)               ; 3 (3)                     ; 0 (0)         ; 0                 ; 0     ; 0                        ; 0                                      ; 0                                                 ; 0    ; 0 (0)  ; soc_inst|rst_controller_002|rst_controller_001|alt_rst_sync_uq1                                                                                                                                            ; altera_reset_synchronizer                                                                                                 ; altera_reset_controller_1924                            ;
;       |subsys_debug|                                                                  ; 1123.0 (0.0)         ; 1223.0 (0.0)                     ; 124.7 (0.0)                                       ; 24.8 (0.0)                       ; 0.0 (0.0)            ; 1594 (0)            ; 1237 (0)                  ; 0 (0)         ; 1536              ; 3     ; 0                        ; 0                                      ; 0                                                 ; 0    ; 0 (0)  ; soc_inst|subsys_debug                                                                                                                                                                                      ; jtag_subsys                                                                                                               ; jtag_subsys                                             ;
;          |fpga_m|                                                                     ; 418.4 (0.0)          ; 456.5 (0.0)                      ; 47.9 (0.0)                                        ; 9.8 (0.0)                        ; 0.0 (0.0)            ; 585 (0)             ; 467 (0)                   ; 0 (0)         ; 512               ; 1     ; 0                        ; 0                                      ; 0                                                 ; 0    ; 0 (0)  ; soc_inst|subsys_debug|fpga_m                                                                                                                                                                               ; fpga_m                                                                                                                    ; fpga_m                                                  ;
;             |altera_jtag_avalon_master_inst|                                          ; 418.4 (0.0)          ; 456.5 (0.0)                      ; 47.9 (0.0)                                        ; 9.8 (0.0)                        ; 0.0 (0.0)            ; 585 (0)             ; 467 (0)                   ; 0 (0)         ; 512               ; 1     ; 0                        ; 0                                      ; 0                                                 ; 0    ; 0 (0)  ; soc_inst|subsys_debug|fpga_m|altera_jtag_avalon_master_inst                                                                                                                                                ; fpga_m_altera_jtag_avalon_master_191_unfwqdy                                                                              ; altera_jtag_avalon_master_191                           ;
;                |b2p|                                                                  ; 8.5 (8.5)            ; 12.2 (12.2)                      ; 3.7 (3.7)                                         ; 0.0 (0.0)                        ; 0.0 (0.0)            ; 13 (13)             ; 12 (12)                   ; 0 (0)         ; 0                 ; 0     ; 0                        ; 0                                      ; 0                                                 ; 0    ; 0 (0)  ; soc_inst|subsys_debug|fpga_m|altera_jtag_avalon_master_inst|b2p                                                                                                                                            ; altera_avalon_st_bytes_to_packets                                                                                         ; altera_avalon_st_bytes_to_packets_1922                  ;
;                |b2p_adapter|                                                          ; 0.9 (0.9)            ; 1.0 (1.0)                        ; 0.1 (0.1)                                         ; 0.0 (0.0)                        ; 0.0 (0.0)            ; 1 (1)               ; 0 (0)                     ; 0 (0)         ; 0                 ; 0     ; 0                        ; 0                                      ; 0                                                 ; 0    ; 0 (0)  ; soc_inst|subsys_debug|fpga_m|altera_jtag_avalon_master_inst|b2p_adapter                                                                                                                                    ; fpga_m_channel_adapter_1922_rd56ufy                                                                                       ; channel_adapter_1922                                    ;
;                |fifo|                                                                 ; 17.8 (17.8)          ; 19.7 (19.7)                      ; 1.9 (1.9)                                         ; 0.0 (0.0)                        ; 0.0 (0.0)            ; 36 (36)             ; 28 (28)                   ; 0 (0)         ; 512               ; 1     ; 0                        ; 0                                      ; 0                                                 ; 0    ; 0 (0)  ; soc_inst|subsys_debug|fpga_m|altera_jtag_avalon_master_inst|fifo                                                                                                                                           ; fpga_m_altera_avalon_sc_fifo_1932_onpcouq                                                                                 ; altera_avalon_sc_fifo_1932                              ;
;                   |gen_blk9.gen_blk10_else.altera_syncram_component|                  ; 0.0 (0.0)            ; 0.0 (0.0)                        ; 0.0 (0.0)                                         ; 0.0 (0.0)                        ; 0.0 (0.0)            ; 0 (0)               ; 0 (0)                     ; 0 (0)         ; 512               ; 1     ; 0                        ; 0                                      ; 0                                                 ; 0    ; 0 (0)  ; soc_inst|subsys_debug|fpga_m|altera_jtag_avalon_master_inst|fifo|gen_blk9.gen_blk10_else.altera_syncram_component                                                                                          ; altera_syncram                                                                                                            ; altera_work                                             ;
;                      |auto_generated|                                                 ; 0.0 (0.0)            ; 0.0 (0.0)                        ; 0.0 (0.0)                                         ; 0.0 (0.0)                        ; 0.0 (0.0)            ; 0 (0)               ; 0 (0)                     ; 0 (0)         ; 512               ; 1     ; 0                        ; 0                                      ; 0                                                 ; 0    ; 0 (0)  ; soc_inst|subsys_debug|fpga_m|altera_jtag_avalon_master_inst|fifo|gen_blk9.gen_blk10_else.altera_syncram_component|auto_generated                                                                           ; altera_syncram_eh5b                                                                                                       ; altera_work                                             ;
;                         |altera_syncram_impl1|                                        ; 0.0 (0.0)            ; 0.0 (0.0)                        ; 0.0 (0.0)                                         ; 0.0 (0.0)                        ; 0.0 (0.0)            ; 0 (0)               ; 0 (0)                     ; 0 (0)         ; 512               ; 1     ; 0                        ; 0                                      ; 0                                                 ; 0    ; 0 (0)  ; soc_inst|subsys_debug|fpga_m|altera_jtag_avalon_master_inst|fifo|gen_blk9.gen_blk10_else.altera_syncram_component|auto_generated|altera_syncram_impl1                                                      ; altera_syncram_impl_qm6s1                                                                                                 ; altera_work                                             ;
;                |jtag_phy_embedded_in_jtag_master|                                     ; 238.7 (0.0)          ; 255.5 (0.0)                      ; 25.3 (0.0)                                        ; 8.5 (0.0)                        ; 0.0 (0.0)            ; 299 (0)             ; 271 (0)                   ; 0 (0)         ; 0                 ; 0     ; 0                        ; 0                                      ; 0                                                 ; 0    ; 0 (0)  ; soc_inst|subsys_debug|fpga_m|altera_jtag_avalon_master_inst|jtag_phy_embedded_in_jtag_master                                                                                                               ; altera_avalon_st_jtag_interface                                                                                           ; altera_jtag_dc_streaming_191                            ;
;                   |node|                                                              ; 1.2 (0.0)            ; 1.2 (0.0)                        ; 0.0 (0.0)                                         ; 0.0 (0.0)                        ; 0.0 (0.0)            ; 3 (0)               ; 0 (0)                     ; 0 (0)         ; 0                 ; 0     ; 0                        ; 0                                      ; 0                                                 ; 0    ; 0 (0)  ; soc_inst|subsys_debug|fpga_m|altera_jtag_avalon_master_inst|jtag_phy_embedded_in_jtag_master|node                                                                                                          ; altera_jtag_sld_node                                                                                                      ; altera_jtag_dc_streaming_191                            ;
;                      |sld_virtual_jtag_component|                                     ; 1.2 (0.0)            ; 1.2 (0.0)                        ; 0.0 (0.0)                                         ; 0.0 (0.0)                        ; 0.0 (0.0)            ; 3 (0)               ; 0 (0)                     ; 0 (0)         ; 0                 ; 0     ; 0                        ; 0                                      ; 0                                                 ; 0    ; 0 (0)  ; soc_inst|subsys_debug|fpga_m|altera_jtag_avalon_master_inst|jtag_phy_embedded_in_jtag_master|node|sld_virtual_jtag_component                                                                               ; sld_virtual_jtag_basic                                                                                                    ; altera_work                                             ;
;                         |sld_virtual_jtag_impl_inst|                                  ; 1.2 (1.2)            ; 1.2 (1.2)                        ; 0.0 (0.0)                                         ; 0.0 (0.0)                        ; 0.0 (0.0)            ; 3 (3)               ; 0 (0)                     ; 0 (0)         ; 0                 ; 0     ; 0                        ; 0                                      ; 0                                                 ; 0    ; 0 (0)  ; soc_inst|subsys_debug|fpga_m|altera_jtag_avalon_master_inst|jtag_phy_embedded_in_jtag_master|node|sld_virtual_jtag_component|sld_virtual_jtag_impl_inst                                                    ; sld_virtual_jtag_impl                                                                                                     ; altera_work                                             ;
;                   |normal.jtag_dc_streaming|                                          ; 237.4 (0.0)          ; 254.2 (0.0)                      ; 25.3 (0.0)                                        ; 8.5 (0.0)                        ; 0.0 (0.0)            ; 296 (0)             ; 271 (0)                   ; 0 (0)         ; 0                 ; 0     ; 0                        ; 0                                      ; 0                                                 ; 0    ; 0 (0)  ; soc_inst|subsys_debug|fpga_m|altera_jtag_avalon_master_inst|jtag_phy_embedded_in_jtag_master|normal.jtag_dc_streaming                                                                                      ; altera_jtag_dc_streaming                                                                                                  ; altera_jtag_dc_streaming_191                            ;
;                      |jtag_streaming|                                                 ; 197.3 (185.5)        ; 212.8 (198.4)                    ; 19.0 (16.4)                                       ; 3.5 (3.5)                        ; 0.0 (0.0)            ; 277 (268)           ; 186 (167)                 ; 0 (0)         ; 0                 ; 0     ; 0                        ; 0                                      ; 0                                                 ; 0    ; 0 (0)  ; soc_inst|subsys_debug|fpga_m|altera_jtag_avalon_master_inst|jtag_phy_embedded_in_jtag_master|normal.jtag_dc_streaming|jtag_streaming                                                                       ; altera_jtag_streaming                                                                                                     ; altera_jtag_dc_streaming_191                            ;
;                         |clock_sense_reset_n_synchronizer|                            ; 2.2 (2.2)            ; 4.0 (4.0)                        ; 1.8 (1.8)                                         ; 0.0 (0.0)                        ; 0.0 (0.0)            ; 0 (0)               ; 8 (8)                     ; 0 (0)         ; 0                 ; 0     ; 0                        ; 0                                      ; 0                                                 ; 0    ; 0 (0)  ; soc_inst|subsys_debug|fpga_m|altera_jtag_avalon_master_inst|jtag_phy_embedded_in_jtag_master|normal.jtag_dc_streaming|jtag_streaming|clock_sense_reset_n_synchronizer                                      ; altera_std_synchronizer                                                                                                   ; altera_work                                             ;
;                         |clock_sensor_synchronizer|                                   ; 1.2 (1.2)            ; 1.3 (1.3)                        ; 0.1 (0.1)                                         ; 0.0 (0.0)                        ; 0.0 (0.0)            ; 0 (0)               ; 3 (3)                     ; 0 (0)         ; 0                 ; 0     ; 0                        ; 0                                      ; 0                                                 ; 0    ; 0 (0)  ; soc_inst|subsys_debug|fpga_m|altera_jtag_avalon_master_inst|jtag_phy_embedded_in_jtag_master|normal.jtag_dc_streaming|jtag_streaming|clock_sensor_synchronizer                                             ; altera_std_synchronizer                                                                                                   ; altera_work                                             ;
;                         |clock_to_sample_div2_synchronizer|                           ; 1.2 (1.2)            ; 1.5 (1.5)                        ; 0.3 (0.3)                                         ; 0.0 (0.0)                        ; 0.0 (0.0)            ; 0 (0)               ; 3 (3)                     ; 0 (0)         ; 0                 ; 0     ; 0                        ; 0                                      ; 0                                                 ; 0    ; 0 (0)  ; soc_inst|subsys_debug|fpga_m|altera_jtag_avalon_master_inst|jtag_phy_embedded_in_jtag_master|normal.jtag_dc_streaming|jtag_streaming|clock_to_sample_div2_synchronizer                                     ; altera_std_synchronizer                                                                                                   ; altera_work                                             ;
;                         |idle_inserter|                                               ; 3.4 (3.4)            ; 3.5 (3.5)                        ; 0.1 (0.1)                                         ; 0.0 (0.0)                        ; 0.0 (0.0)            ; 5 (5)               ; 1 (1)                     ; 0 (0)         ; 0                 ; 0     ; 0                        ; 0                                      ; 0                                                 ; 0    ; 0 (0)  ; soc_inst|subsys_debug|fpga_m|altera_jtag_avalon_master_inst|jtag_phy_embedded_in_jtag_master|normal.jtag_dc_streaming|jtag_streaming|idle_inserter                                                         ; altera_avalon_st_idle_inserter                                                                                            ; altera_jtag_dc_streaming_191                            ;
;                         |idle_remover|                                                ; 2.5 (2.5)            ; 2.6 (2.6)                        ; 0.1 (0.1)                                         ; 0.0 (0.0)                        ; 0.0 (0.0)            ; 4 (4)               ; 1 (1)                     ; 0 (0)         ; 0                 ; 0     ; 0                        ; 0                                      ; 0                                                 ; 0    ; 0 (0)  ; soc_inst|subsys_debug|fpga_m|altera_jtag_avalon_master_inst|jtag_phy_embedded_in_jtag_master|normal.jtag_dc_streaming|jtag_streaming|idle_remover                                                          ; altera_avalon_st_idle_remover                                                                                             ; altera_jtag_dc_streaming_191                            ;
;                         |reset_to_sample_synchronizer|                                ; 1.2 (1.2)            ; 1.5 (1.5)                        ; 0.3 (0.3)                                         ; 0.0 (0.0)                        ; 0.0 (0.0)            ; 0 (0)               ; 3 (3)                     ; 0 (0)         ; 0                 ; 0     ; 0                        ; 0                                      ; 0                                                 ; 0    ; 0 (0)  ; soc_inst|subsys_debug|fpga_m|altera_jtag_avalon_master_inst|jtag_phy_embedded_in_jtag_master|normal.jtag_dc_streaming|jtag_streaming|reset_to_sample_synchronizer                                          ; altera_std_synchronizer                                                                                                   ; altera_work                                             ;
;                      |sink_crosser|                                                   ; 29.5 (11.7)          ; 27.5 (11.0)                      ; 3.0 (1.5)                                         ; 5.0 (2.2)                        ; 0.0 (0.0)            ; 18 (5)              ; 55 (20)                   ; 0 (0)         ; 0                 ; 0     ; 0                        ; 0                                      ; 0                                                 ; 0    ; 0 (0)  ; soc_inst|subsys_debug|fpga_m|altera_jtag_avalon_master_inst|jtag_phy_embedded_in_jtag_master|normal.jtag_dc_streaming|sink_crosser                                                                         ; altera_avalon_st_clock_crosser                                                                                            ; altera_jtag_dc_streaming_191                            ;
;                         |alt_rst_req_sync_in_rst|                                     ; 1.5 (1.5)            ; 1.5 (1.5)                        ; 0.0 (0.0)                                         ; 0.0 (0.0)                        ; 0.0 (0.0)            ; 0 (0)               ; 3 (3)                     ; 0 (0)         ; 0                 ; 0     ; 0                        ; 0                                      ; 0                                                 ; 0    ; 0 (0)  ; soc_inst|subsys_debug|fpga_m|altera_jtag_avalon_master_inst|jtag_phy_embedded_in_jtag_master|normal.jtag_dc_streaming|sink_crosser|alt_rst_req_sync_in_rst                                                 ; altera_reset_synchronizer                                                                                                 ; altera_jtag_dc_streaming_191                            ;
;                         |alt_rst_req_sync_out_rst|                                    ; 1.5 (1.5)            ; 1.5 (1.5)                        ; 0.0 (0.0)                                         ; 0.0 (0.0)                        ; 0.0 (0.0)            ; 0 (0)               ; 3 (3)                     ; 0 (0)         ; 0                 ; 0     ; 0                        ; 0                                      ; 0                                                 ; 0    ; 0 (0)  ; soc_inst|subsys_debug|fpga_m|altera_jtag_avalon_master_inst|jtag_phy_embedded_in_jtag_master|normal.jtag_dc_streaming|sink_crosser|alt_rst_req_sync_out_rst                                                ; altera_reset_synchronizer                                                                                                 ; altera_jtag_dc_streaming_191                            ;
;                         |in_to_out_synchronizer|                                      ; 4.2 (4.2)            ; 1.5 (1.5)                        ; 0.1 (0.1)                                         ; 2.8 (2.8)                        ; 0.0 (0.0)            ; 0 (0)               ; 3 (3)                     ; 0 (0)         ; 0                 ; 0     ; 0                        ; 0                                      ; 0                                                 ; 0    ; 0 (0)  ; soc_inst|subsys_debug|fpga_m|altera_jtag_avalon_master_inst|jtag_phy_embedded_in_jtag_master|normal.jtag_dc_streaming|sink_crosser|in_to_out_synchronizer                                                  ; altera_std_synchronizer_nocut                                                                                             ; altera_jtag_dc_streaming_191                            ;
;                         |out_to_in_synchronizer|                                      ; 2.0 (2.0)            ; 3.0 (3.0)                        ; 1.0 (1.0)                                         ; 0.0 (0.0)                        ; 0.0 (0.0)            ; 0 (0)               ; 8 (8)                     ; 0 (0)         ; 0                 ; 0     ; 0                        ; 0                                      ; 0                                                 ; 0    ; 0 (0)  ; soc_inst|subsys_debug|fpga_m|altera_jtag_avalon_master_inst|jtag_phy_embedded_in_jtag_master|normal.jtag_dc_streaming|sink_crosser|out_to_in_synchronizer                                                  ; altera_std_synchronizer_nocut                                                                                             ; altera_jtag_dc_streaming_191                            ;
;                         |output_stage|                                                ; 8.6 (8.6)            ; 9.0 (9.0)                        ; 0.4 (0.4)                                         ; 0.0 (0.0)                        ; 0.0 (0.0)            ; 13 (13)             ; 18 (18)                   ; 0 (0)         ; 0                 ; 0     ; 0                        ; 0                                      ; 0                                                 ; 0    ; 0 (0)  ; soc_inst|subsys_debug|fpga_m|altera_jtag_avalon_master_inst|jtag_phy_embedded_in_jtag_master|normal.jtag_dc_streaming|sink_crosser|output_stage                                                            ; altera_avalon_st_pipeline_base                                                                                            ; altera_jtag_dc_streaming_191                            ;
;                      |source_crosser|                                                 ; 9.2 (6.4)            ; 12.4 (8.6)                       ; 3.3 (2.2)                                         ; 0.0 (0.0)                        ; 0.0 (0.0)            ; 1 (0)               ; 27 (18)                   ; 0 (0)         ; 0                 ; 0     ; 0                        ; 0                                      ; 0                                                 ; 0    ; 0 (0)  ; soc_inst|subsys_debug|fpga_m|altera_jtag_avalon_master_inst|jtag_phy_embedded_in_jtag_master|normal.jtag_dc_streaming|source_crosser                                                                       ; altera_jtag_src_crosser                                                                                                   ; altera_jtag_dc_streaming_191                            ;
;                         |crosser|                                                     ; 2.7 (0.5)            ; 3.8 (0.8)                        ; 1.1 (0.2)                                         ; 0.0 (0.0)                        ; 0.0 (0.0)            ; 1 (1)               ; 9 (1)                     ; 0 (0)         ; 0                 ; 0     ; 0                        ; 0                                      ; 0                                                 ; 0    ; 0 (0)  ; soc_inst|subsys_debug|fpga_m|altera_jtag_avalon_master_inst|jtag_phy_embedded_in_jtag_master|normal.jtag_dc_streaming|source_crosser|crosser                                                               ; altera_jtag_control_signal_crosser                                                                                        ; altera_jtag_dc_streaming_191                            ;
;                            |synchronizer|                                             ; 2.2 (2.2)            ; 3.1 (3.1)                        ; 0.8 (0.8)                                         ; 0.0 (0.0)                        ; 0.0 (0.0)            ; 0 (0)               ; 8 (8)                     ; 0 (0)         ; 0                 ; 0     ; 0                        ; 0                                      ; 0                                                 ; 0    ; 0 (0)  ; soc_inst|subsys_debug|fpga_m|altera_jtag_avalon_master_inst|jtag_phy_embedded_in_jtag_master|normal.jtag_dc_streaming|source_crosser|crosser|synchronizer                                                  ; altera_std_synchronizer                                                                                                   ; altera_work                                             ;
;                      |synchronizer|                                                   ; 1.5 (1.5)            ; 1.5 (1.5)                        ; 0.0 (0.0)                                         ; 0.0 (0.0)                        ; 0.0 (0.0)            ; 0 (0)               ; 3 (3)                     ; 0 (0)         ; 0                 ; 0     ; 0                        ; 0                                      ; 0                                                 ; 0    ; 0 (0)  ; soc_inst|subsys_debug|fpga_m|altera_jtag_avalon_master_inst|jtag_phy_embedded_in_jtag_master|normal.jtag_dc_streaming|synchronizer                                                                         ; altera_std_synchronizer                                                                                                   ; altera_work                                             ;
;                |p2b|                                                                  ; 12.7 (12.7)          ; 13.5 (13.5)                      ; 0.8 (0.8)                                         ; 0.0 (0.0)                        ; 0.0 (0.0)            ; 24 (24)             ; 15 (15)                   ; 0 (0)         ; 0                 ; 0     ; 0                        ; 0                                      ; 0                                                 ; 0    ; 0 (0)  ; soc_inst|subsys_debug|fpga_m|altera_jtag_avalon_master_inst|p2b                                                                                                                                            ; altera_avalon_st_packets_to_bytes                                                                                         ; altera_avalon_st_packets_to_bytes_1922                  ;
;                |rst_controller|                                                       ; 0.9 (0.0)            ; 1.2 (0.0)                        ; 0.3 (0.0)                                         ; 0.0 (0.0)                        ; 0.0 (0.0)            ; 0 (0)               ; 3 (0)                     ; 0 (0)         ; 0                 ; 0     ; 0                        ; 0                                      ; 0                                                 ; 0    ; 0 (0)  ; soc_inst|subsys_debug|fpga_m|altera_jtag_avalon_master_inst|rst_controller                                                                                                                                 ; altera_reset_controller                                                                                                   ; altera_reset_controller_1924                            ;
;                   |alt_rst_sync_uq1|                                                  ; 0.9 (0.9)            ; 1.2 (1.2)                        ; 0.3 (0.3)                                         ; 0.0 (0.0)                        ; 0.0 (0.0)            ; 0 (0)               ; 3 (3)                     ; 0 (0)         ; 0                 ; 0     ; 0                        ; 0                                      ; 0                                                 ; 0    ; 0 (0)  ; soc_inst|subsys_debug|fpga_m|altera_jtag_avalon_master_inst|rst_controller|alt_rst_sync_uq1                                                                                                                ; altera_reset_synchronizer                                                                                                 ; altera_reset_controller_1924                            ;
;                |transacto|                                                            ; 138.9 (0.0)          ; 153.5 (0.0)                      ; 15.9 (0.0)                                        ; 1.3 (0.0)                        ; 0.0 (0.0)            ; 212 (0)             ; 138 (0)                   ; 0 (0)         ; 0                 ; 0     ; 0                        ; 0                                      ; 0                                                 ; 0    ; 0 (0)  ; soc_inst|subsys_debug|fpga_m|altera_jtag_avalon_master_inst|transacto                                                                                                                                      ; altera_avalon_packets_to_master                                                                                           ; altera_avalon_packets_to_master_1922                    ;
;                   |p2m|                                                               ; 138.9 (138.9)        ; 153.5 (153.5)                    ; 15.9 (15.9)                                       ; 1.3 (1.3)                        ; 0.0 (0.0)            ; 212 (212)           ; 138 (138)                 ; 0 (0)         ; 0                 ; 0     ; 0                        ; 0                                      ; 0                                                 ; 0    ; 0 (0)  ; soc_inst|subsys_debug|fpga_m|altera_jtag_avalon_master_inst|transacto|p2m                                                                                                                                  ; packets_to_master                                                                                                         ; altera_avalon_packets_to_master_1922                    ;
;          |hps_f2sdram|                                                                ; 354.4 (0.0)          ; 381.5 (0.0)                      ; 36.6 (0.0)                                        ; 9.5 (0.0)                        ; 0.0 (0.0)            ; 504 (0)             ; 385 (0)                   ; 0 (0)         ; 512               ; 1     ; 0                        ; 0                                      ; 0                                                 ; 0    ; 0 (0)  ; soc_inst|subsys_debug|hps_f2sdram                                                                                                                                                                          ; hps_f2sdram                                                                                                               ; hps_f2sdram                                             ;
;             |altera_jtag_avalon_master_inst|                                          ; 354.4 (0.0)          ; 381.5 (0.0)                      ; 36.6 (0.0)                                        ; 9.5 (0.0)                        ; 0.0 (0.0)            ; 504 (0)             ; 385 (0)                   ; 0 (0)         ; 512               ; 1     ; 0                        ; 0                                      ; 0                                                 ; 0    ; 0 (0)  ; soc_inst|subsys_debug|hps_f2sdram|altera_jtag_avalon_master_inst                                                                                                                                           ; hps_f2sdram_altera_jtag_avalon_master_191_unfwqdy                                                                         ; altera_jtag_avalon_master_191                           ;
;                |b2p|                                                                  ; 8.5 (8.5)            ; 8.5 (8.5)                        ; 0.0 (0.0)                                         ; 0.0 (0.0)                        ; 0.0 (0.0)            ; 13 (13)             ; 12 (12)                   ; 0 (0)         ; 0                 ; 0     ; 0                        ; 0                                      ; 0                                                 ; 0    ; 0 (0)  ; soc_inst|subsys_debug|hps_f2sdram|altera_jtag_avalon_master_inst|b2p                                                                                                                                       ; altera_avalon_st_bytes_to_packets                                                                                         ; altera_avalon_st_bytes_to_packets_1922                  ;
;                |b2p_adapter|                                                          ; 0.7 (0.7)            ; 0.7 (0.7)                        ; 0.0 (0.0)                                         ; 0.0 (0.0)                        ; 0.0 (0.0)            ; 1 (1)               ; 0 (0)                     ; 0 (0)         ; 0                 ; 0     ; 0                        ; 0                                      ; 0                                                 ; 0    ; 0 (0)  ; soc_inst|subsys_debug|hps_f2sdram|altera_jtag_avalon_master_inst|b2p_adapter                                                                                                                               ; hps_f2sdram_channel_adapter_1922_rd56ufy                                                                                  ; channel_adapter_1922                                    ;
;                |fifo|                                                                 ; 18.2 (18.2)          ; 19.2 (19.2)                      ; 0.9 (0.9)                                         ; 0.0 (0.0)                        ; 0.0 (0.0)            ; 36 (36)             ; 28 (28)                   ; 0 (0)         ; 512               ; 1     ; 0                        ; 0                                      ; 0                                                 ; 0    ; 0 (0)  ; soc_inst|subsys_debug|hps_f2sdram|altera_jtag_avalon_master_inst|fifo                                                                                                                                      ; hps_f2sdram_altera_avalon_sc_fifo_1932_onpcouq                                                                            ; altera_avalon_sc_fifo_1932                              ;
;                   |gen_blk9.gen_blk10_else.altera_syncram_component|                  ; 0.0 (0.0)            ; 0.0 (0.0)                        ; 0.0 (0.0)                                         ; 0.0 (0.0)                        ; 0.0 (0.0)            ; 0 (0)               ; 0 (0)                     ; 0 (0)         ; 512               ; 1     ; 0                        ; 0                                      ; 0                                                 ; 0    ; 0 (0)  ; soc_inst|subsys_debug|hps_f2sdram|altera_jtag_avalon_master_inst|fifo|gen_blk9.gen_blk10_else.altera_syncram_component                                                                                     ; altera_syncram                                                                                                            ; altera_work                                             ;
;                      |auto_generated|                                                 ; 0.0 (0.0)            ; 0.0 (0.0)                        ; 0.0 (0.0)                                         ; 0.0 (0.0)                        ; 0.0 (0.0)            ; 0 (0)               ; 0 (0)                     ; 0 (0)         ; 512               ; 1     ; 0                        ; 0                                      ; 0                                                 ; 0    ; 0 (0)  ; soc_inst|subsys_debug|hps_f2sdram|altera_jtag_avalon_master_inst|fifo|gen_blk9.gen_blk10_else.altera_syncram_component|auto_generated                                                                      ; altera_syncram_eh5b                                                                                                       ; altera_work                                             ;
;                         |altera_syncram_impl1|                                        ; 0.0 (0.0)            ; 0.0 (0.0)                        ; 0.0 (0.0)                                         ; 0.0 (0.0)                        ; 0.0 (0.0)            ; 0 (0)               ; 0 (0)                     ; 0 (0)         ; 512               ; 1     ; 0                        ; 0                                      ; 0                                                 ; 0    ; 0 (0)  ; soc_inst|subsys_debug|hps_f2sdram|altera_jtag_avalon_master_inst|fifo|gen_blk9.gen_blk10_else.altera_syncram_component|auto_generated|altera_syncram_impl1                                                 ; altera_syncram_impl_qm6s1                                                                                                 ; altera_work                                             ;
;                |jtag_phy_embedded_in_jtag_master|                                     ; 238.6 (0.0)          ; 256.5 (0.0)                      ; 27.4 (0.0)                                        ; 9.5 (0.0)                        ; 0.0 (0.0)            ; 300 (0)             ; 271 (0)                   ; 0 (0)         ; 0                 ; 0     ; 0                        ; 0                                      ; 0                                                 ; 0    ; 0 (0)  ; soc_inst|subsys_debug|hps_f2sdram|altera_jtag_avalon_master_inst|jtag_phy_embedded_in_jtag_master                                                                                                          ; altera_avalon_st_jtag_interface                                                                                           ; altera_jtag_dc_streaming_191                            ;
;                   |node|                                                              ; 1.2 (0.0)            ; 1.2 (0.0)                        ; 0.0 (0.0)                                         ; 0.0 (0.0)                        ; 0.0 (0.0)            ; 3 (0)               ; 0 (0)                     ; 0 (0)         ; 0                 ; 0     ; 0                        ; 0                                      ; 0                                                 ; 0    ; 0 (0)  ; soc_inst|subsys_debug|hps_f2sdram|altera_jtag_avalon_master_inst|jtag_phy_embedded_in_jtag_master|node                                                                                                     ; altera_jtag_sld_node                                                                                                      ; altera_jtag_dc_streaming_191                            ;
;                      |sld_virtual_jtag_component|                                     ; 1.2 (0.0)            ; 1.2 (0.0)                        ; 0.0 (0.0)                                         ; 0.0 (0.0)                        ; 0.0 (0.0)            ; 3 (0)               ; 0 (0)                     ; 0 (0)         ; 0                 ; 0     ; 0                        ; 0                                      ; 0                                                 ; 0    ; 0 (0)  ; soc_inst|subsys_debug|hps_f2sdram|altera_jtag_avalon_master_inst|jtag_phy_embedded_in_jtag_master|node|sld_virtual_jtag_component                                                                          ; sld_virtual_jtag_basic                                                                                                    ; altera_work                                             ;
;                         |sld_virtual_jtag_impl_inst|                                  ; 1.2 (1.2)            ; 1.2 (1.2)                        ; 0.0 (0.0)                                         ; 0.0 (0.0)                        ; 0.0 (0.0)            ; 3 (3)               ; 0 (0)                     ; 0 (0)         ; 0                 ; 0     ; 0                        ; 0                                      ; 0                                                 ; 0    ; 0 (0)  ; soc_inst|subsys_debug|hps_f2sdram|altera_jtag_avalon_master_inst|jtag_phy_embedded_in_jtag_master|node|sld_virtual_jtag_component|sld_virtual_jtag_impl_inst                                               ; sld_virtual_jtag_impl                                                                                                     ; altera_work                                             ;
;                   |normal.jtag_dc_streaming|                                          ; 237.3 (0.0)          ; 255.2 (0.0)                      ; 27.5 (0.0)                                        ; 9.5 (0.0)                        ; 0.0 (0.0)            ; 297 (0)             ; 271 (0)                   ; 0 (0)         ; 0                 ; 0     ; 0                        ; 0                                      ; 0                                                 ; 0    ; 0 (0)  ; soc_inst|subsys_debug|hps_f2sdram|altera_jtag_avalon_master_inst|jtag_phy_embedded_in_jtag_master|normal.jtag_dc_streaming                                                                                 ; altera_jtag_dc_streaming                                                                                                  ; altera_jtag_dc_streaming_191                            ;
;                      |jtag_streaming|                                                 ; 193.2 (181.6)        ; 212.7 (198.1)                    ; 19.5 (16.5)                                       ; 0.0 (0.0)                        ; 0.0 (0.0)            ; 278 (269)           ; 186 (167)                 ; 0 (0)         ; 0                 ; 0     ; 0                        ; 0                                      ; 0                                                 ; 0    ; 0 (0)  ; soc_inst|subsys_debug|hps_f2sdram|altera_jtag_avalon_master_inst|jtag_phy_embedded_in_jtag_master|normal.jtag_dc_streaming|jtag_streaming                                                                  ; altera_jtag_streaming                                                                                                     ; altera_jtag_dc_streaming_191                            ;
;                         |clock_sense_reset_n_synchronizer|                            ; 2.2 (2.2)            ; 4.0 (4.0)                        ; 1.8 (1.8)                                         ; 0.0 (0.0)                        ; 0.0 (0.0)            ; 0 (0)               ; 8 (8)                     ; 0 (0)         ; 0                 ; 0     ; 0                        ; 0                                      ; 0                                                 ; 0    ; 0 (0)  ; soc_inst|subsys_debug|hps_f2sdram|altera_jtag_avalon_master_inst|jtag_phy_embedded_in_jtag_master|normal.jtag_dc_streaming|jtag_streaming|clock_sense_reset_n_synchronizer                                 ; altera_std_synchronizer                                                                                                   ; altera_work                                             ;
;                         |clock_sensor_synchronizer|                                   ; 1.3 (1.3)            ; 1.5 (1.5)                        ; 0.2 (0.2)                                         ; 0.0 (0.0)                        ; 0.0 (0.0)            ; 0 (0)               ; 3 (3)                     ; 0 (0)         ; 0                 ; 0     ; 0                        ; 0                                      ; 0                                                 ; 0    ; 0 (0)  ; soc_inst|subsys_debug|hps_f2sdram|altera_jtag_avalon_master_inst|jtag_phy_embedded_in_jtag_master|normal.jtag_dc_streaming|jtag_streaming|clock_sensor_synchronizer                                        ; altera_std_synchronizer                                                                                                   ; altera_work                                             ;
;                         |clock_to_sample_div2_synchronizer|                           ; 1.2 (1.2)            ; 1.5 (1.5)                        ; 0.3 (0.3)                                         ; 0.0 (0.0)                        ; 0.0 (0.0)            ; 0 (0)               ; 3 (3)                     ; 0 (0)         ; 0                 ; 0     ; 0                        ; 0                                      ; 0                                                 ; 0    ; 0 (0)  ; soc_inst|subsys_debug|hps_f2sdram|altera_jtag_avalon_master_inst|jtag_phy_embedded_in_jtag_master|normal.jtag_dc_streaming|jtag_streaming|clock_to_sample_div2_synchronizer                                ; altera_std_synchronizer                                                                                                   ; altera_work                                             ;
;                         |idle_inserter|                                               ; 3.2 (3.2)            ; 3.5 (3.5)                        ; 0.3 (0.3)                                         ; 0.0 (0.0)                        ; 0.0 (0.0)            ; 5 (5)               ; 1 (1)                     ; 0 (0)         ; 0                 ; 0     ; 0                        ; 0                                      ; 0                                                 ; 0    ; 0 (0)  ; soc_inst|subsys_debug|hps_f2sdram|altera_jtag_avalon_master_inst|jtag_phy_embedded_in_jtag_master|normal.jtag_dc_streaming|jtag_streaming|idle_inserter                                                    ; altera_avalon_st_idle_inserter                                                                                            ; altera_jtag_dc_streaming_191                            ;
;                         |idle_remover|                                                ; 2.5 (2.5)            ; 2.7 (2.7)                        ; 0.2 (0.2)                                         ; 0.0 (0.0)                        ; 0.0 (0.0)            ; 4 (4)               ; 1 (1)                     ; 0 (0)         ; 0                 ; 0     ; 0                        ; 0                                      ; 0                                                 ; 0    ; 0 (0)  ; soc_inst|subsys_debug|hps_f2sdram|altera_jtag_avalon_master_inst|jtag_phy_embedded_in_jtag_master|normal.jtag_dc_streaming|jtag_streaming|idle_remover                                                     ; altera_avalon_st_idle_remover                                                                                             ; altera_jtag_dc_streaming_191                            ;
;                         |reset_to_sample_synchronizer|                                ; 1.2 (1.2)            ; 1.5 (1.5)                        ; 0.3 (0.3)                                         ; 0.0 (0.0)                        ; 0.0 (0.0)            ; 0 (0)               ; 3 (3)                     ; 0 (0)         ; 0                 ; 0     ; 0                        ; 0                                      ; 0                                                 ; 0    ; 0 (0)  ; soc_inst|subsys_debug|hps_f2sdram|altera_jtag_avalon_master_inst|jtag_phy_embedded_in_jtag_master|normal.jtag_dc_streaming|jtag_streaming|reset_to_sample_synchronizer                                     ; altera_std_synchronizer                                                                                                   ; altera_work                                             ;
;                      |sink_crosser|                                                   ; 33.2 (17.7)          ; 28.5 (11.2)                      ; 4.3 (2.5)                                         ; 9.0 (9.0)                        ; 0.0 (0.0)            ; 18 (5)              ; 55 (20)                   ; 0 (0)         ; 0                 ; 0     ; 0                        ; 0                                      ; 0                                                 ; 0    ; 0 (0)  ; soc_inst|subsys_debug|hps_f2sdram|altera_jtag_avalon_master_inst|jtag_phy_embedded_in_jtag_master|normal.jtag_dc_streaming|sink_crosser                                                                    ; altera_avalon_st_clock_crosser                                                                                            ; altera_jtag_dc_streaming_191                            ;
;                         |alt_rst_req_sync_in_rst|                                     ; 1.5 (1.5)            ; 1.5 (1.5)                        ; 0.0 (0.0)                                         ; 0.0 (0.0)                        ; 0.0 (0.0)            ; 0 (0)               ; 3 (3)                     ; 0 (0)         ; 0                 ; 0     ; 0                        ; 0                                      ; 0                                                 ; 0    ; 0 (0)  ; soc_inst|subsys_debug|hps_f2sdram|altera_jtag_avalon_master_inst|jtag_phy_embedded_in_jtag_master|normal.jtag_dc_streaming|sink_crosser|alt_rst_req_sync_in_rst                                            ; altera_reset_synchronizer                                                                                                 ; altera_jtag_dc_streaming_191                            ;
;                         |alt_rst_req_sync_out_rst|                                    ; 1.5 (1.5)            ; 1.5 (1.5)                        ; 0.0 (0.0)                                         ; 0.0 (0.0)                        ; 0.0 (0.0)            ; 0 (0)               ; 3 (3)                     ; 0 (0)         ; 0                 ; 0     ; 0                        ; 0                                      ; 0                                                 ; 0    ; 0 (0)  ; soc_inst|subsys_debug|hps_f2sdram|altera_jtag_avalon_master_inst|jtag_phy_embedded_in_jtag_master|normal.jtag_dc_streaming|sink_crosser|alt_rst_req_sync_out_rst                                           ; altera_reset_synchronizer                                                                                                 ; altera_jtag_dc_streaming_191                            ;
;                         |in_to_out_synchronizer|                                      ; 1.2 (1.2)            ; 1.2 (1.2)                        ; 0.0 (0.0)                                         ; 0.0 (0.0)                        ; 0.0 (0.0)            ; 0 (0)               ; 3 (3)                     ; 0 (0)         ; 0                 ; 0     ; 0                        ; 0                                      ; 0                                                 ; 0    ; 0 (0)  ; soc_inst|subsys_debug|hps_f2sdram|altera_jtag_avalon_master_inst|jtag_phy_embedded_in_jtag_master|normal.jtag_dc_streaming|sink_crosser|in_to_out_synchronizer                                             ; altera_std_synchronizer_nocut                                                                                             ; altera_jtag_dc_streaming_191                            ;
;                         |out_to_in_synchronizer|                                      ; 2.3 (2.3)            ; 4.0 (4.0)                        ; 1.7 (1.7)                                         ; 0.0 (0.0)                        ; 0.0 (0.0)            ; 0 (0)               ; 8 (8)                     ; 0 (0)         ; 0                 ; 0     ; 0                        ; 0                                      ; 0                                                 ; 0    ; 0 (0)  ; soc_inst|subsys_debug|hps_f2sdram|altera_jtag_avalon_master_inst|jtag_phy_embedded_in_jtag_master|normal.jtag_dc_streaming|sink_crosser|out_to_in_synchronizer                                             ; altera_std_synchronizer_nocut                                                                                             ; altera_jtag_dc_streaming_191                            ;
;                         |output_stage|                                                ; 8.9 (8.9)            ; 9.1 (9.1)                        ; 0.2 (0.2)                                         ; 0.0 (0.0)                        ; 0.0 (0.0)            ; 13 (13)             ; 18 (18)                   ; 0 (0)         ; 0                 ; 0     ; 0                        ; 0                                      ; 0                                                 ; 0    ; 0 (0)  ; soc_inst|subsys_debug|hps_f2sdram|altera_jtag_avalon_master_inst|jtag_phy_embedded_in_jtag_master|normal.jtag_dc_streaming|sink_crosser|output_stage                                                       ; altera_avalon_st_pipeline_base                                                                                            ; altera_jtag_dc_streaming_191                            ;
;                      |source_crosser|                                                 ; 9.3 (6.9)            ; 12.5 (8.5)                       ; 3.7 (2.1)                                         ; 0.5 (0.5)                        ; 0.0 (0.0)            ; 1 (0)               ; 27 (18)                   ; 0 (0)         ; 0                 ; 0     ; 0                        ; 0                                      ; 0                                                 ; 0    ; 0 (0)  ; soc_inst|subsys_debug|hps_f2sdram|altera_jtag_avalon_master_inst|jtag_phy_embedded_in_jtag_master|normal.jtag_dc_streaming|source_crosser                                                                  ; altera_jtag_src_crosser                                                                                                   ; altera_jtag_dc_streaming_191                            ;
;                         |crosser|                                                     ; 2.4 (0.5)            ; 4.0 (0.8)                        ; 1.6 (0.2)                                         ; 0.0 (0.0)                        ; 0.0 (0.0)            ; 1 (1)               ; 9 (1)                     ; 0 (0)         ; 0                 ; 0     ; 0                        ; 0                                      ; 0                                                 ; 0    ; 0 (0)  ; soc_inst|subsys_debug|hps_f2sdram|altera_jtag_avalon_master_inst|jtag_phy_embedded_in_jtag_master|normal.jtag_dc_streaming|source_crosser|crosser                                                          ; altera_jtag_control_signal_crosser                                                                                        ; altera_jtag_dc_streaming_191                            ;
;                            |synchronizer|                                             ; 1.9 (1.9)            ; 3.2 (3.2)                        ; 1.3 (1.3)                                         ; 0.0 (0.0)                        ; 0.0 (0.0)            ; 0 (0)               ; 8 (8)                     ; 0 (0)         ; 0                 ; 0     ; 0                        ; 0                                      ; 0                                                 ; 0    ; 0 (0)  ; soc_inst|subsys_debug|hps_f2sdram|altera_jtag_avalon_master_inst|jtag_phy_embedded_in_jtag_master|normal.jtag_dc_streaming|source_crosser|crosser|synchronizer                                             ; altera_std_synchronizer                                                                                                   ; altera_work                                             ;
;                      |synchronizer|                                                   ; 1.5 (1.5)            ; 1.5 (1.5)                        ; 0.0 (0.0)                                         ; 0.0 (0.0)                        ; 0.0 (0.0)            ; 0 (0)               ; 3 (3)                     ; 0 (0)         ; 0                 ; 0     ; 0                        ; 0                                      ; 0                                                 ; 0    ; 0 (0)  ; soc_inst|subsys_debug|hps_f2sdram|altera_jtag_avalon_master_inst|jtag_phy_embedded_in_jtag_master|normal.jtag_dc_streaming|synchronizer                                                                    ; altera_std_synchronizer                                                                                                   ; altera_work                                             ;
;                |p2b|                                                                  ; 13.5 (13.5)          ; 13.5 (13.5)                      ; 0.0 (0.0)                                         ; 0.0 (0.0)                        ; 0.0 (0.0)            ; 26 (26)             ; 15 (15)                   ; 0 (0)         ; 0                 ; 0     ; 0                        ; 0                                      ; 0                                                 ; 0    ; 0 (0)  ; soc_inst|subsys_debug|hps_f2sdram|altera_jtag_avalon_master_inst|p2b                                                                                                                                       ; altera_avalon_st_packets_to_bytes                                                                                         ; altera_avalon_st_packets_to_bytes_1922                  ;
;                |rst_controller|                                                       ; 1.3 (0.0)            ; 1.5 (0.0)                        ; 0.2 (0.0)                                         ; 0.0 (0.0)                        ; 0.0 (0.0)            ; 0 (0)               ; 3 (0)                     ; 0 (0)         ; 0                 ; 0     ; 0                        ; 0                                      ; 0                                                 ; 0    ; 0 (0)  ; soc_inst|subsys_debug|hps_f2sdram|altera_jtag_avalon_master_inst|rst_controller                                                                                                                            ; altera_reset_controller                                                                                                   ; altera_reset_controller_1924                            ;
;                   |alt_rst_sync_uq1|                                                  ; 1.3 (1.3)            ; 1.5 (1.5)                        ; 0.2 (0.2)                                         ; 0.0 (0.0)                        ; 0.0 (0.0)            ; 0 (0)               ; 3 (3)                     ; 0 (0)         ; 0                 ; 0     ; 0                        ; 0                                      ; 0                                                 ; 0    ; 0 (0)  ; soc_inst|subsys_debug|hps_f2sdram|altera_jtag_avalon_master_inst|rst_controller|alt_rst_sync_uq1                                                                                                           ; altera_reset_synchronizer                                                                                                 ; altera_reset_controller_1924                            ;
;                |transacto|                                                            ; 73.1 (0.0)           ; 81.7 (0.0)                       ; 8.6 (0.0)                                         ; 0.0 (0.0)                        ; 0.0 (0.0)            ; 128 (0)             ; 56 (0)                    ; 0 (0)         ; 0                 ; 0     ; 0                        ; 0                                      ; 0                                                 ; 0    ; 0 (0)  ; soc_inst|subsys_debug|hps_f2sdram|altera_jtag_avalon_master_inst|transacto                                                                                                                                 ; altera_avalon_packets_to_master                                                                                           ; altera_avalon_packets_to_master_1922                    ;
;                   |p2m|                                                               ; 73.1 (73.1)          ; 81.7 (81.7)                      ; 8.6 (8.6)                                         ; 0.0 (0.0)                        ; 0.0 (0.0)            ; 128 (128)           ; 56 (56)                   ; 0 (0)         ; 0                 ; 0     ; 0                        ; 0                                      ; 0                                                 ; 0    ; 0 (0)  ; soc_inst|subsys_debug|hps_f2sdram|altera_jtag_avalon_master_inst|transacto|p2m                                                                                                                             ; packets_to_master                                                                                                         ; altera_avalon_packets_to_master_1922                    ;
;          |hps_m|                                                                      ; 350.2 (0.0)          ; 385.0 (0.0)                      ; 40.3 (0.0)                                        ; 5.5 (0.0)                        ; 0.0 (0.0)            ; 505 (0)             ; 385 (0)                   ; 0 (0)         ; 512               ; 1     ; 0                        ; 0                                      ; 0                                                 ; 0    ; 0 (0)  ; soc_inst|subsys_debug|hps_m                                                                                                                                                                                ; hps_m                                                                                                                     ; hps_m                                                   ;
;             |altera_jtag_avalon_master_inst|                                          ; 350.2 (0.0)          ; 385.0 (0.0)                      ; 40.3 (0.0)                                        ; 5.5 (0.0)                        ; 0.0 (0.0)            ; 505 (0)             ; 385 (0)                   ; 0 (0)         ; 512               ; 1     ; 0                        ; 0                                      ; 0                                                 ; 0    ; 0 (0)  ; soc_inst|subsys_debug|hps_m|altera_jtag_avalon_master_inst                                                                                                                                                 ; hps_m_altera_jtag_avalon_master_191_unfwqdy                                                                               ; altera_jtag_avalon_master_191                           ;
;                |b2p|                                                                  ; 8.5 (8.5)            ; 10.2 (10.2)                      ; 1.7 (1.7)                                         ; 0.0 (0.0)                        ; 0.0 (0.0)            ; 13 (13)             ; 12 (12)                   ; 0 (0)         ; 0                 ; 0     ; 0                        ; 0                                      ; 0                                                 ; 0    ; 0 (0)  ; soc_inst|subsys_debug|hps_m|altera_jtag_avalon_master_inst|b2p                                                                                                                                             ; altera_avalon_st_bytes_to_packets                                                                                         ; altera_avalon_st_bytes_to_packets_1922                  ;
;                |b2p_adapter|                                                          ; 0.7 (0.7)            ; 0.7 (0.7)                        ; 0.0 (0.0)                                         ; 0.0 (0.0)                        ; 0.0 (0.0)            ; 1 (1)               ; 0 (0)                     ; 0 (0)         ; 0                 ; 0     ; 0                        ; 0                                      ; 0                                                 ; 0    ; 0 (0)  ; soc_inst|subsys_debug|hps_m|altera_jtag_avalon_master_inst|b2p_adapter                                                                                                                                     ; hps_m_channel_adapter_1922_rd56ufy                                                                                        ; channel_adapter_1922                                    ;
;                |fifo|                                                                 ; 19.0 (19.0)          ; 20.9 (20.9)                      ; 1.9 (1.9)                                         ; 0.0 (0.0)                        ; 0.0 (0.0)            ; 36 (36)             ; 28 (28)                   ; 0 (0)         ; 512               ; 1     ; 0                        ; 0                                      ; 0                                                 ; 0    ; 0 (0)  ; soc_inst|subsys_debug|hps_m|altera_jtag_avalon_master_inst|fifo                                                                                                                                            ; hps_m_altera_avalon_sc_fifo_1932_onpcouq                                                                                  ; altera_avalon_sc_fifo_1932                              ;
;                   |gen_blk9.gen_blk10_else.altera_syncram_component|                  ; 0.0 (0.0)            ; 0.0 (0.0)                        ; 0.0 (0.0)                                         ; 0.0 (0.0)                        ; 0.0 (0.0)            ; 0 (0)               ; 0 (0)                     ; 0 (0)         ; 512               ; 1     ; 0                        ; 0                                      ; 0                                                 ; 0    ; 0 (0)  ; soc_inst|subsys_debug|hps_m|altera_jtag_avalon_master_inst|fifo|gen_blk9.gen_blk10_else.altera_syncram_component                                                                                           ; altera_syncram                                                                                                            ; altera_work                                             ;
;                      |auto_generated|                                                 ; 0.0 (0.0)            ; 0.0 (0.0)                        ; 0.0 (0.0)                                         ; 0.0 (0.0)                        ; 0.0 (0.0)            ; 0 (0)               ; 0 (0)                     ; 0 (0)         ; 512               ; 1     ; 0                        ; 0                                      ; 0                                                 ; 0    ; 0 (0)  ; soc_inst|subsys_debug|hps_m|altera_jtag_avalon_master_inst|fifo|gen_blk9.gen_blk10_else.altera_syncram_component|auto_generated                                                                            ; altera_syncram_eh5b                                                                                                       ; altera_work                                             ;
;                         |altera_syncram_impl1|                                        ; 0.0 (0.0)            ; 0.0 (0.0)                        ; 0.0 (0.0)                                         ; 0.0 (0.0)                        ; 0.0 (0.0)            ; 0 (0)               ; 0 (0)                     ; 0 (0)         ; 512               ; 1     ; 0                        ; 0                                      ; 0                                                 ; 0    ; 0 (0)  ; soc_inst|subsys_debug|hps_m|altera_jtag_avalon_master_inst|fifo|gen_blk9.gen_blk10_else.altera_syncram_component|auto_generated|altera_syncram_impl1                                                       ; altera_syncram_impl_qm6s1                                                                                                 ; altera_work                                             ;
;                |jtag_phy_embedded_in_jtag_master|                                     ; 233.2 (0.0)          ; 254.9 (0.0)                      ; 27.2 (0.0)                                        ; 5.5 (0.0)                        ; 0.0 (0.0)            ; 301 (0)             ; 271 (0)                   ; 0 (0)         ; 0                 ; 0     ; 0                        ; 0                                      ; 0                                                 ; 0    ; 0 (0)  ; soc_inst|subsys_debug|hps_m|altera_jtag_avalon_master_inst|jtag_phy_embedded_in_jtag_master                                                                                                                ; altera_avalon_st_jtag_interface                                                                                           ; altera_jtag_dc_streaming_191                            ;
;                   |node|                                                              ; 0.9 (0.0)            ; 1.2 (0.0)                        ; 0.3 (0.0)                                         ; 0.0 (0.0)                        ; 0.0 (0.0)            ; 3 (0)               ; 0 (0)                     ; 0 (0)         ; 0                 ; 0     ; 0                        ; 0                                      ; 0                                                 ; 0    ; 0 (0)  ; soc_inst|subsys_debug|hps_m|altera_jtag_avalon_master_inst|jtag_phy_embedded_in_jtag_master|node                                                                                                           ; altera_jtag_sld_node                                                                                                      ; altera_jtag_dc_streaming_191                            ;
;                      |sld_virtual_jtag_component|                                     ; 0.9 (0.0)            ; 1.2 (0.0)                        ; 0.3 (0.0)                                         ; 0.0 (0.0)                        ; 0.0 (0.0)            ; 3 (0)               ; 0 (0)                     ; 0 (0)         ; 0                 ; 0     ; 0                        ; 0                                      ; 0                                                 ; 0    ; 0 (0)  ; soc_inst|subsys_debug|hps_m|altera_jtag_avalon_master_inst|jtag_phy_embedded_in_jtag_master|node|sld_virtual_jtag_component                                                                                ; sld_virtual_jtag_basic                                                                                                    ; altera_work                                             ;
;                         |sld_virtual_jtag_impl_inst|                                  ; 0.9 (0.9)            ; 1.2 (1.2)                        ; 0.3 (0.3)                                         ; 0.0 (0.0)                        ; 0.0 (0.0)            ; 3 (3)               ; 0 (0)                     ; 0 (0)         ; 0                 ; 0     ; 0                        ; 0                                      ; 0                                                 ; 0    ; 0 (0)  ; soc_inst|subsys_debug|hps_m|altera_jtag_avalon_master_inst|jtag_phy_embedded_in_jtag_master|node|sld_virtual_jtag_component|sld_virtual_jtag_impl_inst                                                     ; sld_virtual_jtag_impl                                                                                                     ; altera_work                                             ;
;                   |normal.jtag_dc_streaming|                                          ; 232.3 (0.0)          ; 253.7 (0.0)                      ; 26.9 (0.0)                                        ; 5.5 (0.0)                        ; 0.0 (0.0)            ; 298 (0)             ; 271 (0)                   ; 0 (0)         ; 0                 ; 0     ; 0                        ; 0                                      ; 0                                                 ; 0    ; 0 (0)  ; soc_inst|subsys_debug|hps_m|altera_jtag_avalon_master_inst|jtag_phy_embedded_in_jtag_master|normal.jtag_dc_streaming                                                                                       ; altera_jtag_dc_streaming                                                                                                  ; altera_jtag_dc_streaming_191                            ;
;                      |jtag_streaming|                                                 ; 194.2 (182.2)        ; 210.7 (197.1)                    ; 16.9 (14.9)                                       ; 0.5 (0.0)                        ; 0.0 (0.0)            ; 279 (271)           ; 186 (167)                 ; 0 (0)         ; 0                 ; 0     ; 0                        ; 0                                      ; 0                                                 ; 0    ; 0 (0)  ; soc_inst|subsys_debug|hps_m|altera_jtag_avalon_master_inst|jtag_phy_embedded_in_jtag_master|normal.jtag_dc_streaming|jtag_streaming                                                                        ; altera_jtag_streaming                                                                                                     ; altera_jtag_dc_streaming_191                            ;
;                         |clock_sense_reset_n_synchronizer|                            ; 2.2 (2.2)            ; 4.0 (4.0)                        ; 1.8 (1.8)                                         ; 0.0 (0.0)                        ; 0.0 (0.0)            ; 0 (0)               ; 8 (8)                     ; 0 (0)         ; 0                 ; 0     ; 0                        ; 0                                      ; 0                                                 ; 0    ; 0 (0)  ; soc_inst|subsys_debug|hps_m|altera_jtag_avalon_master_inst|jtag_phy_embedded_in_jtag_master|normal.jtag_dc_streaming|jtag_streaming|clock_sense_reset_n_synchronizer                                       ; altera_std_synchronizer                                                                                                   ; altera_work                                             ;
;                         |clock_sensor_synchronizer|                                   ; 1.3 (1.3)            ; 1.5 (1.5)                        ; 0.2 (0.2)                                         ; 0.0 (0.0)                        ; 0.0 (0.0)            ; 0 (0)               ; 3 (3)                     ; 0 (0)         ; 0                 ; 0     ; 0                        ; 0                                      ; 0                                                 ; 0    ; 0 (0)  ; soc_inst|subsys_debug|hps_m|altera_jtag_avalon_master_inst|jtag_phy_embedded_in_jtag_master|normal.jtag_dc_streaming|jtag_streaming|clock_sensor_synchronizer                                              ; altera_std_synchronizer                                                                                                   ; altera_work                                             ;
;                         |clock_to_sample_div2_synchronizer|                           ; 1.8 (1.8)            ; 1.5 (1.5)                        ; 0.2 (0.2)                                         ; 0.5 (0.5)                        ; 0.0 (0.0)            ; 0 (0)               ; 3 (3)                     ; 0 (0)         ; 0                 ; 0     ; 0                        ; 0                                      ; 0                                                 ; 0    ; 0 (0)  ; soc_inst|subsys_debug|hps_m|altera_jtag_avalon_master_inst|jtag_phy_embedded_in_jtag_master|normal.jtag_dc_streaming|jtag_streaming|clock_to_sample_div2_synchronizer                                      ; altera_std_synchronizer                                                                                                   ; altera_work                                             ;
;                         |idle_inserter|                                               ; 2.5 (2.5)            ; 2.5 (2.5)                        ; 0.0 (0.0)                                         ; 0.0 (0.0)                        ; 0.0 (0.0)            ; 4 (4)               ; 1 (1)                     ; 0 (0)         ; 0                 ; 0     ; 0                        ; 0                                      ; 0                                                 ; 0    ; 0 (0)  ; soc_inst|subsys_debug|hps_m|altera_jtag_avalon_master_inst|jtag_phy_embedded_in_jtag_master|normal.jtag_dc_streaming|jtag_streaming|idle_inserter                                                          ; altera_avalon_st_idle_inserter                                                                                            ; altera_jtag_dc_streaming_191                            ;
;                         |idle_remover|                                                ; 2.6 (2.6)            ; 2.6 (2.6)                        ; 0.0 (0.0)                                         ; 0.0 (0.0)                        ; 0.0 (0.0)            ; 4 (4)               ; 1 (1)                     ; 0 (0)         ; 0                 ; 0     ; 0                        ; 0                                      ; 0                                                 ; 0    ; 0 (0)  ; soc_inst|subsys_debug|hps_m|altera_jtag_avalon_master_inst|jtag_phy_embedded_in_jtag_master|normal.jtag_dc_streaming|jtag_streaming|idle_remover                                                           ; altera_avalon_st_idle_remover                                                                                             ; altera_jtag_dc_streaming_191                            ;
;                         |reset_to_sample_synchronizer|                                ; 1.4 (1.4)            ; 1.5 (1.5)                        ; 0.1 (0.1)                                         ; 0.0 (0.0)                        ; 0.0 (0.0)            ; 0 (0)               ; 3 (3)                     ; 0 (0)         ; 0                 ; 0     ; 0                        ; 0                                      ; 0                                                 ; 0    ; 0 (0)  ; soc_inst|subsys_debug|hps_m|altera_jtag_avalon_master_inst|jtag_phy_embedded_in_jtag_master|normal.jtag_dc_streaming|jtag_streaming|reset_to_sample_synchronizer                                           ; altera_std_synchronizer                                                                                                   ; altera_work                                             ;
;                      |sink_crosser|                                                   ; 27.8 (11.6)          ; 28.7 (11.5)                      ; 5.9 (3.0)                                         ; 5.0 (3.1)                        ; 0.0 (0.0)            ; 18 (6)              ; 55 (20)                   ; 0 (0)         ; 0                 ; 0     ; 0                        ; 0                                      ; 0                                                 ; 0    ; 0 (0)  ; soc_inst|subsys_debug|hps_m|altera_jtag_avalon_master_inst|jtag_phy_embedded_in_jtag_master|normal.jtag_dc_streaming|sink_crosser                                                                          ; altera_avalon_st_clock_crosser                                                                                            ; altera_jtag_dc_streaming_191                            ;
;                         |alt_rst_req_sync_in_rst|                                     ; 1.5 (1.5)            ; 1.5 (1.5)                        ; 0.0 (0.0)                                         ; 0.0 (0.0)                        ; 0.0 (0.0)            ; 0 (0)               ; 3 (3)                     ; 0 (0)         ; 0                 ; 0     ; 0                        ; 0                                      ; 0                                                 ; 0    ; 0 (0)  ; soc_inst|subsys_debug|hps_m|altera_jtag_avalon_master_inst|jtag_phy_embedded_in_jtag_master|normal.jtag_dc_streaming|sink_crosser|alt_rst_req_sync_in_rst                                                  ; altera_reset_synchronizer                                                                                                 ; altera_jtag_dc_streaming_191                            ;
;                         |alt_rst_req_sync_out_rst|                                    ; 1.5 (1.5)            ; 1.5 (1.5)                        ; 0.0 (0.0)                                         ; 0.0 (0.0)                        ; 0.0 (0.0)            ; 0 (0)               ; 3 (3)                     ; 0 (0)         ; 0                 ; 0     ; 0                        ; 0                                      ; 0                                                 ; 0    ; 0 (0)  ; soc_inst|subsys_debug|hps_m|altera_jtag_avalon_master_inst|jtag_phy_embedded_in_jtag_master|normal.jtag_dc_streaming|sink_crosser|alt_rst_req_sync_out_rst                                                 ; altera_reset_synchronizer                                                                                                 ; altera_jtag_dc_streaming_191                            ;
;                         |in_to_out_synchronizer|                                      ; 2.3 (2.3)            ; 1.3 (1.3)                        ; 0.2 (0.2)                                         ; 1.2 (1.2)                        ; 0.0 (0.0)            ; 0 (0)               ; 3 (3)                     ; 0 (0)         ; 0                 ; 0     ; 0                        ; 0                                      ; 0                                                 ; 0    ; 0 (0)  ; soc_inst|subsys_debug|hps_m|altera_jtag_avalon_master_inst|jtag_phy_embedded_in_jtag_master|normal.jtag_dc_streaming|sink_crosser|in_to_out_synchronizer                                                   ; altera_std_synchronizer_nocut                                                                                             ; altera_jtag_dc_streaming_191                            ;
;                         |out_to_in_synchronizer|                                      ; 1.7 (1.7)            ; 3.3 (3.3)                        ; 1.7 (1.7)                                         ; 0.0 (0.0)                        ; 0.0 (0.0)            ; 0 (0)               ; 8 (8)                     ; 0 (0)         ; 0                 ; 0     ; 0                        ; 0                                      ; 0                                                 ; 0    ; 0 (0)  ; soc_inst|subsys_debug|hps_m|altera_jtag_avalon_master_inst|jtag_phy_embedded_in_jtag_master|normal.jtag_dc_streaming|sink_crosser|out_to_in_synchronizer                                                   ; altera_std_synchronizer_nocut                                                                                             ; altera_jtag_dc_streaming_191                            ;
;                         |output_stage|                                                ; 9.3 (9.3)            ; 9.5 (9.5)                        ; 1.0 (1.0)                                         ; 0.8 (0.8)                        ; 0.0 (0.0)            ; 12 (12)             ; 18 (18)                   ; 0 (0)         ; 0                 ; 0     ; 0                        ; 0                                      ; 0                                                 ; 0    ; 0 (0)  ; soc_inst|subsys_debug|hps_m|altera_jtag_avalon_master_inst|jtag_phy_embedded_in_jtag_master|normal.jtag_dc_streaming|sink_crosser|output_stage                                                             ; altera_avalon_st_pipeline_base                                                                                            ; altera_jtag_dc_streaming_191                            ;
;                      |source_crosser|                                                 ; 8.7 (6.5)            ; 12.8 (8.3)                       ; 4.1 (1.8)                                         ; 0.0 (0.0)                        ; 0.0 (0.0)            ; 1 (0)               ; 27 (18)                   ; 0 (0)         ; 0                 ; 0     ; 0                        ; 0                                      ; 0                                                 ; 0    ; 0 (0)  ; soc_inst|subsys_debug|hps_m|altera_jtag_avalon_master_inst|jtag_phy_embedded_in_jtag_master|normal.jtag_dc_streaming|source_crosser                                                                        ; altera_jtag_src_crosser                                                                                                   ; altera_jtag_dc_streaming_191                            ;
;                         |crosser|                                                     ; 2.2 (0.5)            ; 4.5 (0.5)                        ; 2.3 (0.0)                                         ; 0.0 (0.0)                        ; 0.0 (0.0)            ; 1 (1)               ; 9 (1)                     ; 0 (0)         ; 0                 ; 0     ; 0                        ; 0                                      ; 0                                                 ; 0    ; 0 (0)  ; soc_inst|subsys_debug|hps_m|altera_jtag_avalon_master_inst|jtag_phy_embedded_in_jtag_master|normal.jtag_dc_streaming|source_crosser|crosser                                                                ; altera_jtag_control_signal_crosser                                                                                        ; altera_jtag_dc_streaming_191                            ;
;                            |synchronizer|                                             ; 1.7 (1.7)            ; 4.0 (4.0)                        ; 2.3 (2.3)                                         ; 0.0 (0.0)                        ; 0.0 (0.0)            ; 0 (0)               ; 8 (8)                     ; 0 (0)         ; 0                 ; 0     ; 0                        ; 0                                      ; 0                                                 ; 0    ; 0 (0)  ; soc_inst|subsys_debug|hps_m|altera_jtag_avalon_master_inst|jtag_phy_embedded_in_jtag_master|normal.jtag_dc_streaming|source_crosser|crosser|synchronizer                                                   ; altera_std_synchronizer                                                                                                   ; altera_work                                             ;
;                      |synchronizer|                                                   ; 1.5 (1.5)            ; 1.5 (1.5)                        ; 0.0 (0.0)                                         ; 0.0 (0.0)                        ; 0.0 (0.0)            ; 0 (0)               ; 3 (3)                     ; 0 (0)         ; 0                 ; 0     ; 0                        ; 0                                      ; 0                                                 ; 0    ; 0 (0)  ; soc_inst|subsys_debug|hps_m|altera_jtag_avalon_master_inst|jtag_phy_embedded_in_jtag_master|normal.jtag_dc_streaming|synchronizer                                                                          ; altera_std_synchronizer                                                                                                   ; altera_work                                             ;
;                |p2b|                                                                  ; 12.8 (12.8)          ; 13.8 (13.8)                      ; 1.0 (1.0)                                         ; 0.0 (0.0)                        ; 0.0 (0.0)            ; 26 (26)             ; 15 (15)                   ; 0 (0)         ; 0                 ; 0     ; 0                        ; 0                                      ; 0                                                 ; 0    ; 0 (0)  ; soc_inst|subsys_debug|hps_m|altera_jtag_avalon_master_inst|p2b                                                                                                                                             ; altera_avalon_st_packets_to_bytes                                                                                         ; altera_avalon_st_packets_to_bytes_1922                  ;
;                |rst_controller|                                                       ; 1.2 (0.0)            ; 1.5 (0.0)                        ; 0.3 (0.0)                                         ; 0.0 (0.0)                        ; 0.0 (0.0)            ; 0 (0)               ; 3 (0)                     ; 0 (0)         ; 0                 ; 0     ; 0                        ; 0                                      ; 0                                                 ; 0    ; 0 (0)  ; soc_inst|subsys_debug|hps_m|altera_jtag_avalon_master_inst|rst_controller                                                                                                                                  ; altera_reset_controller                                                                                                   ; altera_reset_controller_1924                            ;
;                   |alt_rst_sync_uq1|                                                  ; 1.2 (1.2)            ; 1.5 (1.5)                        ; 0.3 (0.3)                                         ; 0.0 (0.0)                        ; 0.0 (0.0)            ; 0 (0)               ; 3 (3)                     ; 0 (0)         ; 0                 ; 0     ; 0                        ; 0                                      ; 0                                                 ; 0    ; 0 (0)  ; soc_inst|subsys_debug|hps_m|altera_jtag_avalon_master_inst|rst_controller|alt_rst_sync_uq1                                                                                                                 ; altera_reset_synchronizer                                                                                                 ; altera_reset_controller_1924                            ;
;                |transacto|                                                            ; 74.8 (0.0)           ; 83.0 (0.0)                       ; 8.2 (0.0)                                         ; 0.0 (0.0)                        ; 0.0 (0.0)            ; 128 (0)             ; 56 (0)                    ; 0 (0)         ; 0                 ; 0     ; 0                        ; 0                                      ; 0                                                 ; 0    ; 0 (0)  ; soc_inst|subsys_debug|hps_m|altera_jtag_avalon_master_inst|transacto                                                                                                                                       ; altera_avalon_packets_to_master                                                                                           ; altera_avalon_packets_to_master_1922                    ;
;                   |p2m|                                                               ; 74.8 (74.8)          ; 83.0 (83.0)                      ; 8.2 (8.2)                                         ; 0.0 (0.0)                        ; 0.0 (0.0)            ; 128 (128)           ; 56 (56)                   ; 0 (0)         ; 0                 ; 0     ; 0                        ; 0                                      ; 0                                                 ; 0    ; 0 (0)  ; soc_inst|subsys_debug|hps_m|altera_jtag_avalon_master_inst|transacto|p2m                                                                                                                                   ; packets_to_master                                                                                                         ; altera_avalon_packets_to_master_1922                    ;
;       |subsys_hps|                                                                    ; 1814.5 (0.0)         ; 1919.4 (0.0)                     ; 111.6 (0.0)                                       ; 6.7 (0.0)                        ; 670.0 (0.0)          ; 1570 (0)            ; 4016 (0)                  ; 0 (0)         ; 0                 ; 0     ; 0                        ; 0                                      ; 0                                                 ; 14   ; 1 (0)  ; soc_inst|subsys_hps                                                                                                                                                                                        ; hps_subsys                                                                                                                ; hps_subsys                                              ;
;          |agilex_hps|                                                                 ; 1781.1 (0.0)         ; 1879.4 (0.0)                     ; 102.0 (0.0)                                       ; 3.7 (0.0)                        ; 670.0 (0.0)          ; 1533 (0)            ; 3972 (0)                  ; 0 (0)         ; 0                 ; 0     ; 0                        ; 0                                      ; 0                                                 ; 0    ; 0 (0)  ; soc_inst|subsys_hps|agilex_hps                                                                                                                                                                             ; agilex_hps                                                                                                                ; agilex_hps                                              ;
;             |intel_agilex_5_soc_inst|                                                 ; 1781.1 (0.0)         ; 1879.4 (0.0)                     ; 102.0 (0.0)                                       ; 3.7 (0.0)                        ; 670.0 (0.0)          ; 1533 (0)            ; 3972 (0)                  ; 0 (0)         ; 0                 ; 0     ; 0                        ; 0                                      ; 0                                                 ; 0    ; 0 (0)  ; soc_inst|subsys_hps|agilex_hps|intel_agilex_5_soc_inst                                                                                                                                                     ; agilex_hps_intel_agilex_5_soc_1300_ufrbo6y                                                                                ; intel_agilex_5_soc_1300                                 ;
;                |sm_hps|                                                               ; 588.4 (0.0)          ; 615.2 (0.0)                      ; 29.6 (0.0)                                        ; 2.9 (0.0)                        ; 220.0 (0.0)          ; 524 (0)             ; 1450 (0)                  ; 0 (0)         ; 0                 ; 0     ; 0                        ; 0                                      ; 0                                                 ; 0    ; 0 (0)  ; soc_inst|subsys_hps|agilex_hps|intel_agilex_5_soc_inst|sm_hps                                                                                                                                              ; agilex_hps_intel_sundancemesa_hps_100_z5bqzvi                                                                             ; intel_sundancemesa_hps_100                              ;
;                   |hps2fpga_axi4_rl_adp_inst|                                         ; 367.9 (1.5)          ; 383.5 (1.5)                      ; 18.4 (0.0)                                        ; 2.8 (0.0)                        ; 140.0 (0.0)          ; 320 (3)             ; 946 (3)                   ; 0 (0)         ; 0                 ; 0     ; 0                        ; 0                                      ; 0                                                 ; 0    ; 0 (0)  ; soc_inst|subsys_hps|agilex_hps|intel_agilex_5_soc_inst|sm_hps|hps2fpga_axi4_rl_adp_inst                                                                                                                    ; hps_axi4_ready_latency_adp                                                                                                ; intel_sundancemesa_hps_100                              ;
;                      |ar_inst_data|                                                   ; 0.0 (0.0)            ; 0.0 (0.0)                        ; 0.0 (0.0)                                         ; 0.0 (0.0)                        ; 0.0 (0.0)            ; 0 (0)               ; 49 (49)                   ; 0 (0)         ; 0                 ; 0     ; 0                        ; 0                                      ; 0                                                 ; 0    ; 0 (0)  ; soc_inst|subsys_hps|agilex_hps|intel_agilex_5_soc_inst|sm_hps|hps2fpga_axi4_rl_adp_inst|ar_inst_data                                                                                                       ; ff_macro_p2c                                                                                                              ; intel_sundancemesa_hps_100                              ;
;                      |ar_inst_skid_buf|                                               ; 80.8 (0.7)           ; 82.5 (1.0)                       ; 1.7 (0.3)                                         ; 0.0 (0.0)                        ; 30.0 (0.0)           ; 74 (1)              ; 119 (2)                   ; 0 (0)         ; 0                 ; 0     ; 0                        ; 0                                      ; 0                                                 ; 0    ; 0 (0)  ; soc_inst|subsys_hps|agilex_hps|intel_agilex_5_soc_inst|sm_hps|hps2fpga_axi4_rl_adp_inst|ar_inst_skid_buf                                                                                                   ; ready_latency_adapter                                                                                                     ; intel_sundancemesa_hps_100                              ;
;                         |fifo_inst|                                                   ; 80.1 (0.0)           ; 81.5 (0.0)                       ; 1.4 (0.0)                                         ; 0.0 (0.0)                        ; 30.0 (0.0)           ; 73 (0)              ; 117 (0)                   ; 0 (0)         ; 0                 ; 0     ; 0                        ; 0                                      ; 0                                                 ; 0    ; 0 (0)  ; soc_inst|subsys_hps|agilex_hps|intel_agilex_5_soc_inst|sm_hps|hps2fpga_axi4_rl_adp_inst|ar_inst_skid_buf|fifo_inst                                                                                         ; scfifo_s                                                                                                                  ; intel_sundancemesa_hps_100                              ;
;                            |a1|                                                       ; 80.1 (44.4)          ; 81.5 (45.5)                      ; 1.4 (1.1)                                         ; 0.0 (0.0)                        ; 30.0 (0.0)           ; 73 (63)             ; 117 (105)                 ; 0 (0)         ; 0                 ; 0     ; 0                        ; 0                                      ; 0                                                 ; 0    ; 0 (0)  ; soc_inst|subsys_hps|agilex_hps|intel_agilex_5_soc_inst|sm_hps|hps2fpga_axi4_rl_adp_inst|ar_inst_skid_buf|fifo_inst|a1                                                                                      ; scfifo_s_showahead                                                                                                        ; intel_sundancemesa_hps_100                              ;
;                               |fifo_inst|                                             ; 35.7 (3.8)           ; 36.0 (4.2)                       ; 0.3 (0.3)                                         ; 0.0 (0.0)                        ; 30.0 (0.0)           ; 10 (6)              ; 12 (9)                    ; 0 (0)         ; 0                 ; 0     ; 0                        ; 0                                      ; 0                                                 ; 0    ; 0 (0)  ; soc_inst|subsys_hps|agilex_hps|intel_agilex_5_soc_inst|sm_hps|hps2fpga_axi4_rl_adp_inst|ar_inst_skid_buf|fifo_inst|a1|fifo_inst                                                                            ; scfifo_s_normal                                                                                                           ; intel_sundancemesa_hps_100                              ;
;                                  |adder|                                              ; 1.2 (1.2)            ; 1.2 (1.2)                        ; 0.0 (0.0)                                         ; 0.0 (0.0)                        ; 0.0 (0.0)            ; 4 (4)               ; 0 (0)                     ; 0 (0)         ; 0                 ; 0     ; 0                        ; 0                                      ; 0                                                 ; 0    ; 0 (0)  ; soc_inst|subsys_hps|agilex_hps|intel_agilex_5_soc_inst|sm_hps|hps2fpga_axi4_rl_adp_inst|ar_inst_skid_buf|fifo_inst|a1|fifo_inst|adder                                                                      ; add_a_b_s0_s1                                                                                                             ; intel_sundancemesa_hps_100                              ;
;                                  |mlab_inst|                                          ; 30.7 (0.0)           ; 30.7 (0.0)                       ; 0.0 (0.0)                                         ; 0.0 (0.0)                        ; 30.0 (0.0)           ; 0 (0)               ; 3 (0)                     ; 0 (0)         ; 0                 ; 0     ; 0                        ; 0                                      ; 0                                                 ; 0    ; 0 (0)  ; soc_inst|subsys_hps|agilex_hps|intel_agilex_5_soc_inst|sm_hps|hps2fpga_axi4_rl_adp_inst|ar_inst_skid_buf|fifo_inst|a1|fifo_inst|mlab_inst                                                                  ; generic_mlab                                                                                                              ; intel_sundancemesa_hps_100                              ;
;                                     |mem_rtl_0|                                       ; 30.7 (0.0)           ; 30.7 (0.0)                       ; 0.0 (0.0)                                         ; 0.0 (0.0)                        ; 30.0 (0.0)           ; 0 (0)               ; 3 (0)                     ; 0 (0)         ; 0                 ; 0     ; 0                        ; 0                                      ; 0                                                 ; 0    ; 0 (0)  ; soc_inst|subsys_hps|agilex_hps|intel_agilex_5_soc_inst|sm_hps|hps2fpga_axi4_rl_adp_inst|ar_inst_skid_buf|fifo_inst|a1|fifo_inst|mlab_inst|mem_rtl_0                                                        ; altdpram                                                                                                                  ; work                                                    ;
;                                        |auto_generated|                               ; 30.7 (30.7)          ; 30.7 (30.7)                      ; 0.0 (0.0)                                         ; 0.0 (0.0)                        ; 30.0 (30.0)          ; 0 (0)               ; 3 (3)                     ; 0 (0)         ; 0                 ; 0     ; 0                        ; 0                                      ; 0                                                 ; 0    ; 0 (0)  ; soc_inst|subsys_hps|agilex_hps|intel_agilex_5_soc_inst|sm_hps|hps2fpga_axi4_rl_adp_inst|ar_inst_skid_buf|fifo_inst|a1|fifo_inst|mlab_inst|mem_rtl_0|auto_generated                                         ; dpram_i2311                                                                                                               ; altera_work                                             ;
;                      |arready_inst|                                                   ; 0.0 (0.0)            ; 0.0 (0.0)                        ; 0.0 (0.0)                                         ; 0.0 (0.0)                        ; 0.0 (0.0)            ; 0 (0)               ; 1 (1)                     ; 0 (0)         ; 0                 ; 0     ; 0                        ; 0                                      ; 0                                                 ; 0    ; 0 (0)  ; soc_inst|subsys_hps|agilex_hps|intel_agilex_5_soc_inst|sm_hps|hps2fpga_axi4_rl_adp_inst|arready_inst                                                                                                       ; ff_macro_c2p                                                                                                              ; intel_sundancemesa_hps_100                              ;
;                      |arvalid_inst|                                                   ; 0.0 (0.0)            ; 0.0 (0.0)                        ; 0.0 (0.0)                                         ; 0.0 (0.0)                        ; 0.0 (0.0)            ; 0 (0)               ; 1 (1)                     ; 0 (0)         ; 0                 ; 0     ; 0                        ; 0                                      ; 0                                                 ; 0    ; 0 (0)  ; soc_inst|subsys_hps|agilex_hps|intel_agilex_5_soc_inst|sm_hps|hps2fpga_axi4_rl_adp_inst|arvalid_inst                                                                                                       ; ff_macro_p2c                                                                                                              ; intel_sundancemesa_hps_100                              ;
;                      |aw_inst|                                                        ; 0.0 (0.0)            ; 0.0 (0.0)                        ; 0.0 (0.0)                                         ; 0.0 (0.0)                        ; 0.0 (0.0)            ; 0 (0)               ; 49 (49)                   ; 0 (0)         ; 0                 ; 0     ; 0                        ; 0                                      ; 0                                                 ; 0    ; 0 (0)  ; soc_inst|subsys_hps|agilex_hps|intel_agilex_5_soc_inst|sm_hps|hps2fpga_axi4_rl_adp_inst|aw_inst                                                                                                            ; ff_macro_p2c                                                                                                              ; intel_sundancemesa_hps_100                              ;
;                      |aw_inst_skid_buf|                                               ; 84.4 (0.7)           ; 86.0 (1.0)                       ; 4.4 (0.3)                                         ; 2.8 (0.0)                        ; 30.0 (0.0)           ; 74 (1)              ; 119 (2)                   ; 0 (0)         ; 0                 ; 0     ; 0                        ; 0                                      ; 0                                                 ; 0    ; 0 (0)  ; soc_inst|subsys_hps|agilex_hps|intel_agilex_5_soc_inst|sm_hps|hps2fpga_axi4_rl_adp_inst|aw_inst_skid_buf                                                                                                   ; ready_latency_adapter                                                                                                     ; intel_sundancemesa_hps_100                              ;
;                         |fifo_inst|                                                   ; 83.6 (0.0)           ; 85.0 (0.0)                       ; 4.2 (0.0)                                         ; 2.8 (0.0)                        ; 30.0 (0.0)           ; 73 (0)              ; 117 (0)                   ; 0 (0)         ; 0                 ; 0     ; 0                        ; 0                                      ; 0                                                 ; 0    ; 0 (0)  ; soc_inst|subsys_hps|agilex_hps|intel_agilex_5_soc_inst|sm_hps|hps2fpga_axi4_rl_adp_inst|aw_inst_skid_buf|fifo_inst                                                                                         ; scfifo_s                                                                                                                  ; intel_sundancemesa_hps_100                              ;
;                            |a1|                                                       ; 83.6 (47.8)          ; 85.0 (49.0)                      ; 4.2 (4.0)                                         ; 2.8 (2.8)                        ; 30.0 (0.0)           ; 73 (63)             ; 117 (105)                 ; 0 (0)         ; 0                 ; 0     ; 0                        ; 0                                      ; 0                                                 ; 0    ; 0 (0)  ; soc_inst|subsys_hps|agilex_hps|intel_agilex_5_soc_inst|sm_hps|hps2fpga_axi4_rl_adp_inst|aw_inst_skid_buf|fifo_inst|a1                                                                                      ; scfifo_s_showahead                                                                                                        ; intel_sundancemesa_hps_100                              ;
;                               |fifo_inst|                                             ; 35.8 (3.9)           ; 36.0 (4.1)                       ; 0.2 (0.2)                                         ; 0.0 (0.0)                        ; 30.0 (0.0)           ; 10 (6)              ; 12 (9)                    ; 0 (0)         ; 0                 ; 0     ; 0                        ; 0                                      ; 0                                                 ; 0    ; 0 (0)  ; soc_inst|subsys_hps|agilex_hps|intel_agilex_5_soc_inst|sm_hps|hps2fpga_axi4_rl_adp_inst|aw_inst_skid_buf|fifo_inst|a1|fifo_inst                                                                            ; scfifo_s_normal                                                                                                           ; intel_sundancemesa_hps_100                              ;
;                                  |adder|                                              ; 1.0 (1.0)            ; 1.2 (1.2)                        ; 0.2 (0.2)                                         ; 0.0 (0.0)                        ; 0.0 (0.0)            ; 4 (4)               ; 0 (0)                     ; 0 (0)         ; 0                 ; 0     ; 0                        ; 0                                      ; 0                                                 ; 0    ; 0 (0)  ; soc_inst|subsys_hps|agilex_hps|intel_agilex_5_soc_inst|sm_hps|hps2fpga_axi4_rl_adp_inst|aw_inst_skid_buf|fifo_inst|a1|fifo_inst|adder                                                                      ; add_a_b_s0_s1                                                                                                             ; intel_sundancemesa_hps_100                              ;
;                                  |mlab_inst|                                          ; 30.7 (0.0)           ; 30.7 (0.0)                       ; 0.0 (0.0)                                         ; 0.0 (0.0)                        ; 30.0 (0.0)           ; 0 (0)               ; 3 (0)                     ; 0 (0)         ; 0                 ; 0     ; 0                        ; 0                                      ; 0                                                 ; 0    ; 0 (0)  ; soc_inst|subsys_hps|agilex_hps|intel_agilex_5_soc_inst|sm_hps|hps2fpga_axi4_rl_adp_inst|aw_inst_skid_buf|fifo_inst|a1|fifo_inst|mlab_inst                                                                  ; generic_mlab                                                                                                              ; intel_sundancemesa_hps_100                              ;
;                                     |mem_rtl_0|                                       ; 30.7 (0.0)           ; 30.7 (0.0)                       ; 0.0 (0.0)                                         ; 0.0 (0.0)                        ; 30.0 (0.0)           ; 0 (0)               ; 3 (0)                     ; 0 (0)         ; 0                 ; 0     ; 0                        ; 0                                      ; 0                                                 ; 0    ; 0 (0)  ; soc_inst|subsys_hps|agilex_hps|intel_agilex_5_soc_inst|sm_hps|hps2fpga_axi4_rl_adp_inst|aw_inst_skid_buf|fifo_inst|a1|fifo_inst|mlab_inst|mem_rtl_0                                                        ; altdpram                                                                                                                  ; work                                                    ;
;                                        |auto_generated|                               ; 30.7 (30.7)          ; 30.7 (30.7)                      ; 0.0 (0.0)                                         ; 0.0 (0.0)                        ; 30.0 (30.0)          ; 0 (0)               ; 3 (3)                     ; 0 (0)         ; 0                 ; 0     ; 0                        ; 0                                      ; 0                                                 ; 0    ; 0 (0)  ; soc_inst|subsys_hps|agilex_hps|intel_agilex_5_soc_inst|sm_hps|hps2fpga_axi4_rl_adp_inst|aw_inst_skid_buf|fifo_inst|a1|fifo_inst|mlab_inst|mem_rtl_0|auto_generated                                         ; dpram_knud                                                                                                                ; altera_work                                             ;
;                      |awready_inst|                                                   ; 0.0 (0.0)            ; 0.0 (0.0)                        ; 0.0 (0.0)                                         ; 0.0 (0.0)                        ; 0.0 (0.0)            ; 0 (0)               ; 1 (1)                     ; 0 (0)         ; 0                 ; 0     ; 0                        ; 0                                      ; 0                                                 ; 0    ; 0 (0)  ; soc_inst|subsys_hps|agilex_hps|intel_agilex_5_soc_inst|sm_hps|hps2fpga_axi4_rl_adp_inst|awready_inst                                                                                                       ; ff_macro_c2p                                                                                                              ; intel_sundancemesa_hps_100                              ;
;                      |awvalid_inst|                                                   ; 0.0 (0.0)            ; 0.0 (0.0)                        ; 0.0 (0.0)                                         ; 0.0 (0.0)                        ; 0.0 (0.0)            ; 0 (0)               ; 1 (1)                     ; 0 (0)         ; 0                 ; 0     ; 0                        ; 0                                      ; 0                                                 ; 0    ; 0 (0)  ; soc_inst|subsys_hps|agilex_hps|intel_agilex_5_soc_inst|sm_hps|hps2fpga_axi4_rl_adp_inst|awvalid_inst                                                                                                       ; ff_macro_p2c                                                                                                              ; intel_sundancemesa_hps_100                              ;
;                      |b_inst_data|                                                    ; 0.0 (0.0)            ; 0.0 (0.0)                        ; 0.0 (0.0)                                         ; 0.0 (0.0)                        ; 0.0 (0.0)            ; 0 (0)               ; 7 (7)                     ; 0 (0)         ; 0                 ; 0     ; 0                        ; 0                                      ; 0                                                 ; 0    ; 0 (0)  ; soc_inst|subsys_hps|agilex_hps|intel_agilex_5_soc_inst|sm_hps|hps2fpga_axi4_rl_adp_inst|b_inst_data                                                                                                        ; ff_macro_c2p                                                                                                              ; intel_sundancemesa_hps_100                              ;
;                      |bready_inst|                                                    ; 0.0 (0.0)            ; 0.0 (0.0)                        ; 0.0 (0.0)                                         ; 0.0 (0.0)                        ; 0.0 (0.0)            ; 0 (0)               ; 1 (1)                     ; 0 (0)         ; 0                 ; 0     ; 0                        ; 0                                      ; 0                                                 ; 0    ; 0 (0)  ; soc_inst|subsys_hps|agilex_hps|intel_agilex_5_soc_inst|sm_hps|hps2fpga_axi4_rl_adp_inst|bready_inst                                                                                                        ; ff_macro_p2c                                                                                                              ; intel_sundancemesa_hps_100                              ;
;                      |r_inst_data|                                                    ; 0.0 (0.0)            ; 0.0 (0.0)                        ; 0.0 (0.0)                                         ; 0.0 (0.0)                        ; 0.0 (0.0)            ; 0 (0)               ; 136 (136)                 ; 0 (0)         ; 0                 ; 0     ; 0                        ; 0                                      ; 0                                                 ; 0    ; 0 (0)  ; soc_inst|subsys_hps|agilex_hps|intel_agilex_5_soc_inst|sm_hps|hps2fpga_axi4_rl_adp_inst|r_inst_data                                                                                                        ; ff_macro_c2p                                                                                                              ; intel_sundancemesa_hps_100                              ;
;                      |rready_inst|                                                    ; 0.0 (0.0)            ; 0.0 (0.0)                        ; 0.0 (0.0)                                         ; 0.0 (0.0)                        ; 0.0 (0.0)            ; 0 (0)               ; 1 (1)                     ; 0 (0)         ; 0                 ; 0     ; 0                        ; 0                                      ; 0                                                 ; 0    ; 0 (0)  ; soc_inst|subsys_hps|agilex_hps|intel_agilex_5_soc_inst|sm_hps|hps2fpga_axi4_rl_adp_inst|rready_inst                                                                                                        ; ff_macro_p2c                                                                                                              ; intel_sundancemesa_hps_100                              ;
;                      |w_inst_data|                                                    ; 0.0 (0.0)            ; 0.0 (0.0)                        ; 0.0 (0.0)                                         ; 0.0 (0.0)                        ; 0.0 (0.0)            ; 0 (0)               ; 145 (145)                 ; 0 (0)         ; 0                 ; 0     ; 0                        ; 0                                      ; 0                                                 ; 0    ; 0 (0)  ; soc_inst|subsys_hps|agilex_hps|intel_agilex_5_soc_inst|sm_hps|hps2fpga_axi4_rl_adp_inst|w_inst_data                                                                                                        ; ff_macro_p2c                                                                                                              ; intel_sundancemesa_hps_100                              ;
;                      |w_inst_skid_buf|                                                ; 201.3 (0.7)          ; 213.5 (0.8)                      ; 12.2 (0.0)                                        ; 0.0 (0.0)                        ; 80.0 (0.0)           ; 169 (1)             ; 311 (2)                   ; 0 (0)         ; 0                 ; 0     ; 0                        ; 0                                      ; 0                                                 ; 0    ; 0 (0)  ; soc_inst|subsys_hps|agilex_hps|intel_agilex_5_soc_inst|sm_hps|hps2fpga_axi4_rl_adp_inst|w_inst_skid_buf                                                                                                    ; ready_latency_adapter                                                                                                     ; intel_sundancemesa_hps_100                              ;
;                         |fifo_inst|                                                   ; 200.5 (0.0)          ; 212.8 (0.0)                      ; 12.2 (0.0)                                        ; 0.0 (0.0)                        ; 80.0 (0.0)           ; 168 (0)             ; 309 (0)                   ; 0 (0)         ; 0                 ; 0     ; 0                        ; 0                                      ; 0                                                 ; 0    ; 0 (0)  ; soc_inst|subsys_hps|agilex_hps|intel_agilex_5_soc_inst|sm_hps|hps2fpga_axi4_rl_adp_inst|w_inst_skid_buf|fifo_inst                                                                                          ; scfifo_s                                                                                                                  ; intel_sundancemesa_hps_100                              ;
;                            |a1|                                                       ; 200.5 (115.4)        ; 212.8 (126.9)                    ; 12.2 (11.5)                                       ; 0.0 (0.0)                        ; 80.0 (0.0)           ; 168 (158)           ; 309 (297)                 ; 0 (0)         ; 0                 ; 0     ; 0                        ; 0                                      ; 0                                                 ; 0    ; 0 (0)  ; soc_inst|subsys_hps|agilex_hps|intel_agilex_5_soc_inst|sm_hps|hps2fpga_axi4_rl_adp_inst|w_inst_skid_buf|fifo_inst|a1                                                                                       ; scfifo_s_showahead                                                                                                        ; intel_sundancemesa_hps_100                              ;
;                               |fifo_inst|                                             ; 85.2 (3.4)           ; 85.8 (3.8)                       ; 0.7 (0.4)                                         ; 0.0 (0.0)                        ; 80.0 (0.0)           ; 10 (6)              ; 12 (9)                    ; 0 (0)         ; 0                 ; 0     ; 0                        ; 0                                      ; 0                                                 ; 0    ; 0 (0)  ; soc_inst|subsys_hps|agilex_hps|intel_agilex_5_soc_inst|sm_hps|hps2fpga_axi4_rl_adp_inst|w_inst_skid_buf|fifo_inst|a1|fifo_inst                                                                             ; scfifo_s_normal                                                                                                           ; intel_sundancemesa_hps_100                              ;
;                                  |adder|                                              ; 1.0 (1.0)            ; 1.0 (1.0)                        ; 0.0 (0.0)                                         ; 0.0 (0.0)                        ; 0.0 (0.0)            ; 4 (4)               ; 0 (0)                     ; 0 (0)         ; 0                 ; 0     ; 0                        ; 0                                      ; 0                                                 ; 0    ; 0 (0)  ; soc_inst|subsys_hps|agilex_hps|intel_agilex_5_soc_inst|sm_hps|hps2fpga_axi4_rl_adp_inst|w_inst_skid_buf|fifo_inst|a1|fifo_inst|adder                                                                       ; add_a_b_s0_s1                                                                                                             ; intel_sundancemesa_hps_100                              ;
;                                  |mlab_inst|                                          ; 80.7 (0.0)           ; 81.0 (0.0)                       ; 0.3 (0.0)                                         ; 0.0 (0.0)                        ; 80.0 (0.0)           ; 0 (0)               ; 3 (0)                     ; 0 (0)         ; 0                 ; 0     ; 0                        ; 0                                      ; 0                                                 ; 0    ; 0 (0)  ; soc_inst|subsys_hps|agilex_hps|intel_agilex_5_soc_inst|sm_hps|hps2fpga_axi4_rl_adp_inst|w_inst_skid_buf|fifo_inst|a1|fifo_inst|mlab_inst                                                                   ; generic_mlab                                                                                                              ; intel_sundancemesa_hps_100                              ;
;                                     |mem_rtl_0|                                       ; 80.7 (0.0)           ; 81.0 (0.0)                       ; 0.3 (0.0)                                         ; 0.0 (0.0)                        ; 80.0 (0.0)           ; 0 (0)               ; 3 (0)                     ; 0 (0)         ; 0                 ; 0     ; 0                        ; 0                                      ; 0                                                 ; 0    ; 0 (0)  ; soc_inst|subsys_hps|agilex_hps|intel_agilex_5_soc_inst|sm_hps|hps2fpga_axi4_rl_adp_inst|w_inst_skid_buf|fifo_inst|a1|fifo_inst|mlab_inst|mem_rtl_0                                                         ; altdpram                                                                                                                  ; work                                                    ;
;                                        |auto_generated|                               ; 80.7 (80.7)          ; 81.0 (81.0)                      ; 0.3 (0.3)                                         ; 0.0 (0.0)                        ; 80.0 (80.0)          ; 0 (0)               ; 3 (3)                     ; 0 (0)         ; 0                 ; 0     ; 0                        ; 0                                      ; 0                                                 ; 0    ; 0 (0)  ; soc_inst|subsys_hps|agilex_hps|intel_agilex_5_soc_inst|sm_hps|hps2fpga_axi4_rl_adp_inst|w_inst_skid_buf|fifo_inst|a1|fifo_inst|mlab_inst|mem_rtl_0|auto_generated                                          ; dpram_gfhc                                                                                                                ; altera_work                                             ;
;                      |wready_inst|                                                    ; 0.0 (0.0)            ; 0.0 (0.0)                        ; 0.0 (0.0)                                         ; 0.0 (0.0)                        ; 0.0 (0.0)            ; 0 (0)               ; 1 (1)                     ; 0 (0)         ; 0                 ; 0     ; 0                        ; 0                                      ; 0                                                 ; 0    ; 0 (0)  ; soc_inst|subsys_hps|agilex_hps|intel_agilex_5_soc_inst|sm_hps|hps2fpga_axi4_rl_adp_inst|wready_inst                                                                                                        ; ff_macro_c2p                                                                                                              ; intel_sundancemesa_hps_100                              ;
;                      |wvalid_inst|                                                    ; 0.0 (0.0)            ; 0.0 (0.0)                        ; 0.0 (0.0)                                         ; 0.0 (0.0)                        ; 0.0 (0.0)            ; 0 (0)               ; 1 (1)                     ; 0 (0)         ; 0                 ; 0     ; 0                        ; 0                                      ; 0                                                 ; 0    ; 0 (0)  ; soc_inst|subsys_hps|agilex_hps|intel_agilex_5_soc_inst|sm_hps|hps2fpga_axi4_rl_adp_inst|wvalid_inst                                                                                                        ; ff_macro_p2c                                                                                                              ; intel_sundancemesa_hps_100                              ;
;                   |hps2fpga_axi4_rl_adp_inst_reset_sync|                              ; 0.8 (0.8)            ; 1.0 (1.0)                        ; 0.2 (0.2)                                         ; 0.0 (0.0)                        ; 0.0 (0.0)            ; 0 (0)               ; 2 (2)                     ; 0 (0)         ; 0                 ; 0     ; 0                        ; 0                                      ; 0                                                 ; 0    ; 0 (0)  ; soc_inst|subsys_hps|agilex_hps|intel_agilex_5_soc_inst|sm_hps|hps2fpga_axi4_rl_adp_inst_reset_sync                                                                                                         ; ready_latency_reset_synchronizer                                                                                          ; intel_sundancemesa_hps_100                              ;
;                   |lwhps2fpga_axi4_rl_adp_inst|                                       ; 218.8 (1.0)          ; 229.7 (1.7)                      ; 10.9 (0.7)                                        ; 0.1 (0.0)                        ; 80.0 (0.0)           ; 204 (3)             ; 500 (3)                   ; 0 (0)         ; 0                 ; 0     ; 0                        ; 0                                      ; 0                                                 ; 0    ; 0 (0)  ; soc_inst|subsys_hps|agilex_hps|intel_agilex_5_soc_inst|sm_hps|lwhps2fpga_axi4_rl_adp_inst                                                                                                                  ; hps_axi4_ready_latency_adp                                                                                                ; intel_sundancemesa_hps_100                              ;
;                      |ar_inst_data|                                                   ; 0.0 (0.0)            ; 0.0 (0.0)                        ; 0.0 (0.0)                                         ; 0.0 (0.0)                        ; 0.0 (0.0)            ; 0 (0)               ; 45 (45)                   ; 0 (0)         ; 0                 ; 0     ; 0                        ; 0                                      ; 0                                                 ; 0    ; 0 (0)  ; soc_inst|subsys_hps|agilex_hps|intel_agilex_5_soc_inst|sm_hps|lwhps2fpga_axi4_rl_adp_inst|ar_inst_data                                                                                                     ; ff_macro_p2c                                                                                                              ; intel_sundancemesa_hps_100                              ;
;                      |ar_inst_skid_buf|                                               ; 77.0 (0.6)           ; 82.0 (0.7)                       ; 5.1 (0.1)                                         ; 0.1 (0.0)                        ; 30.0 (0.0)           ; 70 (1)              ; 111 (2)                   ; 0 (0)         ; 0                 ; 0     ; 0                        ; 0                                      ; 0                                                 ; 0    ; 0 (0)  ; soc_inst|subsys_hps|agilex_hps|intel_agilex_5_soc_inst|sm_hps|lwhps2fpga_axi4_rl_adp_inst|ar_inst_skid_buf                                                                                                 ; ready_latency_adapter                                                                                                     ; intel_sundancemesa_hps_100                              ;
;                         |fifo_inst|                                                   ; 76.4 (0.0)           ; 81.3 (0.0)                       ; 5.0 (0.0)                                         ; 0.0 (0.0)                        ; 30.0 (0.0)           ; 69 (0)              ; 109 (0)                   ; 0 (0)         ; 0                 ; 0     ; 0                        ; 0                                      ; 0                                                 ; 0    ; 0 (0)  ; soc_inst|subsys_hps|agilex_hps|intel_agilex_5_soc_inst|sm_hps|lwhps2fpga_axi4_rl_adp_inst|ar_inst_skid_buf|fifo_inst                                                                                       ; scfifo_s                                                                                                                  ; intel_sundancemesa_hps_100                              ;
;                            |a1|                                                       ; 76.4 (39.7)          ; 81.3 (44.6)                      ; 5.0 (4.9)                                         ; 0.0 (0.0)                        ; 30.0 (0.0)           ; 69 (59)             ; 109 (97)                  ; 0 (0)         ; 0                 ; 0     ; 0                        ; 0                                      ; 0                                                 ; 0    ; 0 (0)  ; soc_inst|subsys_hps|agilex_hps|intel_agilex_5_soc_inst|sm_hps|lwhps2fpga_axi4_rl_adp_inst|ar_inst_skid_buf|fifo_inst|a1                                                                                    ; scfifo_s_showahead                                                                                                        ; intel_sundancemesa_hps_100                              ;
;                               |fifo_inst|                                             ; 36.6 (4.6)           ; 36.8 (4.7)                       ; 0.2 (0.1)                                         ; 0.0 (0.0)                        ; 30.0 (0.0)           ; 10 (6)              ; 12 (9)                    ; 0 (0)         ; 0                 ; 0     ; 0                        ; 0                                      ; 0                                                 ; 0    ; 0 (0)  ; soc_inst|subsys_hps|agilex_hps|intel_agilex_5_soc_inst|sm_hps|lwhps2fpga_axi4_rl_adp_inst|ar_inst_skid_buf|fifo_inst|a1|fifo_inst                                                                          ; scfifo_s_normal                                                                                                           ; intel_sundancemesa_hps_100                              ;
;                                  |adder|                                              ; 1.2 (1.2)            ; 1.2 (1.2)                        ; 0.0 (0.0)                                         ; 0.0 (0.0)                        ; 0.0 (0.0)            ; 4 (4)               ; 0 (0)                     ; 0 (0)         ; 0                 ; 0     ; 0                        ; 0                                      ; 0                                                 ; 0    ; 0 (0)  ; soc_inst|subsys_hps|agilex_hps|intel_agilex_5_soc_inst|sm_hps|lwhps2fpga_axi4_rl_adp_inst|ar_inst_skid_buf|fifo_inst|a1|fifo_inst|adder                                                                    ; add_a_b_s0_s1                                                                                                             ; intel_sundancemesa_hps_100                              ;
;                                  |mlab_inst|                                          ; 30.9 (0.0)           ; 30.9 (0.0)                       ; 0.0 (0.0)                                         ; 0.0 (0.0)                        ; 30.0 (0.0)           ; 0 (0)               ; 3 (0)                     ; 0 (0)         ; 0                 ; 0     ; 0                        ; 0                                      ; 0                                                 ; 0    ; 0 (0)  ; soc_inst|subsys_hps|agilex_hps|intel_agilex_5_soc_inst|sm_hps|lwhps2fpga_axi4_rl_adp_inst|ar_inst_skid_buf|fifo_inst|a1|fifo_inst|mlab_inst                                                                ; generic_mlab                                                                                                              ; intel_sundancemesa_hps_100                              ;
;                                     |mem_rtl_0|                                       ; 30.9 (0.0)           ; 30.9 (0.0)                       ; 0.0 (0.0)                                         ; 0.0 (0.0)                        ; 30.0 (0.0)           ; 0 (0)               ; 3 (0)                     ; 0 (0)         ; 0                 ; 0     ; 0                        ; 0                                      ; 0                                                 ; 0    ; 0 (0)  ; soc_inst|subsys_hps|agilex_hps|intel_agilex_5_soc_inst|sm_hps|lwhps2fpga_axi4_rl_adp_inst|ar_inst_skid_buf|fifo_inst|a1|fifo_inst|mlab_inst|mem_rtl_0                                                      ; altdpram                                                                                                                  ; work                                                    ;
;                                        |auto_generated|                               ; 30.9 (30.9)          ; 30.9 (30.9)                      ; 0.0 (0.0)                                         ; 0.0 (0.0)                        ; 30.0 (30.0)          ; 0 (0)               ; 3 (3)                     ; 0 (0)         ; 0                 ; 0     ; 0                        ; 0                                      ; 0                                                 ; 0    ; 0 (0)  ; soc_inst|subsys_hps|agilex_hps|intel_agilex_5_soc_inst|sm_hps|lwhps2fpga_axi4_rl_adp_inst|ar_inst_skid_buf|fifo_inst|a1|fifo_inst|mlab_inst|mem_rtl_0|auto_generated                                       ; dpram_aq162                                                                                                               ; altera_work                                             ;
;                      |arready_inst|                                                   ; 0.0 (0.0)            ; 0.0 (0.0)                        ; 0.0 (0.0)                                         ; 0.0 (0.0)                        ; 0.0 (0.0)            ; 0 (0)               ; 1 (1)                     ; 0 (0)         ; 0                 ; 0     ; 0                        ; 0                                      ; 0                                                 ; 0    ; 0 (0)  ; soc_inst|subsys_hps|agilex_hps|intel_agilex_5_soc_inst|sm_hps|lwhps2fpga_axi4_rl_adp_inst|arready_inst                                                                                                     ; ff_macro_c2p                                                                                                              ; intel_sundancemesa_hps_100                              ;
;                      |arvalid_inst|                                                   ; 0.0 (0.0)            ; 0.0 (0.0)                        ; 0.0 (0.0)                                         ; 0.0 (0.0)                        ; 0.0 (0.0)            ; 0 (0)               ; 1 (1)                     ; 0 (0)         ; 0                 ; 0     ; 0                        ; 0                                      ; 0                                                 ; 0    ; 0 (0)  ; soc_inst|subsys_hps|agilex_hps|intel_agilex_5_soc_inst|sm_hps|lwhps2fpga_axi4_rl_adp_inst|arvalid_inst                                                                                                     ; ff_macro_p2c                                                                                                              ; intel_sundancemesa_hps_100                              ;
;                      |aw_inst|                                                        ; 0.0 (0.0)            ; 0.0 (0.0)                        ; 0.0 (0.0)                                         ; 0.0 (0.0)                        ; 0.0 (0.0)            ; 0 (0)               ; 45 (45)                   ; 0 (0)         ; 0                 ; 0     ; 0                        ; 0                                      ; 0                                                 ; 0    ; 0 (0)  ; soc_inst|subsys_hps|agilex_hps|intel_agilex_5_soc_inst|sm_hps|lwhps2fpga_axi4_rl_adp_inst|aw_inst                                                                                                          ; ff_macro_p2c                                                                                                              ; intel_sundancemesa_hps_100                              ;
;                      |aw_inst_skid_buf|                                               ; 79.5 (0.5)           ; 82.5 (0.8)                       ; 3.0 (0.3)                                         ; 0.0 (0.0)                        ; 30.0 (0.0)           ; 70 (1)              ; 111 (2)                   ; 0 (0)         ; 0                 ; 0     ; 0                        ; 0                                      ; 0                                                 ; 0    ; 0 (0)  ; soc_inst|subsys_hps|agilex_hps|intel_agilex_5_soc_inst|sm_hps|lwhps2fpga_axi4_rl_adp_inst|aw_inst_skid_buf                                                                                                 ; ready_latency_adapter                                                                                                     ; intel_sundancemesa_hps_100                              ;
;                         |fifo_inst|                                                   ; 79.0 (0.0)           ; 81.7 (0.0)                       ; 2.7 (0.0)                                         ; 0.0 (0.0)                        ; 30.0 (0.0)           ; 69 (0)              ; 109 (0)                   ; 0 (0)         ; 0                 ; 0     ; 0                        ; 0                                      ; 0                                                 ; 0    ; 0 (0)  ; soc_inst|subsys_hps|agilex_hps|intel_agilex_5_soc_inst|sm_hps|lwhps2fpga_axi4_rl_adp_inst|aw_inst_skid_buf|fifo_inst                                                                                       ; scfifo_s                                                                                                                  ; intel_sundancemesa_hps_100                              ;
;                            |a1|                                                       ; 79.0 (43.3)          ; 81.7 (45.5)                      ; 2.7 (2.2)                                         ; 0.0 (0.0)                        ; 30.0 (0.0)           ; 69 (59)             ; 109 (97)                  ; 0 (0)         ; 0                 ; 0     ; 0                        ; 0                                      ; 0                                                 ; 0    ; 0 (0)  ; soc_inst|subsys_hps|agilex_hps|intel_agilex_5_soc_inst|sm_hps|lwhps2fpga_axi4_rl_adp_inst|aw_inst_skid_buf|fifo_inst|a1                                                                                    ; scfifo_s_showahead                                                                                                        ; intel_sundancemesa_hps_100                              ;
;                               |fifo_inst|                                             ; 35.7 (4.0)           ; 36.2 (4.1)                       ; 0.5 (0.1)                                         ; 0.0 (0.0)                        ; 30.0 (0.0)           ; 10 (6)              ; 12 (9)                    ; 0 (0)         ; 0                 ; 0     ; 0                        ; 0                                      ; 0                                                 ; 0    ; 0 (0)  ; soc_inst|subsys_hps|agilex_hps|intel_agilex_5_soc_inst|sm_hps|lwhps2fpga_axi4_rl_adp_inst|aw_inst_skid_buf|fifo_inst|a1|fifo_inst                                                                          ; scfifo_s_normal                                                                                                           ; intel_sundancemesa_hps_100                              ;
;                                  |adder|                                              ; 1.0 (1.0)            ; 1.2 (1.2)                        ; 0.2 (0.2)                                         ; 0.0 (0.0)                        ; 0.0 (0.0)            ; 4 (4)               ; 0 (0)                     ; 0 (0)         ; 0                 ; 0     ; 0                        ; 0                                      ; 0                                                 ; 0    ; 0 (0)  ; soc_inst|subsys_hps|agilex_hps|intel_agilex_5_soc_inst|sm_hps|lwhps2fpga_axi4_rl_adp_inst|aw_inst_skid_buf|fifo_inst|a1|fifo_inst|adder                                                                    ; add_a_b_s0_s1                                                                                                             ; intel_sundancemesa_hps_100                              ;
;                                  |mlab_inst|                                          ; 30.7 (0.0)           ; 31.0 (0.0)                       ; 0.3 (0.0)                                         ; 0.0 (0.0)                        ; 30.0 (0.0)           ; 0 (0)               ; 3 (0)                     ; 0 (0)         ; 0                 ; 0     ; 0                        ; 0                                      ; 0                                                 ; 0    ; 0 (0)  ; soc_inst|subsys_hps|agilex_hps|intel_agilex_5_soc_inst|sm_hps|lwhps2fpga_axi4_rl_adp_inst|aw_inst_skid_buf|fifo_inst|a1|fifo_inst|mlab_inst                                                                ; generic_mlab                                                                                                              ; intel_sundancemesa_hps_100                              ;
;                                     |mem_rtl_0|                                       ; 30.7 (0.0)           ; 31.0 (0.0)                       ; 0.3 (0.0)                                         ; 0.0 (0.0)                        ; 30.0 (0.0)           ; 0 (0)               ; 3 (0)                     ; 0 (0)         ; 0                 ; 0     ; 0                        ; 0                                      ; 0                                                 ; 0    ; 0 (0)  ; soc_inst|subsys_hps|agilex_hps|intel_agilex_5_soc_inst|sm_hps|lwhps2fpga_axi4_rl_adp_inst|aw_inst_skid_buf|fifo_inst|a1|fifo_inst|mlab_inst|mem_rtl_0                                                      ; altdpram                                                                                                                  ; work                                                    ;
;                                        |auto_generated|                               ; 30.7 (30.7)          ; 31.0 (31.0)                      ; 0.3 (0.3)                                         ; 0.0 (0.0)                        ; 30.0 (30.0)          ; 0 (0)               ; 3 (3)                     ; 0 (0)         ; 0                 ; 0     ; 0                        ; 0                                      ; 0                                                 ; 0    ; 0 (0)  ; soc_inst|subsys_hps|agilex_hps|intel_agilex_5_soc_inst|sm_hps|lwhps2fpga_axi4_rl_adp_inst|aw_inst_skid_buf|fifo_inst|a1|fifo_inst|mlab_inst|mem_rtl_0|auto_generated                                       ; dpram_aq162                                                                                                               ; altera_work                                             ;
;                      |awready_inst|                                                   ; 0.0 (0.0)            ; 0.0 (0.0)                        ; 0.0 (0.0)                                         ; 0.0 (0.0)                        ; 0.0 (0.0)            ; 0 (0)               ; 1 (1)                     ; 0 (0)         ; 0                 ; 0     ; 0                        ; 0                                      ; 0                                                 ; 0    ; 0 (0)  ; soc_inst|subsys_hps|agilex_hps|intel_agilex_5_soc_inst|sm_hps|lwhps2fpga_axi4_rl_adp_inst|awready_inst                                                                                                     ; ff_macro_c2p                                                                                                              ; intel_sundancemesa_hps_100                              ;
;                      |awvalid_inst|                                                   ; 0.0 (0.0)            ; 0.0 (0.0)                        ; 0.0 (0.0)                                         ; 0.0 (0.0)                        ; 0.0 (0.0)            ; 0 (0)               ; 1 (1)                     ; 0 (0)         ; 0                 ; 0     ; 0                        ; 0                                      ; 0                                                 ; 0    ; 0 (0)  ; soc_inst|subsys_hps|agilex_hps|intel_agilex_5_soc_inst|sm_hps|lwhps2fpga_axi4_rl_adp_inst|awvalid_inst                                                                                                     ; ff_macro_p2c                                                                                                              ; intel_sundancemesa_hps_100                              ;
;                      |b_inst_data|                                                    ; 0.0 (0.0)            ; 0.0 (0.0)                        ; 0.0 (0.0)                                         ; 0.0 (0.0)                        ; 0.0 (0.0)            ; 0 (0)               ; 5 (5)                     ; 0 (0)         ; 0                 ; 0     ; 0                        ; 0                                      ; 0                                                 ; 0    ; 0 (0)  ; soc_inst|subsys_hps|agilex_hps|intel_agilex_5_soc_inst|sm_hps|lwhps2fpga_axi4_rl_adp_inst|b_inst_data                                                                                                      ; ff_macro_c2p                                                                                                              ; intel_sundancemesa_hps_100                              ;
;                      |bready_inst|                                                    ; 0.0 (0.0)            ; 0.0 (0.0)                        ; 0.0 (0.0)                                         ; 0.0 (0.0)                        ; 0.0 (0.0)            ; 0 (0)               ; 1 (1)                     ; 0 (0)         ; 0                 ; 0     ; 0                        ; 0                                      ; 0                                                 ; 0    ; 0 (0)  ; soc_inst|subsys_hps|agilex_hps|intel_agilex_5_soc_inst|sm_hps|lwhps2fpga_axi4_rl_adp_inst|bready_inst                                                                                                      ; ff_macro_p2c                                                                                                              ; intel_sundancemesa_hps_100                              ;
;                      |r_inst_data|                                                    ; 0.0 (0.0)            ; 0.0 (0.0)                        ; 0.0 (0.0)                                         ; 0.0 (0.0)                        ; 0.0 (0.0)            ; 0 (0)               ; 40 (40)                   ; 0 (0)         ; 0                 ; 0     ; 0                        ; 0                                      ; 0                                                 ; 0    ; 0 (0)  ; soc_inst|subsys_hps|agilex_hps|intel_agilex_5_soc_inst|sm_hps|lwhps2fpga_axi4_rl_adp_inst|r_inst_data                                                                                                      ; ff_macro_c2p                                                                                                              ; intel_sundancemesa_hps_100                              ;
;                      |rready_inst|                                                    ; 0.0 (0.0)            ; 0.0 (0.0)                        ; 0.0 (0.0)                                         ; 0.0 (0.0)                        ; 0.0 (0.0)            ; 0 (0)               ; 1 (1)                     ; 0 (0)         ; 0                 ; 0     ; 0                        ; 0                                      ; 0                                                 ; 0    ; 0 (0)  ; soc_inst|subsys_hps|agilex_hps|intel_agilex_5_soc_inst|sm_hps|lwhps2fpga_axi4_rl_adp_inst|rready_inst                                                                                                      ; ff_macro_p2c                                                                                                              ; intel_sundancemesa_hps_100                              ;
;                      |w_inst_data|                                                    ; 0.0 (0.0)            ; 0.0 (0.0)                        ; 0.0 (0.0)                                         ; 0.0 (0.0)                        ; 0.0 (0.0)            ; 0 (0)               ; 37 (37)                   ; 0 (0)         ; 0                 ; 0     ; 0                        ; 0                                      ; 0                                                 ; 0    ; 0 (0)  ; soc_inst|subsys_hps|agilex_hps|intel_agilex_5_soc_inst|sm_hps|lwhps2fpga_axi4_rl_adp_inst|w_inst_data                                                                                                      ; ff_macro_p2c                                                                                                              ; intel_sundancemesa_hps_100                              ;
;                      |w_inst_skid_buf|                                                ; 61.4 (0.7)           ; 63.5 (0.8)                       ; 2.1 (0.2)                                         ; 0.0 (0.0)                        ; 20.0 (0.0)           ; 61 (1)              ; 95 (2)                    ; 0 (0)         ; 0                 ; 0     ; 0                        ; 0                                      ; 0                                                 ; 0    ; 0 (0)  ; soc_inst|subsys_hps|agilex_hps|intel_agilex_5_soc_inst|sm_hps|lwhps2fpga_axi4_rl_adp_inst|w_inst_skid_buf                                                                                                  ; ready_latency_adapter                                                                                                     ; intel_sundancemesa_hps_100                              ;
;                         |fifo_inst|                                                   ; 60.7 (0.0)           ; 62.7 (0.0)                       ; 1.9 (0.0)                                         ; 0.0 (0.0)                        ; 20.0 (0.0)           ; 60 (0)              ; 93 (0)                    ; 0 (0)         ; 0                 ; 0     ; 0                        ; 0                                      ; 0                                                 ; 0    ; 0 (0)  ; soc_inst|subsys_hps|agilex_hps|intel_agilex_5_soc_inst|sm_hps|lwhps2fpga_axi4_rl_adp_inst|w_inst_skid_buf|fifo_inst                                                                                        ; scfifo_s                                                                                                                  ; intel_sundancemesa_hps_100                              ;
;                            |a1|                                                       ; 60.7 (35.7)          ; 62.7 (37.2)                      ; 1.9 (1.5)                                         ; 0.0 (0.0)                        ; 20.0 (0.0)           ; 60 (50)             ; 93 (81)                   ; 0 (0)         ; 0                 ; 0     ; 0                        ; 0                                      ; 0                                                 ; 0    ; 0 (0)  ; soc_inst|subsys_hps|agilex_hps|intel_agilex_5_soc_inst|sm_hps|lwhps2fpga_axi4_rl_adp_inst|w_inst_skid_buf|fifo_inst|a1                                                                                     ; scfifo_s_showahead                                                                                                        ; intel_sundancemesa_hps_100                              ;
;                               |fifo_inst|                                             ; 25.1 (3.6)           ; 25.5 (3.7)                       ; 0.4 (0.1)                                         ; 0.0 (0.0)                        ; 20.0 (0.0)           ; 10 (6)              ; 12 (9)                    ; 0 (0)         ; 0                 ; 0     ; 0                        ; 0                                      ; 0                                                 ; 0    ; 0 (0)  ; soc_inst|subsys_hps|agilex_hps|intel_agilex_5_soc_inst|sm_hps|lwhps2fpga_axi4_rl_adp_inst|w_inst_skid_buf|fifo_inst|a1|fifo_inst                                                                           ; scfifo_s_normal                                                                                                           ; intel_sundancemesa_hps_100                              ;
;                                  |adder|                                              ; 1.0 (1.0)            ; 1.2 (1.2)                        ; 0.2 (0.2)                                         ; 0.0 (0.0)                        ; 0.0 (0.0)            ; 4 (4)               ; 0 (0)                     ; 0 (0)         ; 0                 ; 0     ; 0                        ; 0                                      ; 0                                                 ; 0    ; 0 (0)  ; soc_inst|subsys_hps|agilex_hps|intel_agilex_5_soc_inst|sm_hps|lwhps2fpga_axi4_rl_adp_inst|w_inst_skid_buf|fifo_inst|a1|fifo_inst|adder                                                                     ; add_a_b_s0_s1                                                                                                             ; intel_sundancemesa_hps_100                              ;
;                                  |mlab_inst|                                          ; 20.5 (0.0)           ; 20.7 (0.0)                       ; 0.2 (0.0)                                         ; 0.0 (0.0)                        ; 20.0 (0.0)           ; 0 (0)               ; 3 (0)                     ; 0 (0)         ; 0                 ; 0     ; 0                        ; 0                                      ; 0                                                 ; 0    ; 0 (0)  ; soc_inst|subsys_hps|agilex_hps|intel_agilex_5_soc_inst|sm_hps|lwhps2fpga_axi4_rl_adp_inst|w_inst_skid_buf|fifo_inst|a1|fifo_inst|mlab_inst                                                                 ; generic_mlab                                                                                                              ; intel_sundancemesa_hps_100                              ;
;                                     |mem_rtl_0|                                       ; 20.5 (0.0)           ; 20.7 (0.0)                       ; 0.2 (0.0)                                         ; 0.0 (0.0)                        ; 20.0 (0.0)           ; 0 (0)               ; 3 (0)                     ; 0 (0)         ; 0                 ; 0     ; 0                        ; 0                                      ; 0                                                 ; 0    ; 0 (0)  ; soc_inst|subsys_hps|agilex_hps|intel_agilex_5_soc_inst|sm_hps|lwhps2fpga_axi4_rl_adp_inst|w_inst_skid_buf|fifo_inst|a1|fifo_inst|mlab_inst|mem_rtl_0                                                       ; altdpram                                                                                                                  ; work                                                    ;
;                                        |auto_generated|                               ; 20.5 (20.5)          ; 20.7 (20.7)                      ; 0.2 (0.2)                                         ; 0.0 (0.0)                        ; 20.0 (20.0)          ; 0 (0)               ; 3 (3)                     ; 0 (0)         ; 0                 ; 0     ; 0                        ; 0                                      ; 0                                                 ; 0    ; 0 (0)  ; soc_inst|subsys_hps|agilex_hps|intel_agilex_5_soc_inst|sm_hps|lwhps2fpga_axi4_rl_adp_inst|w_inst_skid_buf|fifo_inst|a1|fifo_inst|mlab_inst|mem_rtl_0|auto_generated                                        ; dpram_ca5f                                                                                                                ; altera_work                                             ;
;                      |wready_inst|                                                    ; 0.0 (0.0)            ; 0.0 (0.0)                        ; 0.0 (0.0)                                         ; 0.0 (0.0)                        ; 0.0 (0.0)            ; 0 (0)               ; 1 (1)                     ; 0 (0)         ; 0                 ; 0     ; 0                        ; 0                                      ; 0                                                 ; 0    ; 0 (0)  ; soc_inst|subsys_hps|agilex_hps|intel_agilex_5_soc_inst|sm_hps|lwhps2fpga_axi4_rl_adp_inst|wready_inst                                                                                                      ; ff_macro_c2p                                                                                                              ; intel_sundancemesa_hps_100                              ;
;                      |wvalid_inst|                                                    ; 0.0 (0.0)            ; 0.0 (0.0)                        ; 0.0 (0.0)                                         ; 0.0 (0.0)                        ; 0.0 (0.0)            ; 0 (0)               ; 1 (1)                     ; 0 (0)         ; 0                 ; 0     ; 0                        ; 0                                      ; 0                                                 ; 0    ; 0 (0)  ; soc_inst|subsys_hps|agilex_hps|intel_agilex_5_soc_inst|sm_hps|lwhps2fpga_axi4_rl_adp_inst|wvalid_inst                                                                                                      ; ff_macro_p2c                                                                                                              ; intel_sundancemesa_hps_100                              ;
;                   |lwhps2fpga_axi4_rl_adp_inst_reset_sync|                            ; 0.8 (0.8)            ; 1.0 (1.0)                        ; 0.2 (0.2)                                         ; 0.0 (0.0)                        ; 0.0 (0.0)            ; 0 (0)               ; 2 (2)                     ; 0 (0)         ; 0                 ; 0     ; 0                        ; 0                                      ; 0                                                 ; 0    ; 0 (0)  ; soc_inst|subsys_hps|agilex_hps|intel_agilex_5_soc_inst|sm_hps|lwhps2fpga_axi4_rl_adp_inst_reset_sync                                                                                                       ; ready_latency_reset_synchronizer                                                                                          ; intel_sundancemesa_hps_100                              ;
;                |sm_mpfe|                                                              ; 1192.7 (0.0)         ; 1264.2 (0.0)                     ; 72.3 (0.0)                                        ; 0.8 (0.0)                        ; 450.0 (0.0)          ; 1009 (0)            ; 2522 (0)                  ; 0 (0)         ; 0                 ; 0     ; 0                        ; 0                                      ; 0                                                 ; 0    ; 0 (0)  ; soc_inst|subsys_hps|agilex_hps|intel_agilex_5_soc_inst|sm_mpfe                                                                                                                                             ; agilex_hps_intel_sundancemesa_mpfe_100_u4663zy                                                                            ; intel_sundancemesa_mpfe_100                             ;
;                   |hps_f2soc_ready_latency_adp_ace5lite_reset_sync|                   ; 0.7 (0.7)            ; 1.0 (1.0)                        ; 0.3 (0.3)                                         ; 0.0 (0.0)                        ; 0.0 (0.0)            ; 0 (0)               ; 2 (2)                     ; 0 (0)         ; 0                 ; 0     ; 0                        ; 0                                      ; 0                                                 ; 0    ; 0 (0)  ; soc_inst|subsys_hps|agilex_hps|intel_agilex_5_soc_inst|sm_mpfe|hps_f2soc_ready_latency_adp_ace5lite_reset_sync                                                                                             ; ready_latency_reset_synchronizer                                                                                          ; intel_sundancemesa_mpfe_100                             ;
;                   |hps_ready_latency_adp_axi4_reset_sync|                             ; 0.8 (0.8)            ; 1.0 (1.0)                        ; 0.2 (0.2)                                         ; 0.0 (0.0)                        ; 0.0 (0.0)            ; 0 (0)               ; 2 (2)                     ; 0 (0)         ; 0                 ; 0     ; 0                        ; 0                                      ; 0                                                 ; 0    ; 0 (0)  ; soc_inst|subsys_hps|agilex_hps|intel_agilex_5_soc_inst|sm_mpfe|hps_ready_latency_adp_axi4_reset_sync                                                                                                       ; ready_latency_reset_synchronizer                                                                                          ; intel_sundancemesa_mpfe_100                             ;
;                   |sundancemesa_mpfe_ready_latency_adp_inst_f2sdram|                  ; 369.3 (0.7)          ; 392.9 (1.0)                      ; 23.7 (0.3)                                        ; 0.0 (0.0)                        ; 140.0 (0.0)          ; 305 (2)             ; 920 (2)                   ; 0 (0)         ; 0                 ; 0     ; 0                        ; 0                                      ; 0                                                 ; 0    ; 0 (0)  ; soc_inst|subsys_hps|agilex_hps|intel_agilex_5_soc_inst|sm_mpfe|sundancemesa_mpfe_ready_latency_adp_inst_f2sdram                                                                                            ; hps_ready_latency_adp_axi4                                                                                                ; intel_sundancemesa_mpfe_100                             ;
;                      |ar_inst|                                                        ; 0.0 (0.0)            ; 0.0 (0.0)                        ; 0.0 (0.0)                                         ; 0.0 (0.0)                        ; 0.0 (0.0)            ; 0 (0)               ; 1 (1)                     ; 0 (0)         ; 0                 ; 0     ; 0                        ; 0                                      ; 0                                                 ; 0    ; 0 (0)  ; soc_inst|subsys_hps|agilex_hps|intel_agilex_5_soc_inst|sm_mpfe|sundancemesa_mpfe_ready_latency_adp_inst_f2sdram|ar_inst                                                                                    ; ff_macro_c2p                                                                                                              ; intel_sundancemesa_mpfe_100                             ;
;                      |arready_inst|                                                   ; 0.0 (0.0)            ; 0.0 (0.0)                        ; 0.0 (0.0)                                         ; 0.0 (0.0)                        ; 0.0 (0.0)            ; 0 (0)               ; 1 (1)                     ; 0 (0)         ; 0                 ; 0     ; 0                        ; 0                                      ; 0                                                 ; 0    ; 0 (0)  ; soc_inst|subsys_hps|agilex_hps|intel_agilex_5_soc_inst|sm_mpfe|sundancemesa_mpfe_ready_latency_adp_inst_f2sdram|arready_inst                                                                               ; ff_macro_p2c                                                                                                              ; intel_sundancemesa_mpfe_100                             ;
;                      |aw_inst|                                                        ; 0.0 (0.0)            ; 0.0 (0.0)                        ; 0.0 (0.0)                                         ; 0.0 (0.0)                        ; 0.0 (0.0)            ; 0 (0)               ; 1 (1)                     ; 0 (0)         ; 0                 ; 0     ; 0                        ; 0                                      ; 0                                                 ; 0    ; 0 (0)  ; soc_inst|subsys_hps|agilex_hps|intel_agilex_5_soc_inst|sm_mpfe|sundancemesa_mpfe_ready_latency_adp_inst_f2sdram|aw_inst                                                                                    ; ff_macro_c2p                                                                                                              ; intel_sundancemesa_mpfe_100                             ;
;                      |awready_inst|                                                   ; 0.0 (0.0)            ; 0.0 (0.0)                        ; 0.0 (0.0)                                         ; 0.0 (0.0)                        ; 0.0 (0.0)            ; 0 (0)               ; 1 (1)                     ; 0 (0)         ; 0                 ; 0     ; 0                        ; 0                                      ; 0                                                 ; 0    ; 0 (0)  ; soc_inst|subsys_hps|agilex_hps|intel_agilex_5_soc_inst|sm_mpfe|sundancemesa_mpfe_ready_latency_adp_inst_f2sdram|awready_inst                                                                               ; ff_macro_p2c                                                                                                              ; intel_sundancemesa_mpfe_100                             ;
;                      |b_inst_data|                                                    ; 0.0 (0.0)            ; 0.0 (0.0)                        ; 0.0 (0.0)                                         ; 0.0 (0.0)                        ; 0.0 (0.0)            ; 0 (0)               ; 1 (1)                     ; 0 (0)         ; 0                 ; 0     ; 0                        ; 0                                      ; 0                                                 ; 0    ; 0 (0)  ; soc_inst|subsys_hps|agilex_hps|intel_agilex_5_soc_inst|sm_mpfe|sundancemesa_mpfe_ready_latency_adp_inst_f2sdram|b_inst_data                                                                                ; ff_macro_p2c                                                                                                              ; intel_sundancemesa_mpfe_100                             ;
;                      |bready_inst|                                                    ; 0.0 (0.0)            ; 0.0 (0.0)                        ; 0.0 (0.0)                                         ; 0.0 (0.0)                        ; 0.0 (0.0)            ; 0 (0)               ; 1 (1)                     ; 0 (0)         ; 0                 ; 0     ; 0                        ; 0                                      ; 0                                                 ; 0    ; 0 (0)  ; soc_inst|subsys_hps|agilex_hps|intel_agilex_5_soc_inst|sm_mpfe|sundancemesa_mpfe_ready_latency_adp_inst_f2sdram|bready_inst                                                                                ; ff_macro_c2p                                                                                                              ; intel_sundancemesa_mpfe_100                             ;
;                      |bresp_inst|                                                     ; 20.4 (1.0)           ; 21.0 (1.0)                       ; 0.6 (0.0)                                         ; 0.0 (0.0)                        ; 10.0 (0.0)           ; 19 (2)              ; 22 (2)                    ; 0 (0)         ; 0                 ; 0     ; 0                        ; 0                                      ; 0                                                 ; 0    ; 0 (0)  ; soc_inst|subsys_hps|agilex_hps|intel_agilex_5_soc_inst|sm_mpfe|sundancemesa_mpfe_ready_latency_adp_inst_f2sdram|bresp_inst                                                                                 ; ready_latency_adapter                                                                                                     ; intel_sundancemesa_mpfe_100                             ;
;                         |fifo_inst|                                                   ; 19.4 (0.0)           ; 20.0 (0.0)                       ; 0.6 (0.0)                                         ; 0.0 (0.0)                        ; 10.0 (0.0)           ; 17 (0)              ; 20 (0)                    ; 0 (0)         ; 0                 ; 0     ; 0                        ; 0                                      ; 0                                                 ; 0    ; 0 (0)  ; soc_inst|subsys_hps|agilex_hps|intel_agilex_5_soc_inst|sm_mpfe|sundancemesa_mpfe_ready_latency_adp_inst_f2sdram|bresp_inst|fifo_inst                                                                       ; scfifo_s                                                                                                                  ; intel_sundancemesa_mpfe_100                             ;
;                            |a1|                                                       ; 19.4 (3.5)           ; 20.0 (3.8)                       ; 0.6 (0.3)                                         ; 0.0 (0.0)                        ; 10.0 (0.0)           ; 17 (6)              ; 20 (7)                    ; 0 (0)         ; 0                 ; 0     ; 0                        ; 0                                      ; 0                                                 ; 0    ; 0 (0)  ; soc_inst|subsys_hps|agilex_hps|intel_agilex_5_soc_inst|sm_mpfe|sundancemesa_mpfe_ready_latency_adp_inst_f2sdram|bresp_inst|fifo_inst|a1                                                                    ; scfifo_s_showahead                                                                                                        ; intel_sundancemesa_mpfe_100                             ;
;                               |fifo_inst|                                             ; 15.9 (3.5)           ; 16.2 (3.5)                       ; 0.3 (0.0)                                         ; 0.0 (0.0)                        ; 10.0 (0.0)           ; 11 (6)              ; 13 (9)                    ; 0 (0)         ; 0                 ; 0     ; 0                        ; 0                                      ; 0                                                 ; 0    ; 0 (0)  ; soc_inst|subsys_hps|agilex_hps|intel_agilex_5_soc_inst|sm_mpfe|sundancemesa_mpfe_ready_latency_adp_inst_f2sdram|bresp_inst|fifo_inst|a1|fifo_inst                                                          ; scfifo_s_normal                                                                                                           ; intel_sundancemesa_mpfe_100                             ;
;                                  |adder|                                              ; 1.0 (1.0)            ; 1.0 (1.0)                        ; 0.0 (0.0)                                         ; 0.0 (0.0)                        ; 0.0 (0.0)            ; 4 (4)               ; 0 (0)                     ; 0 (0)         ; 0                 ; 0     ; 0                        ; 0                                      ; 0                                                 ; 0    ; 0 (0)  ; soc_inst|subsys_hps|agilex_hps|intel_agilex_5_soc_inst|sm_mpfe|sundancemesa_mpfe_ready_latency_adp_inst_f2sdram|bresp_inst|fifo_inst|a1|fifo_inst|adder                                                    ; add_a_b_s0_s1                                                                                                             ; intel_sundancemesa_mpfe_100                             ;
;                                  |mlab_inst|                                          ; 11.2 (0.3)           ; 11.8 (0.7)                       ; 0.6 (0.3)                                         ; 0.0 (0.0)                        ; 10.0 (0.0)           ; 1 (1)               ; 4 (1)                     ; 0 (0)         ; 0                 ; 0     ; 0                        ; 0                                      ; 0                                                 ; 0    ; 0 (0)  ; soc_inst|subsys_hps|agilex_hps|intel_agilex_5_soc_inst|sm_mpfe|sundancemesa_mpfe_ready_latency_adp_inst_f2sdram|bresp_inst|fifo_inst|a1|fifo_inst|mlab_inst                                                ; generic_mlab                                                                                                              ; intel_sundancemesa_mpfe_100                             ;
;                                     |mem_rtl_0|                                       ; 10.8 (0.0)           ; 11.1 (0.0)                       ; 0.3 (0.0)                                         ; 0.0 (0.0)                        ; 10.0 (0.0)           ; 0 (0)               ; 3 (0)                     ; 0 (0)         ; 0                 ; 0     ; 0                        ; 0                                      ; 0                                                 ; 0    ; 0 (0)  ; soc_inst|subsys_hps|agilex_hps|intel_agilex_5_soc_inst|sm_mpfe|sundancemesa_mpfe_ready_latency_adp_inst_f2sdram|bresp_inst|fifo_inst|a1|fifo_inst|mlab_inst|mem_rtl_0                                      ; altdpram                                                                                                                  ; work                                                    ;
;                                        |auto_generated|                               ; 10.8 (10.8)          ; 11.1 (11.1)                      ; 0.3 (0.3)                                         ; 0.0 (0.0)                        ; 10.0 (10.0)          ; 0 (0)               ; 3 (3)                     ; 0 (0)         ; 0                 ; 0     ; 0                        ; 0                                      ; 0                                                 ; 0    ; 0 (0)  ; soc_inst|subsys_hps|agilex_hps|intel_agilex_5_soc_inst|sm_mpfe|sundancemesa_mpfe_ready_latency_adp_inst_f2sdram|bresp_inst|fifo_inst|a1|fifo_inst|mlab_inst|mem_rtl_0|auto_generated                       ; dpram_ttqn1                                                                                                               ; altera_work                                             ;
;                      |bvalid_inst|                                                    ; 0.0 (0.0)            ; 0.0 (0.0)                        ; 0.0 (0.0)                                         ; 0.0 (0.0)                        ; 0.0 (0.0)            ; 0 (0)               ; 1 (1)                     ; 0 (0)         ; 0                 ; 0     ; 0                        ; 0                                      ; 0                                                 ; 0    ; 0 (0)  ; soc_inst|subsys_hps|agilex_hps|intel_agilex_5_soc_inst|sm_mpfe|sundancemesa_mpfe_ready_latency_adp_inst_f2sdram|bvalid_inst                                                                                ; ff_macro_p2c                                                                                                              ; intel_sundancemesa_mpfe_100                             ;
;                      |r_inst_data|                                                    ; 0.0 (0.0)            ; 0.0 (0.0)                        ; 0.0 (0.0)                                         ; 0.0 (0.0)                        ; 0.0 (0.0)            ; 0 (0)               ; 259 (259)                 ; 0 (0)         ; 0                 ; 0     ; 0                        ; 0                                      ; 0                                                 ; 0    ; 0 (0)  ; soc_inst|subsys_hps|agilex_hps|intel_agilex_5_soc_inst|sm_mpfe|sundancemesa_mpfe_ready_latency_adp_inst_f2sdram|r_inst_data                                                                                ; ff_macro_p2c                                                                                                              ; intel_sundancemesa_mpfe_100                             ;
;                      |rready_inst|                                                    ; 0.0 (0.0)            ; 0.0 (0.0)                        ; 0.0 (0.0)                                         ; 0.0 (0.0)                        ; 0.0 (0.0)            ; 0 (0)               ; 1 (1)                     ; 0 (0)         ; 0                 ; 0     ; 0                        ; 0                                      ; 0                                                 ; 0    ; 0 (0)  ; soc_inst|subsys_hps|agilex_hps|intel_agilex_5_soc_inst|sm_mpfe|sundancemesa_mpfe_ready_latency_adp_inst_f2sdram|rready_inst                                                                                ; ff_macro_c2p                                                                                                              ; intel_sundancemesa_mpfe_100                             ;
;                      |rresp_inst|                                                     ; 335.1 (0.9)          ; 353.3 (1.1)                      ; 18.3 (0.2)                                        ; 0.0 (0.0)                        ; 130.0 (0.0)          ; 284 (2)             ; 539 (2)                   ; 0 (0)         ; 0                 ; 0     ; 0                        ; 0                                      ; 0                                                 ; 0    ; 0 (0)  ; soc_inst|subsys_hps|agilex_hps|intel_agilex_5_soc_inst|sm_mpfe|sundancemesa_mpfe_ready_latency_adp_inst_f2sdram|rresp_inst                                                                                 ; ready_latency_adapter                                                                                                     ; intel_sundancemesa_mpfe_100                             ;
;                         |fifo_inst|                                                   ; 334.1 (0.0)          ; 352.2 (0.0)                      ; 18.1 (0.0)                                        ; 0.0 (0.0)                        ; 130.0 (0.0)          ; 282 (0)             ; 537 (0)                   ; 0 (0)         ; 0                 ; 0     ; 0                        ; 0                                      ; 0                                                 ; 0    ; 0 (0)  ; soc_inst|subsys_hps|agilex_hps|intel_agilex_5_soc_inst|sm_mpfe|sundancemesa_mpfe_ready_latency_adp_inst_f2sdram|rresp_inst|fifo_inst                                                                       ; scfifo_s                                                                                                                  ; intel_sundancemesa_mpfe_100                             ;
;                            |a1|                                                       ; 334.1 (198.6)        ; 352.2 (217.7)                    ; 18.1 (19.2)                                       ; 0.0 (0.0)                        ; 130.0 (0.0)          ; 282 (272)           ; 537 (525)                 ; 0 (0)         ; 0                 ; 0     ; 0                        ; 0                                      ; 0                                                 ; 0    ; 0 (0)  ; soc_inst|subsys_hps|agilex_hps|intel_agilex_5_soc_inst|sm_mpfe|sundancemesa_mpfe_ready_latency_adp_inst_f2sdram|rresp_inst|fifo_inst|a1                                                                    ; scfifo_s_showahead                                                                                                        ; intel_sundancemesa_mpfe_100                             ;
;                               |fifo_inst|                                             ; 134.5 (3.0)          ; 134.5 (3.0)                      ; 0.0 (0.0)                                         ; 0.0 (0.0)                        ; 130.0 (0.0)          ; 10 (6)              ; 12 (9)                    ; 0 (0)         ; 0                 ; 0     ; 0                        ; 0                                      ; 0                                                 ; 0    ; 0 (0)  ; soc_inst|subsys_hps|agilex_hps|intel_agilex_5_soc_inst|sm_mpfe|sundancemesa_mpfe_ready_latency_adp_inst_f2sdram|rresp_inst|fifo_inst|a1|fifo_inst                                                          ; scfifo_s_normal                                                                                                           ; intel_sundancemesa_mpfe_100                             ;
;                                  |adder|                                              ; 1.0 (1.0)            ; 1.0 (1.0)                        ; 0.0 (0.0)                                         ; 0.0 (0.0)                        ; 0.0 (0.0)            ; 4 (4)               ; 0 (0)                     ; 0 (0)         ; 0                 ; 0     ; 0                        ; 0                                      ; 0                                                 ; 0    ; 0 (0)  ; soc_inst|subsys_hps|agilex_hps|intel_agilex_5_soc_inst|sm_mpfe|sundancemesa_mpfe_ready_latency_adp_inst_f2sdram|rresp_inst|fifo_inst|a1|fifo_inst|adder                                                    ; add_a_b_s0_s1                                                                                                             ; intel_sundancemesa_mpfe_100                             ;
;                                  |mlab_inst|                                          ; 130.5 (0.0)          ; 130.5 (0.0)                      ; 0.0 (0.0)                                         ; 0.0 (0.0)                        ; 130.0 (0.0)          ; 0 (0)               ; 3 (0)                     ; 0 (0)         ; 0                 ; 0     ; 0                        ; 0                                      ; 0                                                 ; 0    ; 0 (0)  ; soc_inst|subsys_hps|agilex_hps|intel_agilex_5_soc_inst|sm_mpfe|sundancemesa_mpfe_ready_latency_adp_inst_f2sdram|rresp_inst|fifo_inst|a1|fifo_inst|mlab_inst                                                ; generic_mlab                                                                                                              ; intel_sundancemesa_mpfe_100                             ;
;                                     |mem_rtl_0|                                       ; 130.5 (0.0)          ; 130.5 (0.0)                      ; 0.0 (0.0)                                         ; 0.0 (0.0)                        ; 130.0 (0.0)          ; 0 (0)               ; 3 (0)                     ; 0 (0)         ; 0                 ; 0     ; 0                        ; 0                                      ; 0                                                 ; 0    ; 0 (0)  ; soc_inst|subsys_hps|agilex_hps|intel_agilex_5_soc_inst|sm_mpfe|sundancemesa_mpfe_ready_latency_adp_inst_f2sdram|rresp_inst|fifo_inst|a1|fifo_inst|mlab_inst|mem_rtl_0                                      ; altdpram                                                                                                                  ; work                                                    ;
;                                        |auto_generated|                               ; 130.5 (130.5)        ; 130.5 (130.5)                    ; 0.0 (0.0)                                         ; 0.0 (0.0)                        ; 130.0 (130.0)        ; 0 (0)               ; 3 (3)                     ; 0 (0)         ; 0                 ; 0     ; 0                        ; 0                                      ; 0                                                 ; 0    ; 0 (0)  ; soc_inst|subsys_hps|agilex_hps|intel_agilex_5_soc_inst|sm_mpfe|sundancemesa_mpfe_ready_latency_adp_inst_f2sdram|rresp_inst|fifo_inst|a1|fifo_inst|mlab_inst|mem_rtl_0|auto_generated                       ; dpram_jq252                                                                                                               ; altera_work                                             ;
;                      |rvalid_inst|                                                    ; 0.0 (0.0)            ; 0.0 (0.0)                        ; 0.0 (0.0)                                         ; 0.0 (0.0)                        ; 0.0 (0.0)            ; 0 (0)               ; 1 (1)                     ; 0 (0)         ; 0                 ; 0     ; 0                        ; 0                                      ; 0                                                 ; 0    ; 0 (0)  ; soc_inst|subsys_hps|agilex_hps|intel_agilex_5_soc_inst|sm_mpfe|sundancemesa_mpfe_ready_latency_adp_inst_f2sdram|rvalid_inst                                                                                ; ff_macro_p2c                                                                                                              ; intel_sundancemesa_mpfe_100                             ;
;                      |w_inst|                                                         ; 13.1 (13.1)          ; 17.6 (17.6)                      ; 4.4 (4.4)                                         ; 0.0 (0.0)                        ; 0.0 (0.0)            ; 0 (0)               ; 88 (88)                   ; 0 (0)         ; 0                 ; 0     ; 0                        ; 0                                      ; 0                                                 ; 0    ; 0 (0)  ; soc_inst|subsys_hps|agilex_hps|intel_agilex_5_soc_inst|sm_mpfe|sundancemesa_mpfe_ready_latency_adp_inst_f2sdram|w_inst                                                                                     ; ff_macro_c2p                                                                                                              ; intel_sundancemesa_mpfe_100                             ;
;                      |wready_inst|                                                    ; 0.0 (0.0)            ; 0.0 (0.0)                        ; 0.0 (0.0)                                         ; 0.0 (0.0)                        ; 0.0 (0.0)            ; 0 (0)               ; 1 (1)                     ; 0 (0)         ; 0                 ; 0     ; 0                        ; 0                                      ; 0                                                 ; 0    ; 0 (0)  ; soc_inst|subsys_hps|agilex_hps|intel_agilex_5_soc_inst|sm_mpfe|sundancemesa_mpfe_ready_latency_adp_inst_f2sdram|wready_inst                                                                                ; ff_macro_p2c                                                                                                              ; intel_sundancemesa_mpfe_100                             ;
;                   |sundancemesa_mpfe_ready_latency_adp_inst_fpga2hps|                 ; 822.0 (2.3)          ; 869.3 (2.5)                      ; 48.2 (0.2)                                        ; 0.8 (0.0)                        ; 310.0 (0.0)          ; 704 (5)             ; 1598 (5)                  ; 0 (0)         ; 0                 ; 0     ; 0                        ; 0                                      ; 0                                                 ; 0    ; 0 (0)  ; soc_inst|subsys_hps|agilex_hps|intel_agilex_5_soc_inst|sm_mpfe|sundancemesa_mpfe_ready_latency_adp_inst_fpga2hps                                                                                           ; hps_f2soc_ready_latency_adp_ace5lite                                                                                      ; intel_sundancemesa_mpfe_100                             ;
;                      |ar_inst_skid_buf|                                               ; 31.9 (0.5)           ; 34.8 (0.6)                       ; 2.9 (0.1)                                         ; 0.0 (0.0)                        ; 10.0 (0.0)           ; 37 (2)              ; 43 (1)                    ; 0 (0)         ; 0                 ; 0     ; 0                        ; 0                                      ; 0                                                 ; 0    ; 0 (0)  ; soc_inst|subsys_hps|agilex_hps|intel_agilex_5_soc_inst|sm_mpfe|sundancemesa_mpfe_ready_latency_adp_inst_fpga2hps|ar_inst_skid_buf                                                                          ; ready_latency_adapter                                                                                                     ; intel_sundancemesa_mpfe_100                             ;
;                         |fifo_inst|                                                   ; 31.4 (0.0)           ; 34.2 (0.0)                       ; 2.8 (0.0)                                         ; 0.0 (0.0)                        ; 10.0 (0.0)           ; 35 (0)              ; 42 (0)                    ; 0 (0)         ; 0                 ; 0     ; 0                        ; 0                                      ; 0                                                 ; 0    ; 0 (0)  ; soc_inst|subsys_hps|agilex_hps|intel_agilex_5_soc_inst|sm_mpfe|sundancemesa_mpfe_ready_latency_adp_inst_fpga2hps|ar_inst_skid_buf|fifo_inst                                                                ; scfifo_s                                                                                                                  ; intel_sundancemesa_mpfe_100                             ;
;                            |a1|                                                       ; 31.4 (16.2)          ; 34.2 (18.3)                      ; 2.8 (2.1)                                         ; 0.0 (0.0)                        ; 10.0 (0.0)           ; 35 (25)             ; 42 (30)                   ; 0 (0)         ; 0                 ; 0     ; 0                        ; 0                                      ; 0                                                 ; 0    ; 0 (0)  ; soc_inst|subsys_hps|agilex_hps|intel_agilex_5_soc_inst|sm_mpfe|sundancemesa_mpfe_ready_latency_adp_inst_fpga2hps|ar_inst_skid_buf|fifo_inst|a1                                                             ; scfifo_s_showahead                                                                                                        ; intel_sundancemesa_mpfe_100                             ;
;                               |fifo_inst|                                             ; 15.2 (3.4)           ; 15.8 (3.6)                       ; 0.7 (0.2)                                         ; 0.0 (0.0)                        ; 10.0 (0.0)           ; 10 (6)              ; 12 (9)                    ; 0 (0)         ; 0                 ; 0     ; 0                        ; 0                                      ; 0                                                 ; 0    ; 0 (0)  ; soc_inst|subsys_hps|agilex_hps|intel_agilex_5_soc_inst|sm_mpfe|sundancemesa_mpfe_ready_latency_adp_inst_fpga2hps|ar_inst_skid_buf|fifo_inst|a1|fifo_inst                                                   ; scfifo_s_normal                                                                                                           ; intel_sundancemesa_mpfe_100                             ;
;                                  |adder|                                              ; 1.0 (1.0)            ; 1.2 (1.2)                        ; 0.2 (0.2)                                         ; 0.0 (0.0)                        ; 0.0 (0.0)            ; 4 (4)               ; 0 (0)                     ; 0 (0)         ; 0                 ; 0     ; 0                        ; 0                                      ; 0                                                 ; 0    ; 0 (0)  ; soc_inst|subsys_hps|agilex_hps|intel_agilex_5_soc_inst|sm_mpfe|sundancemesa_mpfe_ready_latency_adp_inst_fpga2hps|ar_inst_skid_buf|fifo_inst|a1|fifo_inst|adder                                             ; add_a_b_s0_s1                                                                                                             ; intel_sundancemesa_mpfe_100                             ;
;                                  |mlab_inst|                                          ; 10.7 (0.0)           ; 11.0 (0.0)                       ; 0.3 (0.0)                                         ; 0.0 (0.0)                        ; 10.0 (0.0)           ; 0 (0)               ; 3 (0)                     ; 0 (0)         ; 0                 ; 0     ; 0                        ; 0                                      ; 0                                                 ; 0    ; 0 (0)  ; soc_inst|subsys_hps|agilex_hps|intel_agilex_5_soc_inst|sm_mpfe|sundancemesa_mpfe_ready_latency_adp_inst_fpga2hps|ar_inst_skid_buf|fifo_inst|a1|fifo_inst|mlab_inst                                         ; generic_mlab                                                                                                              ; intel_sundancemesa_mpfe_100                             ;
;                                     |mem_rtl_0|                                       ; 10.7 (0.0)           ; 11.0 (0.0)                       ; 0.3 (0.0)                                         ; 0.0 (0.0)                        ; 10.0 (0.0)           ; 0 (0)               ; 3 (0)                     ; 0 (0)         ; 0                 ; 0     ; 0                        ; 0                                      ; 0                                                 ; 0    ; 0 (0)  ; soc_inst|subsys_hps|agilex_hps|intel_agilex_5_soc_inst|sm_mpfe|sundancemesa_mpfe_ready_latency_adp_inst_fpga2hps|ar_inst_skid_buf|fifo_inst|a1|fifo_inst|mlab_inst|mem_rtl_0                               ; altdpram                                                                                                                  ; work                                                    ;
;                                        |auto_generated|                               ; 10.7 (10.7)          ; 11.0 (11.0)                      ; 0.3 (0.3)                                         ; 0.0 (0.0)                        ; 10.0 (10.0)          ; 0 (0)               ; 3 (3)                     ; 0 (0)         ; 0                 ; 0     ; 0                        ; 0                                      ; 0                                                 ; 0    ; 0 (0)  ; soc_inst|subsys_hps|agilex_hps|intel_agilex_5_soc_inst|sm_mpfe|sundancemesa_mpfe_ready_latency_adp_inst_fpga2hps|ar_inst_skid_buf|fifo_inst|a1|fifo_inst|mlab_inst|mem_rtl_0|auto_generated                ; dpram_6v8l1                                                                                                               ; altera_work                                             ;
;                      |arready_inst|                                                   ; 0.2 (0.2)            ; 0.2 (0.2)                        ; 0.0 (0.0)                                         ; 0.0 (0.0)                        ; 0.0 (0.0)            ; 0 (0)               ; 1 (1)                     ; 0 (0)         ; 0                 ; 0     ; 0                        ; 0                                      ; 0                                                 ; 0    ; 0 (0)  ; soc_inst|subsys_hps|agilex_hps|intel_agilex_5_soc_inst|sm_mpfe|sundancemesa_mpfe_ready_latency_adp_inst_fpga2hps|arready_inst                                                                              ; ff_macro_p2c                                                                                                              ; intel_sundancemesa_mpfe_100                             ;
;                      |aw_inst_skid_buf|                                               ; 29.7 (0.4)           ; 31.2 (0.6)                       ; 1.4 (0.2)                                         ; 0.0 (0.0)                        ; 10.0 (0.0)           ; 35 (2)              ; 41 (1)                    ; 0 (0)         ; 0                 ; 0     ; 0                        ; 0                                      ; 0                                                 ; 0    ; 0 (0)  ; soc_inst|subsys_hps|agilex_hps|intel_agilex_5_soc_inst|sm_mpfe|sundancemesa_mpfe_ready_latency_adp_inst_fpga2hps|aw_inst_skid_buf                                                                          ; ready_latency_adapter                                                                                                     ; intel_sundancemesa_mpfe_100                             ;
;                         |fifo_inst|                                                   ; 29.3 (0.0)           ; 30.6 (0.0)                       ; 1.3 (0.0)                                         ; 0.0 (0.0)                        ; 10.0 (0.0)           ; 33 (0)              ; 40 (0)                    ; 0 (0)         ; 0                 ; 0     ; 0                        ; 0                                      ; 0                                                 ; 0    ; 0 (0)  ; soc_inst|subsys_hps|agilex_hps|intel_agilex_5_soc_inst|sm_mpfe|sundancemesa_mpfe_ready_latency_adp_inst_fpga2hps|aw_inst_skid_buf|fifo_inst                                                                ; scfifo_s                                                                                                                  ; intel_sundancemesa_mpfe_100                             ;
;                            |a1|                                                       ; 29.3 (14.3)          ; 30.6 (14.8)                      ; 1.3 (0.5)                                         ; 0.0 (0.0)                        ; 10.0 (0.0)           ; 33 (23)             ; 40 (27)                   ; 0 (0)         ; 0                 ; 0     ; 0                        ; 0                                      ; 0                                                 ; 0    ; 0 (0)  ; soc_inst|subsys_hps|agilex_hps|intel_agilex_5_soc_inst|sm_mpfe|sundancemesa_mpfe_ready_latency_adp_inst_fpga2hps|aw_inst_skid_buf|fifo_inst|a1                                                             ; scfifo_s_showahead                                                                                                        ; intel_sundancemesa_mpfe_100                             ;
;                               |fifo_inst|                                             ; 15.0 (3.4)           ; 15.8 (3.9)                       ; 0.8 (0.5)                                         ; 0.0 (0.0)                        ; 10.0 (0.0)           ; 10 (6)              ; 13 (10)                   ; 0 (0)         ; 0                 ; 0     ; 0                        ; 0                                      ; 0                                                 ; 0    ; 0 (0)  ; soc_inst|subsys_hps|agilex_hps|intel_agilex_5_soc_inst|sm_mpfe|sundancemesa_mpfe_ready_latency_adp_inst_fpga2hps|aw_inst_skid_buf|fifo_inst|a1|fifo_inst                                                   ; scfifo_s_normal                                                                                                           ; intel_sundancemesa_mpfe_100                             ;
;                                  |adder|                                              ; 1.0 (1.0)            ; 1.2 (1.2)                        ; 0.2 (0.2)                                         ; 0.0 (0.0)                        ; 0.0 (0.0)            ; 4 (4)               ; 0 (0)                     ; 0 (0)         ; 0                 ; 0     ; 0                        ; 0                                      ; 0                                                 ; 0    ; 0 (0)  ; soc_inst|subsys_hps|agilex_hps|intel_agilex_5_soc_inst|sm_mpfe|sundancemesa_mpfe_ready_latency_adp_inst_fpga2hps|aw_inst_skid_buf|fifo_inst|a1|fifo_inst|adder                                             ; add_a_b_s0_s1                                                                                                             ; intel_sundancemesa_mpfe_100                             ;
;                                  |mlab_inst|                                          ; 10.6 (0.0)           ; 10.7 (0.0)                       ; 0.1 (0.0)                                         ; 0.0 (0.0)                        ; 10.0 (0.0)           ; 0 (0)               ; 3 (0)                     ; 0 (0)         ; 0                 ; 0     ; 0                        ; 0                                      ; 0                                                 ; 0    ; 0 (0)  ; soc_inst|subsys_hps|agilex_hps|intel_agilex_5_soc_inst|sm_mpfe|sundancemesa_mpfe_ready_latency_adp_inst_fpga2hps|aw_inst_skid_buf|fifo_inst|a1|fifo_inst|mlab_inst                                         ; generic_mlab                                                                                                              ; intel_sundancemesa_mpfe_100                             ;
;                                     |mem_rtl_0|                                       ; 10.6 (0.0)           ; 10.7 (0.0)                       ; 0.1 (0.0)                                         ; 0.0 (0.0)                        ; 10.0 (0.0)           ; 0 (0)               ; 3 (0)                     ; 0 (0)         ; 0                 ; 0     ; 0                        ; 0                                      ; 0                                                 ; 0    ; 0 (0)  ; soc_inst|subsys_hps|agilex_hps|intel_agilex_5_soc_inst|sm_mpfe|sundancemesa_mpfe_ready_latency_adp_inst_fpga2hps|aw_inst_skid_buf|fifo_inst|a1|fifo_inst|mlab_inst|mem_rtl_0                               ; altdpram                                                                                                                  ; work                                                    ;
;                                        |auto_generated|                               ; 10.6 (10.6)          ; 10.7 (10.7)                      ; 0.1 (0.1)                                         ; 0.0 (0.0)                        ; 10.0 (10.0)          ; 0 (0)               ; 3 (3)                     ; 0 (0)         ; 0                 ; 0     ; 0                        ; 0                                      ; 0                                                 ; 0    ; 0 (0)  ; soc_inst|subsys_hps|agilex_hps|intel_agilex_5_soc_inst|sm_mpfe|sundancemesa_mpfe_ready_latency_adp_inst_fpga2hps|aw_inst_skid_buf|fifo_inst|a1|fifo_inst|mlab_inst|mem_rtl_0|auto_generated                ; dpram_oh8g                                                                                                                ; altera_work                                             ;
;                      |awready_inst|                                                   ; 0.2 (0.2)            ; 0.3 (0.3)                        ; 0.1 (0.1)                                         ; 0.0 (0.0)                        ; 0.0 (0.0)            ; 0 (0)               ; 1 (1)                     ; 0 (0)         ; 0                 ; 0     ; 0                        ; 0                                      ; 0                                                 ; 0    ; 0 (0)  ; soc_inst|subsys_hps|agilex_hps|intel_agilex_5_soc_inst|sm_mpfe|sundancemesa_mpfe_ready_latency_adp_inst_fpga2hps|awready_inst                                                                              ; ff_macro_p2c                                                                                                              ; intel_sundancemesa_mpfe_100                             ;
;                      |b_inst_data|                                                    ; 0.0 (0.0)            ; 0.0 (0.0)                        ; 0.0 (0.0)                                         ; 0.0 (0.0)                        ; 0.0 (0.0)            ; 0 (0)               ; 1 (1)                     ; 0 (0)         ; 0                 ; 0     ; 0                        ; 0                                      ; 0                                                 ; 0    ; 0 (0)  ; soc_inst|subsys_hps|agilex_hps|intel_agilex_5_soc_inst|sm_mpfe|sundancemesa_mpfe_ready_latency_adp_inst_fpga2hps|b_inst_data                                                                               ; ff_macro_p2c                                                                                                              ; intel_sundancemesa_mpfe_100                             ;
;                      |bready_inst|                                                    ; 0.0 (0.0)            ; 0.0 (0.0)                        ; 0.0 (0.0)                                         ; 0.0 (0.0)                        ; 0.0 (0.0)            ; 0 (0)               ; 1 (1)                     ; 0 (0)         ; 0                 ; 0     ; 0                        ; 0                                      ; 0                                                 ; 0    ; 0 (0)  ; soc_inst|subsys_hps|agilex_hps|intel_agilex_5_soc_inst|sm_mpfe|sundancemesa_mpfe_ready_latency_adp_inst_fpga2hps|bready_inst                                                                               ; ff_macro_c2p                                                                                                              ; intel_sundancemesa_mpfe_100                             ;
;                      |bresp_inst|                                                     ; 19.8 (0.8)           ; 20.5 (1.0)                       ; 0.7 (0.2)                                         ; 0.0 (0.0)                        ; 10.0 (0.0)           ; 18 (2)              ; 21 (2)                    ; 0 (0)         ; 0                 ; 0     ; 0                        ; 0                                      ; 0                                                 ; 0    ; 0 (0)  ; soc_inst|subsys_hps|agilex_hps|intel_agilex_5_soc_inst|sm_mpfe|sundancemesa_mpfe_ready_latency_adp_inst_fpga2hps|bresp_inst                                                                                ; ready_latency_adapter                                                                                                     ; intel_sundancemesa_mpfe_100                             ;
;                         |fifo_inst|                                                   ; 19.0 (0.0)           ; 19.5 (0.0)                       ; 0.5 (0.0)                                         ; 0.0 (0.0)                        ; 10.0 (0.0)           ; 16 (0)              ; 19 (0)                    ; 0 (0)         ; 0                 ; 0     ; 0                        ; 0                                      ; 0                                                 ; 0    ; 0 (0)  ; soc_inst|subsys_hps|agilex_hps|intel_agilex_5_soc_inst|sm_mpfe|sundancemesa_mpfe_ready_latency_adp_inst_fpga2hps|bresp_inst|fifo_inst                                                                      ; scfifo_s                                                                                                                  ; intel_sundancemesa_mpfe_100                             ;
;                            |a1|                                                       ; 19.0 (3.7)           ; 19.5 (4.2)                       ; 0.5 (0.5)                                         ; 0.0 (0.0)                        ; 10.0 (0.0)           ; 16 (6)              ; 19 (7)                    ; 0 (0)         ; 0                 ; 0     ; 0                        ; 0                                      ; 0                                                 ; 0    ; 0 (0)  ; soc_inst|subsys_hps|agilex_hps|intel_agilex_5_soc_inst|sm_mpfe|sundancemesa_mpfe_ready_latency_adp_inst_fpga2hps|bresp_inst|fifo_inst|a1                                                                   ; scfifo_s_showahead                                                                                                        ; intel_sundancemesa_mpfe_100                             ;
;                               |fifo_inst|                                             ; 15.3 (3.5)           ; 15.3 (3.5)                       ; 0.0 (0.0)                                         ; 0.0 (0.0)                        ; 10.0 (0.0)           ; 10 (6)              ; 12 (9)                    ; 0 (0)         ; 0                 ; 0     ; 0                        ; 0                                      ; 0                                                 ; 0    ; 0 (0)  ; soc_inst|subsys_hps|agilex_hps|intel_agilex_5_soc_inst|sm_mpfe|sundancemesa_mpfe_ready_latency_adp_inst_fpga2hps|bresp_inst|fifo_inst|a1|fifo_inst                                                         ; scfifo_s_normal                                                                                                           ; intel_sundancemesa_mpfe_100                             ;
;                                  |adder|                                              ; 1.0 (1.0)            ; 1.0 (1.0)                        ; 0.0 (0.0)                                         ; 0.0 (0.0)                        ; 0.0 (0.0)            ; 4 (4)               ; 0 (0)                     ; 0 (0)         ; 0                 ; 0     ; 0                        ; 0                                      ; 0                                                 ; 0    ; 0 (0)  ; soc_inst|subsys_hps|agilex_hps|intel_agilex_5_soc_inst|sm_mpfe|sundancemesa_mpfe_ready_latency_adp_inst_fpga2hps|bresp_inst|fifo_inst|a1|fifo_inst|adder                                                   ; add_a_b_s0_s1                                                                                                             ; intel_sundancemesa_mpfe_100                             ;
;                                  |mlab_inst|                                          ; 10.7 (0.0)           ; 10.8 (0.0)                       ; 0.2 (0.0)                                         ; 0.0 (0.0)                        ; 10.0 (0.0)           ; 0 (0)               ; 3 (0)                     ; 0 (0)         ; 0                 ; 0     ; 0                        ; 0                                      ; 0                                                 ; 0    ; 0 (0)  ; soc_inst|subsys_hps|agilex_hps|intel_agilex_5_soc_inst|sm_mpfe|sundancemesa_mpfe_ready_latency_adp_inst_fpga2hps|bresp_inst|fifo_inst|a1|fifo_inst|mlab_inst                                               ; generic_mlab                                                                                                              ; intel_sundancemesa_mpfe_100                             ;
;                                     |mem_rtl_0|                                       ; 10.7 (0.0)           ; 10.8 (0.0)                       ; 0.2 (0.0)                                         ; 0.0 (0.0)                        ; 10.0 (0.0)           ; 0 (0)               ; 3 (0)                     ; 0 (0)         ; 0                 ; 0     ; 0                        ; 0                                      ; 0                                                 ; 0    ; 0 (0)  ; soc_inst|subsys_hps|agilex_hps|intel_agilex_5_soc_inst|sm_mpfe|sundancemesa_mpfe_ready_latency_adp_inst_fpga2hps|bresp_inst|fifo_inst|a1|fifo_inst|mlab_inst|mem_rtl_0                                     ; altdpram                                                                                                                  ; work                                                    ;
;                                        |auto_generated|                               ; 10.7 (10.7)          ; 10.8 (10.8)                      ; 0.2 (0.2)                                         ; 0.0 (0.0)                        ; 10.0 (10.0)          ; 0 (0)               ; 3 (3)                     ; 0 (0)         ; 0                 ; 0     ; 0                        ; 0                                      ; 0                                                 ; 0    ; 0 (0)  ; soc_inst|subsys_hps|agilex_hps|intel_agilex_5_soc_inst|sm_mpfe|sundancemesa_mpfe_ready_latency_adp_inst_fpga2hps|bresp_inst|fifo_inst|a1|fifo_inst|mlab_inst|mem_rtl_0|auto_generated                      ; dpram_ttqn1                                                                                                               ; altera_work                                             ;
;                      |bvalid_inst|                                                    ; 0.0 (0.0)            ; 0.0 (0.0)                        ; 0.0 (0.0)                                         ; 0.0 (0.0)                        ; 0.0 (0.0)            ; 0 (0)               ; 1 (1)                     ; 0 (0)         ; 0                 ; 0     ; 0                        ; 0                                      ; 0                                                 ; 0    ; 0 (0)  ; soc_inst|subsys_hps|agilex_hps|intel_agilex_5_soc_inst|sm_mpfe|sundancemesa_mpfe_ready_latency_adp_inst_fpga2hps|bvalid_inst                                                                               ; ff_macro_p2c                                                                                                              ; intel_sundancemesa_mpfe_100                             ;
;                      |r_inst_data|                                                    ; 0.0 (0.0)            ; 0.0 (0.0)                        ; 0.0 (0.0)                                         ; 0.0 (0.0)                        ; 0.0 (0.0)            ; 0 (0)               ; 259 (259)                 ; 0 (0)         ; 0                 ; 0     ; 0                        ; 0                                      ; 0                                                 ; 0    ; 0 (0)  ; soc_inst|subsys_hps|agilex_hps|intel_agilex_5_soc_inst|sm_mpfe|sundancemesa_mpfe_ready_latency_adp_inst_fpga2hps|r_inst_data                                                                               ; ff_macro_p2c                                                                                                              ; intel_sundancemesa_mpfe_100                             ;
;                      |rready_inst|                                                    ; 0.0 (0.0)            ; 0.0 (0.0)                        ; 0.0 (0.0)                                         ; 0.0 (0.0)                        ; 0.0 (0.0)            ; 0 (0)               ; 1 (1)                     ; 0 (0)         ; 0                 ; 0     ; 0                        ; 0                                      ; 0                                                 ; 0    ; 0 (0)  ; soc_inst|subsys_hps|agilex_hps|intel_agilex_5_soc_inst|sm_mpfe|sundancemesa_mpfe_ready_latency_adp_inst_fpga2hps|rready_inst                                                                               ; ff_macro_c2p                                                                                                              ; intel_sundancemesa_mpfe_100                             ;
;                      |rresp_inst|                                                     ; 337.4 (0.9)          ; 358.5 (0.9)                      ; 22.0 (0.0)                                        ; 0.8 (0.0)                        ; 130.0 (0.0)          ; 284 (2)             ; 539 (2)                   ; 0 (0)         ; 0                 ; 0     ; 0                        ; 0                                      ; 0                                                 ; 0    ; 0 (0)  ; soc_inst|subsys_hps|agilex_hps|intel_agilex_5_soc_inst|sm_mpfe|sundancemesa_mpfe_ready_latency_adp_inst_fpga2hps|rresp_inst                                                                                ; ready_latency_adapter                                                                                                     ; intel_sundancemesa_mpfe_100                             ;
;                         |fifo_inst|                                                   ; 336.4 (0.0)          ; 357.6 (0.0)                      ; 22.1 (0.0)                                        ; 0.8 (0.0)                        ; 130.0 (0.0)          ; 282 (0)             ; 537 (0)                   ; 0 (0)         ; 0                 ; 0     ; 0                        ; 0                                      ; 0                                                 ; 0    ; 0 (0)  ; soc_inst|subsys_hps|agilex_hps|intel_agilex_5_soc_inst|sm_mpfe|sundancemesa_mpfe_ready_latency_adp_inst_fpga2hps|rresp_inst|fifo_inst                                                                      ; scfifo_s                                                                                                                  ; intel_sundancemesa_mpfe_100                             ;
;                            |a1|                                                       ; 336.4 (201.1)        ; 357.6 (221.6)                    ; 22.1 (21.3)                                       ; 0.8 (0.8)                        ; 130.0 (0.0)          ; 282 (272)           ; 537 (525)                 ; 0 (0)         ; 0                 ; 0     ; 0                        ; 0                                      ; 0                                                 ; 0    ; 0 (0)  ; soc_inst|subsys_hps|agilex_hps|intel_agilex_5_soc_inst|sm_mpfe|sundancemesa_mpfe_ready_latency_adp_inst_fpga2hps|rresp_inst|fifo_inst|a1                                                                   ; scfifo_s_showahead                                                                                                        ; intel_sundancemesa_mpfe_100                             ;
;                               |fifo_inst|                                             ; 135.2 (3.5)          ; 136.0 (4.1)                      ; 0.8 (0.6)                                         ; 0.0 (0.0)                        ; 130.0 (0.0)          ; 10 (6)              ; 12 (9)                    ; 0 (0)         ; 0                 ; 0     ; 0                        ; 0                                      ; 0                                                 ; 0    ; 0 (0)  ; soc_inst|subsys_hps|agilex_hps|intel_agilex_5_soc_inst|sm_mpfe|sundancemesa_mpfe_ready_latency_adp_inst_fpga2hps|rresp_inst|fifo_inst|a1|fifo_inst                                                         ; scfifo_s_normal                                                                                                           ; intel_sundancemesa_mpfe_100                             ;
;                                  |adder|                                              ; 1.0 (1.0)            ; 1.2 (1.2)                        ; 0.2 (0.2)                                         ; 0.0 (0.0)                        ; 0.0 (0.0)            ; 4 (4)               ; 0 (0)                     ; 0 (0)         ; 0                 ; 0     ; 0                        ; 0                                      ; 0                                                 ; 0    ; 0 (0)  ; soc_inst|subsys_hps|agilex_hps|intel_agilex_5_soc_inst|sm_mpfe|sundancemesa_mpfe_ready_latency_adp_inst_fpga2hps|rresp_inst|fifo_inst|a1|fifo_inst|adder                                                   ; add_a_b_s0_s1                                                                                                             ; intel_sundancemesa_mpfe_100                             ;
;                                  |mlab_inst|                                          ; 130.7 (0.0)          ; 130.8 (0.0)                      ; 0.0 (0.0)                                         ; 0.0 (0.0)                        ; 130.0 (0.0)          ; 0 (0)               ; 3 (0)                     ; 0 (0)         ; 0                 ; 0     ; 0                        ; 0                                      ; 0                                                 ; 0    ; 0 (0)  ; soc_inst|subsys_hps|agilex_hps|intel_agilex_5_soc_inst|sm_mpfe|sundancemesa_mpfe_ready_latency_adp_inst_fpga2hps|rresp_inst|fifo_inst|a1|fifo_inst|mlab_inst                                               ; generic_mlab                                                                                                              ; intel_sundancemesa_mpfe_100                             ;
;                                     |mem_rtl_0|                                       ; 130.7 (0.0)          ; 130.8 (0.0)                      ; 0.0 (0.0)                                         ; 0.0 (0.0)                        ; 130.0 (0.0)          ; 0 (0)               ; 3 (0)                     ; 0 (0)         ; 0                 ; 0     ; 0                        ; 0                                      ; 0                                                 ; 0    ; 0 (0)  ; soc_inst|subsys_hps|agilex_hps|intel_agilex_5_soc_inst|sm_mpfe|sundancemesa_mpfe_ready_latency_adp_inst_fpga2hps|rresp_inst|fifo_inst|a1|fifo_inst|mlab_inst|mem_rtl_0                                     ; altdpram                                                                                                                  ; work                                                    ;
;                                        |auto_generated|                               ; 130.7 (130.7)        ; 130.8 (130.8)                    ; 0.0 (0.0)                                         ; 0.0 (0.0)                        ; 130.0 (130.0)        ; 0 (0)               ; 3 (3)                     ; 0 (0)         ; 0                 ; 0     ; 0                        ; 0                                      ; 0                                                 ; 0    ; 0 (0)  ; soc_inst|subsys_hps|agilex_hps|intel_agilex_5_soc_inst|sm_mpfe|sundancemesa_mpfe_ready_latency_adp_inst_fpga2hps|rresp_inst|fifo_inst|a1|fifo_inst|mlab_inst|mem_rtl_0|auto_generated                      ; dpram_jq252                                                                                                               ; altera_work                                             ;
;                      |rvalid_inst|                                                    ; 0.0 (0.0)            ; 0.0 (0.0)                        ; 0.0 (0.0)                                         ; 0.0 (0.0)                        ; 0.0 (0.0)            ; 0 (0)               ; 1 (1)                     ; 0 (0)         ; 0                 ; 0     ; 0                        ; 0                                      ; 0                                                 ; 0    ; 0 (0)  ; soc_inst|subsys_hps|agilex_hps|intel_agilex_5_soc_inst|sm_mpfe|sundancemesa_mpfe_ready_latency_adp_inst_fpga2hps|rvalid_inst                                                                               ; ff_macro_p2c                                                                                                              ; intel_sundancemesa_mpfe_100                             ;
;                      |w_inst_data|                                                    ; 24.8 (24.8)          ; 28.3 (28.3)                      ; 3.5 (3.5)                                         ; 0.0 (0.0)                        ; 0.0 (0.0)            ; 10 (10)             ; 87 (87)                   ; 0 (0)         ; 0                 ; 0     ; 0                        ; 0                                      ; 0                                                 ; 0    ; 0 (0)  ; soc_inst|subsys_hps|agilex_hps|intel_agilex_5_soc_inst|sm_mpfe|sundancemesa_mpfe_ready_latency_adp_inst_fpga2hps|w_inst_data                                                                               ; ff_macro_c2p                                                                                                              ; intel_sundancemesa_mpfe_100                             ;
;                      |w_inst_skid_buf|                                                ; 375.3 (0.5)          ; 392.7 (0.5)                      ; 17.5 (0.0)                                        ; 0.0 (0.0)                        ; 150.0 (0.0)          ; 315 (2)             ; 595 (1)                   ; 0 (0)         ; 0                 ; 0     ; 0                        ; 0                                      ; 0                                                 ; 0    ; 0 (0)  ; soc_inst|subsys_hps|agilex_hps|intel_agilex_5_soc_inst|sm_mpfe|sundancemesa_mpfe_ready_latency_adp_inst_fpga2hps|w_inst_skid_buf                                                                           ; ready_latency_adapter                                                                                                     ; intel_sundancemesa_mpfe_100                             ;
;                         |fifo_inst|                                                   ; 374.8 (0.0)          ; 392.2 (0.0)                      ; 17.5 (0.0)                                        ; 0.0 (0.0)                        ; 150.0 (0.0)          ; 313 (0)             ; 594 (0)                   ; 0 (0)         ; 0                 ; 0     ; 0                        ; 0                                      ; 0                                                 ; 0    ; 0 (0)  ; soc_inst|subsys_hps|agilex_hps|intel_agilex_5_soc_inst|sm_mpfe|sundancemesa_mpfe_ready_latency_adp_inst_fpga2hps|w_inst_skid_buf|fifo_inst                                                                 ; scfifo_s                                                                                                                  ; intel_sundancemesa_mpfe_100                             ;
;                            |a1|                                                       ; 374.8 (218.2)        ; 392.2 (235.9)                    ; 17.5 (17.7)                                       ; 0.0 (0.0)                        ; 150.0 (0.0)          ; 313 (300)           ; 594 (581)                 ; 0 (0)         ; 0                 ; 0     ; 0                        ; 0                                      ; 0                                                 ; 0    ; 0 (0)  ; soc_inst|subsys_hps|agilex_hps|intel_agilex_5_soc_inst|sm_mpfe|sundancemesa_mpfe_ready_latency_adp_inst_fpga2hps|w_inst_skid_buf|fifo_inst|a1                                                              ; scfifo_s_showahead                                                                                                        ; intel_sundancemesa_mpfe_100                             ;
;                               |fifo_inst|                                             ; 156.3 (4.4)          ; 156.3 (4.4)                      ; 0.0 (0.0)                                         ; 0.0 (0.0)                        ; 150.0 (0.0)          ; 13 (9)              ; 13 (10)                   ; 0 (0)         ; 0                 ; 0     ; 0                        ; 0                                      ; 0                                                 ; 0    ; 0 (0)  ; soc_inst|subsys_hps|agilex_hps|intel_agilex_5_soc_inst|sm_mpfe|sundancemesa_mpfe_ready_latency_adp_inst_fpga2hps|w_inst_skid_buf|fifo_inst|a1|fifo_inst                                                    ; scfifo_s_normal                                                                                                           ; intel_sundancemesa_mpfe_100                             ;
;                                  |adder|                                              ; 1.2 (1.2)            ; 1.2 (1.2)                        ; 0.0 (0.0)                                         ; 0.0 (0.0)                        ; 0.0 (0.0)            ; 4 (4)               ; 0 (0)                     ; 0 (0)         ; 0                 ; 0     ; 0                        ; 0                                      ; 0                                                 ; 0    ; 0 (0)  ; soc_inst|subsys_hps|agilex_hps|intel_agilex_5_soc_inst|sm_mpfe|sundancemesa_mpfe_ready_latency_adp_inst_fpga2hps|w_inst_skid_buf|fifo_inst|a1|fifo_inst|adder                                              ; add_a_b_s0_s1                                                                                                             ; intel_sundancemesa_mpfe_100                             ;
;                                  |mlab_inst|                                          ; 150.8 (0.0)          ; 150.8 (0.0)                      ; 0.0 (0.0)                                         ; 0.0 (0.0)                        ; 150.0 (0.0)          ; 0 (0)               ; 3 (0)                     ; 0 (0)         ; 0                 ; 0     ; 0                        ; 0                                      ; 0                                                 ; 0    ; 0 (0)  ; soc_inst|subsys_hps|agilex_hps|intel_agilex_5_soc_inst|sm_mpfe|sundancemesa_mpfe_ready_latency_adp_inst_fpga2hps|w_inst_skid_buf|fifo_inst|a1|fifo_inst|mlab_inst                                          ; generic_mlab                                                                                                              ; intel_sundancemesa_mpfe_100                             ;
;                                     |mem_rtl_0|                                       ; 150.8 (0.0)          ; 150.8 (0.0)                      ; 0.0 (0.0)                                         ; 0.0 (0.0)                        ; 150.0 (0.0)          ; 0 (0)               ; 3 (0)                     ; 0 (0)         ; 0                 ; 0     ; 0                        ; 0                                      ; 0                                                 ; 0    ; 0 (0)  ; soc_inst|subsys_hps|agilex_hps|intel_agilex_5_soc_inst|sm_mpfe|sundancemesa_mpfe_ready_latency_adp_inst_fpga2hps|w_inst_skid_buf|fifo_inst|a1|fifo_inst|mlab_inst|mem_rtl_0                                ; altdpram                                                                                                                  ; work                                                    ;
;                                        |auto_generated|                               ; 150.8 (150.8)        ; 150.8 (150.8)                    ; 0.0 (0.0)                                         ; 0.0 (0.0)                        ; 150.0 (150.0)        ; 0 (0)               ; 3 (3)                     ; 0 (0)         ; 0                 ; 0     ; 0                        ; 0                                      ; 0                                                 ; 0    ; 0 (0)  ; soc_inst|subsys_hps|agilex_hps|intel_agilex_5_soc_inst|sm_mpfe|sundancemesa_mpfe_ready_latency_adp_inst_fpga2hps|w_inst_skid_buf|fifo_inst|a1|fifo_inst|mlab_inst|mem_rtl_0|auto_generated                 ; dpram_m2av                                                                                                                ; altera_work                                             ;
;                      |wready_inst|                                                    ; 0.2 (0.2)            ; 0.2 (0.2)                        ; 0.0 (0.0)                                         ; 0.0 (0.0)                        ; 0.0 (0.0)            ; 0 (0)               ; 1 (1)                     ; 0 (0)         ; 0                 ; 0     ; 0                        ; 0                                      ; 0                                                 ; 0    ; 0 (0)  ; soc_inst|subsys_hps|agilex_hps|intel_agilex_5_soc_inst|sm_mpfe|sundancemesa_mpfe_ready_latency_adp_inst_fpga2hps|wready_inst                                                                               ; ff_macro_p2c                                                                                                              ; intel_sundancemesa_mpfe_100                             ;
;          |emif_hps|                                                                   ; 33.4 (0.0)           ; 40.0 (0.0)                       ; 9.6 (0.0)                                         ; 3.0 (0.0)                        ; 0.0 (0.0)            ; 37 (0)              ; 44 (0)                    ; 0 (0)         ; 0                 ; 0     ; 0                        ; 0                                      ; 0                                                 ; 14   ; 1 (0)  ; soc_inst|subsys_hps|emif_hps                                                                                                                                                                               ; emif_io96b_hps                                                                                                            ; emif_io96b_hps                                          ;
;             |emif_io96b_hps|                                                          ; 33.4 (0.0)           ; 40.0 (0.0)                       ; 9.6 (0.0)                                         ; 3.0 (0.0)                        ; 0.0 (0.0)            ; 37 (0)              ; 44 (0)                    ; 0 (0)         ; 0                 ; 0     ; 0                        ; 0                                      ; 0                                                 ; 14   ; 1 (0)  ; soc_inst|subsys_hps|emif_hps|emif_io96b_hps                                                                                                                                                                ; emif_io96b_hps_emif_io96b_hps_411_tyu27mi                                                                                 ; emif_io96b_hps_emif_io96b_hps_411_tyu27mi               ;
;                |emif_0_lpddr4|                                                        ; 33.4 (0.0)           ; 40.0 (0.0)                       ; 9.6 (0.0)                                         ; 3.0 (0.0)                        ; 0.0 (0.0)            ; 37 (0)              ; 44 (0)                    ; 0 (0)         ; 0                 ; 0     ; 0                        ; 0                                      ; 0                                                 ; 14   ; 1 (0)  ; soc_inst|subsys_hps|emif_hps|emif_io96b_hps|emif_0_lpddr4                                                                                                                                                  ; emif_io96b_hps_emif_io96b_hps_411_tyu27mi_emif_0_lpddr4                                                                   ; emif_io96b_hps_emif_io96b_hps_411_tyu27mi_emif_0_lpddr4 ;
;                   |emif_0_lpddr4|                                                     ; 33.4 (0.0)           ; 40.0 (0.0)                       ; 9.6 (0.0)                                         ; 3.0 (0.0)                        ; 0.0 (0.0)            ; 37 (0)              ; 44 (0)                    ; 0 (0)         ; 0                 ; 0     ; 0                        ; 0                                      ; 0                                                 ; 14   ; 1 (0)  ; soc_inst|subsys_hps|emif_hps|emif_io96b_hps|emif_0_lpddr4|emif_0_lpddr4                                                                                                                                    ; emif_io96b_hps_emif_io96b_hps_411_tyu27mi_emif_0_lpddr4_emif_io96b_lpddr4_411_6mp36ta                                     ; emif_io96b_lpddr4_411                                   ;
;                      |emif_arch_top|                                                  ; 33.4 (0.0)           ; 40.0 (0.0)                       ; 9.6 (0.0)                                         ; 3.0 (0.0)                        ; 0.0 (0.0)            ; 37 (0)              ; 44 (0)                    ; 0 (0)         ; 0                 ; 0     ; 0                        ; 0                                      ; 0                                                 ; 14   ; 1 (0)  ; soc_inst|subsys_hps|emif_hps|emif_io96b_hps|emif_0_lpddr4|emif_0_lpddr4|emif_arch_top                                                                                                                      ; emif_io96b_hps_emif_io96b_hps_411_tyu27mi_emif_0_lpddr4_emif_io96b_lpddr4_411_6mp36ta_arch_top                            ; emif_io96b_lpddr4_411                                   ;
;                         |arch_emif_0.arch0_1ch_per_io.arch_0|                         ; 0.0 (0.0)            ; 0.0 (0.0)                        ; 0.0 (0.0)                                         ; 0.0 (0.0)                        ; 0.0 (0.0)            ; 0 (0)               ; 0 (0)                     ; 0 (0)         ; 0                 ; 0     ; 0                        ; 0                                      ; 0                                                 ; 14   ; 1 (0)  ; soc_inst|subsys_hps|emif_hps|emif_io96b_hps|emif_0_lpddr4|emif_0_lpddr4|emif_arch_top|arch_emif_0.arch0_1ch_per_io.arch_0                                                                                  ; io0_emif_io96b_hps_emif_io96b_hps_411_tyu27mi_emif_0_lpddr4_emif_io96b_lpddr4_411_6mp36ta_io96b_top                       ; emif_io96b_lpddr4_411                                   ;
;                            |gen_byte_conns[0].wrapper_byte|                           ; 0.0 (0.0)            ; 0.0 (0.0)                        ; 0.0 (0.0)                                         ; 0.0 (0.0)                        ; 0.0 (0.0)            ; 0 (0)               ; 0 (0)                     ; 0 (0)         ; 0                 ; 0     ; 0                        ; 0                                      ; 0                                                 ; 0    ; 0 (0)  ; soc_inst|subsys_hps|emif_hps|emif_io96b_hps|emif_0_lpddr4|emif_0_lpddr4|emif_arch_top|arch_emif_0.arch0_1ch_per_io.arch_0|gen_byte_conns[0].wrapper_byte                                                   ; io0_emif_io96b_hps_emif_io96b_hps_411_tyu27mi_emif_0_lpddr4_emif_io96b_lpddr4_411_6mp36ta_phy_arch_fp_atom_inst_byte      ; emif_io96b_lpddr4_411                                   ;
;                            |gen_byte_conns[0].wrapper_byte_ctrl|                      ; 0.0 (0.0)            ; 0.0 (0.0)                        ; 0.0 (0.0)                                         ; 0.0 (0.0)                        ; 0.0 (0.0)            ; 0 (0)               ; 0 (0)                     ; 0 (0)         ; 0                 ; 0     ; 0                        ; 0                                      ; 0                                                 ; 0    ; 0 (0)  ; soc_inst|subsys_hps|emif_hps|emif_io96b_hps|emif_0_lpddr4|emif_0_lpddr4|emif_arch_top|arch_emif_0.arch0_1ch_per_io.arch_0|gen_byte_conns[0].wrapper_byte_ctrl                                              ; io0_emif_io96b_hps_emif_io96b_hps_411_tyu27mi_emif_0_lpddr4_emif_io96b_lpddr4_411_6mp36ta_phy_arch_fp_atom_inst_byte_ctrl ; emif_io96b_lpddr4_411                                   ;
;                            |gen_byte_conns[0].wrapper_pa|                             ; 0.0 (0.0)            ; 0.0 (0.0)                        ; 0.0 (0.0)                                         ; 0.0 (0.0)                        ; 0.0 (0.0)            ; 0 (0)               ; 0 (0)                     ; 0 (0)         ; 0                 ; 0     ; 0                        ; 0                                      ; 0                                                 ; 0    ; 0 (0)  ; soc_inst|subsys_hps|emif_hps|emif_io96b_hps|emif_0_lpddr4|emif_0_lpddr4|emif_arch_top|arch_emif_0.arch0_1ch_per_io.arch_0|gen_byte_conns[0].wrapper_pa                                                     ; io0_emif_io96b_hps_emif_io96b_hps_411_tyu27mi_emif_0_lpddr4_emif_io96b_lpddr4_411_6mp36ta_phy_arch_fp_atom_inst_pa        ; emif_io96b_lpddr4_411                                   ;
;                            |gen_byte_conns[1].wrapper_byte|                           ; 0.0 (0.0)            ; 0.0 (0.0)                        ; 0.0 (0.0)                                         ; 0.0 (0.0)                        ; 0.0 (0.0)            ; 0 (0)               ; 0 (0)                     ; 0 (0)         ; 0                 ; 0     ; 0                        ; 0                                      ; 0                                                 ; 0    ; 0 (0)  ; soc_inst|subsys_hps|emif_hps|emif_io96b_hps|emif_0_lpddr4|emif_0_lpddr4|emif_arch_top|arch_emif_0.arch0_1ch_per_io.arch_0|gen_byte_conns[1].wrapper_byte                                                   ; io0_emif_io96b_hps_emif_io96b_hps_411_tyu27mi_emif_0_lpddr4_emif_io96b_lpddr4_411_6mp36ta_phy_arch_fp_atom_inst_byte      ; emif_io96b_lpddr4_411                                   ;
;                            |gen_byte_conns[1].wrapper_byte_ctrl|                      ; 0.0 (0.0)            ; 0.0 (0.0)                        ; 0.0 (0.0)                                         ; 0.0 (0.0)                        ; 0.0 (0.0)            ; 0 (0)               ; 0 (0)                     ; 0 (0)         ; 0                 ; 0     ; 0                        ; 0                                      ; 0                                                 ; 0    ; 0 (0)  ; soc_inst|subsys_hps|emif_hps|emif_io96b_hps|emif_0_lpddr4|emif_0_lpddr4|emif_arch_top|arch_emif_0.arch0_1ch_per_io.arch_0|gen_byte_conns[1].wrapper_byte_ctrl                                              ; io0_emif_io96b_hps_emif_io96b_hps_411_tyu27mi_emif_0_lpddr4_emif_io96b_lpddr4_411_6mp36ta_phy_arch_fp_atom_inst_byte_ctrl ; emif_io96b_lpddr4_411                                   ;
;                            |gen_byte_conns[1].wrapper_pa|                             ; 0.0 (0.0)            ; 0.0 (0.0)                        ; 0.0 (0.0)                                         ; 0.0 (0.0)                        ; 0.0 (0.0)            ; 0 (0)               ; 0 (0)                     ; 0 (0)         ; 0                 ; 0     ; 0                        ; 0                                      ; 0                                                 ; 0    ; 0 (0)  ; soc_inst|subsys_hps|emif_hps|emif_io96b_hps|emif_0_lpddr4|emif_0_lpddr4|emif_arch_top|arch_emif_0.arch0_1ch_per_io.arch_0|gen_byte_conns[1].wrapper_pa                                                     ; io0_emif_io96b_hps_emif_io96b_hps_411_tyu27mi_emif_0_lpddr4_emif_io96b_lpddr4_411_6mp36ta_phy_arch_fp_atom_inst_pa        ; emif_io96b_lpddr4_411                                   ;
;                            |gen_byte_conns[2].wrapper_byte|                           ; 0.0 (0.0)            ; 0.0 (0.0)                        ; 0.0 (0.0)                                         ; 0.0 (0.0)                        ; 0.0 (0.0)            ; 0 (0)               ; 0 (0)                     ; 0 (0)         ; 0                 ; 0     ; 0                        ; 0                                      ; 0                                                 ; 0    ; 0 (0)  ; soc_inst|subsys_hps|emif_hps|emif_io96b_hps|emif_0_lpddr4|emif_0_lpddr4|emif_arch_top|arch_emif_0.arch0_1ch_per_io.arch_0|gen_byte_conns[2].wrapper_byte                                                   ; io0_emif_io96b_hps_emif_io96b_hps_411_tyu27mi_emif_0_lpddr4_emif_io96b_lpddr4_411_6mp36ta_phy_arch_fp_atom_inst_byte      ; emif_io96b_lpddr4_411                                   ;
;                            |gen_byte_conns[2].wrapper_byte_ctrl|                      ; 0.0 (0.0)            ; 0.0 (0.0)                        ; 0.0 (0.0)                                         ; 0.0 (0.0)                        ; 0.0 (0.0)            ; 0 (0)               ; 0 (0)                     ; 0 (0)         ; 0                 ; 0     ; 0                        ; 0                                      ; 0                                                 ; 0    ; 0 (0)  ; soc_inst|subsys_hps|emif_hps|emif_io96b_hps|emif_0_lpddr4|emif_0_lpddr4|emif_arch_top|arch_emif_0.arch0_1ch_per_io.arch_0|gen_byte_conns[2].wrapper_byte_ctrl                                              ; io0_emif_io96b_hps_emif_io96b_hps_411_tyu27mi_emif_0_lpddr4_emif_io96b_lpddr4_411_6mp36ta_phy_arch_fp_atom_inst_byte_ctrl ; emif_io96b_lpddr4_411                                   ;
;                            |gen_byte_conns[2].wrapper_pa|                             ; 0.0 (0.0)            ; 0.0 (0.0)                        ; 0.0 (0.0)                                         ; 0.0 (0.0)                        ; 0.0 (0.0)            ; 0 (0)               ; 0 (0)                     ; 0 (0)         ; 0                 ; 0     ; 0                        ; 0                                      ; 0                                                 ; 0    ; 0 (0)  ; soc_inst|subsys_hps|emif_hps|emif_io96b_hps|emif_0_lpddr4|emif_0_lpddr4|emif_arch_top|arch_emif_0.arch0_1ch_per_io.arch_0|gen_byte_conns[2].wrapper_pa                                                     ; io0_emif_io96b_hps_emif_io96b_hps_411_tyu27mi_emif_0_lpddr4_emif_io96b_lpddr4_411_6mp36ta_phy_arch_fp_atom_inst_pa        ; emif_io96b_lpddr4_411                                   ;
;                            |gen_byte_conns[3].wrapper_byte|                           ; 0.0 (0.0)            ; 0.0 (0.0)                        ; 0.0 (0.0)                                         ; 0.0 (0.0)                        ; 0.0 (0.0)            ; 0 (0)               ; 0 (0)                     ; 0 (0)         ; 0                 ; 0     ; 0                        ; 0                                      ; 0                                                 ; 0    ; 0 (0)  ; soc_inst|subsys_hps|emif_hps|emif_io96b_hps|emif_0_lpddr4|emif_0_lpddr4|emif_arch_top|arch_emif_0.arch0_1ch_per_io.arch_0|gen_byte_conns[3].wrapper_byte                                                   ; io0_emif_io96b_hps_emif_io96b_hps_411_tyu27mi_emif_0_lpddr4_emif_io96b_lpddr4_411_6mp36ta_phy_arch_fp_atom_inst_byte      ; emif_io96b_lpddr4_411                                   ;
;                            |gen_byte_conns[3].wrapper_byte_ctrl|                      ; 0.0 (0.0)            ; 0.0 (0.0)                        ; 0.0 (0.0)                                         ; 0.0 (0.0)                        ; 0.0 (0.0)            ; 0 (0)               ; 0 (0)                     ; 0 (0)         ; 0                 ; 0     ; 0                        ; 0                                      ; 0                                                 ; 0    ; 0 (0)  ; soc_inst|subsys_hps|emif_hps|emif_io96b_hps|emif_0_lpddr4|emif_0_lpddr4|emif_arch_top|arch_emif_0.arch0_1ch_per_io.arch_0|gen_byte_conns[3].wrapper_byte_ctrl                                              ; io0_emif_io96b_hps_emif_io96b_hps_411_tyu27mi_emif_0_lpddr4_emif_io96b_lpddr4_411_6mp36ta_phy_arch_fp_atom_inst_byte_ctrl ; emif_io96b_lpddr4_411                                   ;
;                            |gen_byte_conns[3].wrapper_pa|                             ; 0.0 (0.0)            ; 0.0 (0.0)                        ; 0.0 (0.0)                                         ; 0.0 (0.0)                        ; 0.0 (0.0)            ; 0 (0)               ; 0 (0)                     ; 0 (0)         ; 0                 ; 0     ; 0                        ; 0                                      ; 0                                                 ; 0    ; 0 (0)  ; soc_inst|subsys_hps|emif_hps|emif_io96b_hps|emif_0_lpddr4|emif_0_lpddr4|emif_arch_top|arch_emif_0.arch0_1ch_per_io.arch_0|gen_byte_conns[3].wrapper_pa                                                     ; io0_emif_io96b_hps_emif_io96b_hps_411_tyu27mi_emif_0_lpddr4_emif_io96b_lpddr4_411_6mp36ta_phy_arch_fp_atom_inst_pa        ; emif_io96b_lpddr4_411                                   ;
;                            |gen_byte_conns[6].wrapper_byte|                           ; 0.0 (0.0)            ; 0.0 (0.0)                        ; 0.0 (0.0)                                         ; 0.0 (0.0)                        ; 0.0 (0.0)            ; 0 (0)               ; 0 (0)                     ; 0 (0)         ; 0                 ; 0     ; 0                        ; 0                                      ; 0                                                 ; 0    ; 0 (0)  ; soc_inst|subsys_hps|emif_hps|emif_io96b_hps|emif_0_lpddr4|emif_0_lpddr4|emif_arch_top|arch_emif_0.arch0_1ch_per_io.arch_0|gen_byte_conns[6].wrapper_byte                                                   ; io0_emif_io96b_hps_emif_io96b_hps_411_tyu27mi_emif_0_lpddr4_emif_io96b_lpddr4_411_6mp36ta_phy_arch_fp_atom_inst_byte      ; emif_io96b_lpddr4_411                                   ;
;                            |gen_byte_conns[6].wrapper_byte_ctrl|                      ; 0.0 (0.0)            ; 0.0 (0.0)                        ; 0.0 (0.0)                                         ; 0.0 (0.0)                        ; 0.0 (0.0)            ; 0 (0)               ; 0 (0)                     ; 0 (0)         ; 0                 ; 0     ; 0                        ; 0                                      ; 0                                                 ; 0    ; 0 (0)  ; soc_inst|subsys_hps|emif_hps|emif_io96b_hps|emif_0_lpddr4|emif_0_lpddr4|emif_arch_top|arch_emif_0.arch0_1ch_per_io.arch_0|gen_byte_conns[6].wrapper_byte_ctrl                                              ; io0_emif_io96b_hps_emif_io96b_hps_411_tyu27mi_emif_0_lpddr4_emif_io96b_lpddr4_411_6mp36ta_phy_arch_fp_atom_inst_byte_ctrl ; emif_io96b_lpddr4_411                                   ;
;                            |gen_byte_conns[6].wrapper_pa|                             ; 0.0 (0.0)            ; 0.0 (0.0)                        ; 0.0 (0.0)                                         ; 0.0 (0.0)                        ; 0.0 (0.0)            ; 0 (0)               ; 0 (0)                     ; 0 (0)         ; 0                 ; 0     ; 0                        ; 0                                      ; 0                                                 ; 0    ; 0 (0)  ; soc_inst|subsys_hps|emif_hps|emif_io96b_hps|emif_0_lpddr4|emif_0_lpddr4|emif_arch_top|arch_emif_0.arch0_1ch_per_io.arch_0|gen_byte_conns[6].wrapper_pa                                                     ; io0_emif_io96b_hps_emif_io96b_hps_411_tyu27mi_emif_0_lpddr4_emif_io96b_lpddr4_411_6mp36ta_phy_arch_fp_atom_inst_pa        ; emif_io96b_lpddr4_411                                   ;
;                            |gen_byte_conns[7].wrapper_byte|                           ; 0.0 (0.0)            ; 0.0 (0.0)                        ; 0.0 (0.0)                                         ; 0.0 (0.0)                        ; 0.0 (0.0)            ; 0 (0)               ; 0 (0)                     ; 0 (0)         ; 0                 ; 0     ; 0                        ; 0                                      ; 0                                                 ; 0    ; 0 (0)  ; soc_inst|subsys_hps|emif_hps|emif_io96b_hps|emif_0_lpddr4|emif_0_lpddr4|emif_arch_top|arch_emif_0.arch0_1ch_per_io.arch_0|gen_byte_conns[7].wrapper_byte                                                   ; io0_emif_io96b_hps_emif_io96b_hps_411_tyu27mi_emif_0_lpddr4_emif_io96b_lpddr4_411_6mp36ta_phy_arch_fp_atom_inst_byte      ; emif_io96b_lpddr4_411                                   ;
;                            |gen_byte_conns[7].wrapper_byte_ctrl|                      ; 0.0 (0.0)            ; 0.0 (0.0)                        ; 0.0 (0.0)                                         ; 0.0 (0.0)                        ; 0.0 (0.0)            ; 0 (0)               ; 0 (0)                     ; 0 (0)         ; 0                 ; 0     ; 0                        ; 0                                      ; 0                                                 ; 0    ; 0 (0)  ; soc_inst|subsys_hps|emif_hps|emif_io96b_hps|emif_0_lpddr4|emif_0_lpddr4|emif_arch_top|arch_emif_0.arch0_1ch_per_io.arch_0|gen_byte_conns[7].wrapper_byte_ctrl                                              ; io0_emif_io96b_hps_emif_io96b_hps_411_tyu27mi_emif_0_lpddr4_emif_io96b_lpddr4_411_6mp36ta_phy_arch_fp_atom_inst_byte_ctrl ; emif_io96b_lpddr4_411                                   ;
;                            |gen_byte_conns[7].wrapper_pa|                             ; 0.0 (0.0)            ; 0.0 (0.0)                        ; 0.0 (0.0)                                         ; 0.0 (0.0)                        ; 0.0 (0.0)            ; 0 (0)               ; 0 (0)                     ; 0 (0)         ; 0                 ; 0     ; 0                        ; 0                                      ; 0                                                 ; 0    ; 0 (0)  ; soc_inst|subsys_hps|emif_hps|emif_io96b_hps|emif_0_lpddr4|emif_0_lpddr4|emif_arch_top|arch_emif_0.arch0_1ch_per_io.arch_0|gen_byte_conns[7].wrapper_pa                                                     ; io0_emif_io96b_hps_emif_io96b_hps_411_tyu27mi_emif_0_lpddr4_emif_io96b_lpddr4_411_6mp36ta_phy_arch_fp_atom_inst_pa        ; emif_io96b_lpddr4_411                                   ;
;                            |wrapper_bufs_mem|                                         ; 0.0 (0.0)            ; 0.0 (0.0)                        ; 0.0 (0.0)                                         ; 0.0 (0.0)                        ; 0.0 (0.0)            ; 0 (0)               ; 0 (0)                     ; 0 (0)         ; 0                 ; 0     ; 0                        ; 0                                      ; 0                                                 ; 14   ; 0 (0)  ; soc_inst|subsys_hps|emif_hps|emif_io96b_hps|emif_0_lpddr4|emif_0_lpddr4|emif_arch_top|arch_emif_0.arch0_1ch_per_io.arch_0|wrapper_bufs_mem                                                                 ; io0_emif_io96b_hps_emif_io96b_hps_411_tyu27mi_emif_0_lpddr4_emif_io96b_lpddr4_411_6mp36ta_phy_arch_fp_atom_inst_bufs_mem  ; emif_io96b_lpddr4_411                                   ;
;                            |wrapper_fanoc_wide|                                       ; 0.0 (0.0)            ; 0.0 (0.0)                        ; 0.0 (0.0)                                         ; 0.0 (0.0)                        ; 0.0 (0.0)            ; 0 (0)               ; 0 (0)                     ; 0 (0)         ; 0                 ; 0     ; 0                        ; 0                                      ; 0                                                 ; 0    ; 0 (0)  ; soc_inst|subsys_hps|emif_hps|emif_io96b_hps|emif_0_lpddr4|emif_0_lpddr4|emif_arch_top|arch_emif_0.arch0_1ch_per_io.arch_0|wrapper_fanoc_wide                                                               ; io0_emif_io96b_hps_emif_io96b_hps_411_tyu27mi_emif_0_lpddr4_emif_io96b_lpddr4_411_6mp36ta_phy_arch_fp_atom_inst_fa_noc    ; emif_io96b_lpddr4_411                                   ;
;                            |wrapper_hmc_wide|                                         ; 0.0 (0.0)            ; 0.0 (0.0)                        ; 0.0 (0.0)                                         ; 0.0 (0.0)                        ; 0.0 (0.0)            ; 0 (0)               ; 0 (0)                     ; 0 (0)         ; 0                 ; 0     ; 0                        ; 0                                      ; 0                                                 ; 0    ; 0 (0)  ; soc_inst|subsys_hps|emif_hps|emif_io96b_hps|emif_0_lpddr4|emif_0_lpddr4|emif_arch_top|arch_emif_0.arch0_1ch_per_io.arch_0|wrapper_hmc_wide                                                                 ; io0_emif_io96b_hps_emif_io96b_hps_411_tyu27mi_emif_0_lpddr4_emif_io96b_lpddr4_411_6mp36ta_phy_arch_fp_atom_inst_hmc_wide  ; emif_io96b_lpddr4_411                                   ;
;                            |wrapper_pll|                                              ; 0.0 (0.0)            ; 0.0 (0.0)                        ; 0.0 (0.0)                                         ; 0.0 (0.0)                        ; 0.0 (0.0)            ; 0 (0)               ; 0 (0)                     ; 0 (0)         ; 0                 ; 0     ; 0                        ; 0                                      ; 0                                                 ; 0    ; 1 (1)  ; soc_inst|subsys_hps|emif_hps|emif_io96b_hps|emif_0_lpddr4|emif_0_lpddr4|emif_arch_top|arch_emif_0.arch0_1ch_per_io.arch_0|wrapper_pll                                                                      ; io0_emif_io96b_hps_emif_io96b_hps_411_tyu27mi_emif_0_lpddr4_emif_io96b_lpddr4_411_6mp36ta_phy_arch_fp_atom_inst_pll       ; emif_io96b_lpddr4_411                                   ;
;                         |io0.calip_0|                                                 ; 33.4 (0.0)           ; 40.0 (0.0)                       ; 9.6 (0.0)                                         ; 3.0 (0.0)                        ; 0.0 (0.0)            ; 37 (0)              ; 44 (0)                    ; 0 (0)         ; 0                 ; 0     ; 0                        ; 0                                      ; 0                                                 ; 0    ; 0 (0)  ; soc_inst|subsys_hps|emif_hps|emif_io96b_hps|emif_0_lpddr4|emif_0_lpddr4|emif_arch_top|io0.calip_0                                                                                                          ; emif_io96b_hps_emif_io96b_hps_411_tyu27mi_emif_0_lpddr4_emif_io96b_lpddr4_emif_io96b_cal_411_ybhh6ly                      ; emif_io96b_lpddr4_411                                   ;
;                            |cal_0|                                                    ; 33.4 (0.0)           ; 40.0 (0.0)                       ; 9.6 (0.0)                                         ; 3.0 (0.0)                        ; 0.0 (0.0)            ; 37 (0)              ; 44 (0)                    ; 0 (0)         ; 0                 ; 0     ; 0                        ; 0                                      ; 0                                                 ; 0    ; 0 (0)  ; soc_inst|subsys_hps|emif_hps|emif_io96b_hps|emif_0_lpddr4|emif_0_lpddr4|emif_arch_top|io0.calip_0|cal_0                                                                                                    ; emif_io96b_hps_emif_io96b_hps_411_tyu27mi_emif_0_lpddr4_emif_io96b_cal_231_t4gnteq                                        ; emif_io96b_cal_231                                      ;
;                               |cal_arch_0|                                            ; 33.4 (0.0)           ; 40.0 (0.0)                       ; 9.6 (0.0)                                         ; 3.0 (0.0)                        ; 0.0 (0.0)            ; 37 (0)              ; 44 (0)                    ; 0 (0)         ; 0                 ; 0     ; 0                        ; 0                                      ; 0                                                 ; 0    ; 0 (0)  ; soc_inst|subsys_hps|emif_hps|emif_io96b_hps|emif_0_lpddr4|emif_0_lpddr4|emif_arch_top|io0.calip_0|cal_0|cal_arch_0                                                                                         ; io0_emif_io96b_hps_emif_io96b_hps_411_tyu27mi_emif_0_lpddr4_emif_io96b_cal_231_t4gnteq_cal_arch_fp_top                    ; emif_io96b_cal_231                                      ;
;                                  |inst_gearbox|                                       ; 33.4 (33.4)          ; 40.0 (40.0)                      ; 9.6 (9.6)                                         ; 3.0 (3.0)                        ; 0.0 (0.0)            ; 37 (37)             ; 44 (44)                   ; 0 (0)         ; 0                 ; 0     ; 0                        ; 0                                      ; 0                                                 ; 0    ; 0 (0)  ; soc_inst|subsys_hps|emif_hps|emif_io96b_hps|emif_0_lpddr4|emif_0_lpddr4|emif_arch_top|io0.calip_0|cal_0|cal_arch_0|inst_gearbox                                                                            ; altera_emif_cal_gearbox_bidir                                                                                             ; emif_io96b_cal_231                                      ;
;                                  |u_iossm|                                            ; 0.0 (0.0)            ; 0.0 (0.0)                        ; 0.0 (0.0)                                         ; 0.0 (0.0)                        ; 0.0 (0.0)            ; 0 (0)               ; 0 (0)                     ; 0 (0)         ; 0                 ; 0     ; 0                        ; 0                                      ; 0                                                 ; 0    ; 0 (0)  ; soc_inst|subsys_hps|emif_hps|emif_io96b_hps|emif_0_lpddr4|emif_0_lpddr4|emif_arch_top|io0.calip_0|cal_0|cal_arch_0|u_iossm                                                                                 ; io0_emif_io96b_hps_emif_io96b_hps_411_tyu27mi_emif_0_lpddr4_emif_io96b_cal_231_t4gnteq_stdfn_inst_iossm                   ; emif_io96b_cal_231                                      ;
;                                  |u_seq|                                              ; 0.0 (0.0)            ; 0.0 (0.0)                        ; 0.0 (0.0)                                         ; 0.0 (0.0)                        ; 0.0 (0.0)            ; 0 (0)               ; 0 (0)                     ; 0 (0)         ; 0                 ; 0     ; 0                        ; 0                                      ; 0                                                 ; 0    ; 0 (0)  ; soc_inst|subsys_hps|emif_hps|emif_io96b_hps|emif_0_lpddr4|emif_0_lpddr4|emif_arch_top|io0.calip_0|cal_0|cal_arch_0|u_seq                                                                                   ; io0_emif_io96b_hps_emif_io96b_hps_411_tyu27mi_emif_0_lpddr4_emif_io96b_cal_231_t4gnteq_stdfn_inst_seq                     ; emif_io96b_cal_231                                      ;
;                                  |u_ssm_fa|                                           ; 0.0 (0.0)            ; 0.0 (0.0)                        ; 0.0 (0.0)                                         ; 0.0 (0.0)                        ; 0.0 (0.0)            ; 0 (0)               ; 0 (0)                     ; 0 (0)         ; 0                 ; 0     ; 0                        ; 0                                      ; 0                                                 ; 0    ; 0 (0)  ; soc_inst|subsys_hps|emif_hps|emif_io96b_hps|emif_0_lpddr4|emif_0_lpddr4|emif_arch_top|io0.calip_0|cal_0|cal_arch_0|u_ssm_fa                                                                                ; stdfn_inst_fa_c2p_ssm                                                                                                     ; emif_io96b_cal_231                                      ;
;                |refclk_gpio|                                                          ; 0.0 (0.0)            ; 0.0 (0.0)                        ; 0.0 (0.0)                                         ; 0.0 (0.0)                        ; 0.0 (0.0)            ; 0 (0)               ; 0 (0)                     ; 0 (0)         ; 0                 ; 0     ; 0                        ; 0                                      ; 0                                                 ; 0    ; 0 (0)  ; soc_inst|subsys_hps|emif_hps|emif_io96b_hps|refclk_gpio                                                                                                                                                    ; emif_io96b_hps_emif_io96b_hps_411_tyu27mi_refclk_gpio                                                                     ; emif_io96b_hps_emif_io96b_hps_411_tyu27mi_refclk_gpio   ;
;                   |refclk_gpio|                                                       ; 0.0 (0.0)            ; 0.0 (0.0)                        ; 0.0 (0.0)                                         ; 0.0 (0.0)                        ; 0.0 (0.0)            ; 0 (0)               ; 0 (0)                     ; 0 (0)         ; 0                 ; 0     ; 0                        ; 0                                      ; 0                                                 ; 0    ; 0 (0)  ; soc_inst|subsys_hps|emif_hps|emif_io96b_hps|refclk_gpio|refclk_gpio                                                                                                                                        ; emif_io96b_hps_emif_io96b_hps_411_tyu27mi_refclk_gpio_altera_gpio_2300_ctzjwfq                                            ; altera_gpio_2300                                        ;
;                      |core|                                                           ; 0.0 (0.0)            ; 0.0 (0.0)                        ; 0.0 (0.0)                                         ; 0.0 (0.0)                        ; 0.0 (0.0)            ; 0 (0)               ; 0 (0)                     ; 0 (0)         ; 0                 ; 0     ; 0                        ; 0                                      ; 0                                                 ; 0    ; 0 (0)  ; soc_inst|subsys_hps|emif_hps|emif_io96b_hps|refclk_gpio|refclk_gpio|core                                                                                                                                   ; altera_gpio                                                                                                               ; altera_gpio_core10_ph2_2210                             ;
;                         |i_loop[0].altera_gpio_bit_i|                                 ; 0.0 (0.0)            ; 0.0 (0.0)                        ; 0.0 (0.0)                                         ; 0.0 (0.0)                        ; 0.0 (0.0)            ; 0 (0)               ; 0 (0)                     ; 0 (0)         ; 0                 ; 0     ; 0                        ; 0                                      ; 0                                                 ; 0    ; 0 (0)  ; soc_inst|subsys_hps|emif_hps|emif_io96b_hps|refclk_gpio|refclk_gpio|core|i_loop[0].altera_gpio_bit_i                                                                                                       ; altera_gpio_one_bit                                                                                                       ; altera_gpio_core10_ph2_2210                             ;
;       |subsys_periph|                                                                 ; 131.6 (0.0)          ; 141.3 (0.0)                      ; 10.0 (0.0)                                        ; 0.3 (0.0)                        ; 0.0 (0.0)            ; 212 (0)             ; 214 (0)                   ; 0 (0)         ; 0                 ; 0     ; 0                        ; 0                                      ; 0                                                 ; 0    ; 0 (0)  ; soc_inst|subsys_periph                                                                                                                                                                                     ; peripheral_subsys                                                                                                         ; peripheral_subsys                                       ;
;          |button_pio|                                                                 ; 10.6 (0.0)           ; 12.6 (0.0)                       ; 2.1 (0.0)                                         ; 0.1 (0.0)                        ; 0.0 (0.0)            ; 14 (0)              ; 18 (0)                    ; 0 (0)         ; 0                 ; 0     ; 0                        ; 0                                      ; 0                                                 ; 0    ; 0 (0)  ; soc_inst|subsys_periph|button_pio                                                                                                                                                                          ; button_pio                                                                                                                ; button_pio                                              ;
;             |altera_avalon_pio_inst|                                                  ; 10.6 (10.6)          ; 12.6 (12.6)                      ; 2.1 (2.1)                                         ; 0.1 (0.1)                        ; 0.0 (0.0)            ; 14 (14)             ; 18 (18)                   ; 0 (0)         ; 0                 ; 0     ; 0                        ; 0                                      ; 0                                                 ; 0    ; 0 (0)  ; soc_inst|subsys_periph|button_pio|altera_avalon_pio_inst                                                                                                                                                   ; button_pio_altera_avalon_pio_1924_qjofkqi                                                                                 ; altera_avalon_pio_1924                                  ;
;          |dipsw_pio|                                                                  ; 10.1 (0.0)           ; 10.7 (0.0)                       ; 0.9 (0.0)                                         ; 0.2 (0.0)                        ; 0.0 (0.0)            ; 12 (0)              ; 20 (0)                    ; 0 (0)         ; 0                 ; 0     ; 0                        ; 0                                      ; 0                                                 ; 0    ; 0 (0)  ; soc_inst|subsys_periph|dipsw_pio                                                                                                                                                                           ; dipsw_pio                                                                                                                 ; dipsw_pio                                               ;
;             |altera_avalon_pio_inst|                                                  ; 10.1 (10.1)          ; 10.7 (10.7)                      ; 0.9 (0.9)                                         ; 0.2 (0.2)                        ; 0.0 (0.0)            ; 12 (12)             ; 20 (20)                   ; 0 (0)         ; 0                 ; 0     ; 0                        ; 0                                      ; 0                                                 ; 0    ; 0 (0)  ; soc_inst|subsys_periph|dipsw_pio|altera_avalon_pio_inst                                                                                                                                                    ; dipsw_pio_altera_avalon_pio_1924_qjofkqi                                                                                  ; altera_avalon_pio_1924                                  ;
;          |led_pio|                                                                    ; 4.1 (0.0)            ; 4.1 (0.0)                        ; 0.0 (0.0)                                         ; 0.0 (0.0)                        ; 0.0 (0.0)            ; 9 (0)               ; 6 (0)                     ; 0 (0)         ; 0                 ; 0     ; 0                        ; 0                                      ; 0                                                 ; 0    ; 0 (0)  ; soc_inst|subsys_periph|led_pio                                                                                                                                                                             ; led_pio                                                                                                                   ; led_pio                                                 ;
;             |altera_avalon_pio_inst|                                                  ; 4.1 (4.1)            ; 4.1 (4.1)                        ; 0.0 (0.0)                                         ; 0.0 (0.0)                        ; 0.0 (0.0)            ; 9 (9)               ; 6 (6)                     ; 0 (0)         ; 0                 ; 0     ; 0                        ; 0                                      ; 0                                                 ; 0    ; 0 (0)  ; soc_inst|subsys_periph|led_pio|altera_avalon_pio_inst                                                                                                                                                      ; led_pio_altera_avalon_pio_1924_yrkgeby                                                                                    ; altera_avalon_pio_1924                                  ;
;          |mm_interconnect_0|                                                          ; 70.3 (0.0)           ; 74.4 (0.0)                       ; 4.2 (0.0)                                         ; 0.0 (0.0)                        ; 0.0 (0.0)            ; 120 (0)             ; 87 (0)                    ; 0 (0)         ; 0                 ; 0     ; 0                        ; 0                                      ; 0                                                 ; 0    ; 0 (0)  ; soc_inst|subsys_periph|mm_interconnect_0                                                                                                                                                                   ; peripheral_subsys_altera_mm_interconnect_1920_patoohq                                                                     ; altera_mm_interconnect_1920                             ;
;             |button_pio_s1_agent|                                                     ; 0.4 (0.4)            ; 0.5 (0.5)                        ; 0.1 (0.1)                                         ; 0.0 (0.0)                        ; 0.0 (0.0)            ; 1 (1)               ; 0 (0)                     ; 0 (0)         ; 0                 ; 0     ; 0                        ; 0                                      ; 0                                                 ; 0    ; 0 (0)  ; soc_inst|subsys_periph|mm_interconnect_0|button_pio_s1_agent                                                                                                                                               ; peripheral_subsys_altera_merlin_slave_agent_1930_jxauz3i                                                                  ; altera_merlin_slave_agent_1930                          ;
;             |button_pio_s1_agent_rsp_fifo|                                            ; 1.2 (1.2)            ; 1.3 (1.3)                        ; 0.1 (0.1)                                         ; 0.0 (0.0)                        ; 0.0 (0.0)            ; 2 (2)               ; 3 (3)                     ; 0 (0)         ; 0                 ; 0     ; 0                        ; 0                                      ; 0                                                 ; 0    ; 0 (0)  ; soc_inst|subsys_periph|mm_interconnect_0|button_pio_s1_agent_rsp_fifo                                                                                                                                      ; peripheral_subsys_altera_avalon_sc_fifo_1932_22gxxgi                                                                      ; altera_avalon_sc_fifo_1932                              ;
;             |button_pio_s1_translator|                                                ; 7.4 (7.4)            ; 7.8 (7.8)                        ; 0.4 (0.4)                                         ; 0.0 (0.0)                        ; 0.0 (0.0)            ; 13 (13)             ; 9 (9)                     ; 0 (0)         ; 0                 ; 0     ; 0                        ; 0                                      ; 0                                                 ; 0    ; 0 (0)  ; soc_inst|subsys_periph|mm_interconnect_0|button_pio_s1_translator                                                                                                                                          ; peripheral_subsys_altera_merlin_slave_translator_191_xg7rzxi                                                              ; altera_merlin_slave_translator_191                      ;
;             |cmd_demux|                                                               ; 1.7 (1.7)            ; 1.7 (1.7)                        ; 0.0 (0.0)                                         ; 0.0 (0.0)                        ; 0.0 (0.0)            ; 2 (2)               ; 0 (0)                     ; 0 (0)         ; 0                 ; 0     ; 0                        ; 0                                      ; 0                                                 ; 0    ; 0 (0)  ; soc_inst|subsys_periph|mm_interconnect_0|cmd_demux                                                                                                                                                         ; peripheral_subsys_altera_merlin_demultiplexer_1921_uppfuvi                                                                ; altera_merlin_demultiplexer_1921                        ;
;             |dipsw_pio_s1_agent|                                                      ; 0.2 (0.2)            ; 0.2 (0.2)                        ; 0.0 (0.0)                                         ; 0.0 (0.0)                        ; 0.0 (0.0)            ; 1 (1)               ; 0 (0)                     ; 0 (0)         ; 0                 ; 0     ; 0                        ; 0                                      ; 0                                                 ; 0    ; 0 (0)  ; soc_inst|subsys_periph|mm_interconnect_0|dipsw_pio_s1_agent                                                                                                                                                ; peripheral_subsys_altera_merlin_slave_agent_1930_jxauz3i                                                                  ; altera_merlin_slave_agent_1930                          ;
;             |dipsw_pio_s1_agent_rsp_fifo|                                             ; 2.2 (2.2)            ; 2.2 (2.2)                        ; 0.0 (0.0)                                         ; 0.0 (0.0)                        ; 0.0 (0.0)            ; 5 (5)               ; 3 (3)                     ; 0 (0)         ; 0                 ; 0     ; 0                        ; 0                                      ; 0                                                 ; 0    ; 0 (0)  ; soc_inst|subsys_periph|mm_interconnect_0|dipsw_pio_s1_agent_rsp_fifo                                                                                                                                       ; peripheral_subsys_altera_avalon_sc_fifo_1932_22gxxgi                                                                      ; altera_avalon_sc_fifo_1932                              ;
;             |dipsw_pio_s1_translator|                                                 ; 5.8 (5.8)            ; 6.4 (6.4)                        ; 0.6 (0.6)                                         ; 0.0 (0.0)                        ; 0.0 (0.0)            ; 10 (10)             ; 9 (9)                     ; 0 (0)         ; 0                 ; 0     ; 0                        ; 0                                      ; 0                                                 ; 0    ; 0 (0)  ; soc_inst|subsys_periph|mm_interconnect_0|dipsw_pio_s1_translator                                                                                                                                           ; peripheral_subsys_altera_merlin_slave_translator_191_xg7rzxi                                                              ; altera_merlin_slave_translator_191                      ;
;             |led_pio_s1_agent_rsp_fifo|                                               ; 2.6 (2.6)            ; 2.6 (2.6)                        ; 0.0 (0.0)                                         ; 0.0 (0.0)                        ; 0.0 (0.0)            ; 5 (5)               ; 3 (3)                     ; 0 (0)         ; 0                 ; 0     ; 0                        ; 0                                      ; 0                                                 ; 0    ; 0 (0)  ; soc_inst|subsys_periph|mm_interconnect_0|led_pio_s1_agent_rsp_fifo                                                                                                                                         ; peripheral_subsys_altera_avalon_sc_fifo_1932_22gxxgi                                                                      ; altera_avalon_sc_fifo_1932                              ;
;             |led_pio_s1_translator|                                                   ; 6.0 (6.0)            ; 6.9 (6.9)                        ; 0.9 (0.9)                                         ; 0.0 (0.0)                        ; 0.0 (0.0)            ; 10 (10)             ; 8 (8)                     ; 0 (0)         ; 0                 ; 0     ; 0                        ; 0                                      ; 0                                                 ; 0    ; 0 (0)  ; soc_inst|subsys_periph|mm_interconnect_0|led_pio_s1_translator                                                                                                                                             ; peripheral_subsys_altera_merlin_slave_translator_191_xg7rzxi                                                              ; altera_merlin_slave_translator_191                      ;
;             |pb_cpu_0_m0_agent|                                                       ; 0.5 (0.5)            ; 1.0 (1.0)                        ; 0.5 (0.5)                                         ; 0.0 (0.0)                        ; 0.0 (0.0)            ; 0 (0)               ; 2 (2)                     ; 0 (0)         ; 0                 ; 0     ; 0                        ; 0                                      ; 0                                                 ; 0    ; 0 (0)  ; soc_inst|subsys_periph|mm_interconnect_0|pb_cpu_0_m0_agent                                                                                                                                                 ; peripheral_subsys_altera_merlin_master_agent_1940_r3ep6da                                                                 ; altera_merlin_master_agent_1940                         ;
;             |pb_cpu_0_m0_limiter|                                                     ; 9.7 (9.7)            ; 10.0 (10.0)                      ; 0.3 (0.3)                                         ; 0.0 (0.0)                        ; 0.0 (0.0)            ; 15 (15)             ; 10 (10)                   ; 0 (0)         ; 0                 ; 0     ; 0                        ; 0                                      ; 0                                                 ; 0    ; 0 (0)  ; soc_inst|subsys_periph|mm_interconnect_0|pb_cpu_0_m0_limiter                                                                                                                                               ; peripheral_subsys_altera_merlin_traffic_limiter_1921_p3fvlba                                                              ; altera_merlin_traffic_limiter_1921                      ;
;             |router|                                                                  ; 7.3 (7.3)            ; 7.8 (7.8)                        ; 0.5 (0.5)                                         ; 0.0 (0.0)                        ; 0.0 (0.0)            ; 11 (11)             ; 0 (0)                     ; 0 (0)         ; 0                 ; 0     ; 0                        ; 0                                      ; 0                                                 ; 0    ; 0 (0)  ; soc_inst|subsys_periph|mm_interconnect_0|router                                                                                                                                                            ; peripheral_subsys_altera_merlin_router_1921_iesulwy                                                                       ; altera_merlin_router_1921                               ;
;             |rsp_mux|                                                                 ; 9.5 (9.5)            ; 10.5 (10.5)                      ; 1.0 (1.0)                                         ; 0.0 (0.0)                        ; 0.0 (0.0)            ; 34 (34)             ; 0 (0)                     ; 0 (0)         ; 0                 ; 0     ; 0                        ; 0                                      ; 0                                                 ; 0    ; 0 (0)  ; soc_inst|subsys_periph|mm_interconnect_0|rsp_mux                                                                                                                                                           ; peripheral_subsys_altera_merlin_multiplexer_1922_cbyifnq                                                                  ; altera_merlin_multiplexer_1922                          ;
;             |sysid_control_slave_agent_rsp_fifo|                                      ; 2.2 (2.2)            ; 2.2 (2.2)                        ; 0.0 (0.0)                                         ; 0.0 (0.0)                        ; 0.0 (0.0)            ; 3 (3)               ; 3 (3)                     ; 0 (0)         ; 0                 ; 0     ; 0                        ; 0                                      ; 0                                                 ; 0    ; 0 (0)  ; soc_inst|subsys_periph|mm_interconnect_0|sysid_control_slave_agent_rsp_fifo                                                                                                                                ; peripheral_subsys_altera_avalon_sc_fifo_1932_22gxxgi                                                                      ; altera_avalon_sc_fifo_1932                              ;
;             |sysid_control_slave_translator|                                          ; 12.5 (12.5)          ; 13.2 (13.2)                      ; 0.7 (0.7)                                         ; 0.0 (0.0)                        ; 0.0 (0.0)            ; 8 (8)               ; 37 (37)                   ; 0 (0)         ; 0                 ; 0     ; 0                        ; 0                                      ; 0                                                 ; 0    ; 0 (0)  ; soc_inst|subsys_periph|mm_interconnect_0|sysid_control_slave_translator                                                                                                                                    ; peripheral_subsys_altera_merlin_slave_translator_191_xg7rzxi                                                              ; altera_merlin_slave_translator_191                      ;
;          |pb_cpu_0|                                                                   ; 26.3 (0.0)           ; 29.0 (0.0)                       ; 2.7 (0.0)                                         ; 0.0 (0.0)                        ; 0.0 (0.0)            ; 25 (0)              ; 77 (0)                    ; 0 (0)         ; 0                 ; 0     ; 0                        ; 0                                      ; 0                                                 ; 0    ; 0 (0)  ; soc_inst|subsys_periph|pb_cpu_0                                                                                                                                                                            ; pb_cpu_0                                                                                                                  ; pb_cpu_0                                                ;
;             |altera_avalon_mm_bridge_inst|                                            ; 26.3 (26.3)          ; 29.0 (29.0)                      ; 2.7 (2.7)                                         ; 0.0 (0.0)                        ; 0.0 (0.0)            ; 25 (25)             ; 77 (77)                   ; 0 (0)         ; 0                 ; 0     ; 0                        ; 0                                      ; 0                                                 ; 0    ; 0 (0)  ; soc_inst|subsys_periph|pb_cpu_0|altera_avalon_mm_bridge_inst                                                                                                                                               ; pb_cpu_0_altera_avalon_mm_bridge_2010_tex5a4i                                                                             ; altera_avalon_mm_bridge_2010                            ;
;          |rst_controller|                                                             ; 1.2 (0.0)            ; 1.2 (0.0)                        ; 0.0 (0.0)                                         ; 0.0 (0.0)                        ; 0.0 (0.0)            ; 0 (0)               ; 3 (0)                     ; 0 (0)         ; 0                 ; 0     ; 0                        ; 0                                      ; 0                                                 ; 0    ; 0 (0)  ; soc_inst|subsys_periph|rst_controller                                                                                                                                                                      ; altera_reset_controller                                                                                                   ; altera_reset_controller_1924                            ;
;             |alt_rst_sync_uq1|                                                        ; 1.2 (1.2)            ; 1.2 (1.2)                        ; 0.0 (0.0)                                         ; 0.0 (0.0)                        ; 0.0 (0.0)            ; 0 (0)               ; 3 (3)                     ; 0 (0)         ; 0                 ; 0     ; 0                        ; 0                                      ; 0                                                 ; 0    ; 0 (0)  ; soc_inst|subsys_periph|rst_controller|alt_rst_sync_uq1                                                                                                                                                     ; altera_reset_synchronizer                                                                                                 ; altera_reset_controller_1924                            ;
;          |rst_controller_001|                                                         ; 1.1 (0.0)            ; 1.2 (0.0)                        ; 0.2 (0.0)                                         ; 0.0 (0.0)                        ; 0.0 (0.0)            ; 0 (0)               ; 3 (0)                     ; 0 (0)         ; 0                 ; 0     ; 0                        ; 0                                      ; 0                                                 ; 0    ; 0 (0)  ; soc_inst|subsys_periph|rst_controller_001                                                                                                                                                                  ; altera_reset_controller                                                                                                   ; altera_reset_controller_1924                            ;
;             |alt_rst_sync_uq1|                                                        ; 1.1 (1.1)            ; 1.2 (1.2)                        ; 0.2 (0.2)                                         ; 0.0 (0.0)                        ; 0.0 (0.0)            ; 0 (0)               ; 3 (3)                     ; 0 (0)         ; 0                 ; 0     ; 0                        ; 0                                      ; 0                                                 ; 0    ; 0 (0)  ; soc_inst|subsys_periph|rst_controller_001|alt_rst_sync_uq1                                                                                                                                                 ; altera_reset_synchronizer                                                                                                 ; altera_reset_controller_1924                            ;
;          |sysid|                                                                      ; 8.0 (0.0)            ; 8.1 (0.0)                        ; 0.1 (0.0)                                         ; 0.0 (0.0)                        ; 0.0 (0.0)            ; 32 (0)              ; 0 (0)                     ; 0 (0)         ; 0                 ; 0     ; 0                        ; 0                                      ; 0                                                 ; 0    ; 0 (0)  ; soc_inst|subsys_periph|sysid                                                                                                                                                                               ; sysid                                                                                                                     ; sysid                                                   ;
;             |altera_avalon_sysid_qsys_inst|                                           ; 8.0 (8.0)            ; 8.1 (8.1)                        ; 0.1 (0.1)                                         ; 0.0 (0.0)                        ; 0.0 (0.0)            ; 32 (32)             ; 0 (0)                     ; 0 (0)         ; 0                 ; 0     ; 0                        ; 0                                      ; 0                                                 ; 0    ; 0 (0)  ; soc_inst|subsys_periph|sysid|altera_avalon_sysid_qsys_inst                                                                                                                                                 ; altera_avalon_sysid_qsys                                                                                                  ; altera_avalon_sysid_qsys_2000                           ;
+---------------------------------------------------------------------------------------+----------------------+----------------------------------+---------------------------------------------------+----------------------------------+----------------------+---------------------+---------------------------+---------------+-------------------+-------+--------------------------+----------------------------------------+---------------------------------------------------+------+--------+------------------------------------------------------------------------------------------------------------------------------------------------------------------------------------------------------------+---------------------------------------------------------------------------------------------------------------------------+---------------------------------------------------------+
Note: For table entries with two numbers listed, the numbers in parentheses indicate the number of resources of the given type used by the specific entity alone. The numbers listed outside of parentheses indicate the total resources of the given type used by the specific entity and all of its sub-entities in the hierarchy.


+-----------------------------------------------------------------------------------------------------------+
; Fitter Partition Statistics                                                                               ;
+-------------------------------------------------------+--------------------------+------------------------+
; Statistic                                             ; |                        ; auto_fab_0             ;
+-------------------------------------------------------+--------------------------+------------------------+
; ALMs needed [=A-B+C]                                  ; 9392.8 / 46800 ( 20 % )  ; 83.6 / 46800 ( < 1 % ) ;
;     [A] ALMs used in final placement                  ; 10087.0 / 46800 ( 21 % ) ; 92.0 / 46800 ( < 1 % ) ;
;     [B] Estimate of ALMs recoverable by dense packing ; 763.5 / 46800 ( 1 % )    ; 8.4 / 46800 ( < 1 % )  ;
;     [C] Estimate of ALMs unavailable                  ; 69.3 / 46800 ( < 1 % )   ; 0.0 / 46800 ( 0 % )    ;
; ALMs used for memory                                  ; 680.0                    ; 0.0                    ;
; Combinational ALUTs                                   ; 13589                    ; 137                    ;
; Dedicated Logic Registers                             ; 17979 / 187200 ( 9 % )   ; 96 / 187200 ( < 1 % )  ;
; I/O Registers                                         ; 0                        ; 0                      ;
; Block Memory Bits                                     ; 2107072                  ; 0                      ;
; M20Ks                                                 ; 138 / 358 ( 38 % )       ; 0 / 358 ( 0 % )        ;
; DSP Blocks needed [=A-B]                              ; 0 / 188 ( 0 % )          ; 0 / 188 ( 0 % )        ;
;     [A] DSP Blocks used in final placement            ; 0 / 188 ( 0 % )          ; 0 / 188 ( 0 % )        ;
;     [B] Estimate of DSPs recoverable by dense merging ; 0 / 188 ( 0 % )          ; 0 / 188 ( 0 % )        ;
; Pins                                                  ; 686                      ; 0                      ;
; IOPLLs                                                ; 3                        ; 0                      ;
;                                                       ;                          ;                        ;
; Region Placement                                      ; -                        ; -                      ;
;                                                       ;                          ;                        ;
; Partition Ports                                       ;                          ;                        ;
;     -- Input Ports                                    ; 233                      ; 18                     ;
;     -- Output Ports                                   ; 97                       ; 80                     ;
;                                                       ;                          ;                        ;
; Connections                                           ;                          ;                        ;
;     -- Input Connections                              ; 18                       ; 1151                   ;
;     -- Registered Input Connections                   ; 0                        ; 333                    ;
;     -- Output Connections                             ; 1151                     ; 18                     ;
;     -- Registered Output Connections                  ; 807                      ; 0                      ;
;                                                       ;                          ;                        ;
; Internal Connections                                  ;                          ;                        ;
;     -- Total Connections                              ; 175302                   ; 2011                   ;
;     -- Registered Connections                         ; 75541                    ; 808                    ;
;                                                       ;                          ;                        ;
; External Connections                                  ;                          ;                        ;
;     -- |                                              ; 0                        ; 1169                   ;
;     -- auto_fab_0                                     ; 1169                     ; 0                      ;
+-------------------------------------------------------+--------------------------+------------------------+


+---------------------------------------------------------------------------------------------------------------------------------+
; Global & Other Fast Signals Summary                                                                                             ;
+--------------------------------------------------------------------+-----------------------+---------+--------------------------+
; Name                                                               ; Location              ; Fan-Out ; Clock Region             ;
+--------------------------------------------------------------------+-----------------------+---------+--------------------------+
; pll_inst|iopll_0|tennm_ph2_iopll~O_OUT_CLK0                        ; IOPLL_X121_Y6_N846    ; 21188   ; Sectors (0, 0) to (1, 0) ;
; auto_fab_0|alt_sld_fab_0|alt_sld_fab_0|jtagpins|atom_inst|core_tck ; SDMJTAGELA_X0_Y2_N124 ; 765     ; Sector (0, 0)            ;
+--------------------------------------------------------------------+-----------------------+---------+--------------------------+


-------------------------------
; Global Signal Visualization ;
-------------------------------
This report is unavailable in plain text report export.


+------------------------------------------------------------------------------------------------------------------------+
; Global & Other Fast Signals Details                                                                                    ;
+---------------------------------------------------+--------------------------------------------------------------------+
; Property                                          ; Value                                                              ;
+---------------------------------------------------+--------------------------------------------------------------------+
; Name                                              ; pll_inst|iopll_0|tennm_ph2_iopll~O_OUT_CLK0                        ;
;     -- SDC Name                                   ; pll_inst|iopll_0_outclk0                                           ;
;     -- Source Node                                ; pll_inst|iopll_0|tennm_ph2_iopll                                   ;
;     -- Source Type                                ; IOPLL                                                              ;
;     -- Source Location                            ; IOPLL_X121_Y6_N846                                                 ;
;     -- Fan-Out                                    ; 21188                                                              ;
;     -- Promotion Reason                           ; Mandatory                                                          ;
;     -- Clock Region                               ; Sectors (0, 0) to (1, 0)                                           ;
;     -- Clock Partition Ownership for Preservation ; root_partition                                                     ;
;     -- Clock Region Size (in Sectors)             ; 2 x 1 (2 total)                                                    ;
;     -- Clock Region Bounding Box                  ; (0, 5) to (121, 51)                                                ;
;     -- Clock Region Constraint                    ; SX0 SY0 SX1 SY0                                                    ;
;     -- Terminating Spine Index                    ; 8                                                                  ;
;     -- Path Length                                ; 1.5 clock sector wire(s) and 0 layer jump(s)                       ;
;         -- Length from Clock Source to Clock Tree ; 1.5 clock sector wire(s) and 0 layer jump(s)*                      ;
;         -- Clock Tree Length                      ; 0.0 clock sector wire(s) and 0 layer jump(s)                       ;
;                                                   ;                                                                    ;
; Name                                              ; auto_fab_0|alt_sld_fab_0|alt_sld_fab_0|jtagpins|atom_inst|core_tck ;
;     -- Source Node                                ; auto_fab_0|alt_sld_fab_0|alt_sld_fab_0|jtagpins|atom_inst|atom     ;
;     -- Source Type                                ; SDM JTAG ELA block                                                 ;
;     -- Source Location                            ; SDMJTAGELA_X0_Y2_N124                                              ;
;     -- Fan-Out                                    ; 765                                                                ;
;     -- Promotion Reason                           ; Mandatory                                                          ;
;     -- Clock Region                               ; Sector (0, 0)                                                      ;
;     -- Clock Partition Ownership for Preservation ; root_partition, auto_fab_0                                         ;
;     -- Clock Region Size (in Sectors)             ; 1 x 1 (1 total)                                                    ;
;     -- Clock Region Bounding Box                  ; (0, 5) to (60, 51)                                                 ;
;     -- Clock Region Constraint                    ; SX0 SY0 SX0 SY0                                                    ;
;     -- Terminating Spine Index                    ; 5                                                                  ;
;     -- Path Length                                ; 0.5 clock sector wire(s) and 1 layer jump(s)                       ;
;         -- Length from Clock Source to Clock Tree ; 0.5 clock sector wire(s) and 1 layer jump(s)                       ;
;         -- Clock Tree Length                      ; 0.0 clock sector wire(s) and 0 layer jump(s)                       ;
+---------------------------------------------------+--------------------------------------------------------------------+
To visualize how these signals are routed, use the Chip Planner task "Report Clock Details".
To manually specify the size and placement of these signals, use the Assignment Editor to make Clock Region assignments.
* A long insertion path may limit performance on high-speed signals. Consider revising the clock pin location or use Clock Region and/or Logic Lock Region assignments to constrain the placement of the fanout closer to the source.


+---------------------------------------------------------------------------------------------------------------------------------------------------------------------------------------------+
; Fitter Duplication Summary                                                                                                                                                                  ;
+--------------------------------------------------------------------------------+--------------------+--------------------+---------------+----------------------+---------------------------+
; Node Name                                                                      ; Candidate Reason   ; Duplication Status ; Total fan-out ; Number of Duplicates ; Average Duplicate fan-out ;
+--------------------------------------------------------------------------------+--------------------+--------------------+---------------+----------------------+---------------------------+
; soc_inst|ocm|intel_onchip_memory_inst|s1_axi_bursting_adapter|r_ram_wraddr[4]  ; Auto: High Fan-out ; Accepted           ; 1026          ; 4                    ; 256.50                    ;
; soc_inst|ocm|intel_onchip_memory_inst|s1_axi_bursting_adapter|r_ram_wraddr[5]  ; Auto: High Fan-out ; Accepted           ; 1026          ; 4                    ; 256.50                    ;
; soc_inst|ocm|intel_onchip_memory_inst|s1_axi_bursting_adapter|r_ram_wraddr[6]  ; Auto: High Fan-out ; Accepted           ; 1026          ; 4                    ; 256.50                    ;
; soc_inst|ocm|intel_onchip_memory_inst|s1_axi_bursting_adapter|r_ram_wraddr[7]  ; Auto: High Fan-out ; Accepted           ; 1026          ; 4                    ; 256.50                    ;
; soc_inst|ocm|intel_onchip_memory_inst|s1_axi_bursting_adapter|r_ram_wraddr[8]  ; Auto: High Fan-out ; Accepted           ; 1026          ; 4                    ; 256.50                    ;
; soc_inst|ocm|intel_onchip_memory_inst|s1_axi_bursting_adapter|r_ram_wraddr[9]  ; Auto: High Fan-out ; Accepted           ; 1026          ; 4                    ; 256.50                    ;
; soc_inst|ocm|intel_onchip_memory_inst|s1_axi_bursting_adapter|r_ram_wraddr[10] ; Auto: High Fan-out ; Accepted           ; 1026          ; 4                    ; 256.50                    ;
; soc_inst|ocm|intel_onchip_memory_inst|s1_axi_bursting_adapter|r_ram_wraddr[11] ; Auto: High Fan-out ; Accepted           ; 1026          ; 4                    ; 256.50                    ;
; soc_inst|ocm|intel_onchip_memory_inst|s1_axi_bursting_adapter|r_ram_wraddr[12] ; Auto: High Fan-out ; Accepted           ; 1026          ; 4                    ; 256.50                    ;
; soc_inst|ocm|intel_onchip_memory_inst|s1_axi_bursting_adapter|r_ram_wraddr[13] ; Auto: High Fan-out ; Accepted           ; 1026          ; 4                    ; 256.50                    ;
; soc_inst|ocm|intel_onchip_memory_inst|s1_axi_bursting_adapter|r_ram_wraddr[14] ; Auto: High Fan-out ; Accepted           ; 1026          ; 4                    ; 256.50                    ;
; soc_inst|rst_controller|rst_controller|r_early_rst                             ; Auto: High Fan-out ; Accepted           ; 1025          ; 4                    ; 256.25                    ;
+--------------------------------------------------------------------------------+--------------------+--------------------+---------------+----------------------+---------------------------+
Disclaimer: Duplicate registers created may later be merged for timing optimization in the final design


+------------------------------------------------------------------------------------------------------------------------------------------------------------------------------+
; Non-Global High Fan-Out Signals                                                                                                                                              ;
+-------------------------------------------------------------------------------------------------------------------------------------------------+---------+------------------+
; Name                                                                                                                                            ; Fan-Out ; Physical Fan-Out ;
+-------------------------------------------------------------------------------------------------------------------------------------------------+---------+------------------+
; soc_inst|ocm|intel_onchip_memory_inst|s1_axi_bursting_adapter|w_ram_rden~0xsyn                                                                  ; 1043    ; 147              ;
; soc_inst|ocm|intel_onchip_memory_inst|s1_axi_bursting_adapter|w_current_rdaddr[0]~4                                                             ; 1026    ; 130              ;
; soc_inst|ocm|intel_onchip_memory_inst|s1_axi_bursting_adapter|w_current_rdaddr[0]~2                                                             ; 1026    ; 130              ;
; soc_inst|ocm|intel_onchip_memory_inst|s1_axi_bursting_adapter|w_current_rdaddr[0]~12                                                            ; 1025    ; 129              ;
; soc_inst|ocm|intel_onchip_memory_inst|s1_axi_bursting_adapter|w_current_rdaddr[0]~10                                                            ; 1025    ; 129              ;
; soc_inst|ocm|intel_onchip_memory_inst|s1_axi_bursting_adapter|w_current_rdaddr[0]~8                                                             ; 1025    ; 129              ;
; soc_inst|ocm|intel_onchip_memory_inst|s1_axi_bursting_adapter|w_current_rdaddr[0]~6                                                             ; 1025    ; 129              ;
; soc_inst|ocm|intel_onchip_memory_inst|s1_axi_bursting_adapter|w_current_rdaddr[0]~11                                                            ; 1024    ; 128              ;
; soc_inst|ocm|intel_onchip_memory_inst|s1_axi_bursting_adapter|w_current_rdaddr[0]~9                                                             ; 1024    ; 128              ;
; soc_inst|ocm|intel_onchip_memory_inst|s1_axi_bursting_adapter|w_current_rdaddr[0]~7                                                             ; 1024    ; 128              ;
; soc_inst|ocm|intel_onchip_memory_inst|s1_axi_bursting_adapter|w_current_rdaddr[0]~5                                                             ; 1024    ; 128              ;
; soc_inst|ocm|intel_onchip_memory_inst|s1_axi_bursting_adapter|w_current_rdaddr[0]~3                                                             ; 1024    ; 128              ;
; soc_inst|rst_controller|rst_controller|r_sync_rst                                                                                               ; 812     ; 126              ;
; soc_inst|subsys_hps|agilex_hps|intel_agilex_5_soc_inst|sm_mpfe|sundancemesa_mpfe_ready_latency_adp_inst_fpga2hps|w_inst_skid_buf__reset_pipe_in ; 594     ; 36               ;
; soc_inst|subsys_hps|agilex_hps|intel_agilex_5_soc_inst|sm_mpfe|sundancemesa_mpfe_ready_latency_adp_inst_fpga2hps|rresp_inst__reset_pipe_in      ; 535     ; 40               ;
; soc_inst|subsys_hps|agilex_hps|intel_agilex_5_soc_inst|sm_mpfe|sundancemesa_mpfe_ready_latency_adp_inst_f2sdram|rresp_inst__reset_pipe_in       ; 535     ; 39               ;
+-------------------------------------------------------------------------------------------------------------------------------------------------+---------+------------------+
Fan-Out is the number of connections the specified signal drives on the netlist.
Physical Fan-Out is the number of connections needed to route the signal, which may be lower if multiple netlist destinations share the same routing port.


+-----------------------------------------------------------------------------------------------------------------------------------------------------------------------------------------------------------------------------------------------------------------------------------------------------------------------------------------------------------------------------------------------------------------------------------------------------------------------------------------------------------------------------------------------------------------------------------------------------------------------------------------------------------------------------------------------------------------------------------------------------------------------------------------------------------------------------------------------------------------------------------------------------------------------------------------------------------------------------------------------------------------------------------------------------------------------------------------------------------------------------------------------------------------------------------------------------------------------------------------------------------------------------------------------------------------------------------------------------------------------------------------------------------------------------------------------------------------------------------------------------------------------------------------------------------------------------------------------------------------------------------------------------------------------------------------------------------------------------------------------------------------------------------------------------------------------------------------------------------------------------------------------------------------------------------------------------------------------------------------------------------------------------------------------------------------------------------------------------------------------------------------------------------------------------------------------------------------------------------------------------------------------------------------------------------------------------------------------------------------------------------------------------------------------------------------------------------------------------------------------------------------------------------------------------------------------------------------------------------------------------------------------------------------------------------------------------------------------------------------------------------------------------------------------------------------------------------------------------------------------------------------------------------------------------------------------------------------------------------------------------------------------------------------------------------------------------------------------------------------+
; Fitter RAM Summary                                                                                                                                                                                                                                                                                                                                                                                                                                                                                                                                                                                                                                                                                                                                                                                                                                                                                                                                                                                                                                                                                                                                                                                                                                                                                                                                                                                                                                                                                                                                                                                                                                                                                                                                                                                                                                                                                                                                                                                                                                                                                                                                                                                                                                                                                                                                                                                                                                                                                                                                                                                                                                                                                                                                                                                                                                                                                                                                                                                                                                                                                              ;
+---------------------------------------------------------------------------------------------------------------------------------------------------------------------------------------------------------------------------+------+------------------+--------------+--------------+--------------+--------------+--------------+------------------------+-------------------------+------------------------+-------------------------+--------------+-----------------------------+-----------------------------+-----------------------------+-----------------------------+---------------------+-------------+--------+---------------------------------------------------------------------------------+---------------------------------------------------------------------------------------------------------------------------------------------------------------------------------------------------------------------------------------------------------------------------------------------------------------------------------------------------------------------------------------------------------------------------------------------------------------------------------------------------------------------------------------------------------------------------------------------------------------------------------------------------------------------------------------------------------------------------------------------------------------------------------------------------------------------------------------------------------------------------------------------------------------------------------------------------------------------------------------------------------------------------------------------------------------------------------------------------------------------------------------------------------------------------------------------------------------------------------------------------------------------------------------------------------------------------------------------------------------------------------------------------------------------------------------------------------------------------------------------------------------------------------------------------------------------------------------------------------------------------------------------------------------------------------------------------------------------------------------------------------------------------------------------------------------------------------------------------------------------------------------------------------------------------------------------------------------------------------------------------------------------------------------------------------------------------------------------------------------------------------------------------------------------------------------------------------------------------------------------------------------+---------------------+-----------------+-----------------+----------+------------------------+------------------+-------------------+
; Name                                                                                                                                                                                                                      ; Type ; Mode             ; Clock Mode   ; Port A Depth ; Port A Width ; Port B Depth ; Port B Width ; Port A Input Registers ; Port A Output Registers ; Port B Input Registers ; Port B Output Registers ; Logical Size ; Implementation Port A Depth ; Implementation Port A Width ; Implementation Port B Depth ; Implementation Port B Width ; Implementation Bits ; M20K blocks ; MLABs  ; MIF                                                                             ; Location                                                                                                                                                                                                                                                                                                                                                                                                                                                                                                                                                                                                                                                                                                                                                                                                                                                                                                                                                                                                                                                                                                                                                                                                                                                                                                                                                                                                                                                                                                                                                                                                                                                                                                                                                                                                                                                                                                                                                                                                                                                                                                                                                                                                                                                      ; Mixed Port RDW Mode ; Port A RDW Mode ; Port B RDW Mode ; ECC Mode ; ECC Pipeline Registers ; Performance Mode ; Fits in MLABs     ;
+---------------------------------------------------------------------------------------------------------------------------------------------------------------------------------------------------------------------------+------+------------------+--------------+--------------+--------------+--------------+--------------+------------------------+-------------------------+------------------------+-------------------------+--------------+-----------------------------+-----------------------------+-----------------------------+-----------------------------+---------------------+-------------+--------+---------------------------------------------------------------------------------+---------------------------------------------------------------------------------------------------------------------------------------------------------------------------------------------------------------------------------------------------------------------------------------------------------------------------------------------------------------------------------------------------------------------------------------------------------------------------------------------------------------------------------------------------------------------------------------------------------------------------------------------------------------------------------------------------------------------------------------------------------------------------------------------------------------------------------------------------------------------------------------------------------------------------------------------------------------------------------------------------------------------------------------------------------------------------------------------------------------------------------------------------------------------------------------------------------------------------------------------------------------------------------------------------------------------------------------------------------------------------------------------------------------------------------------------------------------------------------------------------------------------------------------------------------------------------------------------------------------------------------------------------------------------------------------------------------------------------------------------------------------------------------------------------------------------------------------------------------------------------------------------------------------------------------------------------------------------------------------------------------------------------------------------------------------------------------------------------------------------------------------------------------------------------------------------------------------------------------------------------------------+---------------------+-----------------+-----------------+----------+------------------------+------------------+-------------------+
; soc_inst|emif_io96b_lpddr4_0|emif_io96b_lpddr4_0|emif_arch_top|arch_emif_0.arch0_1ch_per_io.arch_0|fbr_axi_adapter_wide|gen_skid_buffers.inst_rdfifo|auto_generated|dpfifo|FIFOram|altera_syncram_impl1|ALTERA_SYNCRAM    ; M20K ; Simple Dual Port ; Single Clock ; 32           ; 266          ; 32           ; 266          ; yes                    ; no                      ; yes                    ; yes                     ; 8512         ; 32                          ; 262                         ; 32                          ; 262                         ; 8384                ; 7.000       ; 0.000  ; None                                                                            ; M20K_X65_Y6_N0, M20K_X65_Y8_N0, M20K_X65_Y9_N0, M20K_X65_Y10_N0, M20K_X65_Y5_N0, M20K_X65_Y7_N0, M20K_X56_Y5_N0                                                                                                                                                                                                                                                                                                                                                                                                                                                                                                                                                                                                                                                                                                                                                                                                                                                                                                                                                                                                                                                                                                                                                                                                                                                                                                                                                                                                                                                                                                                                                                                                                                                                                                                                                                                                                                                                                                                                                                                                                                                                                                                                               ; Don't care          ; New data        ; New data        ; Off      ; No                     ; High Speed       ; No - Size Too Big ;
; soc_inst|emif_io96b_lpddr4_0|emif_io96b_lpddr4_0|emif_arch_top|arch_emif_0.arch0_1ch_per_io.arch_0|fbr_axi_adapter_wide|gen_skid_buffers.inst_wrespfifo|auto_generated|dpfifo|FIFOram|altera_syncram_impl1|ALTERA_SYNCRAM ; MLAB ; Simple Dual Port ; Single Clock ; 32           ; 9            ; 32           ; 9            ; yes                    ; no                      ; no                     ; yes                     ; 288          ; 32                          ; 6                           ; 32                          ; 6                           ; 192                 ; 0.000       ; 1.000  ; None                                                                            ; LAB_X76_Y13_N0                                                                                                                                                                                                                                                                                                                                                                                                                                                                                                                                                                                                                                                                                                                                                                                                                                                                                                                                                                                                                                                                                                                                                                                                                                                                                                                                                                                                                                                                                                                                                                                                                                                                                                                                                                                                                                                                                                                                                                                                                                                                                                                                                                                                                                                ; Don't care          ;                 ;                 ;          ;                        ;                  ;                   ;
; soc_inst|ocm|intel_onchip_memory_inst|altera_syncram_component|auto_generated|altera_syncram_impl1|ALTERA_SYNCRAM                                                                                                         ; M20K ; Simple Dual Port ; Single Clock ; 16384        ; 128          ; 16384        ; 128          ; yes                    ; no                      ; yes                    ; no                      ; 2097152      ; 16384                       ; 128                         ; 16384                       ; 128                         ; 2097152             ; 128.000     ; 0.000  ; ip/qsys_top/ocm/intel_onchip_memory_1410/synth/ocm_intel_onchip_memory_inst.hex ; M20K_X29_Y37_N0, M20K_X29_Y39_N0, M20K_X24_Y38_N0, M20K_X29_Y38_N0, M20K_X24_Y41_N0, M20K_X24_Y40_N0, M20K_X29_Y40_N0, M20K_X24_Y39_N0, M20K_X29_Y26_N0, M20K_X24_Y27_N0, M20K_X24_Y26_N0, M20K_X24_Y25_N0, M20K_X24_Y33_N0, M20K_X24_Y30_N0, M20K_X24_Y31_N0, M20K_X24_Y32_N0, M20K_X56_Y24_N0, M20K_X56_Y26_N0, M20K_X56_Y25_N0, M20K_X56_Y23_N0, M20K_X65_Y23_N0, M20K_X65_Y24_N0, M20K_X65_Y22_N0, M20K_X56_Y22_N0, M20K_X65_Y20_N0, M20K_X65_Y19_N0, M20K_X65_Y18_N0, M20K_X65_Y21_N0, M20K_X65_Y16_N0, M20K_X65_Y15_N0, M20K_X65_Y13_N0, M20K_X65_Y14_N0, M20K_X29_Y33_N0, M20K_X24_Y34_N0, M20K_X29_Y34_N0, M20K_X24_Y37_N0, M20K_X29_Y35_N0, M20K_X24_Y35_N0, M20K_X29_Y36_N0, M20K_X24_Y36_N0, M20K_X56_Y12_N0, M20K_X56_Y11_N0, M20K_X56_Y9_N0, M20K_X65_Y11_N0, M20K_X65_Y17_N0, M20K_X65_Y12_N0, M20K_X56_Y13_N0, M20K_X56_Y10_N0, M20K_X65_Y34_N0, M20K_X65_Y35_N0, M20K_X65_Y36_N0, M20K_X56_Y34_N0, M20K_X65_Y33_N0, M20K_X65_Y32_N0, M20K_X65_Y30_N0, M20K_X65_Y31_N0, M20K_X56_Y30_N0, M20K_X56_Y32_N0, M20K_X56_Y33_N0, M20K_X56_Y31_N0, M20K_X56_Y35_N0, M20K_X56_Y38_N0, M20K_X56_Y36_N0, M20K_X56_Y37_N0, M20K_X29_Y19_N0, M20K_X29_Y21_N0, M20K_X29_Y18_N0, M20K_X29_Y20_N0, M20K_X24_Y18_N0, M20K_X24_Y17_N0, M20K_X24_Y19_N0, M20K_X24_Y20_N0, M20K_X29_Y25_N0, M20K_X29_Y23_N0, M20K_X29_Y24_N0, M20K_X24_Y24_N0, M20K_X29_Y22_N0, M20K_X24_Y22_N0, M20K_X24_Y21_N0, M20K_X24_Y23_N0, M20K_X65_Y40_N0, M20K_X65_Y37_N0, M20K_X65_Y38_N0, M20K_X65_Y39_N0, M20K_X56_Y41_N0, M20K_X65_Y42_N0, M20K_X56_Y42_N0, M20K_X65_Y41_N0, M20K_X56_Y15_N0, M20K_X56_Y19_N0, M20K_X56_Y21_N0, M20K_X56_Y20_N0, M20K_X56_Y16_N0, M20K_X56_Y14_N0, M20K_X56_Y17_N0, M20K_X56_Y18_N0, M20K_X29_Y16_N0, M20K_X24_Y16_N0, M20K_X29_Y15_N0, M20K_X29_Y17_N0, M20K_X24_Y15_N0, M20K_X24_Y13_N0, M20K_X29_Y14_N0, M20K_X24_Y14_N0, M20K_X56_Y40_N0, M20K_X56_Y44_N0, M20K_X56_Y43_N0, M20K_X56_Y39_N0, M20K_X56_Y45_N0, M20K_X65_Y44_N0, M20K_X65_Y45_N0, M20K_X65_Y43_N0, M20K_X29_Y28_N0, M20K_X24_Y29_N0, M20K_X24_Y28_N0, M20K_X29_Y27_N0, M20K_X29_Y32_N0, M20K_X29_Y29_N0, M20K_X29_Y31_N0, M20K_X29_Y30_N0, M20K_X56_Y28_N0, M20K_X56_Y27_N0, M20K_X65_Y29_N0, M20K_X56_Y29_N0, M20K_X65_Y25_N0, M20K_X65_Y27_N0, M20K_X65_Y26_N0, M20K_X65_Y28_N0 ; Don't care          ; New data        ; New data        ; Off      ; No                     ; High Speed       ; No - Size Too Big ;
; soc_inst|subsys_debug|fpga_m|altera_jtag_avalon_master_inst|fifo|gen_blk9.gen_blk10_else.altera_syncram_component|auto_generated|altera_syncram_impl1|ALTERA_SYNCRAM                                                      ; M20K ; Simple Dual Port ; Single Clock ; 64           ; 8            ; 64           ; 8            ; yes                    ; no                      ; yes                    ; yes                     ; 512          ; 64                          ; 8                           ; 64                          ; 8                           ; 512                 ; 1.000       ; 0.000  ; None                                                                            ; M20K_X29_Y13_N0                                                                                                                                                                                                                                                                                                                                                                                                                                                                                                                                                                                                                                                                                                                                                                                                                                                                                                                                                                                                                                                                                                                                                                                                                                                                                                                                                                                                                                                                                                                                                                                                                                                                                                                                                                                                                                                                                                                                                                                                                                                                                                                                                                                                                                               ; Don't care          ; New data        ; New data        ; Off      ; No                     ; High Speed       ; Yes               ;
; soc_inst|subsys_debug|hps_f2sdram|altera_jtag_avalon_master_inst|fifo|gen_blk9.gen_blk10_else.altera_syncram_component|auto_generated|altera_syncram_impl1|ALTERA_SYNCRAM                                                 ; M20K ; Simple Dual Port ; Single Clock ; 64           ; 8            ; 64           ; 8            ; yes                    ; no                      ; yes                    ; yes                     ; 512          ; 64                          ; 8                           ; 64                          ; 8                           ; 512                 ; 1.000       ; 0.000  ; None                                                                            ; M20K_X5_Y11_N0                                                                                                                                                                                                                                                                                                                                                                                                                                                                                                                                                                                                                                                                                                                                                                                                                                                                                                                                                                                                                                                                                                                                                                                                                                                                                                                                                                                                                                                                                                                                                                                                                                                                                                                                                                                                                                                                                                                                                                                                                                                                                                                                                                                                                                                ; Don't care          ; New data        ; New data        ; Off      ; No                     ; High Speed       ; Yes               ;
; soc_inst|subsys_debug|hps_m|altera_jtag_avalon_master_inst|fifo|gen_blk9.gen_blk10_else.altera_syncram_component|auto_generated|altera_syncram_impl1|ALTERA_SYNCRAM                                                       ; M20K ; Simple Dual Port ; Single Clock ; 64           ; 8            ; 64           ; 8            ; yes                    ; no                      ; yes                    ; yes                     ; 512          ; 64                          ; 8                           ; 64                          ; 8                           ; 512                 ; 1.000       ; 0.000  ; None                                                                            ; M20K_X5_Y17_N0                                                                                                                                                                                                                                                                                                                                                                                                                                                                                                                                                                                                                                                                                                                                                                                                                                                                                                                                                                                                                                                                                                                                                                                                                                                                                                                                                                                                                                                                                                                                                                                                                                                                                                                                                                                                                                                                                                                                                                                                                                                                                                                                                                                                                                                ; Don't care          ; New data        ; New data        ; Off      ; No                     ; High Speed       ; Yes               ;
; soc_inst|subsys_hps|agilex_hps|intel_agilex_5_soc_inst|sm_hps|hps2fpga_axi4_rl_adp_inst|ar_inst_skid_buf|fifo_inst|a1|fifo_inst|mlab_inst|mem_rtl_0|auto_generated|ALTDPRAM_INSTANCE                                      ; MLAB ; Simple Dual Port ; Single Clock ; 8            ; 49           ; 8            ; 49           ; yes                    ; no                      ; no                     ; yes                     ; 392          ; 8                           ; 49                          ; 8                           ; 49                          ; 392                 ; 0.000       ; 3.000  ; None                                                                            ; LAB_X28_Y44_N0, LAB_X28_Y43_N0, LAB_X28_Y45_N0                                                                                                                                                                                                                                                                                                                                                                                                                                                                                                                                                                                                                                                                                                                                                                                                                                                                                                                                                                                                                                                                                                                                                                                                                                                                                                                                                                                                                                                                                                                                                                                                                                                                                                                                                                                                                                                                                                                                                                                                                                                                                                                                                                                                                ; Don't care          ;                 ;                 ;          ;                        ;                  ;                   ;
; soc_inst|subsys_hps|agilex_hps|intel_agilex_5_soc_inst|sm_hps|hps2fpga_axi4_rl_adp_inst|aw_inst_skid_buf|fifo_inst|a1|fifo_inst|mlab_inst|mem_rtl_0|auto_generated|ALTDPRAM_INSTANCE                                      ; MLAB ; Simple Dual Port ; Single Clock ; 8            ; 56           ; 8            ; 56           ; yes                    ; no                      ; no                     ; yes                     ; 448          ; 8                           ; 49                          ; 8                           ; 49                          ; 392                 ; 0.000       ; 3.000  ; None                                                                            ; LAB_X26_Y41_N0, LAB_X28_Y41_N0, LAB_X26_Y40_N0                                                                                                                                                                                                                                                                                                                                                                                                                                                                                                                                                                                                                                                                                                                                                                                                                                                                                                                                                                                                                                                                                                                                                                                                                                                                                                                                                                                                                                                                                                                                                                                                                                                                                                                                                                                                                                                                                                                                                                                                                                                                                                                                                                                                                ; Don't care          ;                 ;                 ;          ;                        ;                  ;                   ;
; soc_inst|subsys_hps|agilex_hps|intel_agilex_5_soc_inst|sm_hps|hps2fpga_axi4_rl_adp_inst|w_inst_skid_buf|fifo_inst|a1|fifo_inst|mlab_inst|mem_rtl_0|auto_generated|ALTDPRAM_INSTANCE                                       ; MLAB ; Simple Dual Port ; Single Clock ; 8            ; 145          ; 8            ; 145          ; yes                    ; no                      ; no                     ; yes                     ; 1160         ; 8                           ; 145                         ; 8                           ; 145                         ; 1160                ; 0.000       ; 8.000  ; None                                                                            ; LAB_X13_Y41_N0, LAB_X13_Y42_N0, LAB_X17_Y40_N0, LAB_X19_Y41_N0, LAB_X17_Y42_N0, LAB_X13_Y40_N0, LAB_X17_Y41_N0, LAB_X19_Y42_N0                                                                                                                                                                                                                                                                                                                                                                                                                                                                                                                                                                                                                                                                                                                                                                                                                                                                                                                                                                                                                                                                                                                                                                                                                                                                                                                                                                                                                                                                                                                                                                                                                                                                                                                                                                                                                                                                                                                                                                                                                                                                                                                                ; Don't care          ;                 ;                 ;          ;                        ;                  ;                   ;
; soc_inst|subsys_hps|agilex_hps|intel_agilex_5_soc_inst|sm_hps|lwhps2fpga_axi4_rl_adp_inst|ar_inst_skid_buf|fifo_inst|a1|fifo_inst|mlab_inst|mem_rtl_0|auto_generated|ALTDPRAM_INSTANCE                                    ; MLAB ; Simple Dual Port ; Single Clock ; 8            ; 46           ; 8            ; 46           ; yes                    ; no                      ; no                     ; yes                     ; 368          ; 8                           ; 45                          ; 8                           ; 45                          ; 360                 ; 0.000       ; 3.000  ; None                                                                            ; LAB_X37_Y48_N0, LAB_X37_Y50_N0, LAB_X37_Y49_N0                                                                                                                                                                                                                                                                                                                                                                                                                                                                                                                                                                                                                                                                                                                                                                                                                                                                                                                                                                                                                                                                                                                                                                                                                                                                                                                                                                                                                                                                                                                                                                                                                                                                                                                                                                                                                                                                                                                                                                                                                                                                                                                                                                                                                ; Don't care          ;                 ;                 ;          ;                        ;                  ;                   ;
; soc_inst|subsys_hps|agilex_hps|intel_agilex_5_soc_inst|sm_hps|lwhps2fpga_axi4_rl_adp_inst|aw_inst_skid_buf|fifo_inst|a1|fifo_inst|mlab_inst|mem_rtl_0|auto_generated|ALTDPRAM_INSTANCE                                    ; MLAB ; Simple Dual Port ; Single Clock ; 8            ; 46           ; 8            ; 46           ; yes                    ; no                      ; no                     ; yes                     ; 368          ; 8                           ; 45                          ; 8                           ; 45                          ; 360                 ; 0.000       ; 3.000  ; None                                                                            ; LAB_X33_Y50_N0, LAB_X31_Y49_N0, LAB_X31_Y50_N0                                                                                                                                                                                                                                                                                                                                                                                                                                                                                                                                                                                                                                                                                                                                                                                                                                                                                                                                                                                                                                                                                                                                                                                                                                                                                                                                                                                                                                                                                                                                                                                                                                                                                                                                                                                                                                                                                                                                                                                                                                                                                                                                                                                                                ; Don't care          ;                 ;                 ;          ;                        ;                  ;                   ;
; soc_inst|subsys_hps|agilex_hps|intel_agilex_5_soc_inst|sm_hps|lwhps2fpga_axi4_rl_adp_inst|w_inst_skid_buf|fifo_inst|a1|fifo_inst|mlab_inst|mem_rtl_0|auto_generated|ALTDPRAM_INSTANCE                                     ; MLAB ; Simple Dual Port ; Single Clock ; 8            ; 37           ; 8            ; 37           ; yes                    ; no                      ; no                     ; yes                     ; 296          ; 8                           ; 37                          ; 8                           ; 37                          ; 296                 ; 0.000       ; 2.000  ; None                                                                            ; LAB_X31_Y48_N0, LAB_X31_Y47_N0                                                                                                                                                                                                                                                                                                                                                                                                                                                                                                                                                                                                                                                                                                                                                                                                                                                                                                                                                                                                                                                                                                                                                                                                                                                                                                                                                                                                                                                                                                                                                                                                                                                                                                                                                                                                                                                                                                                                                                                                                                                                                                                                                                                                                                ; Don't care          ;                 ;                 ;          ;                        ;                  ;                   ;
; soc_inst|subsys_hps|agilex_hps|intel_agilex_5_soc_inst|sm_mpfe|sundancemesa_mpfe_ready_latency_adp_inst_f2sdram|bresp_inst|fifo_inst|a1|fifo_inst|mlab_inst|mem_rtl_0|auto_generated|ALTDPRAM_INSTANCE                    ; MLAB ; Simple Dual Port ; Single Clock ; 8            ; 1            ; 8            ; 1            ; yes                    ; no                      ; no                     ; no                      ; 8            ; 8                           ; 1                           ; 8                           ; 1                           ; 8                   ; 0.000       ; 1.000  ; None                                                                            ; LAB_X82_Y44_N0                                                                                                                                                                                                                                                                                                                                                                                                                                                                                                                                                                                                                                                                                                                                                                                                                                                                                                                                                                                                                                                                                                                                                                                                                                                                                                                                                                                                                                                                                                                                                                                                                                                                                                                                                                                                                                                                                                                                                                                                                                                                                                                                                                                                                                                ; Don't care          ;                 ;                 ;          ;                        ;                  ;                   ;
; soc_inst|subsys_hps|agilex_hps|intel_agilex_5_soc_inst|sm_mpfe|sundancemesa_mpfe_ready_latency_adp_inst_f2sdram|rresp_inst|fifo_inst|a1|fifo_inst|mlab_inst|mem_rtl_0|auto_generated|ALTDPRAM_INSTANCE                    ; MLAB ; Simple Dual Port ; Single Clock ; 8            ; 259          ; 8            ; 259          ; yes                    ; no                      ; no                     ; yes                     ; 2072         ; 8                           ; 259                         ; 8                           ; 259                         ; 2072                ; 0.000       ; 13.000 ; None                                                                            ; LAB_X80_Y50_N0, LAB_X82_Y50_N0, LAB_X82_Y49_N0, LAB_X84_Y50_N0, LAB_X88_Y50_N0, LAB_X80_Y49_N0, LAB_X88_Y48_N0, LAB_X90_Y50_N0, LAB_X84_Y46_N0, LAB_X80_Y47_N0, LAB_X82_Y46_N0, LAB_X82_Y48_N0, LAB_X84_Y48_N0                                                                                                                                                                                                                                                                                                                                                                                                                                                                                                                                                                                                                                                                                                                                                                                                                                                                                                                                                                                                                                                                                                                                                                                                                                                                                                                                                                                                                                                                                                                                                                                                                                                                                                                                                                                                                                                                                                                                                                                                                                                ; Don't care          ;                 ;                 ;          ;                        ;                  ;                   ;
; soc_inst|subsys_hps|agilex_hps|intel_agilex_5_soc_inst|sm_mpfe|sundancemesa_mpfe_ready_latency_adp_inst_fpga2hps|ar_inst_skid_buf|fifo_inst|a1|fifo_inst|mlab_inst|mem_rtl_0|auto_generated|ALTDPRAM_INSTANCE             ; MLAB ; Simple Dual Port ; Single Clock ; 8            ; 11           ; 8            ; 11           ; yes                    ; no                      ; no                     ; yes                     ; 88           ; 8                           ; 11                          ; 8                           ; 11                          ; 88                  ; 0.000       ; 1.000  ; None                                                                            ; LAB_X119_Y44_N0                                                                                                                                                                                                                                                                                                                                                                                                                                                                                                                                                                                                                                                                                                                                                                                                                                                                                                                                                                                                                                                                                                                                                                                                                                                                                                                                                                                                                                                                                                                                                                                                                                                                                                                                                                                                                                                                                                                                                                                                                                                                                                                                                                                                                                               ; Don't care          ;                 ;                 ;          ;                        ;                  ;                   ;
; soc_inst|subsys_hps|agilex_hps|intel_agilex_5_soc_inst|sm_mpfe|sundancemesa_mpfe_ready_latency_adp_inst_fpga2hps|aw_inst_skid_buf|fifo_inst|a1|fifo_inst|mlab_inst|mem_rtl_0|auto_generated|ALTDPRAM_INSTANCE             ; MLAB ; Simple Dual Port ; Single Clock ; 8            ; 10           ; 8            ; 10           ; yes                    ; no                      ; no                     ; yes                     ; 80           ; 8                           ; 10                          ; 8                           ; 10                          ; 80                  ; 0.000       ; 1.000  ; None                                                                            ; LAB_X108_Y50_N0                                                                                                                                                                                                                                                                                                                                                                                                                                                                                                                                                                                                                                                                                                                                                                                                                                                                                                                                                                                                                                                                                                                                                                                                                                                                                                                                                                                                                                                                                                                                                                                                                                                                                                                                                                                                                                                                                                                                                                                                                                                                                                                                                                                                                                               ; Don't care          ;                 ;                 ;          ;                        ;                  ;                   ;
; soc_inst|subsys_hps|agilex_hps|intel_agilex_5_soc_inst|sm_mpfe|sundancemesa_mpfe_ready_latency_adp_inst_fpga2hps|bresp_inst|fifo_inst|a1|fifo_inst|mlab_inst|mem_rtl_0|auto_generated|ALTDPRAM_INSTANCE                   ; MLAB ; Simple Dual Port ; Single Clock ; 8            ; 1            ; 8            ; 1            ; yes                    ; no                      ; no                     ; yes                     ; 8            ; 8                           ; 1                           ; 8                           ; 1                           ; 8                   ; 0.000       ; 1.000  ; None                                                                            ; LAB_X108_Y48_N0                                                                                                                                                                                                                                                                                                                                                                                                                                                                                                                                                                                                                                                                                                                                                                                                                                                                                                                                                                                                                                                                                                                                                                                                                                                                                                                                                                                                                                                                                                                                                                                                                                                                                                                                                                                                                                                                                                                                                                                                                                                                                                                                                                                                                                               ; Don't care          ;                 ;                 ;          ;                        ;                  ;                   ;
; soc_inst|subsys_hps|agilex_hps|intel_agilex_5_soc_inst|sm_mpfe|sundancemesa_mpfe_ready_latency_adp_inst_fpga2hps|rresp_inst|fifo_inst|a1|fifo_inst|mlab_inst|mem_rtl_0|auto_generated|ALTDPRAM_INSTANCE                   ; MLAB ; Simple Dual Port ; Single Clock ; 8            ; 259          ; 8            ; 259          ; yes                    ; no                      ; no                     ; yes                     ; 2072         ; 8                           ; 259                         ; 8                           ; 259                         ; 2072                ; 0.000       ; 13.000 ; None                                                                            ; LAB_X112_Y50_N0, LAB_X114_Y50_N0, LAB_X112_Y47_N0, LAB_X117_Y50_N0, LAB_X117_Y47_N0, LAB_X114_Y48_N0, LAB_X119_Y49_N0, LAB_X119_Y47_N0, LAB_X114_Y47_N0, LAB_X114_Y46_N0, LAB_X117_Y49_N0, LAB_X114_Y49_N0, LAB_X119_Y50_N0                                                                                                                                                                                                                                                                                                                                                                                                                                                                                                                                                                                                                                                                                                                                                                                                                                                                                                                                                                                                                                                                                                                                                                                                                                                                                                                                                                                                                                                                                                                                                                                                                                                                                                                                                                                                                                                                                                                                                                                                                                   ; Don't care          ;                 ;                 ;          ;                        ;                  ;                   ;
; soc_inst|subsys_hps|agilex_hps|intel_agilex_5_soc_inst|sm_mpfe|sundancemesa_mpfe_ready_latency_adp_inst_fpga2hps|w_inst_skid_buf|fifo_inst|a1|fifo_inst|mlab_inst|mem_rtl_0|auto_generated|ALTDPRAM_INSTANCE              ; MLAB ; Simple Dual Port ; Single Clock ; 8            ; 287          ; 8            ; 287          ; yes                    ; no                      ; no                     ; yes                     ; 2296         ; 8                           ; 287                         ; 8                           ; 287                         ; 2296                ; 0.000       ; 15.000 ; None                                                                            ; LAB_X106_Y47_N0, LAB_X104_Y47_N0, LAB_X106_Y49_N0, LAB_X104_Y48_N0, LAB_X104_Y46_N0, LAB_X104_Y49_N0, LAB_X102_Y49_N0, LAB_X102_Y48_N0, LAB_X102_Y47_N0, LAB_X98_Y47_N0, LAB_X100_Y48_N0, LAB_X100_Y47_N0, LAB_X98_Y49_N0, LAB_X95_Y49_N0, LAB_X95_Y48_N0                                                                                                                                                                                                                                                                                                                                                                                                                                                                                                                                                                                                                                                                                                                                                                                                                                                                                                                                                                                                                                                                                                                                                                                                                                                                                                                                                                                                                                                                                                                                                                                                                                                                                                                                                                                                                                                                                                                                                                                                     ; Don't care          ;                 ;                 ;          ;                        ;                  ;                   ;
+---------------------------------------------------------------------------------------------------------------------------------------------------------------------------------------------------------------------------+------+------------------+--------------+--------------+--------------+--------------+--------------+------------------------+-------------------------+------------------------+-------------------------+--------------+-----------------------------+-----------------------------+-----------------------------+-----------------------------+---------------------+-------------+--------+---------------------------------------------------------------------------------+---------------------------------------------------------------------------------------------------------------------------------------------------------------------------------------------------------------------------------------------------------------------------------------------------------------------------------------------------------------------------------------------------------------------------------------------------------------------------------------------------------------------------------------------------------------------------------------------------------------------------------------------------------------------------------------------------------------------------------------------------------------------------------------------------------------------------------------------------------------------------------------------------------------------------------------------------------------------------------------------------------------------------------------------------------------------------------------------------------------------------------------------------------------------------------------------------------------------------------------------------------------------------------------------------------------------------------------------------------------------------------------------------------------------------------------------------------------------------------------------------------------------------------------------------------------------------------------------------------------------------------------------------------------------------------------------------------------------------------------------------------------------------------------------------------------------------------------------------------------------------------------------------------------------------------------------------------------------------------------------------------------------------------------------------------------------------------------------------------------------------------------------------------------------------------------------------------------------------------------------------------------+---------------------+-----------------+-----------------+----------+------------------------+------------------+-------------------+
Note: Fitter may spread logical memories into multiple blocks to improve timing. The actual required RAM blocks can be found in the Fitter Resource Usage section.


+----------------------------------------------------------------------------------------------------------------------------------------------------------------------------------------------------------------------------------------------------------------------------------------------------------+
; Fitter Physical RAM Information                                                                                                                                                                                                                                                                          ;
+-----------------------+-------------------------+-------------------------------+------------------------------------------------------------------------------------------------------------------------------------------------------------------------------------------------------------------------+
; Physical RAM Location ; Physical RAM Usage Bits ; Physical RAM Usage Percentage ; Logical RAM Name                                                                                                                                                                                                       ;
+-----------------------+-------------------------+-------------------------------+------------------------------------------------------------------------------------------------------------------------------------------------------------------------------------------------------------------------+
; M20K_X29_Y13_N0       ; 512                     ; 2.5                           ; soc_inst|subsys_debug|fpga_m|altera_jtag_avalon_master_inst|fifo|gen_blk9.gen_blk10_else.altera_syncram_component|auto_generated|altera_syncram_impl1|ALTERA_SYNCRAM                                                   ;
; M20K_X5_Y11_N0        ; 512                     ; 2.5                           ; soc_inst|subsys_debug|hps_f2sdram|altera_jtag_avalon_master_inst|fifo|gen_blk9.gen_blk10_else.altera_syncram_component|auto_generated|altera_syncram_impl1|ALTERA_SYNCRAM                                              ;
; M20K_X5_Y17_N0        ; 512                     ; 2.5                           ; soc_inst|subsys_debug|hps_m|altera_jtag_avalon_master_inst|fifo|gen_blk9.gen_blk10_else.altera_syncram_component|auto_generated|altera_syncram_impl1|ALTERA_SYNCRAM                                                    ;
; M20K_X56_Y5_N0        ; 704                     ; 3.4                           ; soc_inst|emif_io96b_lpddr4_0|emif_io96b_lpddr4_0|emif_arch_top|arch_emif_0.arch0_1ch_per_io.arch_0|fbr_axi_adapter_wide|gen_skid_buffers.inst_rdfifo|auto_generated|dpfifo|FIFOram|altera_syncram_impl1|ALTERA_SYNCRAM ;
; M20K_X65_Y10_N0       ; 1280                    ; 6.2                           ; soc_inst|emif_io96b_lpddr4_0|emif_io96b_lpddr4_0|emif_arch_top|arch_emif_0.arch0_1ch_per_io.arch_0|fbr_axi_adapter_wide|gen_skid_buffers.inst_rdfifo|auto_generated|dpfifo|FIFOram|altera_syncram_impl1|ALTERA_SYNCRAM ;
; M20K_X65_Y5_N0        ; 1280                    ; 6.2                           ; soc_inst|emif_io96b_lpddr4_0|emif_io96b_lpddr4_0|emif_arch_top|arch_emif_0.arch0_1ch_per_io.arch_0|fbr_axi_adapter_wide|gen_skid_buffers.inst_rdfifo|auto_generated|dpfifo|FIFOram|altera_syncram_impl1|ALTERA_SYNCRAM ;
; M20K_X65_Y6_N0        ; 1280                    ; 6.2                           ; soc_inst|emif_io96b_lpddr4_0|emif_io96b_lpddr4_0|emif_arch_top|arch_emif_0.arch0_1ch_per_io.arch_0|fbr_axi_adapter_wide|gen_skid_buffers.inst_rdfifo|auto_generated|dpfifo|FIFOram|altera_syncram_impl1|ALTERA_SYNCRAM ;
; M20K_X65_Y7_N0        ; 1280                    ; 6.2                           ; soc_inst|emif_io96b_lpddr4_0|emif_io96b_lpddr4_0|emif_arch_top|arch_emif_0.arch0_1ch_per_io.arch_0|fbr_axi_adapter_wide|gen_skid_buffers.inst_rdfifo|auto_generated|dpfifo|FIFOram|altera_syncram_impl1|ALTERA_SYNCRAM ;
; M20K_X65_Y8_N0        ; 1280                    ; 6.2                           ; soc_inst|emif_io96b_lpddr4_0|emif_io96b_lpddr4_0|emif_arch_top|arch_emif_0.arch0_1ch_per_io.arch_0|fbr_axi_adapter_wide|gen_skid_buffers.inst_rdfifo|auto_generated|dpfifo|FIFOram|altera_syncram_impl1|ALTERA_SYNCRAM ;
; M20K_X65_Y9_N0        ; 1280                    ; 6.2                           ; soc_inst|emif_io96b_lpddr4_0|emif_io96b_lpddr4_0|emif_arch_top|arch_emif_0.arch0_1ch_per_io.arch_0|fbr_axi_adapter_wide|gen_skid_buffers.inst_rdfifo|auto_generated|dpfifo|FIFOram|altera_syncram_impl1|ALTERA_SYNCRAM ;
; M20K_X24_Y13_N0       ; 16384                   ; 80.0                          ; soc_inst|ocm|intel_onchip_memory_inst|altera_syncram_component|auto_generated|altera_syncram_impl1|ALTERA_SYNCRAM                                                                                                      ;
; M20K_X24_Y14_N0       ; 16384                   ; 80.0                          ; soc_inst|ocm|intel_onchip_memory_inst|altera_syncram_component|auto_generated|altera_syncram_impl1|ALTERA_SYNCRAM                                                                                                      ;
; M20K_X24_Y15_N0       ; 16384                   ; 80.0                          ; soc_inst|ocm|intel_onchip_memory_inst|altera_syncram_component|auto_generated|altera_syncram_impl1|ALTERA_SYNCRAM                                                                                                      ;
; M20K_X24_Y16_N0       ; 16384                   ; 80.0                          ; soc_inst|ocm|intel_onchip_memory_inst|altera_syncram_component|auto_generated|altera_syncram_impl1|ALTERA_SYNCRAM                                                                                                      ;
; M20K_X24_Y17_N0       ; 16384                   ; 80.0                          ; soc_inst|ocm|intel_onchip_memory_inst|altera_syncram_component|auto_generated|altera_syncram_impl1|ALTERA_SYNCRAM                                                                                                      ;
; M20K_X24_Y18_N0       ; 16384                   ; 80.0                          ; soc_inst|ocm|intel_onchip_memory_inst|altera_syncram_component|auto_generated|altera_syncram_impl1|ALTERA_SYNCRAM                                                                                                      ;
; M20K_X24_Y19_N0       ; 16384                   ; 80.0                          ; soc_inst|ocm|intel_onchip_memory_inst|altera_syncram_component|auto_generated|altera_syncram_impl1|ALTERA_SYNCRAM                                                                                                      ;
; M20K_X24_Y20_N0       ; 16384                   ; 80.0                          ; soc_inst|ocm|intel_onchip_memory_inst|altera_syncram_component|auto_generated|altera_syncram_impl1|ALTERA_SYNCRAM                                                                                                      ;
; M20K_X24_Y21_N0       ; 16384                   ; 80.0                          ; soc_inst|ocm|intel_onchip_memory_inst|altera_syncram_component|auto_generated|altera_syncram_impl1|ALTERA_SYNCRAM                                                                                                      ;
; M20K_X24_Y22_N0       ; 16384                   ; 80.0                          ; soc_inst|ocm|intel_onchip_memory_inst|altera_syncram_component|auto_generated|altera_syncram_impl1|ALTERA_SYNCRAM                                                                                                      ;
; M20K_X24_Y23_N0       ; 16384                   ; 80.0                          ; soc_inst|ocm|intel_onchip_memory_inst|altera_syncram_component|auto_generated|altera_syncram_impl1|ALTERA_SYNCRAM                                                                                                      ;
; M20K_X24_Y24_N0       ; 16384                   ; 80.0                          ; soc_inst|ocm|intel_onchip_memory_inst|altera_syncram_component|auto_generated|altera_syncram_impl1|ALTERA_SYNCRAM                                                                                                      ;
; M20K_X24_Y25_N0       ; 16384                   ; 80.0                          ; soc_inst|ocm|intel_onchip_memory_inst|altera_syncram_component|auto_generated|altera_syncram_impl1|ALTERA_SYNCRAM                                                                                                      ;
; M20K_X24_Y26_N0       ; 16384                   ; 80.0                          ; soc_inst|ocm|intel_onchip_memory_inst|altera_syncram_component|auto_generated|altera_syncram_impl1|ALTERA_SYNCRAM                                                                                                      ;
; M20K_X24_Y27_N0       ; 16384                   ; 80.0                          ; soc_inst|ocm|intel_onchip_memory_inst|altera_syncram_component|auto_generated|altera_syncram_impl1|ALTERA_SYNCRAM                                                                                                      ;
; M20K_X24_Y28_N0       ; 16384                   ; 80.0                          ; soc_inst|ocm|intel_onchip_memory_inst|altera_syncram_component|auto_generated|altera_syncram_impl1|ALTERA_SYNCRAM                                                                                                      ;
; M20K_X24_Y29_N0       ; 16384                   ; 80.0                          ; soc_inst|ocm|intel_onchip_memory_inst|altera_syncram_component|auto_generated|altera_syncram_impl1|ALTERA_SYNCRAM                                                                                                      ;
; M20K_X24_Y30_N0       ; 16384                   ; 80.0                          ; soc_inst|ocm|intel_onchip_memory_inst|altera_syncram_component|auto_generated|altera_syncram_impl1|ALTERA_SYNCRAM                                                                                                      ;
; M20K_X24_Y31_N0       ; 16384                   ; 80.0                          ; soc_inst|ocm|intel_onchip_memory_inst|altera_syncram_component|auto_generated|altera_syncram_impl1|ALTERA_SYNCRAM                                                                                                      ;
; M20K_X24_Y32_N0       ; 16384                   ; 80.0                          ; soc_inst|ocm|intel_onchip_memory_inst|altera_syncram_component|auto_generated|altera_syncram_impl1|ALTERA_SYNCRAM                                                                                                      ;
; M20K_X24_Y33_N0       ; 16384                   ; 80.0                          ; soc_inst|ocm|intel_onchip_memory_inst|altera_syncram_component|auto_generated|altera_syncram_impl1|ALTERA_SYNCRAM                                                                                                      ;
; M20K_X24_Y34_N0       ; 16384                   ; 80.0                          ; soc_inst|ocm|intel_onchip_memory_inst|altera_syncram_component|auto_generated|altera_syncram_impl1|ALTERA_SYNCRAM                                                                                                      ;
; M20K_X24_Y35_N0       ; 16384                   ; 80.0                          ; soc_inst|ocm|intel_onchip_memory_inst|altera_syncram_component|auto_generated|altera_syncram_impl1|ALTERA_SYNCRAM                                                                                                      ;
; M20K_X24_Y36_N0       ; 16384                   ; 80.0                          ; soc_inst|ocm|intel_onchip_memory_inst|altera_syncram_component|auto_generated|altera_syncram_impl1|ALTERA_SYNCRAM                                                                                                      ;
; M20K_X24_Y37_N0       ; 16384                   ; 80.0                          ; soc_inst|ocm|intel_onchip_memory_inst|altera_syncram_component|auto_generated|altera_syncram_impl1|ALTERA_SYNCRAM                                                                                                      ;
; M20K_X24_Y38_N0       ; 16384                   ; 80.0                          ; soc_inst|ocm|intel_onchip_memory_inst|altera_syncram_component|auto_generated|altera_syncram_impl1|ALTERA_SYNCRAM                                                                                                      ;
; M20K_X24_Y39_N0       ; 16384                   ; 80.0                          ; soc_inst|ocm|intel_onchip_memory_inst|altera_syncram_component|auto_generated|altera_syncram_impl1|ALTERA_SYNCRAM                                                                                                      ;
; M20K_X24_Y40_N0       ; 16384                   ; 80.0                          ; soc_inst|ocm|intel_onchip_memory_inst|altera_syncram_component|auto_generated|altera_syncram_impl1|ALTERA_SYNCRAM                                                                                                      ;
; M20K_X24_Y41_N0       ; 16384                   ; 80.0                          ; soc_inst|ocm|intel_onchip_memory_inst|altera_syncram_component|auto_generated|altera_syncram_impl1|ALTERA_SYNCRAM                                                                                                      ;
; M20K_X29_Y14_N0       ; 16384                   ; 80.0                          ; soc_inst|ocm|intel_onchip_memory_inst|altera_syncram_component|auto_generated|altera_syncram_impl1|ALTERA_SYNCRAM                                                                                                      ;
; M20K_X29_Y15_N0       ; 16384                   ; 80.0                          ; soc_inst|ocm|intel_onchip_memory_inst|altera_syncram_component|auto_generated|altera_syncram_impl1|ALTERA_SYNCRAM                                                                                                      ;
; M20K_X29_Y16_N0       ; 16384                   ; 80.0                          ; soc_inst|ocm|intel_onchip_memory_inst|altera_syncram_component|auto_generated|altera_syncram_impl1|ALTERA_SYNCRAM                                                                                                      ;
; M20K_X29_Y17_N0       ; 16384                   ; 80.0                          ; soc_inst|ocm|intel_onchip_memory_inst|altera_syncram_component|auto_generated|altera_syncram_impl1|ALTERA_SYNCRAM                                                                                                      ;
; M20K_X29_Y18_N0       ; 16384                   ; 80.0                          ; soc_inst|ocm|intel_onchip_memory_inst|altera_syncram_component|auto_generated|altera_syncram_impl1|ALTERA_SYNCRAM                                                                                                      ;
; M20K_X29_Y19_N0       ; 16384                   ; 80.0                          ; soc_inst|ocm|intel_onchip_memory_inst|altera_syncram_component|auto_generated|altera_syncram_impl1|ALTERA_SYNCRAM                                                                                                      ;
; M20K_X29_Y20_N0       ; 16384                   ; 80.0                          ; soc_inst|ocm|intel_onchip_memory_inst|altera_syncram_component|auto_generated|altera_syncram_impl1|ALTERA_SYNCRAM                                                                                                      ;
; M20K_X29_Y21_N0       ; 16384                   ; 80.0                          ; soc_inst|ocm|intel_onchip_memory_inst|altera_syncram_component|auto_generated|altera_syncram_impl1|ALTERA_SYNCRAM                                                                                                      ;
; M20K_X29_Y22_N0       ; 16384                   ; 80.0                          ; soc_inst|ocm|intel_onchip_memory_inst|altera_syncram_component|auto_generated|altera_syncram_impl1|ALTERA_SYNCRAM                                                                                                      ;
; M20K_X29_Y23_N0       ; 16384                   ; 80.0                          ; soc_inst|ocm|intel_onchip_memory_inst|altera_syncram_component|auto_generated|altera_syncram_impl1|ALTERA_SYNCRAM                                                                                                      ;
; M20K_X29_Y24_N0       ; 16384                   ; 80.0                          ; soc_inst|ocm|intel_onchip_memory_inst|altera_syncram_component|auto_generated|altera_syncram_impl1|ALTERA_SYNCRAM                                                                                                      ;
; M20K_X29_Y25_N0       ; 16384                   ; 80.0                          ; soc_inst|ocm|intel_onchip_memory_inst|altera_syncram_component|auto_generated|altera_syncram_impl1|ALTERA_SYNCRAM                                                                                                      ;
; M20K_X29_Y26_N0       ; 16384                   ; 80.0                          ; soc_inst|ocm|intel_onchip_memory_inst|altera_syncram_component|auto_generated|altera_syncram_impl1|ALTERA_SYNCRAM                                                                                                      ;
; M20K_X29_Y27_N0       ; 16384                   ; 80.0                          ; soc_inst|ocm|intel_onchip_memory_inst|altera_syncram_component|auto_generated|altera_syncram_impl1|ALTERA_SYNCRAM                                                                                                      ;
; M20K_X29_Y28_N0       ; 16384                   ; 80.0                          ; soc_inst|ocm|intel_onchip_memory_inst|altera_syncram_component|auto_generated|altera_syncram_impl1|ALTERA_SYNCRAM                                                                                                      ;
; M20K_X29_Y29_N0       ; 16384                   ; 80.0                          ; soc_inst|ocm|intel_onchip_memory_inst|altera_syncram_component|auto_generated|altera_syncram_impl1|ALTERA_SYNCRAM                                                                                                      ;
; M20K_X29_Y30_N0       ; 16384                   ; 80.0                          ; soc_inst|ocm|intel_onchip_memory_inst|altera_syncram_component|auto_generated|altera_syncram_impl1|ALTERA_SYNCRAM                                                                                                      ;
; M20K_X29_Y31_N0       ; 16384                   ; 80.0                          ; soc_inst|ocm|intel_onchip_memory_inst|altera_syncram_component|auto_generated|altera_syncram_impl1|ALTERA_SYNCRAM                                                                                                      ;
; M20K_X29_Y32_N0       ; 16384                   ; 80.0                          ; soc_inst|ocm|intel_onchip_memory_inst|altera_syncram_component|auto_generated|altera_syncram_impl1|ALTERA_SYNCRAM                                                                                                      ;
; M20K_X29_Y33_N0       ; 16384                   ; 80.0                          ; soc_inst|ocm|intel_onchip_memory_inst|altera_syncram_component|auto_generated|altera_syncram_impl1|ALTERA_SYNCRAM                                                                                                      ;
; M20K_X29_Y34_N0       ; 16384                   ; 80.0                          ; soc_inst|ocm|intel_onchip_memory_inst|altera_syncram_component|auto_generated|altera_syncram_impl1|ALTERA_SYNCRAM                                                                                                      ;
; M20K_X29_Y35_N0       ; 16384                   ; 80.0                          ; soc_inst|ocm|intel_onchip_memory_inst|altera_syncram_component|auto_generated|altera_syncram_impl1|ALTERA_SYNCRAM                                                                                                      ;
; M20K_X29_Y36_N0       ; 16384                   ; 80.0                          ; soc_inst|ocm|intel_onchip_memory_inst|altera_syncram_component|auto_generated|altera_syncram_impl1|ALTERA_SYNCRAM                                                                                                      ;
; M20K_X29_Y37_N0       ; 16384                   ; 80.0                          ; soc_inst|ocm|intel_onchip_memory_inst|altera_syncram_component|auto_generated|altera_syncram_impl1|ALTERA_SYNCRAM                                                                                                      ;
; M20K_X29_Y38_N0       ; 16384                   ; 80.0                          ; soc_inst|ocm|intel_onchip_memory_inst|altera_syncram_component|auto_generated|altera_syncram_impl1|ALTERA_SYNCRAM                                                                                                      ;
; M20K_X29_Y39_N0       ; 16384                   ; 80.0                          ; soc_inst|ocm|intel_onchip_memory_inst|altera_syncram_component|auto_generated|altera_syncram_impl1|ALTERA_SYNCRAM                                                                                                      ;
; M20K_X29_Y40_N0       ; 16384                   ; 80.0                          ; soc_inst|ocm|intel_onchip_memory_inst|altera_syncram_component|auto_generated|altera_syncram_impl1|ALTERA_SYNCRAM                                                                                                      ;
; M20K_X56_Y10_N0       ; 16384                   ; 80.0                          ; soc_inst|ocm|intel_onchip_memory_inst|altera_syncram_component|auto_generated|altera_syncram_impl1|ALTERA_SYNCRAM                                                                                                      ;
; M20K_X56_Y11_N0       ; 16384                   ; 80.0                          ; soc_inst|ocm|intel_onchip_memory_inst|altera_syncram_component|auto_generated|altera_syncram_impl1|ALTERA_SYNCRAM                                                                                                      ;
; M20K_X56_Y12_N0       ; 16384                   ; 80.0                          ; soc_inst|ocm|intel_onchip_memory_inst|altera_syncram_component|auto_generated|altera_syncram_impl1|ALTERA_SYNCRAM                                                                                                      ;
; M20K_X56_Y13_N0       ; 16384                   ; 80.0                          ; soc_inst|ocm|intel_onchip_memory_inst|altera_syncram_component|auto_generated|altera_syncram_impl1|ALTERA_SYNCRAM                                                                                                      ;
; M20K_X56_Y14_N0       ; 16384                   ; 80.0                          ; soc_inst|ocm|intel_onchip_memory_inst|altera_syncram_component|auto_generated|altera_syncram_impl1|ALTERA_SYNCRAM                                                                                                      ;
; M20K_X56_Y15_N0       ; 16384                   ; 80.0                          ; soc_inst|ocm|intel_onchip_memory_inst|altera_syncram_component|auto_generated|altera_syncram_impl1|ALTERA_SYNCRAM                                                                                                      ;
; M20K_X56_Y16_N0       ; 16384                   ; 80.0                          ; soc_inst|ocm|intel_onchip_memory_inst|altera_syncram_component|auto_generated|altera_syncram_impl1|ALTERA_SYNCRAM                                                                                                      ;
; M20K_X56_Y17_N0       ; 16384                   ; 80.0                          ; soc_inst|ocm|intel_onchip_memory_inst|altera_syncram_component|auto_generated|altera_syncram_impl1|ALTERA_SYNCRAM                                                                                                      ;
; M20K_X56_Y18_N0       ; 16384                   ; 80.0                          ; soc_inst|ocm|intel_onchip_memory_inst|altera_syncram_component|auto_generated|altera_syncram_impl1|ALTERA_SYNCRAM                                                                                                      ;
; M20K_X56_Y19_N0       ; 16384                   ; 80.0                          ; soc_inst|ocm|intel_onchip_memory_inst|altera_syncram_component|auto_generated|altera_syncram_impl1|ALTERA_SYNCRAM                                                                                                      ;
; M20K_X56_Y20_N0       ; 16384                   ; 80.0                          ; soc_inst|ocm|intel_onchip_memory_inst|altera_syncram_component|auto_generated|altera_syncram_impl1|ALTERA_SYNCRAM                                                                                                      ;
; M20K_X56_Y21_N0       ; 16384                   ; 80.0                          ; soc_inst|ocm|intel_onchip_memory_inst|altera_syncram_component|auto_generated|altera_syncram_impl1|ALTERA_SYNCRAM                                                                                                      ;
; M20K_X56_Y22_N0       ; 16384                   ; 80.0                          ; soc_inst|ocm|intel_onchip_memory_inst|altera_syncram_component|auto_generated|altera_syncram_impl1|ALTERA_SYNCRAM                                                                                                      ;
; M20K_X56_Y23_N0       ; 16384                   ; 80.0                          ; soc_inst|ocm|intel_onchip_memory_inst|altera_syncram_component|auto_generated|altera_syncram_impl1|ALTERA_SYNCRAM                                                                                                      ;
; M20K_X56_Y24_N0       ; 16384                   ; 80.0                          ; soc_inst|ocm|intel_onchip_memory_inst|altera_syncram_component|auto_generated|altera_syncram_impl1|ALTERA_SYNCRAM                                                                                                      ;
; M20K_X56_Y25_N0       ; 16384                   ; 80.0                          ; soc_inst|ocm|intel_onchip_memory_inst|altera_syncram_component|auto_generated|altera_syncram_impl1|ALTERA_SYNCRAM                                                                                                      ;
; M20K_X56_Y26_N0       ; 16384                   ; 80.0                          ; soc_inst|ocm|intel_onchip_memory_inst|altera_syncram_component|auto_generated|altera_syncram_impl1|ALTERA_SYNCRAM                                                                                                      ;
; M20K_X56_Y27_N0       ; 16384                   ; 80.0                          ; soc_inst|ocm|intel_onchip_memory_inst|altera_syncram_component|auto_generated|altera_syncram_impl1|ALTERA_SYNCRAM                                                                                                      ;
; M20K_X56_Y28_N0       ; 16384                   ; 80.0                          ; soc_inst|ocm|intel_onchip_memory_inst|altera_syncram_component|auto_generated|altera_syncram_impl1|ALTERA_SYNCRAM                                                                                                      ;
; M20K_X56_Y29_N0       ; 16384                   ; 80.0                          ; soc_inst|ocm|intel_onchip_memory_inst|altera_syncram_component|auto_generated|altera_syncram_impl1|ALTERA_SYNCRAM                                                                                                      ;
; M20K_X56_Y30_N0       ; 16384                   ; 80.0                          ; soc_inst|ocm|intel_onchip_memory_inst|altera_syncram_component|auto_generated|altera_syncram_impl1|ALTERA_SYNCRAM                                                                                                      ;
; M20K_X56_Y31_N0       ; 16384                   ; 80.0                          ; soc_inst|ocm|intel_onchip_memory_inst|altera_syncram_component|auto_generated|altera_syncram_impl1|ALTERA_SYNCRAM                                                                                                      ;
; M20K_X56_Y32_N0       ; 16384                   ; 80.0                          ; soc_inst|ocm|intel_onchip_memory_inst|altera_syncram_component|auto_generated|altera_syncram_impl1|ALTERA_SYNCRAM                                                                                                      ;
; M20K_X56_Y33_N0       ; 16384                   ; 80.0                          ; soc_inst|ocm|intel_onchip_memory_inst|altera_syncram_component|auto_generated|altera_syncram_impl1|ALTERA_SYNCRAM                                                                                                      ;
; M20K_X56_Y34_N0       ; 16384                   ; 80.0                          ; soc_inst|ocm|intel_onchip_memory_inst|altera_syncram_component|auto_generated|altera_syncram_impl1|ALTERA_SYNCRAM                                                                                                      ;
; M20K_X56_Y35_N0       ; 16384                   ; 80.0                          ; soc_inst|ocm|intel_onchip_memory_inst|altera_syncram_component|auto_generated|altera_syncram_impl1|ALTERA_SYNCRAM                                                                                                      ;
; M20K_X56_Y36_N0       ; 16384                   ; 80.0                          ; soc_inst|ocm|intel_onchip_memory_inst|altera_syncram_component|auto_generated|altera_syncram_impl1|ALTERA_SYNCRAM                                                                                                      ;
; M20K_X56_Y37_N0       ; 16384                   ; 80.0                          ; soc_inst|ocm|intel_onchip_memory_inst|altera_syncram_component|auto_generated|altera_syncram_impl1|ALTERA_SYNCRAM                                                                                                      ;
; M20K_X56_Y38_N0       ; 16384                   ; 80.0                          ; soc_inst|ocm|intel_onchip_memory_inst|altera_syncram_component|auto_generated|altera_syncram_impl1|ALTERA_SYNCRAM                                                                                                      ;
; M20K_X56_Y39_N0       ; 16384                   ; 80.0                          ; soc_inst|ocm|intel_onchip_memory_inst|altera_syncram_component|auto_generated|altera_syncram_impl1|ALTERA_SYNCRAM                                                                                                      ;
; M20K_X56_Y40_N0       ; 16384                   ; 80.0                          ; soc_inst|ocm|intel_onchip_memory_inst|altera_syncram_component|auto_generated|altera_syncram_impl1|ALTERA_SYNCRAM                                                                                                      ;
; M20K_X56_Y41_N0       ; 16384                   ; 80.0                          ; soc_inst|ocm|intel_onchip_memory_inst|altera_syncram_component|auto_generated|altera_syncram_impl1|ALTERA_SYNCRAM                                                                                                      ;
; M20K_X56_Y42_N0       ; 16384                   ; 80.0                          ; soc_inst|ocm|intel_onchip_memory_inst|altera_syncram_component|auto_generated|altera_syncram_impl1|ALTERA_SYNCRAM                                                                                                      ;
; M20K_X56_Y43_N0       ; 16384                   ; 80.0                          ; soc_inst|ocm|intel_onchip_memory_inst|altera_syncram_component|auto_generated|altera_syncram_impl1|ALTERA_SYNCRAM                                                                                                      ;
; M20K_X56_Y44_N0       ; 16384                   ; 80.0                          ; soc_inst|ocm|intel_onchip_memory_inst|altera_syncram_component|auto_generated|altera_syncram_impl1|ALTERA_SYNCRAM                                                                                                      ;
; M20K_X56_Y45_N0       ; 16384                   ; 80.0                          ; soc_inst|ocm|intel_onchip_memory_inst|altera_syncram_component|auto_generated|altera_syncram_impl1|ALTERA_SYNCRAM                                                                                                      ;
; M20K_X56_Y9_N0        ; 16384                   ; 80.0                          ; soc_inst|ocm|intel_onchip_memory_inst|altera_syncram_component|auto_generated|altera_syncram_impl1|ALTERA_SYNCRAM                                                                                                      ;
; M20K_X65_Y11_N0       ; 16384                   ; 80.0                          ; soc_inst|ocm|intel_onchip_memory_inst|altera_syncram_component|auto_generated|altera_syncram_impl1|ALTERA_SYNCRAM                                                                                                      ;
; M20K_X65_Y12_N0       ; 16384                   ; 80.0                          ; soc_inst|ocm|intel_onchip_memory_inst|altera_syncram_component|auto_generated|altera_syncram_impl1|ALTERA_SYNCRAM                                                                                                      ;
; M20K_X65_Y13_N0       ; 16384                   ; 80.0                          ; soc_inst|ocm|intel_onchip_memory_inst|altera_syncram_component|auto_generated|altera_syncram_impl1|ALTERA_SYNCRAM                                                                                                      ;
; M20K_X65_Y14_N0       ; 16384                   ; 80.0                          ; soc_inst|ocm|intel_onchip_memory_inst|altera_syncram_component|auto_generated|altera_syncram_impl1|ALTERA_SYNCRAM                                                                                                      ;
; M20K_X65_Y15_N0       ; 16384                   ; 80.0                          ; soc_inst|ocm|intel_onchip_memory_inst|altera_syncram_component|auto_generated|altera_syncram_impl1|ALTERA_SYNCRAM                                                                                                      ;
; M20K_X65_Y16_N0       ; 16384                   ; 80.0                          ; soc_inst|ocm|intel_onchip_memory_inst|altera_syncram_component|auto_generated|altera_syncram_impl1|ALTERA_SYNCRAM                                                                                                      ;
; M20K_X65_Y17_N0       ; 16384                   ; 80.0                          ; soc_inst|ocm|intel_onchip_memory_inst|altera_syncram_component|auto_generated|altera_syncram_impl1|ALTERA_SYNCRAM                                                                                                      ;
; M20K_X65_Y18_N0       ; 16384                   ; 80.0                          ; soc_inst|ocm|intel_onchip_memory_inst|altera_syncram_component|auto_generated|altera_syncram_impl1|ALTERA_SYNCRAM                                                                                                      ;
; M20K_X65_Y19_N0       ; 16384                   ; 80.0                          ; soc_inst|ocm|intel_onchip_memory_inst|altera_syncram_component|auto_generated|altera_syncram_impl1|ALTERA_SYNCRAM                                                                                                      ;
; M20K_X65_Y20_N0       ; 16384                   ; 80.0                          ; soc_inst|ocm|intel_onchip_memory_inst|altera_syncram_component|auto_generated|altera_syncram_impl1|ALTERA_SYNCRAM                                                                                                      ;
; M20K_X65_Y21_N0       ; 16384                   ; 80.0                          ; soc_inst|ocm|intel_onchip_memory_inst|altera_syncram_component|auto_generated|altera_syncram_impl1|ALTERA_SYNCRAM                                                                                                      ;
; M20K_X65_Y22_N0       ; 16384                   ; 80.0                          ; soc_inst|ocm|intel_onchip_memory_inst|altera_syncram_component|auto_generated|altera_syncram_impl1|ALTERA_SYNCRAM                                                                                                      ;
; M20K_X65_Y23_N0       ; 16384                   ; 80.0                          ; soc_inst|ocm|intel_onchip_memory_inst|altera_syncram_component|auto_generated|altera_syncram_impl1|ALTERA_SYNCRAM                                                                                                      ;
; M20K_X65_Y24_N0       ; 16384                   ; 80.0                          ; soc_inst|ocm|intel_onchip_memory_inst|altera_syncram_component|auto_generated|altera_syncram_impl1|ALTERA_SYNCRAM                                                                                                      ;
; M20K_X65_Y25_N0       ; 16384                   ; 80.0                          ; soc_inst|ocm|intel_onchip_memory_inst|altera_syncram_component|auto_generated|altera_syncram_impl1|ALTERA_SYNCRAM                                                                                                      ;
; M20K_X65_Y26_N0       ; 16384                   ; 80.0                          ; soc_inst|ocm|intel_onchip_memory_inst|altera_syncram_component|auto_generated|altera_syncram_impl1|ALTERA_SYNCRAM                                                                                                      ;
; M20K_X65_Y27_N0       ; 16384                   ; 80.0                          ; soc_inst|ocm|intel_onchip_memory_inst|altera_syncram_component|auto_generated|altera_syncram_impl1|ALTERA_SYNCRAM                                                                                                      ;
; M20K_X65_Y28_N0       ; 16384                   ; 80.0                          ; soc_inst|ocm|intel_onchip_memory_inst|altera_syncram_component|auto_generated|altera_syncram_impl1|ALTERA_SYNCRAM                                                                                                      ;
; M20K_X65_Y29_N0       ; 16384                   ; 80.0                          ; soc_inst|ocm|intel_onchip_memory_inst|altera_syncram_component|auto_generated|altera_syncram_impl1|ALTERA_SYNCRAM                                                                                                      ;
; M20K_X65_Y30_N0       ; 16384                   ; 80.0                          ; soc_inst|ocm|intel_onchip_memory_inst|altera_syncram_component|auto_generated|altera_syncram_impl1|ALTERA_SYNCRAM                                                                                                      ;
; M20K_X65_Y31_N0       ; 16384                   ; 80.0                          ; soc_inst|ocm|intel_onchip_memory_inst|altera_syncram_component|auto_generated|altera_syncram_impl1|ALTERA_SYNCRAM                                                                                                      ;
; M20K_X65_Y32_N0       ; 16384                   ; 80.0                          ; soc_inst|ocm|intel_onchip_memory_inst|altera_syncram_component|auto_generated|altera_syncram_impl1|ALTERA_SYNCRAM                                                                                                      ;
; M20K_X65_Y33_N0       ; 16384                   ; 80.0                          ; soc_inst|ocm|intel_onchip_memory_inst|altera_syncram_component|auto_generated|altera_syncram_impl1|ALTERA_SYNCRAM                                                                                                      ;
; M20K_X65_Y34_N0       ; 16384                   ; 80.0                          ; soc_inst|ocm|intel_onchip_memory_inst|altera_syncram_component|auto_generated|altera_syncram_impl1|ALTERA_SYNCRAM                                                                                                      ;
; M20K_X65_Y35_N0       ; 16384                   ; 80.0                          ; soc_inst|ocm|intel_onchip_memory_inst|altera_syncram_component|auto_generated|altera_syncram_impl1|ALTERA_SYNCRAM                                                                                                      ;
; M20K_X65_Y36_N0       ; 16384                   ; 80.0                          ; soc_inst|ocm|intel_onchip_memory_inst|altera_syncram_component|auto_generated|altera_syncram_impl1|ALTERA_SYNCRAM                                                                                                      ;
; M20K_X65_Y37_N0       ; 16384                   ; 80.0                          ; soc_inst|ocm|intel_onchip_memory_inst|altera_syncram_component|auto_generated|altera_syncram_impl1|ALTERA_SYNCRAM                                                                                                      ;
; M20K_X65_Y38_N0       ; 16384                   ; 80.0                          ; soc_inst|ocm|intel_onchip_memory_inst|altera_syncram_component|auto_generated|altera_syncram_impl1|ALTERA_SYNCRAM                                                                                                      ;
; M20K_X65_Y39_N0       ; 16384                   ; 80.0                          ; soc_inst|ocm|intel_onchip_memory_inst|altera_syncram_component|auto_generated|altera_syncram_impl1|ALTERA_SYNCRAM                                                                                                      ;
; M20K_X65_Y40_N0       ; 16384                   ; 80.0                          ; soc_inst|ocm|intel_onchip_memory_inst|altera_syncram_component|auto_generated|altera_syncram_impl1|ALTERA_SYNCRAM                                                                                                      ;
; M20K_X65_Y41_N0       ; 16384                   ; 80.0                          ; soc_inst|ocm|intel_onchip_memory_inst|altera_syncram_component|auto_generated|altera_syncram_impl1|ALTERA_SYNCRAM                                                                                                      ;
; M20K_X65_Y42_N0       ; 16384                   ; 80.0                          ; soc_inst|ocm|intel_onchip_memory_inst|altera_syncram_component|auto_generated|altera_syncram_impl1|ALTERA_SYNCRAM                                                                                                      ;
; M20K_X65_Y43_N0       ; 16384                   ; 80.0                          ; soc_inst|ocm|intel_onchip_memory_inst|altera_syncram_component|auto_generated|altera_syncram_impl1|ALTERA_SYNCRAM                                                                                                      ;
; M20K_X65_Y44_N0       ; 16384                   ; 80.0                          ; soc_inst|ocm|intel_onchip_memory_inst|altera_syncram_component|auto_generated|altera_syncram_impl1|ALTERA_SYNCRAM                                                                                                      ;
; M20K_X65_Y45_N0       ; 16384                   ; 80.0                          ; soc_inst|ocm|intel_onchip_memory_inst|altera_syncram_component|auto_generated|altera_syncram_impl1|ALTERA_SYNCRAM                                                                                                      ;
+-----------------------+-------------------------+-------------------------------+------------------------------------------------------------------------------------------------------------------------------------------------------------------------------------------------------------------------+
Note: This table shows up to 500 physical rams that are least utilized. You can change this number by setting PHYSICAL_RAM_RPT_MAX_ROW in qsf file.


+----------------+
; Place Messages ;
+----------------+
Info (20030): Parallel compilation is enabled and will use 4 of the 4 processors detected
Info: *******************************************************************
Info: Running Quartus Prime Fitter
    Info: Version 25.3.1 Build 100 12/19/2025 SC Pro Edition
    Info: Processing started: Sun Aug 16 17:01:54 2026
    Info: System process ID: 22456
Info: Command: quartus_fit --read_settings_files=on --write_settings_files=off golden_top -c golden_top
Info: qfit2_default_script.tcl version: #1
Info: Project  = golden_top
Info: Revision = golden_top
Warning (15705): Ignored locations or region assignments to the following nodes
    Warning (15706): Node "CAM_CLK_n" is assigned to location or region, but does not exist in design
    Warning (15706): Node "CAM_CLK_p" is assigned to location or region, but does not exist in design
    Warning (15706): Node "CAM_D_n[0]" is assigned to location or region, but does not exist in design
    Warning (15706): Node "CAM_D_n[1]" is assigned to location or region, but does not exist in design
    Warning (15706): Node "CAM_D_p[0]" is assigned to location or region, but does not exist in design
    Warning (15706): Node "CAM_D_p[1]" is assigned to location or region, but does not exist in design
    Warning (15706): Node "CAM_GPIO" is assigned to location or region, but does not exist in design
    Warning (15706): Node "CAM_I2C_SCL" is assigned to location or region, but does not exist in design
    Warning (15706): Node "CAM_I2C_SDA" is assigned to location or region, but does not exist in design
    Warning (15706): Node "CAM_RZQ1" is assigned to location or region, but does not exist in design
    Warning (15706): Node "HPS_CLK_25" is assigned to location or region, but does not exist in design
    Warning (15706): Node "HPS_ENET_MDC" is assigned to location or region, but does not exist in design
    Warning (15706): Node "HPS_ENET_MDIO" is assigned to location or region, but does not exist in design
    Warning (15706): Node "HPS_ENET_RX_CLK" is assigned to location or region, but does not exist in design
    Warning (15706): Node "HPS_ENET_RX_CTL" is assigned to location or region, but does not exist in design
    Warning (15706): Node "HPS_ENET_RX_DATA[0]" is assigned to location or region, but does not exist in design
    Warning (15706): Node "HPS_ENET_RX_DATA[1]" is assigned to location or region, but does not exist in design
    Warning (15706): Node "HPS_ENET_RX_DATA[2]" is assigned to location or region, but does not exist in design
    Warning (15706): Node "HPS_ENET_RX_DATA[3]" is assigned to location or region, but does not exist in design
    Warning (15706): Node "HPS_ENET_TX_CLK" is assigned to location or region, but does not exist in design
    Warning (15706): Node "HPS_ENET_TX_CTL" is assigned to location or region, but does not exist in design
    Warning (15706): Node "HPS_ENET_TX_DATA[0]" is assigned to location or region, but does not exist in design
    Warning (15706): Node "HPS_ENET_TX_DATA[1]" is assigned to location or region, but does not exist in design
    Warning (15706): Node "HPS_ENET_TX_DATA[2]" is assigned to location or region, but does not exist in design
    Warning (15706): Node "HPS_ENET_TX_DATA[3]" is assigned to location or region, but does not exist in design
    Warning (15706): Node "HPS_GSENSOR_I2C_EN" is assigned to location or region, but does not exist in design
    Warning (15706): Node "HPS_GSENSOR_INT" is assigned to location or region, but does not exist in design
    Warning (15706): Node "HPS_I2C_SCL" is assigned to location or region, but does not exist in design
    Warning (15706): Node "HPS_I2C_SDA" is assigned to location or region, but does not exist in design
    Warning (15706): Node "HPS_KEY" is assigned to location or region, but does not exist in design
    Warning (15706): Node "HPS_LED" is assigned to location or region, but does not exist in design
    Warning (15706): Node "HPS_SD_CLK" is assigned to location or region, but does not exist in design
    Warning (15706): Node "HPS_SD_CMD" is assigned to location or region, but does not exist in design
    Warning (15706): Node "HPS_SD_DATA[0]" is assigned to location or region, but does not exist in design
    Warning (15706): Node "HPS_SD_DATA[1]" is assigned to location or region, but does not exist in design
    Warning (15706): Node "HPS_SD_DATA[2]" is assigned to location or region, but does not exist in design
    Warning (15706): Node "HPS_SD_DATA[3]" is assigned to location or region, but does not exist in design
    Warning (15706): Node "HPS_UART_RX" is assigned to location or region, but does not exist in design
    Warning (15706): Node "HPS_UART_TX" is assigned to location or region, but does not exist in design
    Warning (15706): Node "HPS_USB_CLK" is assigned to location or region, but does not exist in design
    Warning (15706): Node "HPS_USB_DATA[0]" is assigned to location or region, but does not exist in design
    Warning (15706): Node "HPS_USB_DATA[1]" is assigned to location or region, but does not exist in design
    Warning (15706): Node "HPS_USB_DATA[2]" is assigned to location or region, but does not exist in design
    Warning (15706): Node "HPS_USB_DATA[3]" is assigned to location or region, but does not exist in design
    Warning (15706): Node "HPS_USB_DATA[4]" is assigned to location or region, but does not exist in design
    Warning (15706): Node "HPS_USB_DATA[5]" is assigned to location or region, but does not exist in design
    Warning (15706): Node "HPS_USB_DATA[6]" is assigned to location or region, but does not exist in design
    Warning (15706): Node "HPS_USB_DATA[7]" is assigned to location or region, but does not exist in design
    Warning (15706): Node "HPS_USB_DIR" is assigned to location or region, but does not exist in design
    Warning (15706): Node "HPS_USB_NXT" is assigned to location or region, but does not exist in design
    Warning (15706): Node "HPS_USB_STP" is assigned to location or region, but does not exist in design
Info (11165): Fitter preparation operations ending: elapsed time is 00:06:30
Info (18252): The Fitter is using Physical Synthesis.
Info (18258): Fitter Physical Synthesis operations beginning
Info (18259): Fitter Physical Synthesis operations ending: elapsed time is 00:00:02
Info (11178): Promoted 2 clocks 
    Info (18386): pll_inst|iopll_0|tennm_ph2_iopll~O_OUT_CLK0 (21188 fanout) drives clock sectors (0, 0) to (1, 0)
    Info (18386): auto_fab_0|alt_sld_fab_0|alt_sld_fab_0|jtagpins|atom_inst|core_tck (765 fanout) drives clock sector (0, 0)
Info (22300): Design uses Placement Effort Multiplier = 0.8.
Info (170189): Fitter placement preparation operations beginning
Info (11888): Total time spent on timing analysis during Physical Synthesis is 0.00 seconds.
Info (22300): Design uses Placement Effort Multiplier = 0.8.
Info (170191): Fitter placement operations beginning
Info (170137): Fitter placement was successful
Info (170192): Fitter placement operations ending: elapsed time is 00:00:38
Info (11888): Total time spent on timing analysis during Placement is 0.04 seconds.


