Fitter Route Stage Report for golden_top
Sun Aug 16 17:16:38 2026
Quartus Prime Version 25.3.1 Build 100 12/19/2025 SC Pro Edition


---------------------
; Table of Contents ;
---------------------
  1. Legal Notice
  2. Nets with Highest Wire Count
  3. Delay Chain Summary
  4. Routing Usage Summary
  5. Route Messages
  6. Estimated Delay Added for Hold Timing Summary
  7. Estimated Delay Added for Hold Timing Details
  8. Global Router Wire Utilization Map
  9. Peak Wire Demand Summary
 10. Peak Wire Demand Details
 11. Peak Total Grid Crossings
 12. Global Router Congestion Hotspot Summary



----------------
; Legal Notice ;
----------------
Copyright (C) 2025  Altera Corporation. All rights reserved.
Your use of Altera Corporation's design tools, logic functions 
and other software and tools, and any partner logic 
functions, and any output files from any of the foregoing 
(including device programming or simulation files), and any 
associated documentation or information are expressly subject 
to the terms and conditions of the Altera Program License 
Subscription Agreement, the Altera Quartus Prime License Agreement,
the Altera IP License Agreement, or other applicable license
agreement, including, without limitation, that your use is for
the sole purpose of programming logic devices manufactured by
Altera and sold by Altera or its authorized distributors.  Please
refer to the Altera Software License Subscription Agreements 
on the Quartus Prime software download page.



+-----------------------------------------------------------------------------------------------------------------------------------------------------+
; Nets with Highest Wire Count                                                                                                                        ;
+---------------------------------------------------------------------------------------------------------------------+----------------------+--------+
; Net                                                                                                                 ; Number of Wires Used ; Fanout ;
+---------------------------------------------------------------------------------------------------------------------+----------------------+--------+
; soc_inst|ocm|intel_onchip_memory_inst|s1_axi_bursting_adapter|w_current_rdaddr[0]~5                                 ; 324                  ; 1025   ;
; soc_inst|ocm|intel_onchip_memory_inst|altera_syncram_component|auto_generated|altera_syncram_impl1|address_reg_b[0] ; 316                  ; 257    ;
; soc_inst|ocm|intel_onchip_memory_inst|s1_axi_bursting_adapter|w_current_rdaddr[0]~4                                 ; 302                  ; 1027   ;
; soc_inst|ocm|intel_onchip_memory_inst|s1_axi_bursting_adapter|w_current_rdaddr[0]~2                                 ; 293                  ; 1027   ;
; soc_inst|ocm|intel_onchip_memory_inst|s1_axi_bursting_adapter|w_current_rdaddr[0]~6                                 ; 285                  ; 1026   ;
; soc_inst|ocm|intel_onchip_memory_inst|s1_axi_bursting_adapter|w_current_rdaddr[0]~7                                 ; 280                  ; 1025   ;
; soc_inst|ocm|intel_onchip_memory_inst|s1_axi_bursting_adapter|w_current_rdaddr[0]~10                                ; 269                  ; 1026   ;
; soc_inst|ocm|intel_onchip_memory_inst|s1_axi_bursting_adapter|w_current_rdaddr[0]~11                                ; 268                  ; 1025   ;
; soc_inst|rst_controller|rst_controller|r_sync_rst                                                                   ; 263                  ; 128    ;
; soc_inst|ocm|intel_onchip_memory_inst|s1_axi_bursting_adapter|w_current_rdaddr[0]~8                                 ; 262                  ; 1026   ;
+---------------------------------------------------------------------------------------------------------------------+----------------------+--------+


+--------------------------------------------------------------------------------------------------------------------------------------------------------------------------------------------------------------------------------------------------------------------------------------------------------------+
; Delay Chain Summary                                                                                                                                                                                                                                                                                          ;
+-------------------------------------------------------------------------------------------------------------------------------------------------------------+----------+---------------------+--------------------+----------------+-----------------------------------+-------------------------------------+
; Name                                                                                                                                                        ; Pin Type ; Input Delay Chain 0 ; Output Delay Chain ; OE Delay Chain ; IO_12_LANE Input Data Delay Chain ; IO_12_LANE Input Strobe Delay Chain ;
+-------------------------------------------------------------------------------------------------------------------------------------------------------------+----------+---------------------+--------------------+----------------+-----------------------------------+-------------------------------------+
; soc_inst|subsys_hps|emif_hps|emif_io96b_hps|emif_0_lpddr4|emif_0_lpddr4|emif_arch_top|arch_emif_0.arch0_1ch_per_io.arch_0|wrapper_bufs_mem|g_UNUSED[0].pad  ; Bidir    ; 0                   ; 0                  ; 0              ; --                                ; --                                  ;
; soc_inst|subsys_hps|emif_hps|emif_io96b_hps|emif_0_lpddr4|emif_0_lpddr4|emif_arch_top|arch_emif_0.arch0_1ch_per_io.arch_0|wrapper_bufs_mem|g_UNUSED[1].pad  ; Bidir    ; 0                   ; 0                  ; 0              ; --                                ; --                                  ;
; soc_inst|subsys_hps|emif_hps|emif_io96b_hps|emif_0_lpddr4|emif_0_lpddr4|emif_arch_top|arch_emif_0.arch0_1ch_per_io.arch_0|wrapper_bufs_mem|g_UNUSED[2].pad  ; Bidir    ; 0                   ; 0                  ; 0              ; --                                ; --                                  ;
; soc_inst|subsys_hps|emif_hps|emif_io96b_hps|emif_0_lpddr4|emif_0_lpddr4|emif_arch_top|arch_emif_0.arch0_1ch_per_io.arch_0|wrapper_bufs_mem|g_UNUSED[3].pad  ; Bidir    ; 0                   ; 0                  ; 0              ; --                                ; --                                  ;
; soc_inst|subsys_hps|emif_hps|emif_io96b_hps|emif_0_lpddr4|emif_0_lpddr4|emif_arch_top|arch_emif_0.arch0_1ch_per_io.arch_0|wrapper_bufs_mem|g_UNUSED[4].pad  ; Bidir    ; 0                   ; 0                  ; 0              ; --                                ; --                                  ;
; soc_inst|subsys_hps|emif_hps|emif_io96b_hps|emif_0_lpddr4|emif_0_lpddr4|emif_arch_top|arch_emif_0.arch0_1ch_per_io.arch_0|wrapper_bufs_mem|g_UNUSED[5].pad  ; Bidir    ; 0                   ; 0                  ; 0              ; --                                ; --                                  ;
; soc_inst|subsys_hps|emif_hps|emif_io96b_hps|emif_0_lpddr4|emif_0_lpddr4|emif_arch_top|arch_emif_0.arch0_1ch_per_io.arch_0|wrapper_bufs_mem|g_UNUSED[6].pad  ; Bidir    ; 0                   ; 0                  ; 0              ; --                                ; --                                  ;
; soc_inst|subsys_hps|emif_hps|emif_io96b_hps|emif_0_lpddr4|emif_0_lpddr4|emif_arch_top|arch_emif_0.arch0_1ch_per_io.arch_0|wrapper_bufs_mem|g_UNUSED[7].pad  ; Bidir    ; 0                   ; 0                  ; 0              ; --                                ; --                                  ;
; soc_inst|subsys_hps|emif_hps|emif_io96b_hps|emif_0_lpddr4|emif_0_lpddr4|emif_arch_top|arch_emif_0.arch0_1ch_per_io.arch_0|wrapper_bufs_mem|g_UNUSED[8].pad  ; Bidir    ; 0                   ; 0                  ; 0              ; --                                ; --                                  ;
; soc_inst|subsys_hps|emif_hps|emif_io96b_hps|emif_0_lpddr4|emif_0_lpddr4|emif_arch_top|arch_emif_0.arch0_1ch_per_io.arch_0|wrapper_bufs_mem|g_UNUSED[9].pad  ; Bidir    ; 0                   ; 0                  ; 0              ; --                                ; --                                  ;
; soc_inst|subsys_hps|emif_hps|emif_io96b_hps|emif_0_lpddr4|emif_0_lpddr4|emif_arch_top|arch_emif_0.arch0_1ch_per_io.arch_0|wrapper_bufs_mem|g_UNUSED[10].pad ; Bidir    ; 0                   ; 0                  ; 0              ; --                                ; --                                  ;
; soc_inst|subsys_hps|emif_hps|emif_io96b_hps|emif_0_lpddr4|emif_0_lpddr4|emif_arch_top|arch_emif_0.arch0_1ch_per_io.arch_0|wrapper_bufs_mem|g_UNUSED[11].pad ; Bidir    ; 0                   ; 0                  ; 0              ; --                                ; --                                  ;
; soc_inst|subsys_hps|emif_hps|emif_io96b_hps|emif_0_lpddr4|emif_0_lpddr4|emif_arch_top|arch_emif_0.arch0_1ch_per_io.arch_0|wrapper_bufs_mem|g_UNUSED[12].pad ; Bidir    ; 0                   ; 0                  ; 0              ; --                                ; --                                  ;
; soc_inst|subsys_hps|emif_hps|emif_io96b_hps|emif_0_lpddr4|emif_0_lpddr4|emif_arch_top|arch_emif_0.arch0_1ch_per_io.arch_0|wrapper_bufs_mem|g_UNUSED[13].pad ; Bidir    ; 0                   ; 0                  ; 0              ; --                                ; --                                  ;
; soc_inst|emif_io96b_lpddr4_0|emif_io96b_lpddr4_0|emif_arch_top|arch_emif_0.arch0_1ch_per_io.arch_0|wrapper_bufs_mem|g_UNUSED[0].pad                         ; Bidir    ; 0                   ; 0                  ; 0              ; --                                ; --                                  ;
; soc_inst|emif_io96b_lpddr4_0|emif_io96b_lpddr4_0|emif_arch_top|arch_emif_0.arch0_1ch_per_io.arch_0|wrapper_bufs_mem|g_UNUSED[1].pad                         ; Bidir    ; 0                   ; 0                  ; 0              ; --                                ; --                                  ;
; soc_inst|emif_io96b_lpddr4_0|emif_io96b_lpddr4_0|emif_arch_top|arch_emif_0.arch0_1ch_per_io.arch_0|wrapper_bufs_mem|g_UNUSED[2].pad                         ; Bidir    ; 0                   ; 0                  ; 0              ; --                                ; --                                  ;
; soc_inst|emif_io96b_lpddr4_0|emif_io96b_lpddr4_0|emif_arch_top|arch_emif_0.arch0_1ch_per_io.arch_0|wrapper_bufs_mem|g_UNUSED[3].pad                         ; Bidir    ; 0                   ; 0                  ; 0              ; --                                ; --                                  ;
; soc_inst|emif_io96b_lpddr4_0|emif_io96b_lpddr4_0|emif_arch_top|arch_emif_0.arch0_1ch_per_io.arch_0|wrapper_bufs_mem|g_UNUSED[4].pad                         ; Bidir    ; 0                   ; 0                  ; 0              ; --                                ; --                                  ;
; soc_inst|emif_io96b_lpddr4_0|emif_io96b_lpddr4_0|emif_arch_top|arch_emif_0.arch0_1ch_per_io.arch_0|wrapper_bufs_mem|g_UNUSED[5].pad                         ; Bidir    ; 0                   ; 0                  ; 0              ; --                                ; --                                  ;
; soc_inst|emif_io96b_lpddr4_0|emif_io96b_lpddr4_0|emif_arch_top|arch_emif_0.arch0_1ch_per_io.arch_0|wrapper_bufs_mem|g_UNUSED[6].pad                         ; Bidir    ; 0                   ; 0                  ; 0              ; --                                ; --                                  ;
; soc_inst|emif_io96b_lpddr4_0|emif_io96b_lpddr4_0|emif_arch_top|arch_emif_0.arch0_1ch_per_io.arch_0|wrapper_bufs_mem|g_UNUSED[7].pad                         ; Bidir    ; 0                   ; 0                  ; 0              ; --                                ; --                                  ;
; soc_inst|emif_io96b_lpddr4_0|emif_io96b_lpddr4_0|emif_arch_top|arch_emif_0.arch0_1ch_per_io.arch_0|wrapper_bufs_mem|g_UNUSED[8].pad                         ; Bidir    ; 0                   ; 0                  ; 0              ; --                                ; --                                  ;
; soc_inst|emif_io96b_lpddr4_0|emif_io96b_lpddr4_0|emif_arch_top|arch_emif_0.arch0_1ch_per_io.arch_0|wrapper_bufs_mem|g_UNUSED[9].pad                         ; Bidir    ; 0                   ; 0                  ; 0              ; --                                ; --                                  ;
; soc_inst|emif_io96b_lpddr4_0|emif_io96b_lpddr4_0|emif_arch_top|arch_emif_0.arch0_1ch_per_io.arch_0|wrapper_bufs_mem|g_UNUSED[10].pad                        ; Bidir    ; 0                   ; 0                  ; 0              ; --                                ; --                                  ;
; soc_inst|emif_io96b_lpddr4_0|emif_io96b_lpddr4_0|emif_arch_top|arch_emif_0.arch0_1ch_per_io.arch_0|wrapper_bufs_mem|g_UNUSED[11].pad                        ; Bidir    ; 0                   ; 0                  ; 0              ; --                                ; --                                  ;
; soc_inst|emif_io96b_lpddr4_0|emif_io96b_lpddr4_0|emif_arch_top|arch_emif_0.arch0_1ch_per_io.arch_0|wrapper_bufs_mem|g_UNUSED[12].pad                        ; Bidir    ; 0                   ; 0                  ; 0              ; --                                ; --                                  ;
; soc_inst|emif_io96b_lpddr4_0|emif_io96b_lpddr4_0|emif_arch_top|arch_emif_0.arch0_1ch_per_io.arch_0|wrapper_bufs_mem|g_UNUSED[13].pad                        ; Bidir    ; 0                   ; 0                  ; 0              ; --                                ; --                                  ;
; HPS_ENET_MDC                                                                                                                                                ; Output   ; --                  ; 0                  ; 0              ; --                                ; --                                  ;
; HPS_ENET_TX_CLK                                                                                                                                             ; Output   ; --                  ; 0                  ; 0              ; --                                ; --                                  ;
; HPS_ENET_TX_CTL                                                                                                                                             ; Output   ; --                  ; 0                  ; 0              ; --                                ; --                                  ;
; HPS_ENET_TX_DATA[0]                                                                                                                                         ; Output   ; --                  ; 0                  ; 0              ; --                                ; --                                  ;
; HPS_ENET_TX_DATA[1]                                                                                                                                         ; Output   ; --                  ; 0                  ; 0              ; --                                ; --                                  ;
; HPS_ENET_TX_DATA[2]                                                                                                                                         ; Output   ; --                  ; 0                  ; 0              ; --                                ; --                                  ;
; HPS_ENET_TX_DATA[3]                                                                                                                                         ; Output   ; --                  ; 0                  ; 0              ; --                                ; --                                  ;
; HPS_SD_CLK                                                                                                                                                  ; Output   ; --                  ; 0                  ; 0              ; --                                ; --                                  ;
; HPS_UART_TX                                                                                                                                                 ; Output   ; --                  ; 0                  ; 0              ; --                                ; --                                  ;
; HPS_USB_STP                                                                                                                                                 ; Output   ; --                  ; 0                  ; 0              ; --                                ; --                                  ;
; LPDDR4A_CS_n                                                                                                                                                ; Output   ; --                  ; 0                  ; 0              ; --                                ; --                                  ;
; LPDDR4A_CA[0]                                                                                                                                               ; Output   ; --                  ; 0                  ; 0              ; --                                ; --                                  ;
; LPDDR4A_CA[1]                                                                                                                                               ; Output   ; --                  ; 0                  ; 0              ; --                                ; --                                  ;
; LPDDR4A_CA[2]                                                                                                                                               ; Output   ; --                  ; 0                  ; 0              ; --                                ; --                                  ;
; LPDDR4A_CA[3]                                                                                                                                               ; Output   ; --                  ; 0                  ; 0              ; --                                ; --                                  ;
; LPDDR4A_CA[4]                                                                                                                                               ; Output   ; --                  ; 0                  ; 0              ; --                                ; --                                  ;
; LPDDR4A_CA[5]                                                                                                                                               ; Output   ; --                  ; 0                  ; 0              ; --                                ; --                                  ;
; LPDDR4A_CK                                                                                                                                                  ; Output   ; --                  ; 0                  ; 0              ; --                                ; --                                  ;
; LPDDR4A_CKE                                                                                                                                                 ; Output   ; --                  ; 0                  ; 0              ; --                                ; --                                  ;
; LPDDR4A_CK_n                                                                                                                                                ; Output   ; --                  ; 0                  ; 0              ; --                                ; --                                  ;
; LPDDR4A_RESET_n                                                                                                                                             ; Output   ; --                  ; 0                  ; 0              ; --                                ; --                                  ;
; LED[0]                                                                                                                                                      ; Output   ; --                  ; 0                  ; --             ; --                                ; --                                  ;
; LED[1]                                                                                                                                                      ; Output   ; --                  ; 0                  ; --             ; --                                ; --                                  ;
; LPDDR4B_CS_n                                                                                                                                                ; Output   ; --                  ; 0                  ; 0              ; --                                ; --                                  ;
; LPDDR4B_CA[0]                                                                                                                                               ; Output   ; --                  ; 0                  ; 0              ; --                                ; --                                  ;
; LPDDR4B_CA[1]                                                                                                                                               ; Output   ; --                  ; 0                  ; 0              ; --                                ; --                                  ;
; LPDDR4B_CA[2]                                                                                                                                               ; Output   ; --                  ; 0                  ; 0              ; --                                ; --                                  ;
; LPDDR4B_CA[3]                                                                                                                                               ; Output   ; --                  ; 0                  ; 0              ; --                                ; --                                  ;
; LPDDR4B_CA[4]                                                                                                                                               ; Output   ; --                  ; 0                  ; 0              ; --                                ; --                                  ;
; LPDDR4B_CA[5]                                                                                                                                               ; Output   ; --                  ; 0                  ; 0              ; --                                ; --                                  ;
; LPDDR4B_CK                                                                                                                                                  ; Output   ; --                  ; 0                  ; 0              ; --                                ; --                                  ;
; LPDDR4B_CKE                                                                                                                                                 ; Output   ; --                  ; 0                  ; 0              ; --                                ; --                                  ;
; LPDDR4B_CK_n                                                                                                                                                ; Output   ; --                  ; 0                  ; 0              ; --                                ; --                                  ;
; LPDDR4B_RESET_n                                                                                                                                             ; Output   ; --                  ; 0                  ; 0              ; --                                ; --                                  ;
; LED[2]                                                                                                                                                      ; Output   ; --                  ; 0                  ; --             ; --                                ; --                                  ;
; CLOCK0_50                                                                                                                                                   ; Input    ; --                  ; --                 ; --             ; --                                ; --                                  ;
; CLOCK1_50                                                                                                                                                   ; Input    ; --                  ; --                 ; --             ; --                                ; --                                  ;
; LED[3]                                                                                                                                                      ; Output   ; --                  ; 0                  ; --             ; --                                ; --                                  ;
; LED[4]                                                                                                                                                      ; Output   ; --                  ; 0                  ; --             ; --                                ; --                                  ;
; LED[5]                                                                                                                                                      ; Output   ; --                  ; 0                  ; --             ; --                                ; --                                  ;
; LED[6]                                                                                                                                                      ; Output   ; --                  ; 0                  ; --             ; --                                ; --                                  ;
; LED[7]                                                                                                                                                      ; Output   ; --                  ; 0                  ; --             ; --                                ; --                                  ;
; DRAM_CLK                                                                                                                                                    ; Output   ; --                  ; 0                  ; --             ; --                                ; --                                  ;
; DRAM_CKE                                                                                                                                                    ; Output   ; --                  ; 0                  ; --             ; --                                ; --                                  ;
; DRAM_ADDR[0]                                                                                                                                                ; Output   ; --                  ; 0                  ; --             ; --                                ; --                                  ;
; DRAM_ADDR[1]                                                                                                                                                ; Output   ; --                  ; 0                  ; --             ; --                                ; --                                  ;
; DRAM_ADDR[2]                                                                                                                                                ; Output   ; --                  ; 0                  ; --             ; --                                ; --                                  ;
; DRAM_ADDR[3]                                                                                                                                                ; Output   ; --                  ; 0                  ; --             ; --                                ; --                                  ;
; DRAM_ADDR[4]                                                                                                                                                ; Output   ; --                  ; 0                  ; --             ; --                                ; --                                  ;
; DRAM_ADDR[5]                                                                                                                                                ; Output   ; --                  ; 0                  ; --             ; --                                ; --                                  ;
; DRAM_ADDR[6]                                                                                                                                                ; Output   ; --                  ; 0                  ; --             ; --                                ; --                                  ;
; DRAM_ADDR[7]                                                                                                                                                ; Output   ; --                  ; 0                  ; --             ; --                                ; --                                  ;
; DRAM_ADDR[8]                                                                                                                                                ; Output   ; --                  ; 0                  ; --             ; --                                ; --                                  ;
; DRAM_ADDR[9]                                                                                                                                                ; Output   ; --                  ; 0                  ; --             ; --                                ; --                                  ;
; DRAM_ADDR[10]                                                                                                                                               ; Output   ; --                  ; 0                  ; --             ; --                                ; --                                  ;
; DRAM_ADDR[11]                                                                                                                                               ; Output   ; --                  ; 0                  ; --             ; --                                ; --                                  ;
; DRAM_ADDR[12]                                                                                                                                               ; Output   ; --                  ; 0                  ; --             ; --                                ; --                                  ;
; DRAM_BA[0]                                                                                                                                                  ; Output   ; --                  ; 0                  ; --             ; --                                ; --                                  ;
; DRAM_BA[1]                                                                                                                                                  ; Output   ; --                  ; 0                  ; --             ; --                                ; --                                  ;
; DRAM_LDQM                                                                                                                                                   ; Output   ; --                  ; 0                  ; --             ; --                                ; --                                  ;
; DRAM_UDQM                                                                                                                                                   ; Output   ; --                  ; 0                  ; --             ; --                                ; --                                  ;
; DRAM_CS_n[0]                                                                                                                                                ; Output   ; --                  ; 0                  ; --             ; --                                ; --                                  ;
; DRAM_CS_n[1]                                                                                                                                                ; Output   ; --                  ; 0                  ; --             ; --                                ; --                                  ;
; DRAM_WE_n                                                                                                                                                   ; Output   ; --                  ; 0                  ; --             ; --                                ; --                                  ;
; DRAM_CAS_n                                                                                                                                                  ; Output   ; --                  ; 0                  ; --             ; --                                ; --                                  ;
; DRAM_RAS_n                                                                                                                                                  ; Output   ; --                  ; 0                  ; --             ; --                                ; --                                  ;
; HDMI_TX_CLK                                                                                                                                                 ; Output   ; --                  ; 0                  ; --             ; --                                ; --                                  ;
; HDMI_TX_HS                                                                                                                                                  ; Output   ; --                  ; 0                  ; --             ; --                                ; --                                  ;
; HDMI_TX_VS                                                                                                                                                  ; Output   ; --                  ; 0                  ; --             ; --                                ; --                                  ;
; HDMI_TX_D[0]                                                                                                                                                ; Output   ; --                  ; 0                  ; --             ; --                                ; --                                  ;
; HDMI_TX_D[1]                                                                                                                                                ; Output   ; --                  ; 0                  ; --             ; --                                ; --                                  ;
; HDMI_TX_D[2]                                                                                                                                                ; Output   ; --                  ; 0                  ; --             ; --                                ; --                                  ;
; HDMI_TX_D[3]                                                                                                                                                ; Output   ; --                  ; 0                  ; --             ; --                                ; --                                  ;
; HDMI_TX_D[4]                                                                                                                                                ; Output   ; --                  ; 0                  ; --             ; --                                ; --                                  ;
; HDMI_TX_D[5]                                                                                                                                                ; Output   ; --                  ; 0                  ; --             ; --                                ; --                                  ;
; HDMI_TX_D[6]                                                                                                                                                ; Output   ; --                  ; 0                  ; --             ; --                                ; --                                  ;
; HDMI_TX_D[7]                                                                                                                                                ; Output   ; --                  ; 0                  ; --             ; --                                ; --                                  ;
; HDMI_TX_D[8]                                                                                                                                                ; Output   ; --                  ; 0                  ; --             ; --                                ; --                                  ;
; HDMI_TX_D[9]                                                                                                                                                ; Output   ; --                  ; 0                  ; --             ; --                                ; --                                  ;
; HDMI_TX_D[10]                                                                                                                                               ; Output   ; --                  ; 0                  ; --             ; --                                ; --                                  ;
; HDMI_TX_D[11]                                                                                                                                               ; Output   ; --                  ; 0                  ; --             ; --                                ; --                                  ;
; HDMI_TX_D[12]                                                                                                                                               ; Output   ; --                  ; 0                  ; --             ; --                                ; --                                  ;
; HDMI_TX_D[13]                                                                                                                                               ; Output   ; --                  ; 0                  ; --             ; --                                ; --                                  ;
; HDMI_TX_D[14]                                                                                                                                               ; Output   ; --                  ; 0                  ; --             ; --                                ; --                                  ;
; HDMI_TX_D[15]                                                                                                                                               ; Output   ; --                  ; 0                  ; --             ; --                                ; --                                  ;
; HDMI_TX_D[16]                                                                                                                                               ; Output   ; --                  ; 0                  ; --             ; --                                ; --                                  ;
; HDMI_TX_D[17]                                                                                                                                               ; Output   ; --                  ; 0                  ; --             ; --                                ; --                                  ;
; HDMI_TX_D[18]                                                                                                                                               ; Output   ; --                  ; 0                  ; --             ; --                                ; --                                  ;
; HDMI_TX_D[19]                                                                                                                                               ; Output   ; --                  ; 0                  ; --             ; --                                ; --                                  ;
; HDMI_TX_D[20]                                                                                                                                               ; Output   ; --                  ; 0                  ; --             ; --                                ; --                                  ;
; HDMI_TX_D[21]                                                                                                                                               ; Output   ; --                  ; 0                  ; --             ; --                                ; --                                  ;
; HDMI_TX_D[22]                                                                                                                                               ; Output   ; --                  ; 0                  ; --             ; --                                ; --                                  ;
; HDMI_TX_D[23]                                                                                                                                               ; Output   ; --                  ; 0                  ; --             ; --                                ; --                                  ;
; HDMI_TX_DE                                                                                                                                                  ; Output   ; --                  ; 0                  ; --             ; --                                ; --                                  ;
; HDMI_TX_INT                                                                                                                                                 ; Input    ; --                  ; --                 ; --             ; --                                ; --                                  ;
; FPGA_UART_TX                                                                                                                                                ; Output   ; --                  ; 0                  ; --             ; --                                ; --                                  ;
; FPGA_UART_RX                                                                                                                                                ; Input    ; --                  ; --                 ; --             ; --                                ; --                                  ;
; ADC_SCK                                                                                                                                                     ; Output   ; --                  ; 0                  ; --             ; --                                ; --                                  ;
; ADC_SDO                                                                                                                                                     ; Input    ; --                  ; --                 ; --             ; --                                ; --                                  ;
; ADC_SDI                                                                                                                                                     ; Output   ; --                  ; 0                  ; --             ; --                                ; --                                  ;
; ADC_CS_n                                                                                                                                                    ; Output   ; --                  ; 0                  ; --             ; --                                ; --                                  ;
; FAN_ALERT_n                                                                                                                                                 ; Input    ; --                  ; --                 ; --             ; --                                ; --                                  ;
; HPS_ENET_MDIO                                                                                                                                               ; Bidir    ; 0                   ; 0                  ; 0              ; --                                ; --                                  ;
; HPS_GSENSOR_I2C_EN                                                                                                                                          ; Bidir    ; 0                   ; 0                  ; 0              ; --                                ; --                                  ;
; HPS_GSENSOR_INT                                                                                                                                             ; Bidir    ; 0                   ; 0                  ; 0              ; --                                ; --                                  ;
; HPS_I2C_SCL                                                                                                                                                 ; Bidir    ; 0                   ; 0                  ; 0              ; --                                ; --                                  ;
; HPS_I2C_SDA                                                                                                                                                 ; Bidir    ; 0                   ; 0                  ; 0              ; --                                ; --                                  ;
; HPS_KEY                                                                                                                                                     ; Bidir    ; 0                   ; 0                  ; 0              ; --                                ; --                                  ;
; HPS_LED                                                                                                                                                     ; Bidir    ; 0                   ; 0                  ; 0              ; --                                ; --                                  ;
; HPS_SD_CMD                                                                                                                                                  ; Bidir    ; 0                   ; 0                  ; 0              ; --                                ; --                                  ;
; HPS_SD_DATA[0]                                                                                                                                              ; Bidir    ; 0                   ; 0                  ; 0              ; --                                ; --                                  ;
; HPS_SD_DATA[1]                                                                                                                                              ; Bidir    ; 0                   ; 0                  ; 0              ; --                                ; --                                  ;
; HPS_SD_DATA[2]                                                                                                                                              ; Bidir    ; 0                   ; 0                  ; 0              ; --                                ; --                                  ;
; HPS_SD_DATA[3]                                                                                                                                              ; Bidir    ; 0                   ; 0                  ; 0              ; --                                ; --                                  ;
; HPS_USB_DATA[0]                                                                                                                                             ; Bidir    ; 0                   ; 0                  ; 0              ; --                                ; --                                  ;
; HPS_USB_DATA[1]                                                                                                                                             ; Bidir    ; 0                   ; 0                  ; 0              ; --                                ; --                                  ;
; HPS_USB_DATA[2]                                                                                                                                             ; Bidir    ; 0                   ; 0                  ; 0              ; --                                ; --                                  ;
; HPS_USB_DATA[3]                                                                                                                                             ; Bidir    ; 0                   ; 0                  ; 0              ; --                                ; --                                  ;
; HPS_USB_DATA[4]                                                                                                                                             ; Bidir    ; 0                   ; 0                  ; 0              ; --                                ; --                                  ;
; HPS_USB_DATA[5]                                                                                                                                             ; Bidir    ; 0                   ; 0                  ; 0              ; --                                ; --                                  ;
; HPS_USB_DATA[6]                                                                                                                                             ; Bidir    ; 0                   ; 0                  ; 0              ; --                                ; --                                  ;
; HPS_USB_DATA[7]                                                                                                                                             ; Bidir    ; 0                   ; 0                  ; 0              ; --                                ; --                                  ;
; LPDDR4A_DM[0]                                                                                                                                               ; Bidir    ; 0                   ; 0                  ; 0              ; --                                ; --                                  ;
; LPDDR4A_DM[1]                                                                                                                                               ; Bidir    ; 0                   ; 0                  ; 0              ; --                                ; --                                  ;
; LPDDR4A_DM[2]                                                                                                                                               ; Bidir    ; 0                   ; 0                  ; 0              ; --                                ; --                                  ;
; LPDDR4A_DM[3]                                                                                                                                               ; Bidir    ; 0                   ; 0                  ; 0              ; --                                ; --                                  ;
; LPDDR4A_DQ[0]                                                                                                                                               ; Bidir    ; 0                   ; 0                  ; 0              ; --                                ; --                                  ;
; LPDDR4A_DQ[1]                                                                                                                                               ; Bidir    ; 0                   ; 0                  ; 0              ; --                                ; --                                  ;
; LPDDR4A_DQ[2]                                                                                                                                               ; Bidir    ; 0                   ; 0                  ; 0              ; --                                ; --                                  ;
; LPDDR4A_DQ[3]                                                                                                                                               ; Bidir    ; 0                   ; 0                  ; 0              ; --                                ; --                                  ;
; LPDDR4A_DQ[4]                                                                                                                                               ; Bidir    ; 0                   ; 0                  ; 0              ; --                                ; --                                  ;
; LPDDR4A_DQ[5]                                                                                                                                               ; Bidir    ; 0                   ; 0                  ; 0              ; --                                ; --                                  ;
; LPDDR4A_DQ[6]                                                                                                                                               ; Bidir    ; 0                   ; 0                  ; 0              ; --                                ; --                                  ;
; LPDDR4A_DQ[7]                                                                                                                                               ; Bidir    ; 0                   ; 0                  ; 0              ; --                                ; --                                  ;
; LPDDR4A_DQ[8]                                                                                                                                               ; Bidir    ; 0                   ; 0                  ; 0              ; --                                ; --                                  ;
; LPDDR4A_DQ[9]                                                                                                                                               ; Bidir    ; 0                   ; 0                  ; 0              ; --                                ; --                                  ;
; LPDDR4A_DQ[10]                                                                                                                                              ; Bidir    ; 0                   ; 0                  ; 0              ; --                                ; --                                  ;
; LPDDR4A_DQ[11]                                                                                                                                              ; Bidir    ; 0                   ; 0                  ; 0              ; --                                ; --                                  ;
; LPDDR4A_DQ[12]                                                                                                                                              ; Bidir    ; 0                   ; 0                  ; 0              ; --                                ; --                                  ;
; LPDDR4A_DQ[13]                                                                                                                                              ; Bidir    ; 0                   ; 0                  ; 0              ; --                                ; --                                  ;
; LPDDR4A_DQ[14]                                                                                                                                              ; Bidir    ; 0                   ; 0                  ; 0              ; --                                ; --                                  ;
; LPDDR4A_DQ[15]                                                                                                                                              ; Bidir    ; 0                   ; 0                  ; 0              ; --                                ; --                                  ;
; LPDDR4A_DQ[16]                                                                                                                                              ; Bidir    ; 0                   ; 0                  ; 0              ; --                                ; --                                  ;
; LPDDR4A_DQ[17]                                                                                                                                              ; Bidir    ; 0                   ; 0                  ; 0              ; --                                ; --                                  ;
; LPDDR4A_DQ[18]                                                                                                                                              ; Bidir    ; 0                   ; 0                  ; 0              ; --                                ; --                                  ;
; LPDDR4A_DQ[19]                                                                                                                                              ; Bidir    ; 0                   ; 0                  ; 0              ; --                                ; --                                  ;
; LPDDR4A_DQ[20]                                                                                                                                              ; Bidir    ; 0                   ; 0                  ; 0              ; --                                ; --                                  ;
; LPDDR4A_DQ[21]                                                                                                                                              ; Bidir    ; 0                   ; 0                  ; 0              ; --                                ; --                                  ;
; LPDDR4A_DQ[22]                                                                                                                                              ; Bidir    ; 0                   ; 0                  ; 0              ; --                                ; --                                  ;
; LPDDR4A_DQ[23]                                                                                                                                              ; Bidir    ; 0                   ; 0                  ; 0              ; --                                ; --                                  ;
; LPDDR4A_DQ[24]                                                                                                                                              ; Bidir    ; 0                   ; 0                  ; 0              ; --                                ; --                                  ;
; LPDDR4A_DQ[25]                                                                                                                                              ; Bidir    ; 0                   ; 0                  ; 0              ; --                                ; --                                  ;
; LPDDR4A_DQ[26]                                                                                                                                              ; Bidir    ; 0                   ; 0                  ; 0              ; --                                ; --                                  ;
; LPDDR4A_DQ[27]                                                                                                                                              ; Bidir    ; 0                   ; 0                  ; 0              ; --                                ; --                                  ;
; LPDDR4A_DQ[28]                                                                                                                                              ; Bidir    ; 0                   ; 0                  ; 0              ; --                                ; --                                  ;
; LPDDR4A_DQ[29]                                                                                                                                              ; Bidir    ; 0                   ; 0                  ; 0              ; --                                ; --                                  ;
; LPDDR4A_DQ[30]                                                                                                                                              ; Bidir    ; 0                   ; 0                  ; 0              ; --                                ; --                                  ;
; LPDDR4A_DQ[31]                                                                                                                                              ; Bidir    ; 0                   ; 0                  ; 0              ; --                                ; --                                  ;
; LPDDR4A_DQS[0]                                                                                                                                              ; Bidir    ; 0                   ; 0                  ; 0              ; --                                ; --                                  ;
; LPDDR4A_DQS[1]                                                                                                                                              ; Bidir    ; 0                   ; 0                  ; 0              ; --                                ; --                                  ;
; LPDDR4A_DQS[2]                                                                                                                                              ; Bidir    ; 0                   ; 0                  ; 0              ; --                                ; --                                  ;
; LPDDR4A_DQS[3]                                                                                                                                              ; Bidir    ; 0                   ; 0                  ; 0              ; --                                ; --                                  ;
; LPDDR4A_DQS_n[0]                                                                                                                                            ; Bidir    ; 0                   ; 0                  ; 0              ; --                                ; --                                  ;
; LPDDR4A_DQS_n[1]                                                                                                                                            ; Bidir    ; 0                   ; 0                  ; 0              ; --                                ; --                                  ;
; LPDDR4A_DQS_n[2]                                                                                                                                            ; Bidir    ; 0                   ; 0                  ; 0              ; --                                ; --                                  ;
; LPDDR4A_DQS_n[3]                                                                                                                                            ; Bidir    ; 0                   ; 0                  ; 0              ; --                                ; --                                  ;
; LPDDR4B_DM[0]                                                                                                                                               ; Bidir    ; 0                   ; 0                  ; 0              ; --                                ; --                                  ;
; LPDDR4B_DM[1]                                                                                                                                               ; Bidir    ; 0                   ; 0                  ; 0              ; --                                ; --                                  ;
; LPDDR4B_DM[2]                                                                                                                                               ; Bidir    ; 0                   ; 0                  ; 0              ; --                                ; --                                  ;
; LPDDR4B_DM[3]                                                                                                                                               ; Bidir    ; 0                   ; 0                  ; 0              ; --                                ; --                                  ;
; LPDDR4B_DQ[0]                                                                                                                                               ; Bidir    ; 0                   ; 0                  ; 0              ; --                                ; --                                  ;
; LPDDR4B_DQ[1]                                                                                                                                               ; Bidir    ; 0                   ; 0                  ; 0              ; --                                ; --                                  ;
; LPDDR4B_DQ[2]                                                                                                                                               ; Bidir    ; 0                   ; 0                  ; 0              ; --                                ; --                                  ;
; LPDDR4B_DQ[3]                                                                                                                                               ; Bidir    ; 0                   ; 0                  ; 0              ; --                                ; --                                  ;
; LPDDR4B_DQ[4]                                                                                                                                               ; Bidir    ; 0                   ; 0                  ; 0              ; --                                ; --                                  ;
; LPDDR4B_DQ[5]                                                                                                                                               ; Bidir    ; 0                   ; 0                  ; 0              ; --                                ; --                                  ;
; LPDDR4B_DQ[6]                                                                                                                                               ; Bidir    ; 0                   ; 0                  ; 0              ; --                                ; --                                  ;
; LPDDR4B_DQ[7]                                                                                                                                               ; Bidir    ; 0                   ; 0                  ; 0              ; --                                ; --                                  ;
; LPDDR4B_DQ[8]                                                                                                                                               ; Bidir    ; 0                   ; 0                  ; 0              ; --                                ; --                                  ;
; LPDDR4B_DQ[9]                                                                                                                                               ; Bidir    ; 0                   ; 0                  ; 0              ; --                                ; --                                  ;
; LPDDR4B_DQ[10]                                                                                                                                              ; Bidir    ; 0                   ; 0                  ; 0              ; --                                ; --                                  ;
; LPDDR4B_DQ[11]                                                                                                                                              ; Bidir    ; 0                   ; 0                  ; 0              ; --                                ; --                                  ;
; LPDDR4B_DQ[12]                                                                                                                                              ; Bidir    ; 0                   ; 0                  ; 0              ; --                                ; --                                  ;
; LPDDR4B_DQ[13]                                                                                                                                              ; Bidir    ; 0                   ; 0                  ; 0              ; --                                ; --                                  ;
; LPDDR4B_DQ[14]                                                                                                                                              ; Bidir    ; 0                   ; 0                  ; 0              ; --                                ; --                                  ;
; LPDDR4B_DQ[15]                                                                                                                                              ; Bidir    ; 0                   ; 0                  ; 0              ; --                                ; --                                  ;
; LPDDR4B_DQ[16]                                                                                                                                              ; Bidir    ; 0                   ; 0                  ; 0              ; --                                ; --                                  ;
; LPDDR4B_DQ[17]                                                                                                                                              ; Bidir    ; 0                   ; 0                  ; 0              ; --                                ; --                                  ;
; LPDDR4B_DQ[18]                                                                                                                                              ; Bidir    ; 0                   ; 0                  ; 0              ; --                                ; --                                  ;
; LPDDR4B_DQ[19]                                                                                                                                              ; Bidir    ; 0                   ; 0                  ; 0              ; --                                ; --                                  ;
; LPDDR4B_DQ[20]                                                                                                                                              ; Bidir    ; 0                   ; 0                  ; 0              ; --                                ; --                                  ;
; LPDDR4B_DQ[21]                                                                                                                                              ; Bidir    ; 0                   ; 0                  ; 0              ; --                                ; --                                  ;
; LPDDR4B_DQ[22]                                                                                                                                              ; Bidir    ; 0                   ; 0                  ; 0              ; --                                ; --                                  ;
; LPDDR4B_DQ[23]                                                                                                                                              ; Bidir    ; 0                   ; 0                  ; 0              ; --                                ; --                                  ;
; LPDDR4B_DQ[24]                                                                                                                                              ; Bidir    ; 0                   ; 0                  ; 0              ; --                                ; --                                  ;
; LPDDR4B_DQ[25]                                                                                                                                              ; Bidir    ; 0                   ; 0                  ; 0              ; --                                ; --                                  ;
; LPDDR4B_DQ[26]                                                                                                                                              ; Bidir    ; 0                   ; 0                  ; 0              ; --                                ; --                                  ;
; LPDDR4B_DQ[27]                                                                                                                                              ; Bidir    ; 0                   ; 0                  ; 0              ; --                                ; --                                  ;
; LPDDR4B_DQ[28]                                                                                                                                              ; Bidir    ; 0                   ; 0                  ; 0              ; --                                ; --                                  ;
; LPDDR4B_DQ[29]                                                                                                                                              ; Bidir    ; 0                   ; 0                  ; 0              ; --                                ; --                                  ;
; LPDDR4B_DQ[30]                                                                                                                                              ; Bidir    ; 0                   ; 0                  ; 0              ; --                                ; --                                  ;
; LPDDR4B_DQ[31]                                                                                                                                              ; Bidir    ; 0                   ; 0                  ; 0              ; --                                ; --                                  ;
; LPDDR4B_DQS[0]                                                                                                                                              ; Bidir    ; 0                   ; 0                  ; 0              ; --                                ; --                                  ;
; LPDDR4B_DQS[1]                                                                                                                                              ; Bidir    ; 0                   ; 0                  ; 0              ; --                                ; --                                  ;
; LPDDR4B_DQS[2]                                                                                                                                              ; Bidir    ; 0                   ; 0                  ; 0              ; --                                ; --                                  ;
; LPDDR4B_DQS[3]                                                                                                                                              ; Bidir    ; 0                   ; 0                  ; 0              ; --                                ; --                                  ;
; LPDDR4B_DQS_n[0]                                                                                                                                            ; Bidir    ; 0                   ; 0                  ; 0              ; --                                ; --                                  ;
; LPDDR4B_DQS_n[1]                                                                                                                                            ; Bidir    ; 0                   ; 0                  ; 0              ; --                                ; --                                  ;
; LPDDR4B_DQS_n[2]                                                                                                                                            ; Bidir    ; 0                   ; 0                  ; 0              ; --                                ; --                                  ;
; LPDDR4B_DQS_n[3]                                                                                                                                            ; Bidir    ; 0                   ; 0                  ; 0              ; --                                ; --                                  ;
; DRAM_DQ[0]                                                                                                                                                  ; Bidir    ; --                  ; 0                  ; 0              ; --                                ; --                                  ;
; DRAM_DQ[1]                                                                                                                                                  ; Bidir    ; --                  ; 0                  ; 0              ; --                                ; --                                  ;
; DRAM_DQ[2]                                                                                                                                                  ; Bidir    ; --                  ; 0                  ; 0              ; --                                ; --                                  ;
; DRAM_DQ[3]                                                                                                                                                  ; Bidir    ; --                  ; 0                  ; 0              ; --                                ; --                                  ;
; DRAM_DQ[4]                                                                                                                                                  ; Bidir    ; --                  ; 0                  ; 0              ; --                                ; --                                  ;
; DRAM_DQ[5]                                                                                                                                                  ; Bidir    ; --                  ; 0                  ; 0              ; --                                ; --                                  ;
; DRAM_DQ[6]                                                                                                                                                  ; Bidir    ; --                  ; 0                  ; 0              ; --                                ; --                                  ;
; DRAM_DQ[7]                                                                                                                                                  ; Bidir    ; --                  ; 0                  ; 0              ; --                                ; --                                  ;
; DRAM_DQ[8]                                                                                                                                                  ; Bidir    ; --                  ; 0                  ; 0              ; --                                ; --                                  ;
; DRAM_DQ[9]                                                                                                                                                  ; Bidir    ; --                  ; 0                  ; 0              ; --                                ; --                                  ;
; DRAM_DQ[10]                                                                                                                                                 ; Bidir    ; --                  ; 0                  ; 0              ; --                                ; --                                  ;
; DRAM_DQ[11]                                                                                                                                                 ; Bidir    ; --                  ; 0                  ; 0              ; --                                ; --                                  ;
; DRAM_DQ[12]                                                                                                                                                 ; Bidir    ; --                  ; 0                  ; 0              ; --                                ; --                                  ;
; DRAM_DQ[13]                                                                                                                                                 ; Bidir    ; --                  ; 0                  ; 0              ; --                                ; --                                  ;
; DRAM_DQ[14]                                                                                                                                                 ; Bidir    ; --                  ; 0                  ; 0              ; --                                ; --                                  ;
; DRAM_DQ[15]                                                                                                                                                 ; Bidir    ; --                  ; 0                  ; 0              ; --                                ; --                                  ;
; HDMI_LRCLK                                                                                                                                                  ; Bidir    ; --                  ; 0                  ; 0              ; --                                ; --                                  ;
; HDMI_MCLK                                                                                                                                                   ; Bidir    ; --                  ; 0                  ; 0              ; --                                ; --                                  ;
; HDMI_SCLK                                                                                                                                                   ; Bidir    ; --                  ; 0                  ; 0              ; --                                ; --                                  ;
; HDMI_I2C_SCL                                                                                                                                                ; Bidir    ; --                  ; 0                  ; 0              ; --                                ; --                                  ;
; HDMI_I2C_SDA                                                                                                                                                ; Bidir    ; --                  ; 0                  ; 0              ; --                                ; --                                  ;
; HDMI_I2S                                                                                                                                                    ; Bidir    ; --                  ; 0                  ; 0              ; --                                ; --                                  ;
; GPIO0_D[0]                                                                                                                                                  ; Bidir    ; --                  ; 0                  ; 0              ; --                                ; --                                  ;
; GPIO0_D[1]                                                                                                                                                  ; Bidir    ; --                  ; 0                  ; 0              ; --                                ; --                                  ;
; GPIO0_D[2]                                                                                                                                                  ; Bidir    ; --                  ; 0                  ; 0              ; --                                ; --                                  ;
; GPIO0_D[3]                                                                                                                                                  ; Bidir    ; --                  ; 0                  ; 0              ; --                                ; --                                  ;
; GPIO0_D[4]                                                                                                                                                  ; Bidir    ; --                  ; 0                  ; 0              ; --                                ; --                                  ;
; GPIO0_D[5]                                                                                                                                                  ; Bidir    ; --                  ; 0                  ; 0              ; --                                ; --                                  ;
; GPIO0_D[6]                                                                                                                                                  ; Bidir    ; --                  ; 0                  ; 0              ; --                                ; --                                  ;
; GPIO0_D[7]                                                                                                                                                  ; Bidir    ; --                  ; 0                  ; 0              ; --                                ; --                                  ;
; GPIO0_D[8]                                                                                                                                                  ; Bidir    ; --                  ; 0                  ; 0              ; --                                ; --                                  ;
; GPIO0_D[9]                                                                                                                                                  ; Bidir    ; --                  ; 0                  ; 0              ; --                                ; --                                  ;
; GPIO0_D[10]                                                                                                                                                 ; Bidir    ; --                  ; 0                  ; 0              ; --                                ; --                                  ;
; GPIO0_D[11]                                                                                                                                                 ; Bidir    ; --                  ; 0                  ; 0              ; --                                ; --                                  ;
; GPIO0_D[12]                                                                                                                                                 ; Bidir    ; --                  ; 0                  ; 0              ; --                                ; --                                  ;
; GPIO0_D[13]                                                                                                                                                 ; Bidir    ; --                  ; 0                  ; 0              ; --                                ; --                                  ;
; GPIO0_D[14]                                                                                                                                                 ; Bidir    ; --                  ; 0                  ; 0              ; --                                ; --                                  ;
; GPIO0_D[15]                                                                                                                                                 ; Bidir    ; --                  ; 0                  ; 0              ; --                                ; --                                  ;
; GPIO0_D[16]                                                                                                                                                 ; Bidir    ; --                  ; 0                  ; 0              ; --                                ; --                                  ;
; GPIO0_D[17]                                                                                                                                                 ; Bidir    ; --                  ; 0                  ; 0              ; --                                ; --                                  ;
; GPIO0_D[18]                                                                                                                                                 ; Bidir    ; --                  ; 0                  ; 0              ; --                                ; --                                  ;
; GPIO0_D[19]                                                                                                                                                 ; Bidir    ; --                  ; 0                  ; 0              ; --                                ; --                                  ;
; GPIO0_D[20]                                                                                                                                                 ; Bidir    ; --                  ; 0                  ; 0              ; --                                ; --                                  ;
; GPIO0_D[21]                                                                                                                                                 ; Bidir    ; --                  ; 0                  ; 0              ; --                                ; --                                  ;
; GPIO0_D[22]                                                                                                                                                 ; Bidir    ; --                  ; 0                  ; 0              ; --                                ; --                                  ;
; GPIO0_D[23]                                                                                                                                                 ; Bidir    ; --                  ; 0                  ; 0              ; --                                ; --                                  ;
; GPIO0_D[24]                                                                                                                                                 ; Bidir    ; --                  ; 0                  ; 0              ; --                                ; --                                  ;
; GPIO0_D[25]                                                                                                                                                 ; Bidir    ; --                  ; 0                  ; 0              ; --                                ; --                                  ;
; GPIO0_D[26]                                                                                                                                                 ; Bidir    ; --                  ; 0                  ; 0              ; --                                ; --                                  ;
; GPIO0_D[27]                                                                                                                                                 ; Bidir    ; --                  ; 0                  ; 0              ; --                                ; --                                  ;
; GPIO0_D[28]                                                                                                                                                 ; Bidir    ; --                  ; 0                  ; 0              ; --                                ; --                                  ;
; GPIO0_D[29]                                                                                                                                                 ; Bidir    ; --                  ; 0                  ; 0              ; --                                ; --                                  ;
; GPIO0_D[30]                                                                                                                                                 ; Bidir    ; --                  ; 0                  ; 0              ; --                                ; --                                  ;
; GPIO0_D[31]                                                                                                                                                 ; Bidir    ; --                  ; 0                  ; 0              ; --                                ; --                                  ;
; GPIO0_D[32]                                                                                                                                                 ; Bidir    ; --                  ; 0                  ; 0              ; --                                ; --                                  ;
; GPIO0_D[33]                                                                                                                                                 ; Bidir    ; --                  ; 0                  ; 0              ; --                                ; --                                  ;
; GPIO0_D[34]                                                                                                                                                 ; Bidir    ; --                  ; 0                  ; 0              ; --                                ; --                                  ;
; GPIO0_D[35]                                                                                                                                                 ; Bidir    ; --                  ; 0                  ; 0              ; --                                ; --                                  ;
; GPIO1_D[0]                                                                                                                                                  ; Bidir    ; --                  ; 0                  ; 0              ; --                                ; --                                  ;
; GPIO1_D[1]                                                                                                                                                  ; Bidir    ; --                  ; 0                  ; 0              ; --                                ; --                                  ;
; GPIO1_D[2]                                                                                                                                                  ; Bidir    ; --                  ; 0                  ; 0              ; --                                ; --                                  ;
; GPIO1_D[3]                                                                                                                                                  ; Bidir    ; --                  ; 0                  ; 0              ; --                                ; --                                  ;
; GPIO1_D[4]                                                                                                                                                  ; Bidir    ; --                  ; 0                  ; 0              ; --                                ; --                                  ;
; GPIO1_D[5]                                                                                                                                                  ; Bidir    ; --                  ; 0                  ; 0              ; --                                ; --                                  ;
; GPIO1_D[6]                                                                                                                                                  ; Bidir    ; --                  ; 0                  ; 0              ; --                                ; --                                  ;
; GPIO1_D[7]                                                                                                                                                  ; Bidir    ; --                  ; 0                  ; 0              ; --                                ; --                                  ;
; GPIO1_D[8]                                                                                                                                                  ; Bidir    ; --                  ; 0                  ; 0              ; --                                ; --                                  ;
; GPIO1_D[9]                                                                                                                                                  ; Bidir    ; --                  ; 0                  ; 0              ; --                                ; --                                  ;
; GPIO1_D[10]                                                                                                                                                 ; Bidir    ; --                  ; 0                  ; 0              ; --                                ; --                                  ;
; GPIO1_D[11]                                                                                                                                                 ; Bidir    ; --                  ; 0                  ; 0              ; --                                ; --                                  ;
; GPIO1_D[12]                                                                                                                                                 ; Bidir    ; --                  ; 0                  ; 0              ; --                                ; --                                  ;
; GPIO1_D[13]                                                                                                                                                 ; Bidir    ; --                  ; 0                  ; 0              ; --                                ; --                                  ;
; GPIO1_D[14]                                                                                                                                                 ; Bidir    ; --                  ; 0                  ; 0              ; --                                ; --                                  ;
; GPIO1_D[15]                                                                                                                                                 ; Bidir    ; --                  ; 0                  ; 0              ; --                                ; --                                  ;
; GPIO1_D[16]                                                                                                                                                 ; Bidir    ; --                  ; 0                  ; 0              ; --                                ; --                                  ;
; GPIO1_D[17]                                                                                                                                                 ; Bidir    ; --                  ; 0                  ; 0              ; --                                ; --                                  ;
; GPIO1_D[18]                                                                                                                                                 ; Bidir    ; --                  ; 0                  ; 0              ; --                                ; --                                  ;
; GPIO1_D[19]                                                                                                                                                 ; Bidir    ; --                  ; 0                  ; 0              ; --                                ; --                                  ;
; GPIO1_D[20]                                                                                                                                                 ; Bidir    ; --                  ; 0                  ; 0              ; --                                ; --                                  ;
; GPIO1_D[21]                                                                                                                                                 ; Bidir    ; --                  ; 0                  ; 0              ; --                                ; --                                  ;
; GPIO1_D[22]                                                                                                                                                 ; Bidir    ; --                  ; 0                  ; 0              ; --                                ; --                                  ;
; GPIO1_D[23]                                                                                                                                                 ; Bidir    ; --                  ; 0                  ; 0              ; --                                ; --                                  ;
; GPIO1_D[24]                                                                                                                                                 ; Bidir    ; --                  ; 0                  ; 0              ; --                                ; --                                  ;
; GPIO1_D[25]                                                                                                                                                 ; Bidir    ; --                  ; 0                  ; 0              ; --                                ; --                                  ;
; GPIO1_D[26]                                                                                                                                                 ; Bidir    ; --                  ; 0                  ; 0              ; --                                ; --                                  ;
; GPIO1_D[27]                                                                                                                                                 ; Bidir    ; --                  ; 0                  ; 0              ; --                                ; --                                  ;
; GPIO1_D[28]                                                                                                                                                 ; Bidir    ; --                  ; 0                  ; 0              ; --                                ; --                                  ;
; GPIO1_D[29]                                                                                                                                                 ; Bidir    ; --                  ; 0                  ; 0              ; --                                ; --                                  ;
; GPIO1_D[30]                                                                                                                                                 ; Bidir    ; --                  ; 0                  ; 0              ; --                                ; --                                  ;
; GPIO1_D[31]                                                                                                                                                 ; Bidir    ; --                  ; 0                  ; 0              ; --                                ; --                                  ;
; GPIO1_D[32]                                                                                                                                                 ; Bidir    ; --                  ; 0                  ; 0              ; --                                ; --                                  ;
; GPIO1_D[33]                                                                                                                                                 ; Bidir    ; --                  ; 0                  ; 0              ; --                                ; --                                  ;
; GPIO1_D[34]                                                                                                                                                 ; Bidir    ; --                  ; 0                  ; 0              ; --                                ; --                                  ;
; GPIO1_D[35]                                                                                                                                                 ; Bidir    ; --                  ; 0                  ; 0              ; --                                ; --                                  ;
; CLOCK2_50                                                                                                                                                   ; Input    ; 0                   ; --                 ; --             ; --                                ; --                                  ;
; HPS_ENET_RX_CLK                                                                                                                                             ; Input    ; 0                   ; --                 ; --             ; --                                ; --                                  ;
; HPS_ENET_RX_CTL                                                                                                                                             ; Input    ; 0                   ; --                 ; --             ; --                                ; --                                  ;
; HPS_ENET_RX_DATA[0]                                                                                                                                         ; Input    ; 0                   ; --                 ; --             ; --                                ; --                                  ;
; HPS_USB_CLK                                                                                                                                                 ; Input    ; 0                   ; --                 ; --             ; --                                ; --                                  ;
; HPS_ENET_RX_DATA[1]                                                                                                                                         ; Input    ; 0                   ; --                 ; --             ; --                                ; --                                  ;
; HPS_ENET_RX_DATA[2]                                                                                                                                         ; Input    ; 0                   ; --                 ; --             ; --                                ; --                                  ;
; HPS_ENET_RX_DATA[3]                                                                                                                                         ; Input    ; 0                   ; --                 ; --             ; --                                ; --                                  ;
; HPS_USB_DIR                                                                                                                                                 ; Input    ; 0                   ; --                 ; --             ; --                                ; --                                  ;
; HPS_USB_NXT                                                                                                                                                 ; Input    ; 0                   ; --                 ; --             ; --                                ; --                                  ;
; HPS_UART_RX                                                                                                                                                 ; Input    ; 0                   ; --                 ; --             ; --                                ; --                                  ;
; HPS_CLK_25                                                                                                                                                  ; Input    ; 0                   ; --                 ; --             ; --                                ; --                                  ;
; SW[2]                                                                                                                                                       ; Input    ; 0                   ; --                 ; --             ; --                                ; --                                  ;
; SW[3]                                                                                                                                                       ; Input    ; 0                   ; --                 ; --             ; --                                ; --                                  ;
; SW[0]                                                                                                                                                       ; Input    ; 0                   ; --                 ; --             ; --                                ; --                                  ;
; SW[1]                                                                                                                                                       ; Input    ; 0                   ; --                 ; --             ; --                                ; --                                  ;
; LPDDR4A_RZQ                                                                                                                                                 ; Input    ; 0                   ; --                 ; --             ; --                                ; --                                  ;
; LPDDR4B_REFCLK_p                                                                                                                                            ; Input    ; 0                   ; --                 ; --             ; --                                ; --                                  ;
; LPDDR4B_RZQ                                                                                                                                                 ; Input    ; 0                   ; --                 ; --             ; --                                ; --                                  ;
; KEY[0]                                                                                                                                                      ; Input    ; 0                   ; --                 ; --             ; --                                ; --                                  ;
; KEY[1]                                                                                                                                                      ; Input    ; 0                   ; --                 ; --             ; --                                ; --                                  ;
; LPDDR4A_REFCLK_p                                                                                                                                            ; Input    ; 0                   ; --                 ; --             ; --                                ; --                                  ;
; LPDDR4B_REFCLK_p(n)                                                                                                                                         ; Input    ; 0                   ; --                 ; --             ; --                                ; --                                  ;
; LPDDR4A_REFCLK_p(n)                                                                                                                                         ; Input    ; 0                   ; --                 ; --             ; --                                ; --                                  ;
+-------------------------------------------------------------------------------------------------------------------------------------------------------------+----------+---------------------+--------------------+----------------+-----------------------------------+-------------------------------------+


+------------------------------------------------------------------+
; Routing Usage Summary                                            ;
+--------------------------------------+---------------------------+
; Routing Resource Type                ; Usage                     ;
+--------------------------------------+---------------------------+
; Block Input Mux Wrapbacks            ; 213 / 43,616 ( < 1 % )    ;
; Block Input Muxes                    ; 65,192 / 500,456 ( 13 % ) ;
; Block interconnects                  ; 50,043 / 526,400 ( 10 % ) ;
; C1 interconnects                     ; 22,090 / 234,240 ( 9 % )  ;
; C4 interconnects                     ; 8,534 / 229,360 ( 4 % )   ;
; C8 interconnects                     ; 423 / 22,936 ( 2 % )      ;
; DCM_muxes                            ; 1 / 216 ( < 1 % )         ;
; DELAY_CHAINs                         ; 35 / 1,262 ( 3 % )        ;
; Direct links                         ; 7,820 / 526,400 ( 1 % )   ;
; HIO Buffers                          ; 2 / 10,528 ( < 1 % )      ;
; IO75XDDRFMXCKTREE_CLKDRV_BIG_VCO_REs ; 4 / 8 ( 50 % )            ;
; IO75XDDRFMXCKTREE_CLKDRV_GM0_REs     ; 4 / 8 ( 50 % )            ;
; IO75XDDRFMXCKTREE_CLKDRV_VCO_INPUTs  ; 2 / 4 ( 50 % )            ;
; IO75XDDRFMXCKTREE_CLKDRV_VCO_OUTPUTs ; 2 / 4 ( 50 % )            ;
; IO75XDDRFMXCKTREE_FB_MUX31_REs       ; 0 / 24 ( 0 % )            ;
; IOFBRADAPT_C2P_BUF_INPUTs            ; 0 / 66 ( 0 % )            ;
; IOFBRADAPT_C2P_BUF_OUTPUTs           ; 0 / 66 ( 0 % )            ;
; IOFBRADAPT_FRZ_BUFS_REs              ; 0 / 308 ( 0 % )           ;
; IOFBRADAPT_P2C_BUF_INPUTs            ; 0 / 142 ( 0 % )           ;
; IOFBRADAPT_P2C_BUF_OUTPUTs           ; 0 / 142 ( 0 % )           ;
; Programmable Invert Buffers          ; 35 / 208 ( 17 % )         ;
; Programmable Invert Inputs           ; 2,966 / 57,078 ( 5 % )    ;
; Programmable Inverts                 ; 2,966 / 57,078 ( 5 % )    ;
; R0 interconnects                     ; 29,374 / 401,380 ( 7 % )  ;
; R1 interconnects                     ; 16,132 / 229,360 ( 7 % )  ;
; R12 interconnects                    ; 444 / 34,404 ( 1 % )      ;
; R2 interconnects                     ; 5,954 / 115,620 ( 5 % )   ;
; R4 interconnects                     ; 3,955 / 117,500 ( 3 % )   ;
; R6 interconnects                     ; 4,581 / 118,440 ( 4 % )   ;
; Redundancy Muxes                     ; 3 / 20,728 ( < 1 % )      ;
; Row Clock Tap-Offs                   ; 1,388 / 34,404 ( 4 % )    ;
; Switchbox_clock_muxes                ; 7 / 1,920 ( < 1 % )       ;
; VIO Buffers                          ; 1,212 / 8,320 ( 15 % )    ;
; Vertical_seam_tap_muxes              ; 5 / 576 ( < 1 % )         ;
+--------------------------------------+---------------------------+


+----------------+
; Route Messages ;
+----------------+
Info (20030): Parallel compilation is enabled and will use 4 of the 4 processors detected
Info: *******************************************************************
Info: Running Quartus Prime Fitter
    Info: Version 25.3.1 Build 100 12/19/2025 SC Pro Edition
    Info: Processing started: Sun Aug 16 17:01:54 2026
    Info: System process ID: 22456
Info: Command: quartus_fit --read_settings_files=on --write_settings_files=off golden_top -c golden_top
Info: qfit2_default_script.tcl version: #1
Info: Project  = golden_top
Info: Revision = golden_top
Info (22300): Design uses Placement Effort Multiplier = 0.8.
Info (170193): Fitter routing operations beginning
Info (20215): Router estimated peak short interconnect demand : 32% of down directional wire in region X72_Y8 to X83_Y15
    Info (20265): Estimated peak short right directional wire demand : 18% in region X48_Y0 to X59_Y7
    Info (20265): Estimated peak short left directional wire demand : 18% in region X72_Y0 to X83_Y7
    Info (20265): Estimated peak short up directional wire demand : 30% in region X48_Y16 to X59_Y23
    Info (20265): Estimated peak short down directional wire demand : 32% in region X72_Y8 to X83_Y15
Info (20215): Router estimated peak long high speed interconnect demand : 100% of down directional wire in region X60_Y16 to X71_Y23
    Info (20265): Estimated peak long high speed right directional wire demand : 94% in region X48_Y24 to X59_Y31
    Info (20265): Estimated peak long high speed left directional wire demand : 70% in region X120_Y40 to X122_Y47
    Info (20265): Estimated peak long high speed up directional wire demand : 87% in region X12_Y32 to X23_Y39
    Info (20265): Estimated peak long high speed down directional wire demand : 100% in region X60_Y16 to X71_Y23
    Info (20315): Note that the router may use short wires to implement long connections at higher delay
Info (170239): Router is attempting to preserve 0.01 percent of routes from an earlier compilation, a user specified Routing Constraints File, or internal routing requirements.
Info (21076): High junction temperature operating condition is not set. Assuming a default value of '100'.
Info (21076): Low junction temperature operating condition is not set. Assuming a default value of '0'.
Info (11888): Total time spent on timing analysis during Routing is 16.20 seconds.
Info (16607): Fitter routing operations ending: elapsed time is 00:02:24


+-------------------------------------------------------------------------+
; Estimated Delay Added for Hold Timing Summary                           ;
+--------------------------+--------------------------+-------------------+
; Source Clock(s)          ; Destination Clock(s)     ; Delay Added in ns ;
+--------------------------+--------------------------+-------------------+
; pll_inst|iopll_0_outclk0 ; pll_inst|iopll_0_outclk0 ; 143.4             ;
+--------------------------+--------------------------+-------------------+
Note: For more information on problematic transfers, consider running the Fitter again with the Optimize hold timing option (Settings Menu) turned off.
This will disable optimization of problematic paths and expose them for further analysis using the Timing Analyzer.


+---------------------------------------------------------------------------------------------------------------------------------------------------------------------------------------------------------------------------------------------------------------------------------+
; Estimated Delay Added for Hold Timing Details                                                                                                                                                                                                                                   ;
+---------------------------------------------------------------------------+---------------------------------------------------------------------------------------------------------------------------------------------------------------------------------+-------------------+
; Source Register                                                           ; Destination Register                                                                                                                                                            ; Delay Added in ns ;
+---------------------------------------------------------------------------+---------------------------------------------------------------------------------------------------------------------------------------------------------------------------------+-------------------+
; soc_inst|mm_interconnect_2|agent_pipeline_004|gen_inst[1].core|data1[89]  ; soc_inst|emif_io96b_lpddr4_0|emif_io96b_lpddr4_0|emif_arch_top|arch_emif_0.arch0_1ch_per_io.arch_0|gen_byte_conns[1].wrapper_falane|gen_lane_c2p_reg_350.gen_c2p_ff[57].inst_ff ; 0.453             ;
; soc_inst|mm_interconnect_2|agent_pipeline_004|gen_inst[1].core|data1[88]  ; soc_inst|emif_io96b_lpddr4_0|emif_io96b_lpddr4_0|emif_arch_top|arch_emif_0.arch0_1ch_per_io.arch_0|gen_byte_conns[1].wrapper_falane|gen_lane_c2p_reg_350.gen_c2p_ff[56].inst_ff ; 0.441             ;
; soc_inst|mm_interconnect_2|agent_pipeline_004|gen_inst[1].core|data1[57]  ; soc_inst|emif_io96b_lpddr4_0|emif_io96b_lpddr4_0|emif_arch_top|arch_emif_0.arch0_1ch_per_io.arch_0|gen_byte_conns[1].wrapper_falane|gen_lane_c2p_reg_350.gen_c2p_ff[25].inst_ff ; 0.432             ;
; soc_inst|mm_interconnect_2|agent_pipeline_004|gen_inst[1].core|data1[82]  ; soc_inst|emif_io96b_lpddr4_0|emif_io96b_lpddr4_0|emif_arch_top|arch_emif_0.arch0_1ch_per_io.arch_0|gen_byte_conns[1].wrapper_falane|gen_lane_c2p_reg_350.gen_c2p_ff[50].inst_ff ; 0.424             ;
; soc_inst|mm_interconnect_2|agent_pipeline_004|gen_inst[1].core|data1[117] ; soc_inst|emif_io96b_lpddr4_0|emif_io96b_lpddr4_0|emif_arch_top|arch_emif_0.arch0_1ch_per_io.arch_0|gen_byte_conns[1].wrapper_falane|gen_lane_c2p_reg_350.gen_c2p_ff[85].inst_ff ; 0.412             ;
; soc_inst|mm_interconnect_2|agent_pipeline_004|gen_inst[1].core|data1[70]  ; soc_inst|emif_io96b_lpddr4_0|emif_io96b_lpddr4_0|emif_arch_top|arch_emif_0.arch0_1ch_per_io.arch_0|gen_byte_conns[1].wrapper_falane|gen_lane_c2p_reg_350.gen_c2p_ff[38].inst_ff ; 0.411             ;
; soc_inst|mm_interconnect_2|agent_pipeline_004|gen_inst[1].core|data1[56]  ; soc_inst|emif_io96b_lpddr4_0|emif_io96b_lpddr4_0|emif_arch_top|arch_emif_0.arch0_1ch_per_io.arch_0|gen_byte_conns[1].wrapper_falane|gen_lane_c2p_reg_350.gen_c2p_ff[24].inst_ff ; 0.406             ;
; soc_inst|mm_interconnect_2|agent_pipeline_004|gen_inst[1].core|data1[119] ; soc_inst|emif_io96b_lpddr4_0|emif_io96b_lpddr4_0|emif_arch_top|arch_emif_0.arch0_1ch_per_io.arch_0|gen_byte_conns[1].wrapper_falane|gen_lane_c2p_reg_350.gen_c2p_ff[87].inst_ff ; 0.400             ;
; soc_inst|mm_interconnect_2|agent_pipeline_004|gen_inst[1].core|data1[63]  ; soc_inst|emif_io96b_lpddr4_0|emif_io96b_lpddr4_0|emif_arch_top|arch_emif_0.arch0_1ch_per_io.arch_0|gen_byte_conns[1].wrapper_falane|gen_lane_c2p_reg_350.gen_c2p_ff[31].inst_ff ; 0.399             ;
; soc_inst|mm_interconnect_2|agent_pipeline_004|gen_inst[1].core|data1[124] ; soc_inst|emif_io96b_lpddr4_0|emif_io96b_lpddr4_0|emif_arch_top|arch_emif_0.arch0_1ch_per_io.arch_0|gen_byte_conns[1].wrapper_falane|gen_lane_c2p_reg_350.gen_c2p_ff[92].inst_ff ; 0.398             ;
; soc_inst|mm_interconnect_2|agent_pipeline_004|gen_inst[1].core|data1[41]  ; soc_inst|emif_io96b_lpddr4_0|emif_io96b_lpddr4_0|emif_arch_top|arch_emif_0.arch0_1ch_per_io.arch_0|gen_byte_conns[1].wrapper_falane|gen_lane_c2p_reg_350.gen_c2p_ff[9].inst_ff  ; 0.396             ;
; soc_inst|mm_interconnect_2|agent_pipeline_004|gen_inst[0].core|data1[93]  ; soc_inst|emif_io96b_lpddr4_0|emif_io96b_lpddr4_0|emif_arch_top|arch_emif_0.arch0_1ch_per_io.arch_0|gen_byte_conns[2].wrapper_falane|gen_lane_c2p_reg_350.gen_c2p_ff[29].inst_ff ; 0.394             ;
; soc_inst|mm_interconnect_2|agent_pipeline_004|gen_inst[1].core|data1[45]  ; soc_inst|emif_io96b_lpddr4_0|emif_io96b_lpddr4_0|emif_arch_top|arch_emif_0.arch0_1ch_per_io.arch_0|gen_byte_conns[1].wrapper_falane|gen_lane_c2p_reg_350.gen_c2p_ff[13].inst_ff ; 0.394             ;
; soc_inst|mm_interconnect_2|agent_pipeline_004|gen_inst[1].core|data1[68]  ; soc_inst|emif_io96b_lpddr4_0|emif_io96b_lpddr4_0|emif_arch_top|arch_emif_0.arch0_1ch_per_io.arch_0|gen_byte_conns[1].wrapper_falane|gen_lane_c2p_reg_350.gen_c2p_ff[36].inst_ff ; 0.391             ;
; soc_inst|mm_interconnect_2|agent_pipeline_004|gen_inst[1].core|data1[86]  ; soc_inst|emif_io96b_lpddr4_0|emif_io96b_lpddr4_0|emif_arch_top|arch_emif_0.arch0_1ch_per_io.arch_0|gen_byte_conns[1].wrapper_falane|gen_lane_c2p_reg_350.gen_c2p_ff[54].inst_ff ; 0.391             ;
; soc_inst|mm_interconnect_2|agent_pipeline_004|gen_inst[1].core|data1[103] ; soc_inst|emif_io96b_lpddr4_0|emif_io96b_lpddr4_0|emif_arch_top|arch_emif_0.arch0_1ch_per_io.arch_0|gen_byte_conns[1].wrapper_falane|gen_lane_c2p_reg_350.gen_c2p_ff[71].inst_ff ; 0.391             ;
; soc_inst|mm_interconnect_2|agent_pipeline_004|gen_inst[1].core|data1[113] ; soc_inst|emif_io96b_lpddr4_0|emif_io96b_lpddr4_0|emif_arch_top|arch_emif_0.arch0_1ch_per_io.arch_0|gen_byte_conns[1].wrapper_falane|gen_lane_c2p_reg_350.gen_c2p_ff[81].inst_ff ; 0.389             ;
; soc_inst|mm_interconnect_2|agent_pipeline_004|gen_inst[1].core|data1[54]  ; soc_inst|emif_io96b_lpddr4_0|emif_io96b_lpddr4_0|emif_arch_top|arch_emif_0.arch0_1ch_per_io.arch_0|gen_byte_conns[1].wrapper_falane|gen_lane_c2p_reg_350.gen_c2p_ff[22].inst_ff ; 0.385             ;
; soc_inst|mm_interconnect_2|agent_pipeline_004|gen_inst[1].core|data1[67]  ; soc_inst|emif_io96b_lpddr4_0|emif_io96b_lpddr4_0|emif_arch_top|arch_emif_0.arch0_1ch_per_io.arch_0|gen_byte_conns[1].wrapper_falane|gen_lane_c2p_reg_350.gen_c2p_ff[35].inst_ff ; 0.385             ;
; soc_inst|mm_interconnect_2|agent_pipeline_004|gen_inst[1].core|data1[115] ; soc_inst|emif_io96b_lpddr4_0|emif_io96b_lpddr4_0|emif_arch_top|arch_emif_0.arch0_1ch_per_io.arch_0|gen_byte_conns[1].wrapper_falane|gen_lane_c2p_reg_350.gen_c2p_ff[83].inst_ff ; 0.384             ;
; soc_inst|mm_interconnect_2|agent_pipeline_004|gen_inst[0].core|data1[101] ; soc_inst|emif_io96b_lpddr4_0|emif_io96b_lpddr4_0|emif_arch_top|arch_emif_0.arch0_1ch_per_io.arch_0|gen_byte_conns[2].wrapper_falane|gen_lane_c2p_reg_350.gen_c2p_ff[37].inst_ff ; 0.383             ;
; soc_inst|mm_interconnect_2|agent_pipeline_004|gen_inst[1].core|data1[114] ; soc_inst|emif_io96b_lpddr4_0|emif_io96b_lpddr4_0|emif_arch_top|arch_emif_0.arch0_1ch_per_io.arch_0|gen_byte_conns[1].wrapper_falane|gen_lane_c2p_reg_350.gen_c2p_ff[82].inst_ff ; 0.382             ;
; soc_inst|mm_interconnect_2|agent_pipeline_004|gen_inst[0].core|data1[89]  ; soc_inst|emif_io96b_lpddr4_0|emif_io96b_lpddr4_0|emif_arch_top|arch_emif_0.arch0_1ch_per_io.arch_0|gen_byte_conns[2].wrapper_falane|gen_lane_c2p_reg_350.gen_c2p_ff[25].inst_ff ; 0.381             ;
; soc_inst|mm_interconnect_2|agent_pipeline_004|gen_inst[1].core|data1[59]  ; soc_inst|emif_io96b_lpddr4_0|emif_io96b_lpddr4_0|emif_arch_top|arch_emif_0.arch0_1ch_per_io.arch_0|gen_byte_conns[1].wrapper_falane|gen_lane_c2p_reg_350.gen_c2p_ff[27].inst_ff ; 0.376             ;
; soc_inst|mm_interconnect_2|agent_pipeline_004|gen_inst[0].core|data1[72]  ; soc_inst|emif_io96b_lpddr4_0|emif_io96b_lpddr4_0|emif_arch_top|arch_emif_0.arch0_1ch_per_io.arch_0|gen_byte_conns[2].wrapper_falane|gen_lane_c2p_reg_350.gen_c2p_ff[8].inst_ff  ; 0.376             ;
; soc_inst|mm_interconnect_2|agent_pipeline_004|gen_inst[0].core|data1[90]  ; soc_inst|emif_io96b_lpddr4_0|emif_io96b_lpddr4_0|emif_arch_top|arch_emif_0.arch0_1ch_per_io.arch_0|gen_byte_conns[2].wrapper_falane|gen_lane_c2p_reg_350.gen_c2p_ff[26].inst_ff ; 0.374             ;
; soc_inst|mm_interconnect_2|agent_pipeline_004|gen_inst[1].core|data1[36]  ; soc_inst|emif_io96b_lpddr4_0|emif_io96b_lpddr4_0|emif_arch_top|arch_emif_0.arch0_1ch_per_io.arch_0|gen_byte_conns[1].wrapper_falane|gen_lane_c2p_reg_350.gen_c2p_ff[4].inst_ff  ; 0.371             ;
; soc_inst|mm_interconnect_2|agent_pipeline_004|gen_inst[1].core|data1[78]  ; soc_inst|emif_io96b_lpddr4_0|emif_io96b_lpddr4_0|emif_arch_top|arch_emif_0.arch0_1ch_per_io.arch_0|gen_byte_conns[1].wrapper_falane|gen_lane_c2p_reg_350.gen_c2p_ff[46].inst_ff ; 0.367             ;
; soc_inst|mm_interconnect_2|agent_pipeline_004|gen_inst[0].core|data1[75]  ; soc_inst|emif_io96b_lpddr4_0|emif_io96b_lpddr4_0|emif_arch_top|arch_emif_0.arch0_1ch_per_io.arch_0|gen_byte_conns[2].wrapper_falane|gen_lane_c2p_reg_350.gen_c2p_ff[11].inst_ff ; 0.362             ;
; soc_inst|mm_interconnect_2|agent_pipeline_004|gen_inst[1].core|data1[69]  ; soc_inst|emif_io96b_lpddr4_0|emif_io96b_lpddr4_0|emif_arch_top|arch_emif_0.arch0_1ch_per_io.arch_0|gen_byte_conns[1].wrapper_falane|gen_lane_c2p_reg_350.gen_c2p_ff[37].inst_ff ; 0.361             ;
; soc_inst|mm_interconnect_2|agent_pipeline_004|gen_inst[1].core|data1[66]  ; soc_inst|emif_io96b_lpddr4_0|emif_io96b_lpddr4_0|emif_arch_top|arch_emif_0.arch0_1ch_per_io.arch_0|gen_byte_conns[1].wrapper_falane|gen_lane_c2p_reg_350.gen_c2p_ff[34].inst_ff ; 0.361             ;
; soc_inst|mm_interconnect_2|agent_pipeline_004|gen_inst[0].core|data1[104] ; soc_inst|emif_io96b_lpddr4_0|emif_io96b_lpddr4_0|emif_arch_top|arch_emif_0.arch0_1ch_per_io.arch_0|gen_byte_conns[2].wrapper_falane|gen_lane_c2p_reg_350.gen_c2p_ff[40].inst_ff ; 0.359             ;
; soc_inst|mm_interconnect_2|agent_pipeline_004|gen_inst[1].core|data1[92]  ; soc_inst|emif_io96b_lpddr4_0|emif_io96b_lpddr4_0|emif_arch_top|arch_emif_0.arch0_1ch_per_io.arch_0|gen_byte_conns[1].wrapper_falane|gen_lane_c2p_reg_350.gen_c2p_ff[60].inst_ff ; 0.358             ;
; soc_inst|mm_interconnect_2|agent_pipeline_004|gen_inst[1].core|data1[79]  ; soc_inst|emif_io96b_lpddr4_0|emif_io96b_lpddr4_0|emif_arch_top|arch_emif_0.arch0_1ch_per_io.arch_0|gen_byte_conns[1].wrapper_falane|gen_lane_c2p_reg_350.gen_c2p_ff[47].inst_ff ; 0.355             ;
; soc_inst|mm_interconnect_2|agent_pipeline_004|gen_inst[1].core|data1[62]  ; soc_inst|emif_io96b_lpddr4_0|emif_io96b_lpddr4_0|emif_arch_top|arch_emif_0.arch0_1ch_per_io.arch_0|gen_byte_conns[1].wrapper_falane|gen_lane_c2p_reg_350.gen_c2p_ff[30].inst_ff ; 0.354             ;
; soc_inst|mm_interconnect_2|agent_pipeline_004|gen_inst[0].core|data1[13]  ; soc_inst|emif_io96b_lpddr4_0|emif_io96b_lpddr4_0|emif_arch_top|arch_emif_0.arch0_1ch_per_io.arch_0|gen_byte_conns[3].wrapper_falane|gen_lane_c2p_reg_350.gen_c2p_ff[45].inst_ff ; 0.354             ;
; soc_inst|mm_interconnect_2|agent_pipeline_004|gen_inst[0].core|data1[95]  ; soc_inst|emif_io96b_lpddr4_0|emif_io96b_lpddr4_0|emif_arch_top|arch_emif_0.arch0_1ch_per_io.arch_0|gen_byte_conns[2].wrapper_falane|gen_lane_c2p_reg_350.gen_c2p_ff[31].inst_ff ; 0.353             ;
; soc_inst|mm_interconnect_2|agent_pipeline_004|gen_inst[0].core|data1[79]  ; soc_inst|emif_io96b_lpddr4_0|emif_io96b_lpddr4_0|emif_arch_top|arch_emif_0.arch0_1ch_per_io.arch_0|gen_byte_conns[2].wrapper_falane|gen_lane_c2p_reg_350.gen_c2p_ff[15].inst_ff ; 0.353             ;
; soc_inst|mm_interconnect_2|agent_pipeline_004|gen_inst[0].core|data1[28]  ; soc_inst|emif_io96b_lpddr4_0|emif_io96b_lpddr4_0|emif_arch_top|arch_emif_0.arch0_1ch_per_io.arch_0|gen_byte_conns[3].wrapper_falane|gen_lane_c2p_reg_350.gen_c2p_ff[60].inst_ff ; 0.352             ;
; soc_inst|mm_interconnect_2|agent_pipeline_004|gen_inst[0].core|data1[8]   ; soc_inst|emif_io96b_lpddr4_0|emif_io96b_lpddr4_0|emif_arch_top|arch_emif_0.arch0_1ch_per_io.arch_0|gen_byte_conns[3].wrapper_falane|gen_lane_c2p_reg_350.gen_c2p_ff[40].inst_ff ; 0.352             ;
; soc_inst|mm_interconnect_2|agent_pipeline_004|gen_inst[1].core|data1[61]  ; soc_inst|emif_io96b_lpddr4_0|emif_io96b_lpddr4_0|emif_arch_top|arch_emif_0.arch0_1ch_per_io.arch_0|gen_byte_conns[1].wrapper_falane|gen_lane_c2p_reg_350.gen_c2p_ff[29].inst_ff ; 0.350             ;
; soc_inst|mm_interconnect_2|agent_pipeline_004|gen_inst[0].core|data1[110] ; soc_inst|emif_io96b_lpddr4_0|emif_io96b_lpddr4_0|emif_arch_top|arch_emif_0.arch0_1ch_per_io.arch_0|gen_byte_conns[2].wrapper_falane|gen_lane_c2p_reg_350.gen_c2p_ff[46].inst_ff ; 0.345             ;
; soc_inst|mm_interconnect_2|agent_pipeline_004|gen_inst[1].core|data1[81]  ; soc_inst|emif_io96b_lpddr4_0|emif_io96b_lpddr4_0|emif_arch_top|arch_emif_0.arch0_1ch_per_io.arch_0|gen_byte_conns[1].wrapper_falane|gen_lane_c2p_reg_350.gen_c2p_ff[49].inst_ff ; 0.344             ;
; soc_inst|mm_interconnect_2|agent_pipeline_004|gen_inst[1].core|data1[75]  ; soc_inst|emif_io96b_lpddr4_0|emif_io96b_lpddr4_0|emif_arch_top|arch_emif_0.arch0_1ch_per_io.arch_0|gen_byte_conns[1].wrapper_falane|gen_lane_c2p_reg_350.gen_c2p_ff[43].inst_ff ; 0.344             ;
; soc_inst|mm_interconnect_2|agent_pipeline_004|gen_inst[0].core|data1[100] ; soc_inst|emif_io96b_lpddr4_0|emif_io96b_lpddr4_0|emif_arch_top|arch_emif_0.arch0_1ch_per_io.arch_0|gen_byte_conns[2].wrapper_falane|gen_lane_c2p_reg_350.gen_c2p_ff[36].inst_ff ; 0.344             ;
; soc_inst|mm_interconnect_2|agent_pipeline_004|gen_inst[1].core|data1[106] ; soc_inst|emif_io96b_lpddr4_0|emif_io96b_lpddr4_0|emif_arch_top|arch_emif_0.arch0_1ch_per_io.arch_0|gen_byte_conns[1].wrapper_falane|gen_lane_c2p_reg_350.gen_c2p_ff[74].inst_ff ; 0.344             ;
; soc_inst|mm_interconnect_2|agent_pipeline_004|gen_inst[0].core|data1[123] ; soc_inst|emif_io96b_lpddr4_0|emif_io96b_lpddr4_0|emif_arch_top|arch_emif_0.arch0_1ch_per_io.arch_0|gen_byte_conns[2].wrapper_falane|gen_lane_c2p_reg_350.gen_c2p_ff[59].inst_ff ; 0.343             ;
; soc_inst|mm_interconnect_2|agent_pipeline_004|gen_inst[1].core|data1[58]  ; soc_inst|emif_io96b_lpddr4_0|emif_io96b_lpddr4_0|emif_arch_top|arch_emif_0.arch0_1ch_per_io.arch_0|gen_byte_conns[1].wrapper_falane|gen_lane_c2p_reg_350.gen_c2p_ff[26].inst_ff ; 0.341             ;
; soc_inst|mm_interconnect_2|agent_pipeline_004|gen_inst[1].core|data1[60]  ; soc_inst|emif_io96b_lpddr4_0|emif_io96b_lpddr4_0|emif_arch_top|arch_emif_0.arch0_1ch_per_io.arch_0|gen_byte_conns[1].wrapper_falane|gen_lane_c2p_reg_350.gen_c2p_ff[28].inst_ff ; 0.341             ;
; soc_inst|mm_interconnect_2|agent_pipeline_004|gen_inst[0].core|data1[31]  ; soc_inst|emif_io96b_lpddr4_0|emif_io96b_lpddr4_0|emif_arch_top|arch_emif_0.arch0_1ch_per_io.arch_0|gen_byte_conns[3].wrapper_falane|gen_lane_c2p_reg_350.gen_c2p_ff[63].inst_ff ; 0.341             ;
; soc_inst|mm_interconnect_2|agent_pipeline_004|gen_inst[1].core|data1[51]  ; soc_inst|emif_io96b_lpddr4_0|emif_io96b_lpddr4_0|emif_arch_top|arch_emif_0.arch0_1ch_per_io.arch_0|gen_byte_conns[1].wrapper_falane|gen_lane_c2p_reg_350.gen_c2p_ff[19].inst_ff ; 0.340             ;
; soc_inst|mm_interconnect_2|agent_pipeline_004|gen_inst[0].core|data1[118] ; soc_inst|emif_io96b_lpddr4_0|emif_io96b_lpddr4_0|emif_arch_top|arch_emif_0.arch0_1ch_per_io.arch_0|gen_byte_conns[2].wrapper_falane|gen_lane_c2p_reg_350.gen_c2p_ff[54].inst_ff ; 0.339             ;
; soc_inst|mm_interconnect_2|agent_pipeline_004|gen_inst[1].core|data1[44]  ; soc_inst|emif_io96b_lpddr4_0|emif_io96b_lpddr4_0|emif_arch_top|arch_emif_0.arch0_1ch_per_io.arch_0|gen_byte_conns[1].wrapper_falane|gen_lane_c2p_reg_350.gen_c2p_ff[12].inst_ff ; 0.338             ;
; soc_inst|mm_interconnect_2|agent_pipeline_004|gen_inst[0].core|data1[98]  ; soc_inst|emif_io96b_lpddr4_0|emif_io96b_lpddr4_0|emif_arch_top|arch_emif_0.arch0_1ch_per_io.arch_0|gen_byte_conns[2].wrapper_falane|gen_lane_c2p_reg_350.gen_c2p_ff[34].inst_ff ; 0.338             ;
; soc_inst|mm_interconnect_2|agent_pipeline_004|gen_inst[0].core|data1[88]  ; soc_inst|emif_io96b_lpddr4_0|emif_io96b_lpddr4_0|emif_arch_top|arch_emif_0.arch0_1ch_per_io.arch_0|gen_byte_conns[2].wrapper_falane|gen_lane_c2p_reg_350.gen_c2p_ff[24].inst_ff ; 0.337             ;
; soc_inst|mm_interconnect_2|agent_pipeline_004|gen_inst[1].core|data1[37]  ; soc_inst|emif_io96b_lpddr4_0|emif_io96b_lpddr4_0|emif_arch_top|arch_emif_0.arch0_1ch_per_io.arch_0|gen_byte_conns[1].wrapper_falane|gen_lane_c2p_reg_350.gen_c2p_ff[5].inst_ff  ; 0.335             ;
; soc_inst|mm_interconnect_2|agent_pipeline_004|gen_inst[0].core|data1[71]  ; soc_inst|emif_io96b_lpddr4_0|emif_io96b_lpddr4_0|emif_arch_top|arch_emif_0.arch0_1ch_per_io.arch_0|gen_byte_conns[2].wrapper_falane|gen_lane_c2p_reg_350.gen_c2p_ff[7].inst_ff  ; 0.333             ;
; soc_inst|mm_interconnect_2|agent_pipeline_004|gen_inst[1].core|data1[105] ; soc_inst|emif_io96b_lpddr4_0|emif_io96b_lpddr4_0|emif_arch_top|arch_emif_0.arch0_1ch_per_io.arch_0|gen_byte_conns[1].wrapper_falane|gen_lane_c2p_reg_350.gen_c2p_ff[73].inst_ff ; 0.333             ;
; soc_inst|mm_interconnect_2|agent_pipeline_004|gen_inst[0].core|data1[27]  ; soc_inst|emif_io96b_lpddr4_0|emif_io96b_lpddr4_0|emif_arch_top|arch_emif_0.arch0_1ch_per_io.arch_0|gen_byte_conns[3].wrapper_falane|gen_lane_c2p_reg_350.gen_c2p_ff[59].inst_ff ; 0.333             ;
; soc_inst|mm_interconnect_2|agent_pipeline_004|gen_inst[1].core|data1[111] ; soc_inst|emif_io96b_lpddr4_0|emif_io96b_lpddr4_0|emif_arch_top|arch_emif_0.arch0_1ch_per_io.arch_0|gen_byte_conns[1].wrapper_falane|gen_lane_c2p_reg_350.gen_c2p_ff[79].inst_ff ; 0.332             ;
; soc_inst|mm_interconnect_2|agent_pipeline_004|gen_inst[0].core|data1[9]   ; soc_inst|emif_io96b_lpddr4_0|emif_io96b_lpddr4_0|emif_arch_top|arch_emif_0.arch0_1ch_per_io.arch_0|gen_byte_conns[3].wrapper_falane|gen_lane_c2p_reg_350.gen_c2p_ff[41].inst_ff ; 0.332             ;
; soc_inst|mm_interconnect_2|agent_pipeline_004|gen_inst[0].core|data1[94]  ; soc_inst|emif_io96b_lpddr4_0|emif_io96b_lpddr4_0|emif_arch_top|arch_emif_0.arch0_1ch_per_io.arch_0|gen_byte_conns[2].wrapper_falane|gen_lane_c2p_reg_350.gen_c2p_ff[30].inst_ff ; 0.332             ;
; soc_inst|mm_interconnect_2|agent_pipeline_004|gen_inst[0].core|data1[115] ; soc_inst|emif_io96b_lpddr4_0|emif_io96b_lpddr4_0|emif_arch_top|arch_emif_0.arch0_1ch_per_io.arch_0|gen_byte_conns[2].wrapper_falane|gen_lane_c2p_reg_350.gen_c2p_ff[51].inst_ff ; 0.331             ;
; soc_inst|mm_interconnect_2|agent_pipeline_004|gen_inst[1].core|data1[49]  ; soc_inst|emif_io96b_lpddr4_0|emif_io96b_lpddr4_0|emif_arch_top|arch_emif_0.arch0_1ch_per_io.arch_0|gen_byte_conns[1].wrapper_falane|gen_lane_c2p_reg_350.gen_c2p_ff[17].inst_ff ; 0.330             ;
; soc_inst|mm_interconnect_2|agent_pipeline_004|gen_inst[1].core|data1[34]  ; soc_inst|emif_io96b_lpddr4_0|emif_io96b_lpddr4_0|emif_arch_top|arch_emif_0.arch0_1ch_per_io.arch_0|gen_byte_conns[1].wrapper_falane|gen_lane_c2p_reg_350.gen_c2p_ff[2].inst_ff  ; 0.330             ;
; soc_inst|mm_interconnect_2|agent_pipeline_004|gen_inst[1].core|data1[43]  ; soc_inst|emif_io96b_lpddr4_0|emif_io96b_lpddr4_0|emif_arch_top|arch_emif_0.arch0_1ch_per_io.arch_0|gen_byte_conns[1].wrapper_falane|gen_lane_c2p_reg_350.gen_c2p_ff[11].inst_ff ; 0.330             ;
; soc_inst|mm_interconnect_2|agent_pipeline_004|gen_inst[1].core|data1[123] ; soc_inst|emif_io96b_lpddr4_0|emif_io96b_lpddr4_0|emif_arch_top|arch_emif_0.arch0_1ch_per_io.arch_0|gen_byte_conns[1].wrapper_falane|gen_lane_c2p_reg_350.gen_c2p_ff[91].inst_ff ; 0.330             ;
; soc_inst|mm_interconnect_2|agent_pipeline_004|gen_inst[1].core|data1[76]  ; soc_inst|emif_io96b_lpddr4_0|emif_io96b_lpddr4_0|emif_arch_top|arch_emif_0.arch0_1ch_per_io.arch_0|gen_byte_conns[1].wrapper_falane|gen_lane_c2p_reg_350.gen_c2p_ff[44].inst_ff ; 0.328             ;
; soc_inst|mm_interconnect_2|agent_pipeline_004|gen_inst[1].core|data1[55]  ; soc_inst|emif_io96b_lpddr4_0|emif_io96b_lpddr4_0|emif_arch_top|arch_emif_0.arch0_1ch_per_io.arch_0|gen_byte_conns[1].wrapper_falane|gen_lane_c2p_reg_350.gen_c2p_ff[23].inst_ff ; 0.328             ;
; soc_inst|mm_interconnect_2|agent_pipeline_004|gen_inst[1].core|data1[109] ; soc_inst|emif_io96b_lpddr4_0|emif_io96b_lpddr4_0|emif_arch_top|arch_emif_0.arch0_1ch_per_io.arch_0|gen_byte_conns[1].wrapper_falane|gen_lane_c2p_reg_350.gen_c2p_ff[77].inst_ff ; 0.325             ;
; soc_inst|mm_interconnect_2|agent_pipeline_004|gen_inst[1].core|data1[39]  ; soc_inst|emif_io96b_lpddr4_0|emif_io96b_lpddr4_0|emif_arch_top|arch_emif_0.arch0_1ch_per_io.arch_0|gen_byte_conns[1].wrapper_falane|gen_lane_c2p_reg_350.gen_c2p_ff[7].inst_ff  ; 0.324             ;
; soc_inst|mm_interconnect_2|agent_pipeline_004|gen_inst[0].core|data1[86]  ; soc_inst|emif_io96b_lpddr4_0|emif_io96b_lpddr4_0|emif_arch_top|arch_emif_0.arch0_1ch_per_io.arch_0|gen_byte_conns[2].wrapper_falane|gen_lane_c2p_reg_350.gen_c2p_ff[22].inst_ff ; 0.324             ;
; soc_inst|mm_interconnect_2|agent_pipeline_004|gen_inst[0].core|data1[4]   ; soc_inst|emif_io96b_lpddr4_0|emif_io96b_lpddr4_0|emif_arch_top|arch_emif_0.arch0_1ch_per_io.arch_0|gen_byte_conns[3].wrapper_falane|gen_lane_c2p_reg_350.gen_c2p_ff[36].inst_ff ; 0.322             ;
; soc_inst|mm_interconnect_2|agent_pipeline_004|gen_inst[1].core|data1[33]  ; soc_inst|emif_io96b_lpddr4_0|emif_io96b_lpddr4_0|emif_arch_top|arch_emif_0.arch0_1ch_per_io.arch_0|gen_byte_conns[1].wrapper_falane|gen_lane_c2p_reg_350.gen_c2p_ff[1].inst_ff  ; 0.322             ;
; soc_inst|mm_interconnect_2|agent_pipeline_004|gen_inst[0].core|data1[69]  ; soc_inst|emif_io96b_lpddr4_0|emif_io96b_lpddr4_0|emif_arch_top|arch_emif_0.arch0_1ch_per_io.arch_0|gen_byte_conns[2].wrapper_falane|gen_lane_c2p_reg_350.gen_c2p_ff[5].inst_ff  ; 0.321             ;
; soc_inst|mm_interconnect_2|agent_pipeline_004|gen_inst[0].core|data1[48]  ; soc_inst|emif_io96b_lpddr4_0|emif_io96b_lpddr4_0|emif_arch_top|arch_emif_0.arch0_1ch_per_io.arch_0|gen_byte_conns[3].wrapper_falane|gen_lane_c2p_reg_350.gen_c2p_ff[80].inst_ff ; 0.320             ;
; soc_inst|mm_interconnect_2|agent_pipeline_004|gen_inst[0].core|data1[12]  ; soc_inst|emif_io96b_lpddr4_0|emif_io96b_lpddr4_0|emif_arch_top|arch_emif_0.arch0_1ch_per_io.arch_0|gen_byte_conns[3].wrapper_falane|gen_lane_c2p_reg_350.gen_c2p_ff[44].inst_ff ; 0.318             ;
; soc_inst|mm_interconnect_2|agent_pipeline_004|gen_inst[1].core|data1[42]  ; soc_inst|emif_io96b_lpddr4_0|emif_io96b_lpddr4_0|emif_arch_top|arch_emif_0.arch0_1ch_per_io.arch_0|gen_byte_conns[1].wrapper_falane|gen_lane_c2p_reg_350.gen_c2p_ff[10].inst_ff ; 0.318             ;
; soc_inst|mm_interconnect_2|agent_pipeline_004|gen_inst[0].core|data1[66]  ; soc_inst|emif_io96b_lpddr4_0|emif_io96b_lpddr4_0|emif_arch_top|arch_emif_0.arch0_1ch_per_io.arch_0|gen_byte_conns[2].wrapper_falane|gen_lane_c2p_reg_350.gen_c2p_ff[2].inst_ff  ; 0.317             ;
; soc_inst|mm_interconnect_2|agent_pipeline_004|gen_inst[0].core|data1[68]  ; soc_inst|emif_io96b_lpddr4_0|emif_io96b_lpddr4_0|emif_arch_top|arch_emif_0.arch0_1ch_per_io.arch_0|gen_byte_conns[2].wrapper_falane|gen_lane_c2p_reg_350.gen_c2p_ff[4].inst_ff  ; 0.317             ;
; soc_inst|mm_interconnect_2|agent_pipeline_004|gen_inst[1].core|data1[96]  ; soc_inst|emif_io96b_lpddr4_0|emif_io96b_lpddr4_0|emif_arch_top|arch_emif_0.arch0_1ch_per_io.arch_0|gen_byte_conns[1].wrapper_falane|gen_lane_c2p_reg_350.gen_c2p_ff[64].inst_ff ; 0.316             ;
; soc_inst|mm_interconnect_2|agent_pipeline_004|gen_inst[1].core|data1[87]  ; soc_inst|emif_io96b_lpddr4_0|emif_io96b_lpddr4_0|emif_arch_top|arch_emif_0.arch0_1ch_per_io.arch_0|gen_byte_conns[1].wrapper_falane|gen_lane_c2p_reg_350.gen_c2p_ff[55].inst_ff ; 0.316             ;
; soc_inst|mm_interconnect_2|agent_pipeline_004|gen_inst[1].core|data1[46]  ; soc_inst|emif_io96b_lpddr4_0|emif_io96b_lpddr4_0|emif_arch_top|arch_emif_0.arch0_1ch_per_io.arch_0|gen_byte_conns[1].wrapper_falane|gen_lane_c2p_reg_350.gen_c2p_ff[14].inst_ff ; 0.316             ;
; soc_inst|mm_interconnect_2|agent_pipeline_004|gen_inst[0].core|data1[108] ; soc_inst|emif_io96b_lpddr4_0|emif_io96b_lpddr4_0|emif_arch_top|arch_emif_0.arch0_1ch_per_io.arch_0|gen_byte_conns[2].wrapper_falane|gen_lane_c2p_reg_350.gen_c2p_ff[44].inst_ff ; 0.312             ;
; soc_inst|mm_interconnect_2|agent_pipeline_004|gen_inst[0].core|data1[60]  ; soc_inst|emif_io96b_lpddr4_0|emif_io96b_lpddr4_0|emif_arch_top|arch_emif_0.arch0_1ch_per_io.arch_0|gen_byte_conns[3].wrapper_falane|gen_lane_c2p_reg_350.gen_c2p_ff[92].inst_ff ; 0.310             ;
; soc_inst|mm_interconnect_2|agent_pipeline_004|gen_inst[1].core|data1[47]  ; soc_inst|emif_io96b_lpddr4_0|emif_io96b_lpddr4_0|emif_arch_top|arch_emif_0.arch0_1ch_per_io.arch_0|gen_byte_conns[1].wrapper_falane|gen_lane_c2p_reg_350.gen_c2p_ff[15].inst_ff ; 0.310             ;
; soc_inst|mm_interconnect_2|agent_pipeline_004|gen_inst[1].core|data1[52]  ; soc_inst|emif_io96b_lpddr4_0|emif_io96b_lpddr4_0|emif_arch_top|arch_emif_0.arch0_1ch_per_io.arch_0|gen_byte_conns[1].wrapper_falane|gen_lane_c2p_reg_350.gen_c2p_ff[20].inst_ff ; 0.310             ;
; soc_inst|mm_interconnect_2|agent_pipeline_004|gen_inst[1].core|data1[35]  ; soc_inst|emif_io96b_lpddr4_0|emif_io96b_lpddr4_0|emif_arch_top|arch_emif_0.arch0_1ch_per_io.arch_0|gen_byte_conns[1].wrapper_falane|gen_lane_c2p_reg_350.gen_c2p_ff[3].inst_ff  ; 0.309             ;
; soc_inst|mm_interconnect_2|agent_pipeline_004|gen_inst[0].core|data1[74]  ; soc_inst|emif_io96b_lpddr4_0|emif_io96b_lpddr4_0|emif_arch_top|arch_emif_0.arch0_1ch_per_io.arch_0|gen_byte_conns[2].wrapper_falane|gen_lane_c2p_reg_350.gen_c2p_ff[10].inst_ff ; 0.309             ;
; soc_inst|mm_interconnect_2|agent_pipeline_004|gen_inst[0].core|data1[70]  ; soc_inst|emif_io96b_lpddr4_0|emif_io96b_lpddr4_0|emif_arch_top|arch_emif_0.arch0_1ch_per_io.arch_0|gen_byte_conns[2].wrapper_falane|gen_lane_c2p_reg_350.gen_c2p_ff[6].inst_ff  ; 0.307             ;
; soc_inst|mm_interconnect_2|agent_pipeline_004|gen_inst[1].core|data1[64]  ; soc_inst|emif_io96b_lpddr4_0|emif_io96b_lpddr4_0|emif_arch_top|arch_emif_0.arch0_1ch_per_io.arch_0|gen_byte_conns[1].wrapper_falane|gen_lane_c2p_reg_350.gen_c2p_ff[32].inst_ff ; 0.305             ;
; soc_inst|mm_interconnect_2|agent_pipeline_004|gen_inst[1].core|data1[99]  ; soc_inst|emif_io96b_lpddr4_0|emif_io96b_lpddr4_0|emif_arch_top|arch_emif_0.arch0_1ch_per_io.arch_0|gen_byte_conns[1].wrapper_falane|gen_lane_c2p_reg_350.gen_c2p_ff[67].inst_ff ; 0.303             ;
; soc_inst|mm_interconnect_2|agent_pipeline_004|gen_inst[1].core|data1[84]  ; soc_inst|emif_io96b_lpddr4_0|emif_io96b_lpddr4_0|emif_arch_top|arch_emif_0.arch0_1ch_per_io.arch_0|gen_byte_conns[1].wrapper_falane|gen_lane_c2p_reg_350.gen_c2p_ff[52].inst_ff ; 0.303             ;
; soc_inst|mm_interconnect_2|agent_pipeline_004|gen_inst[1].core|data1[3]   ; soc_inst|emif_io96b_lpddr4_0|emif_io96b_lpddr4_0|emif_arch_top|arch_emif_0.arch0_1ch_per_io.arch_0|gen_byte_conns[2].wrapper_falane|gen_lane_c2p_reg_350.gen_c2p_ff[67].inst_ff ; 0.303             ;
; soc_inst|mm_interconnect_2|agent_pipeline_004|gen_inst[1].core|data1[94]  ; soc_inst|emif_io96b_lpddr4_0|emif_io96b_lpddr4_0|emif_arch_top|arch_emif_0.arch0_1ch_per_io.arch_0|gen_byte_conns[1].wrapper_falane|gen_lane_c2p_reg_350.gen_c2p_ff[62].inst_ff ; 0.303             ;
; soc_inst|mm_interconnect_2|agent_pipeline_004|gen_inst[1].core|data1[29]  ; soc_inst|emif_io96b_lpddr4_0|emif_io96b_lpddr4_0|emif_arch_top|arch_emif_0.arch0_1ch_per_io.arch_0|gen_byte_conns[2].wrapper_falane|gen_lane_c2p_reg_350.gen_c2p_ff[93].inst_ff ; 0.302             ;
; soc_inst|mm_interconnect_2|agent_pipeline_004|gen_inst[0].core|data1[30]  ; soc_inst|emif_io96b_lpddr4_0|emif_io96b_lpddr4_0|emif_arch_top|arch_emif_0.arch0_1ch_per_io.arch_0|gen_byte_conns[3].wrapper_falane|gen_lane_c2p_reg_350.gen_c2p_ff[62].inst_ff ; 0.299             ;
; soc_inst|mm_interconnect_2|agent_pipeline_004|gen_inst[0].core|data1[84]  ; soc_inst|emif_io96b_lpddr4_0|emif_io96b_lpddr4_0|emif_arch_top|arch_emif_0.arch0_1ch_per_io.arch_0|gen_byte_conns[2].wrapper_falane|gen_lane_c2p_reg_350.gen_c2p_ff[20].inst_ff ; 0.298             ;
; soc_inst|mm_interconnect_2|agent_pipeline_004|gen_inst[1].core|data1[97]  ; soc_inst|emif_io96b_lpddr4_0|emif_io96b_lpddr4_0|emif_arch_top|arch_emif_0.arch0_1ch_per_io.arch_0|gen_byte_conns[1].wrapper_falane|gen_lane_c2p_reg_350.gen_c2p_ff[65].inst_ff ; 0.298             ;
; soc_inst|mm_interconnect_2|agent_pipeline_004|gen_inst[1].core|data1[112] ; soc_inst|emif_io96b_lpddr4_0|emif_io96b_lpddr4_0|emif_arch_top|arch_emif_0.arch0_1ch_per_io.arch_0|gen_byte_conns[1].wrapper_falane|gen_lane_c2p_reg_350.gen_c2p_ff[80].inst_ff ; 0.298             ;
+---------------------------------------------------------------------------+---------------------------------------------------------------------------------------------------------------------------------------------------------------------------------+-------------------+
Note: This table only shows the top 100 path(s) that have the largest delay added for hold.


--------------------------------------
; Global Router Wire Utilization Map ;
--------------------------------------
This report is unavailable in plain text report export.


+-------------------------------------------------------------------------------+
; Peak Wire Demand Summary                                                      ;
+-----------------+-----------+-----------------------------------+-------------+
; Wire            ; Direction ; Grid [(Xmin, Ymin), (Xmax, Ymax)] ; Peak Demand ;
+-----------------+-----------+-----------------------------------+-------------+
; short           ; right     ; [(48, 0), (59, 7)]                ; 18.788 %    ;
; short           ; left      ; [(72, 0), (83, 7)]                ; 18.810 %    ;
; short           ; up        ; [(48, 16), (59, 23)]              ; 30.278 %    ;
; short           ; down      ; [(72, 8), (83, 15)]               ; 32.500 %    ;
; long high speed ; right     ; [(48, 24), (59, 31)]              ; 94.792 %    ;
; long high speed ; left      ; [(120, 40), (122, 47)]            ; 70.833 %    ;
; long high speed ; up        ; [(12, 32), (23, 39)]              ; 87.209 %    ;
; long high speed ; down      ; [(60, 16), (71, 23)]              ; 100.000 %   ;
+-----------------+-----------+-----------------------------------+-------------+


+--------------------------------------------------------------------------------------------------------------------------------------------------------------------------------------------------------------------------------------------------------------------------------------------------+
; Peak Wire Demand Details                                                                                                                                                                                                                                                                         ;
+-----------------+-----------+-----------------------------------+-------------+------------------------------------------------------------------------------------------------------------------------------------------------------------------------------------------------------------------+
; Wire            ; Direction ; Grid [(Xmin, Ymin), (Xmax, Ymax)] ; Peak Demand ; Net Names                                                                                                                                                                                                        ;
+-----------------+-----------+-----------------------------------+-------------+------------------------------------------------------------------------------------------------------------------------------------------------------------------------------------------------------------------+
; short           ; right     ; [(48, 0), (59, 7)]                ; 18.788 %    ;    High Routing Fan-Out                                                                                                                                                                                          ;
;     --          ;           ;                                   ;             ; soc_inst|mm_interconnect_2|mux_pipeline_004|gen_inst[1].core|data1[116]                                                                                                                                          ;
;     --          ;           ;                                   ;             ; soc_inst|emif_io96b_lpddr4_0|emif_io96b_lpddr4_0|emif_arch_top|arch_emif_0.arch0_1ch_per_io.arch_0|fbr_axi_adapter_wide|gen_skid_buffers.inst_rdfifo|auto_generated|dpfifo|FIFOram|altera_syncram_impl1|q_b[254] ;
;     --          ;           ;                                   ;             ; soc_inst|emif_io96b_lpddr4_0|emif_io96b_lpddr4_0|emif_arch_top|arch_emif_0.arch0_1ch_per_io.arch_0|fbr_axi_adapter_wide|gen_skid_buffers.inst_rdfifo|auto_generated|dpfifo|FIFOram|altera_syncram_impl1|q_b[248] ;
;     --          ;           ;                                   ;             ; soc_inst|emif_io96b_lpddr4_0|emif_io96b_lpddr4_0|emif_arch_top|arch_emif_0.arch0_1ch_per_io.arch_0|fbr_axi_adapter_wide|gen_skid_buffers.inst_rdfifo|auto_generated|dpfifo|FIFOram|altera_syncram_impl1|q_b[249] ;
;     --          ;           ;                                   ;             ; soc_inst|emif_io96b_lpddr4_0|emif_io96b_lpddr4_0|emif_arch_top|arch_emif_0.arch0_1ch_per_io.arch_0|fbr_axi_adapter_wide|gen_skid_buffers.inst_rdfifo|auto_generated|dpfifo|FIFOram|altera_syncram_impl1|q_b[250] ;
;     --          ;           ;                                   ;             ; soc_inst|emif_io96b_lpddr4_0|emif_io96b_lpddr4_0|emif_arch_top|arch_emif_0.arch0_1ch_per_io.arch_0|fbr_axi_adapter_wide|gen_skid_buffers.inst_rdfifo|auto_generated|dpfifo|FIFOram|altera_syncram_impl1|q_b[251] ;
;     --          ;           ;                                   ;             ; soc_inst|emif_io96b_lpddr4_0|emif_io96b_lpddr4_0|emif_arch_top|arch_emif_0.arch0_1ch_per_io.arch_0|fbr_axi_adapter_wide|gen_skid_buffers.inst_rdfifo|auto_generated|dpfifo|FIFOram|altera_syncram_impl1|q_b[252] ;
;     --          ;           ;                                   ;             ; soc_inst|emif_io96b_lpddr4_0|emif_io96b_lpddr4_0|emif_arch_top|arch_emif_0.arch0_1ch_per_io.arch_0|fbr_axi_adapter_wide|gen_skid_buffers.inst_rdfifo|auto_generated|dpfifo|FIFOram|altera_syncram_impl1|q_b[253] ;
;     --          ;           ;                                   ;             ; soc_inst|emif_io96b_lpddr4_0|emif_io96b_lpddr4_0|emif_arch_top|arch_emif_0.arch0_1ch_per_io.arch_0|fbr_axi_adapter_wide|gen_skid_buffers.inst_rdfifo|auto_generated|dpfifo|FIFOram|altera_syncram_impl1|q_b[255] ;
;     --          ;           ;                                   ;             ; soc_inst|mm_interconnect_2|mux_pipeline_004|gen_inst[1].core|data1[117]                                                                                                                                          ;
; short           ; right     ; [(48, 0), (59, 7)]                ; 18.788 %    ;    Long Distance                                                                                                                                                                                                 ;
;     --          ;           ;                                   ;             ; soc_inst|mm_interconnect_2|mux_pipeline_004|gen_inst[1].core|data1[116]                                                                                                                                          ;
;     --          ;           ;                                   ;             ; soc_inst|emif_io96b_lpddr4_0|emif_io96b_lpddr4_0|emif_arch_top|arch_emif_0.arch0_1ch_per_io.arch_0|fbr_axi_adapter_wide|gen_skid_buffers.inst_rdfifo|auto_generated|dpfifo|FIFOram|altera_syncram_impl1|q_b[254] ;
;     --          ;           ;                                   ;             ; soc_inst|emif_io96b_lpddr4_0|emif_io96b_lpddr4_0|emif_arch_top|arch_emif_0.arch0_1ch_per_io.arch_0|fbr_axi_adapter_wide|gen_skid_buffers.inst_rdfifo|auto_generated|dpfifo|FIFOram|altera_syncram_impl1|q_b[248] ;
;     --          ;           ;                                   ;             ; soc_inst|emif_io96b_lpddr4_0|emif_io96b_lpddr4_0|emif_arch_top|arch_emif_0.arch0_1ch_per_io.arch_0|fbr_axi_adapter_wide|gen_skid_buffers.inst_rdfifo|auto_generated|dpfifo|FIFOram|altera_syncram_impl1|q_b[249] ;
;     --          ;           ;                                   ;             ; soc_inst|emif_io96b_lpddr4_0|emif_io96b_lpddr4_0|emif_arch_top|arch_emif_0.arch0_1ch_per_io.arch_0|fbr_axi_adapter_wide|gen_skid_buffers.inst_rdfifo|auto_generated|dpfifo|FIFOram|altera_syncram_impl1|q_b[250] ;
;     --          ;           ;                                   ;             ; soc_inst|emif_io96b_lpddr4_0|emif_io96b_lpddr4_0|emif_arch_top|arch_emif_0.arch0_1ch_per_io.arch_0|fbr_axi_adapter_wide|gen_skid_buffers.inst_rdfifo|auto_generated|dpfifo|FIFOram|altera_syncram_impl1|q_b[251] ;
;     --          ;           ;                                   ;             ; soc_inst|emif_io96b_lpddr4_0|emif_io96b_lpddr4_0|emif_arch_top|arch_emif_0.arch0_1ch_per_io.arch_0|fbr_axi_adapter_wide|gen_skid_buffers.inst_rdfifo|auto_generated|dpfifo|FIFOram|altera_syncram_impl1|q_b[252] ;
;     --          ;           ;                                   ;             ; soc_inst|emif_io96b_lpddr4_0|emif_io96b_lpddr4_0|emif_arch_top|arch_emif_0.arch0_1ch_per_io.arch_0|fbr_axi_adapter_wide|gen_skid_buffers.inst_rdfifo|auto_generated|dpfifo|FIFOram|altera_syncram_impl1|q_b[253] ;
;     --          ;           ;                                   ;             ; soc_inst|emif_io96b_lpddr4_0|emif_io96b_lpddr4_0|emif_arch_top|arch_emif_0.arch0_1ch_per_io.arch_0|fbr_axi_adapter_wide|gen_skid_buffers.inst_rdfifo|auto_generated|dpfifo|FIFOram|altera_syncram_impl1|q_b[255] ;
;     --          ;           ;                                   ;             ; soc_inst|mm_interconnect_2|mux_pipeline_004|gen_inst[1].core|data1[117]                                                                                                                                          ;
; short           ; left      ; [(72, 0), (83, 7)]                ; 18.810 %    ;    High Routing Fan-Out                                                                                                                                                                                          ;
;     --          ;           ;                                   ;             ; soc_inst|emif_io96b_lpddr4_0|emif_io96b_lpddr4_0|emif_arch_top|arch_emif_0.arch0_1ch_per_io.arch_0|wrapper_fahmc_wide|gen_hmc_p2c_fa.fa_p2c_hmc                                                                  ;
;     --          ;           ;                                   ;             ; soc_inst|emif_io96b_lpddr4_0|emif_io96b_lpddr4_0|emif_arch_top|arch_emif_0.arch0_1ch_per_io.arch_0|wrapper_fahmc_wide|gen_hmc_p2c_fa.fa_p2c_hmc~O_HMC_P2C1                                                       ;
;     --          ;           ;                                   ;             ; soc_inst|emif_io96b_lpddr4_0|emif_io96b_lpddr4_0|emif_arch_top|arch_emif_0.arch0_1ch_per_io.arch_0|wrapper_fahmc_wide|gen_hmc_p2c_fa.fa_p2c_hmc~O_HMC_P2C4                                                       ;
;     --          ;           ;                                   ;             ; soc_inst|emif_io96b_lpddr4_0|emif_io96b_lpddr4_0|emif_arch_top|arch_emif_0.arch0_1ch_per_io.arch_0|wrapper_fahmc_wide|gen_hmc_p2c_fa.fa_p2c_hmc~O_HMC_P2C5                                                       ;
;     --          ;           ;                                   ;             ; soc_inst|emif_io96b_lpddr4_0|emif_io96b_lpddr4_0|emif_arch_top|arch_emif_0.arch0_1ch_per_io.arch_0|wrapper_fahmc_wide|gen_hmc_p2c_fa.fa_p2c_hmc~O_HMC_P2C6                                                       ;
;     --          ;           ;                                   ;             ; soc_inst|emif_io96b_lpddr4_0|emif_io96b_lpddr4_0|emif_arch_top|arch_emif_0.arch0_1ch_per_io.arch_0|wrapper_fahmc_wide|gen_hmc_p2c_fa.fa_p2c_hmc~O_HMC_P2C7                                                       ;
;     --          ;           ;                                   ;             ; soc_inst|emif_io96b_lpddr4_0|emif_io96b_lpddr4_0|emif_arch_top|arch_emif_0.arch0_1ch_per_io.arch_0|gen_byte_conns[2].wrapper_falane|gen_lane_p2c_fa.fa_p2c_lane~O_P2C64                                          ;
;     --          ;           ;                                   ;             ; soc_inst|emif_io96b_lpddr4_0|emif_io96b_lpddr4_0|emif_arch_top|arch_emif_0.arch0_1ch_per_io.arch_0|gen_byte_conns[2].wrapper_falane|gen_lane_p2c_fa.fa_p2c_lane~O_P2C65                                          ;
;     --          ;           ;                                   ;             ; soc_inst|emif_io96b_lpddr4_0|emif_io96b_lpddr4_0|emif_arch_top|arch_emif_0.arch0_1ch_per_io.arch_0|gen_byte_conns[2].wrapper_falane|gen_lane_p2c_fa.fa_p2c_lane~O_P2C66                                          ;
;     --          ;           ;                                   ;             ; soc_inst|emif_io96b_lpddr4_0|emif_io96b_lpddr4_0|emif_arch_top|arch_emif_0.arch0_1ch_per_io.arch_0|gen_byte_conns[2].wrapper_falane|gen_lane_p2c_fa.fa_p2c_lane~O_P2C67                                          ;
; short           ; left      ; [(72, 0), (83, 7)]                ; 18.810 %    ;    Long Distance                                                                                                                                                                                                 ;
;     --          ;           ;                                   ;             ; soc_inst|emif_io96b_lpddr4_0|emif_io96b_lpddr4_0|emif_arch_top|arch_emif_0.arch0_1ch_per_io.arch_0|wrapper_fahmc_wide|gen_hmc_p2c_fa.fa_p2c_hmc                                                                  ;
;     --          ;           ;                                   ;             ; soc_inst|emif_io96b_lpddr4_0|emif_io96b_lpddr4_0|emif_arch_top|arch_emif_0.arch0_1ch_per_io.arch_0|wrapper_fahmc_wide|gen_hmc_p2c_fa.fa_p2c_hmc~O_HMC_P2C1                                                       ;
;     --          ;           ;                                   ;             ; soc_inst|emif_io96b_lpddr4_0|emif_io96b_lpddr4_0|emif_arch_top|arch_emif_0.arch0_1ch_per_io.arch_0|wrapper_fahmc_wide|gen_hmc_p2c_fa.fa_p2c_hmc~O_HMC_P2C4                                                       ;
;     --          ;           ;                                   ;             ; soc_inst|emif_io96b_lpddr4_0|emif_io96b_lpddr4_0|emif_arch_top|arch_emif_0.arch0_1ch_per_io.arch_0|wrapper_fahmc_wide|gen_hmc_p2c_fa.fa_p2c_hmc~O_HMC_P2C5                                                       ;
;     --          ;           ;                                   ;             ; soc_inst|emif_io96b_lpddr4_0|emif_io96b_lpddr4_0|emif_arch_top|arch_emif_0.arch0_1ch_per_io.arch_0|wrapper_fahmc_wide|gen_hmc_p2c_fa.fa_p2c_hmc~O_HMC_P2C6                                                       ;
;     --          ;           ;                                   ;             ; soc_inst|emif_io96b_lpddr4_0|emif_io96b_lpddr4_0|emif_arch_top|arch_emif_0.arch0_1ch_per_io.arch_0|wrapper_fahmc_wide|gen_hmc_p2c_fa.fa_p2c_hmc~O_HMC_P2C7                                                       ;
;     --          ;           ;                                   ;             ; soc_inst|emif_io96b_lpddr4_0|emif_io96b_lpddr4_0|emif_arch_top|arch_emif_0.arch0_1ch_per_io.arch_0|wrapper_cpa|cpa~O_LOCK                                                                                        ;
;     --          ;           ;                                   ;             ; soc_inst|emif_io96b_lpddr4_0|emif_io96b_lpddr4_0|emif_arch_top|arch_emif_0.arch0_1ch_per_io.arch_0|gen_byte_conns[2].wrapper_falane|gen_lane_p2c_fa.fa_p2c_lane~O_P2C65                                          ;
;     --          ;           ;                                   ;             ; soc_inst|emif_io96b_lpddr4_0|emif_io96b_lpddr4_0|emif_arch_top|arch_emif_0.arch0_1ch_per_io.arch_0|gen_byte_conns[2].wrapper_falane|gen_lane_p2c_fa.fa_p2c_lane~O_P2C66                                          ;
;     --          ;           ;                                   ;             ; soc_inst|emif_io96b_lpddr4_0|emif_io96b_lpddr4_0|emif_arch_top|arch_emif_0.arch0_1ch_per_io.arch_0|gen_byte_conns[2].wrapper_falane|gen_lane_p2c_fa.fa_p2c_lane~O_P2C67                                          ;
; short           ; up        ; [(48, 16), (59, 23)]              ; 30.278 %    ;    High Routing Fan-Out                                                                                                                                                                                          ;
;     --          ;           ;                                   ;             ; soc_inst|ocm|intel_onchip_memory_inst|s1_axi_bursting_adapter|r_ram_byteen[2]                                                                                                                                    ;
;     --          ;           ;                                   ;             ; soc_inst|ocm|intel_onchip_memory_inst|s1_axi_bursting_adapter|r_ram_byteen[15]                                                                                                                                   ;
;     --          ;           ;                                   ;             ; soc_inst|mm_interconnect_2|cmd_mux|saved_grant[1]                                                                                                                                                                ;
;     --          ;           ;                                   ;             ; soc_inst|mm_interconnect_2|cmd_mux|saved_grant[0]                                                                                                                                                                ;
;     --          ;           ;                                   ;             ; soc_inst|ocm|intel_onchip_memory_inst|s1_axi_bursting_adapter|r_ram_wraddr[7]~_Duplicate_8                                                                                                                       ;
;     --          ;           ;                                   ;             ; soc_inst|ocm|intel_onchip_memory_inst|s1_axi_bursting_adapter|r_ram_wraddr[5]~_Duplicate_4                                                                                                                       ;
;     --          ;           ;                                   ;             ; soc_inst|ocm|intel_onchip_memory_inst|s1_axi_bursting_adapter|r_ram_wraddr[10]~_Duplicate_14                                                                                                                     ;
;     --          ;           ;                                   ;             ; soc_inst|mm_interconnect_2|mux_pipeline_011|gen_inst[2].core|full1                                                                                                                                               ;
;     --          ;           ;                                   ;             ; soc_inst|ocm|intel_onchip_memory_inst|altera_syncram_component|auto_generated|altera_syncram_impl1|decode3|rtl~1                                                                                                 ;
;     --          ;           ;                                   ;             ; soc_inst|ocm|intel_onchip_memory_inst|altera_syncram_component|auto_generated|altera_syncram_impl1|decode3|rtl~3                                                                                                 ;
; short           ; up        ; [(48, 16), (59, 23)]              ; 30.278 %    ;    Long Distance                                                                                                                                                                                                 ;
;     --          ;           ;                                   ;             ; soc_inst|ocm|intel_onchip_memory_inst|altera_syncram_component|auto_generated|altera_syncram_impl1|decode3|rtl~0                                                                                                 ;
;     --          ;           ;                                   ;             ; soc_inst|ocm|intel_onchip_memory_inst|s1_axi_bursting_adapter|r_ram_wrdata[82]                                                                                                                                   ;
;     --          ;           ;                                   ;             ; soc_inst|ocm|intel_onchip_memory_inst|s1_axi_bursting_adapter|r_ram_wrdata[85]                                                                                                                                   ;
;     --          ;           ;                                   ;             ; soc_inst|ocm|intel_onchip_memory_inst|s1_axi_bursting_adapter|r_ram_wrdata[87]                                                                                                                                   ;
;     --          ;           ;                                   ;             ; soc_inst|ocm|intel_onchip_memory_inst|s1_axi_bursting_adapter|r_ram_wrdata[80]                                                                                                                                   ;
;     --          ;           ;                                   ;             ; soc_inst|ocm|intel_onchip_memory_inst|s1_axi_bursting_adapter|r_ram_wrdata[81]                                                                                                                                   ;
;     --          ;           ;                                   ;             ; soc_inst|ocm|intel_onchip_memory_inst|altera_syncram_component|auto_generated|altera_syncram_impl1|decode3|rtl~1                                                                                                 ;
;     --          ;           ;                                   ;             ; soc_inst|ocm|intel_onchip_memory_inst|altera_syncram_component|auto_generated|altera_syncram_impl1|decode3|rtl~3                                                                                                 ;
;     --          ;           ;                                   ;             ; soc_inst|ocm|intel_onchip_memory_inst|altera_syncram_component|auto_generated|altera_syncram_impl1|decode3|rtl~5                                                                                                 ;
;     --          ;           ;                                   ;             ; soc_inst|mm_interconnect_2|mux_pipeline_011|gen_inst[0].core|data1[81]                                                                                                                                           ;
; short           ; down      ; [(72, 8), (83, 15)]               ; 32.500 %    ;    High Routing Fan-Out                                                                                                                                                                                          ;
;     --          ;           ;                                   ;             ; soc_inst|mm_interconnect_2|emif_io96b_lpddr4_0_s0_axi4_agent|reduce_nor_0~1                                                                                                                                      ;
;     --          ;           ;                                   ;             ; soc_inst|mm_interconnect_2|emif_io96b_lpddr4_0_s0_axi4_agent|i2794~0                                                                                                                                             ;
;     --          ;           ;                                   ;             ; soc_inst|mm_interconnect_2|emif_io96b_lpddr4_0_s0_axi4_agent|i2802~0                                                                                                                                             ;
;     --          ;           ;                                   ;             ; soc_inst|mm_interconnect_2|mux_pipeline_004|gen_inst[0].core|data1[27]                                                                                                                                           ;
;     --          ;           ;                                   ;             ; soc_inst|mm_interconnect_2|mux_pipeline_004|gen_inst[0].core|data1[55]                                                                                                                                           ;
;     --          ;           ;                                   ;             ; soc_inst|mm_interconnect_2|mux_pipeline_004|gen_inst[0].core|data1[59]                                                                                                                                           ;
;     --          ;           ;                                   ;             ; soc_inst|mm_interconnect_2|mux_pipeline_004|gen_inst[0].core|data1[2]                                                                                                                                            ;
;     --          ;           ;                                   ;             ; soc_inst|mm_interconnect_2|mux_pipeline_004|gen_inst[0].core|data1[12]                                                                                                                                           ;
;     --          ;           ;                                   ;             ; soc_inst|mm_interconnect_2|mux_pipeline_004|gen_inst[0].core|data1[10]                                                                                                                                           ;
;     --          ;           ;                                   ;             ; soc_inst|mm_interconnect_2|mux_pipeline_004|gen_inst[0].core|data1[23]                                                                                                                                           ;
; short           ; down      ; [(72, 8), (83, 15)]               ; 32.500 %    ;    Long Distance                                                                                                                                                                                                 ;
;     --          ;           ;                                   ;             ; soc_inst|mm_interconnect_2|agent_pipeline_005|gen_inst[2].core|data1[127]                                                                                                                                        ;
;     --          ;           ;                                   ;             ; soc_inst|mm_interconnect_2|mux_pipeline_004|gen_inst[0].core|data1[55]                                                                                                                                           ;
;     --          ;           ;                                   ;             ; soc_inst|mm_interconnect_2|mux_pipeline_004|gen_inst[0].core|data1[12]                                                                                                                                           ;
;     --          ;           ;                                   ;             ; soc_inst|mm_interconnect_2|agent_pipeline_004|gen_inst[2].core|data1[34]                                                                                                                                         ;
;     --          ;           ;                                   ;             ; soc_inst|mm_interconnect_2|agent_pipeline_004|gen_inst[1].core|data1[30]                                                                                                                                         ;
;     --          ;           ;                                   ;             ; soc_inst|mm_interconnect_2|agent_pipeline_004|gen_inst[1].core|data1[31]                                                                                                                                         ;
;     --          ;           ;                                   ;             ; soc_inst|mm_interconnect_2|mux_pipeline_004|gen_inst[0].core|data1[27]                                                                                                                                           ;
;     --          ;           ;                                   ;             ; soc_inst|mm_interconnect_2|mux_pipeline_004|gen_inst[0].core|data1[59]                                                                                                                                           ;
;     --          ;           ;                                   ;             ; soc_inst|mm_interconnect_2|mux_pipeline_004|gen_inst[0].core|data1[2]                                                                                                                                            ;
;     --          ;           ;                                   ;             ; soc_inst|mm_interconnect_2|mux_pipeline_004|gen_inst[0].core|data1[10]                                                                                                                                           ;
; long high speed ; right     ; [(48, 24), (59, 31)]              ; 94.792 %    ;    High Routing Fan-Out                                                                                                                                                                                          ;
;     --          ;           ;                                   ;             ; soc_inst|ocm|intel_onchip_memory_inst|s1_axi_bursting_adapter|w_ram_rden~0xsyn                                                                                                                                   ;
;     --          ;           ;                                   ;             ; soc_inst|ocm|intel_onchip_memory_inst|s1_axi_bursting_adapter|w_current_rdaddr[0]~6                                                                                                                              ;
;     --          ;           ;                                   ;             ; soc_inst|ocm|intel_onchip_memory_inst|s1_axi_bursting_adapter|w_current_rdaddr[0]~8                                                                                                                              ;
;     --          ;           ;                                   ;             ; soc_inst|ocm|intel_onchip_memory_inst|s1_axi_bursting_adapter|w_current_rdaddr[0]~10                                                                                                                             ;
;     --          ;           ;                                   ;             ; soc_inst|ocm|intel_onchip_memory_inst|s1_axi_bursting_adapter|w_current_rdaddr[0]~12                                                                                                                             ;
;     --          ;           ;                                   ;             ; soc_inst|mm_interconnect_2|limiter_pipeline_002|gen_inst[1].core|data1[20]                                                                                                                                       ;
;     --          ;           ;                                   ;             ; soc_inst|rst_controller|rst_controller|r_early_rst~_Duplicate                                                                                                                                                    ;
;     --          ;           ;                                   ;             ; soc_inst|rst_controller|rst_controller|r_early_rst~_Duplicate_3                                                                                                                                                  ;
;     --          ;           ;                                   ;             ; soc_inst|ocm|intel_onchip_memory_inst|s1_axi_bursting_adapter|r_ram_wraddr[8]~_Duplicate                                                                                                                         ;
;     --          ;           ;                                   ;             ; soc_inst|ocm|intel_onchip_memory_inst|s1_axi_bursting_adapter|r_ram_wraddr[10]~_Duplicate                                                                                                                        ;
; long high speed ; right     ; [(48, 24), (59, 31)]              ; 94.792 %    ;    Long Distance                                                                                                                                                                                                 ;
;     --          ;           ;                                   ;             ; soc_inst|rst_controller|rst_controller|r_sync_rst                                                                                                                                                                ;
;     --          ;           ;                                   ;             ; soc_inst|mm_interconnect_2|limiter_pipeline_002|gen_inst[1].core|data1[20]                                                                                                                                       ;
;     --          ;           ;                                   ;             ; soc_inst|ocm|intel_onchip_memory_inst|s1_axi_bursting_adapter|w_ram_rden~0xsyn                                                                                                                                   ;
;     --          ;           ;                                   ;             ; soc_inst|ocm|intel_onchip_memory_inst|s1_axi_bursting_adapter|r_ram_wrdata[85]                                                                                                                                   ;
;     --          ;           ;                                   ;             ; soc_inst|ocm|intel_onchip_memory_inst|s1_axi_bursting_adapter|r_ram_wrdata[80]                                                                                                                                   ;
;     --          ;           ;                                   ;             ; soc_inst|ocm|intel_onchip_memory_inst|s1_axi_bursting_adapter|r_ram_wrdata[81]                                                                                                                                   ;
;     --          ;           ;                                   ;             ; soc_inst|ocm|intel_onchip_memory_inst|s1_axi_bursting_adapter|w_current_rdaddr[0]~12                                                                                                                             ;
;     --          ;           ;                                   ;             ; soc_inst|ocm|intel_onchip_memory_inst|s1_axi_bursting_adapter|r_ram_wrdata[87]                                                                                                                                   ;
;     --          ;           ;                                   ;             ; soc_inst|ocm|intel_onchip_memory_inst|s1_axi_bursting_adapter|r_ram_wrdata[82]                                                                                                                                   ;
;     --          ;           ;                                   ;             ; soc_inst|ocm|intel_onchip_memory_inst|s1_axi_bursting_adapter|w_current_rdaddr[0]~6                                                                                                                              ;
; long high speed ; left      ; [(120, 40), (122, 47)]            ; 70.833 %    ;    High Routing Fan-Out                                                                                                                                                                                          ;
;     --          ;           ;                                   ;             ; soc_inst|subsys_hps|agilex_hps|intel_agilex_5_soc_inst|sm_mpfe|sundancemesa_mpfe_ready_latency_adp_inst_fpga2hps|ar_inst_skid_buf|fifo_inst|a1|r_q2_ready                                                        ;
;     --          ;           ;                                   ;             ; soc_inst|subsys_hps|agilex_hps|intel_agilex_5_soc_inst|sm_mpfe|sundancemesa_mpfe_ready_latency_adp_inst_fpga2hps|ar_inst_skid_buf|fifo_inst|a1|read_fifo                                                         ;
;     --          ;           ;                                   ;             ; soc_inst|subsys_hps|agilex_hps|intel_agilex_5_soc_inst|sm_mpfe|sundancemesa_mpfe_ready_latency_adp_inst_fpga2hps|ar_inst_skid_buf|fifo_inst|a1|fifo_inst|write_addr[0]                                           ;
;     --          ;           ;                                   ;             ; soc_inst|subsys_hps|agilex_hps|intel_agilex_5_soc_inst|sm_mpfe|sundancemesa_mpfe_ready_latency_adp_inst_fpga2hps|ar_inst_skid_buf|fifo_inst|a1|fifo_inst|write_addr[1]                                           ;
;     --          ;           ;                                   ;             ; soc_inst|subsys_hps|agilex_hps|intel_agilex_5_soc_inst|sm_mpfe|sundancemesa_mpfe_ready_latency_adp_inst_fpga2hps|ar_inst_skid_buf|fifo_inst|a1|fifo_inst|write_addr[2]                                           ;
;     --          ;           ;                                   ;             ; soc_inst|subsys_hps|agilex_hps|intel_agilex_5_soc_inst|sm_mpfe|sundancemesa_mpfe_ready_latency_adp_inst_fpga2hps|ar_inst_skid_buf|fifo_inst|a1|fifo_inst|mlab_inst|mem_rtl_0|auto_generated|rdaddr_reg[2]        ;
;     --          ;           ;                                   ;             ; soc_inst|subsys_hps|agilex_hps|intel_agilex_5_soc_inst|sm_mpfe|sundancemesa_mpfe_ready_latency_adp_inst_fpga2hps|ar_inst_skid_buf|fifo_inst|a1|fifo_inst|mlab_inst|mem_rtl_0|auto_generated|rdaddr_reg[1]        ;
;     --          ;           ;                                   ;             ; soc_inst|subsys_hps|agilex_hps|intel_agilex_5_soc_inst|sm_mpfe|sundancemesa_mpfe_ready_latency_adp_inst_fpga2hps|ar_inst_skid_buf|fifo_inst|a1|fifo_inst|mlab_inst|mem_rtl_0|auto_generated|rdaddr_reg[0]        ;
;     --          ;           ;                                   ;             ; soc_inst|subsys_hps|agilex_hps|intel_agilex_5_soc_inst|sm_mpfe|sundancemesa_mpfe_ready_latency_adp_inst_fpga2hps|ar_inst_skid_buf|fifo_inst|a1|empty                                                             ;
;     --          ;           ;                                   ;             ; soc_inst|subsys_hps|agilex_hps|intel_agilex_5_soc_inst|sm_mpfe|sundancemesa_mpfe_ready_latency_adp_inst_fpga2hps|ar_inst_skid_buf|fifo_inst|a1|i563~1                                                            ;
; long high speed ; left      ; [(120, 40), (122, 47)]            ; 70.833 %    ;    Long Distance                                                                                                                                                                                                 ;
;     --          ;           ;                                   ;             ; soc_inst|subsys_hps|agilex_hps|intel_agilex_5_soc_inst|sm_mpfe|sundancemesa_mpfe_inst~O_F2SOC_RDATA16                                                                                                            ;
;     --          ;           ;                                   ;             ; soc_inst|subsys_hps|agilex_hps|intel_agilex_5_soc_inst|sm_mpfe|sundancemesa_mpfe_inst~O_F2SOC_RDATA33                                                                                                            ;
;     --          ;           ;                                   ;             ; soc_inst|subsys_hps|agilex_hps|intel_agilex_5_soc_inst|sm_mpfe|sundancemesa_mpfe_inst~O_F2SOC_RDATA14                                                                                                            ;
;     --          ;           ;                                   ;             ; soc_inst|subsys_hps|agilex_hps|intel_agilex_5_soc_inst|sm_mpfe|sundancemesa_mpfe_inst~O_F2SOC_RDATA13                                                                                                            ;
;     --          ;           ;                                   ;             ; soc_inst|subsys_hps|agilex_hps|intel_agilex_5_soc_inst|sm_mpfe|sundancemesa_mpfe_inst~O_F2SOC_RDATA19                                                                                                            ;
;     --          ;           ;                                   ;             ; soc_inst|subsys_hps|agilex_hps|intel_agilex_5_soc_inst|sm_mpfe|sundancemesa_mpfe_inst~O_F2SOC_RDATA21                                                                                                            ;
;     --          ;           ;                                   ;             ; soc_inst|subsys_hps|agilex_hps|intel_agilex_5_soc_inst|sm_mpfe|sundancemesa_mpfe_inst~O_F2SOC_RDATA26                                                                                                            ;
;     --          ;           ;                                   ;             ; soc_inst|subsys_hps|agilex_hps|intel_agilex_5_soc_inst|sm_mpfe|sundancemesa_mpfe_inst~O_F2SOC_RDATA30                                                                                                            ;
;     --          ;           ;                                   ;             ; soc_inst|subsys_hps|agilex_hps|intel_agilex_5_soc_inst|sm_mpfe|sundancemesa_mpfe_ready_latency_adp_inst_fpga2hps|ar_inst_skid_buf|fifo_inst|a1|empty                                                             ;
;     --          ;           ;                                   ;             ; soc_inst|subsys_hps|agilex_hps|intel_agilex_5_soc_inst|sm_mpfe|sundancemesa_mpfe_inst~O_F2SOC_RDATA32                                                                                                            ;
; long high speed ; up        ; [(12, 32), (23, 39)]              ; 87.209 %    ;    High Routing Fan-Out                                                                                                                                                                                          ;
;     --          ;           ;                                   ;             ; soc_inst|subsys_hps|agilex_hps|intel_agilex_5_soc_inst|sm_hps|hps2fpga_axi4_rl_adp_inst|w_inst_skid_buf|fifo_inst|a1|read_fifo                                                                                   ;
;     --          ;           ;                                   ;             ; soc_inst|subsys_hps|agilex_hps|intel_agilex_5_soc_inst|sm_hps|hps2fpga_axi4_rl_adp_inst|w_inst_skid_buf__reset_pipe_in                                                                                           ;
;     --          ;           ;                                   ;             ; soc_inst|mm_interconnect_2|subsys_hps_hps2fpga_agent|wready~0xsyn                                                                                                                                                ;
;     --          ;           ;                                   ;             ; soc_inst|subsys_hps|agilex_hps|intel_agilex_5_soc_inst|sm_hps|hps2fpga_axi4_rl_adp_inst|w_inst_skid_buf|fifo_inst|a1|empty                                                                                       ;
;     --          ;           ;                                   ;             ; soc_inst|mm_interconnect_2|limiter_pipeline_003|gen_inst[2].core|full1                                                                                                                                           ;
;     --          ;           ;                                   ;             ; soc_inst|mm_interconnect_2|limiter_pipeline_005|gen_inst[2].core|full1                                                                                                                                           ;
;     --          ;           ;                                   ;             ; soc_inst|subsys_hps|agilex_hps|intel_agilex_5_soc_inst|sm_hps|hps2fpga_axi4_rl_adp_inst|w_inst_skid_buf|fifo_inst|a1|i629                                                                                        ;
;     --          ;           ;                                   ;             ; soc_inst|mm_interconnect_2|limiter_pipeline_005|gen_inst[2].core|data1[53]                                                                                                                                       ;
;     --          ;           ;                                   ;             ; soc_inst|subsys_hps|agilex_hps|intel_agilex_5_soc_inst|sm_hps|hps2fpga_axi4_rl_adp_inst|w_inst_skid_buf|fifo_inst|a1|i627~0                                                                                      ;
;     --          ;           ;                                   ;             ; soc_inst|mm_interconnect_2|limiter_pipeline_005|gen_inst[0].core|data1[0]                                                                                                                                        ;
; long high speed ; up        ; [(12, 32), (23, 39)]              ; 87.209 %    ;    Long Distance                                                                                                                                                                                                 ;
;     --          ;           ;                                   ;             ; soc_inst|mm_interconnect_2|limiter_pipeline_005|gen_inst[0].core|data1[27]                                                                                                                                       ;
;     --          ;           ;                                   ;             ; soc_inst|mm_interconnect_2|limiter_pipeline_005|gen_inst[0].core|data1[82]                                                                                                                                       ;
;     --          ;           ;                                   ;             ; soc_inst|mm_interconnect_2|limiter_pipeline_005|gen_inst[0].core|data1[83]                                                                                                                                       ;
;     --          ;           ;                                   ;             ; soc_inst|mm_interconnect_2|limiter_pipeline_005|gen_inst[0].core|data1[85]                                                                                                                                       ;
;     --          ;           ;                                   ;             ; soc_inst|mm_interconnect_2|limiter_pipeline_005|gen_inst[0].core|data1[86]                                                                                                                                       ;
;     --          ;           ;                                   ;             ; soc_inst|mm_interconnect_2|limiter_pipeline_005|gen_inst[0].core|data1[87]                                                                                                                                       ;
;     --          ;           ;                                   ;             ; soc_inst|mm_interconnect_2|limiter_pipeline_005|gen_inst[0].core|data1[88]                                                                                                                                       ;
;     --          ;           ;                                   ;             ; soc_inst|mm_interconnect_2|limiter_pipeline_005|gen_inst[0].core|data1[89]                                                                                                                                       ;
;     --          ;           ;                                   ;             ; soc_inst|mm_interconnect_2|limiter_pipeline_005|gen_inst[0].core|data1[90]                                                                                                                                       ;
;     --          ;           ;                                   ;             ; soc_inst|mm_interconnect_2|limiter_pipeline_005|gen_inst[0].core|data1[91]                                                                                                                                       ;
; long high speed ; down      ; [(60, 16), (71, 23)]              ; 100.000 %   ;    High Routing Fan-Out                                                                                                                                                                                          ;
;     --          ;           ;                                   ;             ; soc_inst|ocm|intel_onchip_memory_inst|s1_axi_bursting_adapter|w_current_rdaddr[0]~2                                                                                                                              ;
;     --          ;           ;                                   ;             ; soc_inst|ocm|intel_onchip_memory_inst|s1_axi_bursting_adapter|w_current_rdaddr[0]~4                                                                                                                              ;
;     --          ;           ;                                   ;             ; soc_inst|ocm|intel_onchip_memory_inst|s1_axi_bursting_adapter|w_current_rdaddr[0]~8                                                                                                                              ;
;     --          ;           ;                                   ;             ; soc_inst|ocm|intel_onchip_memory_inst|s1_axi_bursting_adapter|w_current_rdaddr[0]~3                                                                                                                              ;
;     --          ;           ;                                   ;             ; soc_inst|ocm|intel_onchip_memory_inst|s1_axi_bursting_adapter|w_current_rdaddr[0]~5                                                                                                                              ;
;     --          ;           ;                                   ;             ; soc_inst|ocm|intel_onchip_memory_inst|s1_axi_bursting_adapter|w_current_rdaddr[0]~11                                                                                                                             ;
;     --          ;           ;                                   ;             ; soc_inst|mm_interconnect_2|limiter_pipeline_002|gen_inst[1].core|data1[20]                                                                                                                                       ;
;     --          ;           ;                                   ;             ; soc_inst|rst_controller|rst_controller|r_early_rst~_Duplicate_3                                                                                                                                                  ;
;     --          ;           ;                                   ;             ; soc_inst|ocm|intel_onchip_memory_inst|s1_axi_bursting_adapter|r_ram_byteen[3]                                                                                                                                    ;
;     --          ;           ;                                   ;             ; soc_inst|ocm|intel_onchip_memory_inst|s1_axi_bursting_adapter|r_ram_byteen[5]                                                                                                                                    ;
; long high speed ; down      ; [(60, 16), (71, 23)]              ; 100.000 %   ;    Long Distance                                                                                                                                                                                                 ;
;     --          ;           ;                                   ;             ; soc_inst|ocm|intel_onchip_memory_inst|altera_syncram_component|auto_generated|altera_syncram_impl1|decode3|rtl~9                                                                                                 ;
;     --          ;           ;                                   ;             ; soc_inst|ocm|intel_onchip_memory_inst|altera_syncram_component|auto_generated|altera_syncram_impl1|decode3|rtl~12                                                                                                ;
;     --          ;           ;                                   ;             ; soc_inst|ocm|intel_onchip_memory_inst|s1_axi_bursting_adapter|w_current_rdaddr[0]~2                                                                                                                              ;
;     --          ;           ;                                   ;             ; soc_inst|ocm|intel_onchip_memory_inst|s1_axi_bursting_adapter|w_current_rdaddr[0]~4                                                                                                                              ;
;     --          ;           ;                                   ;             ; soc_inst|ocm|intel_onchip_memory_inst|altera_syncram_component|auto_generated|altera_syncram_impl1|address_reg_b[0]                                                                                              ;
;     --          ;           ;                                   ;             ; soc_inst|ocm|intel_onchip_memory_inst|altera_syncram_component|auto_generated|altera_syncram_impl1|address_reg_b[1]                                                                                              ;
;     --          ;           ;                                   ;             ; soc_inst|mm_interconnect_2|limiter_pipeline_002|gen_inst[1].core|data1[20]                                                                                                                                       ;
;     --          ;           ;                                   ;             ; soc_inst|ocm|intel_onchip_memory_inst|altera_syncram_component|auto_generated|altera_syncram_impl1|address_reg_b[2]                                                                                              ;
;     --          ;           ;                                   ;             ; soc_inst|ocm|intel_onchip_memory_inst|s1_axi_bursting_adapter|w_current_rdaddr[0]~3                                                                                                                              ;
;     --          ;           ;                                   ;             ; soc_inst|ocm|intel_onchip_memory_inst|s1_axi_bursting_adapter|w_current_rdaddr[0]~5                                                                                                                              ;
+-----------------+-----------+-----------------------------------+-------------+------------------------------------------------------------------------------------------------------------------------------------------------------------------------------------------------------------------+


+---------------------------------------------------------------------------------------------------------------------------------------------------+
; Peak Total Grid Crossings                                                                                                                         ;
+----------------------------------------------------------------------------------------------------------------------------+----------------------+
; Net Name                                                                                                                   ; Total Grid Crossings ;
+----------------------------------------------------------------------------------------------------------------------------+----------------------+
; soc_inst|ocm|intel_onchip_memory_inst|s1_axi_bursting_adapter|w_current_rdaddr[0]~11                                       ; 20                   ;
; soc_inst|rst_controller|rst_controller|r_sync_rst                                                                          ; 19                   ;
; soc_inst|ocm|intel_onchip_memory_inst|s1_axi_bursting_adapter|w_current_rdaddr[0]~9                                        ; 19                   ;
; soc_inst|ocm|intel_onchip_memory_inst|s1_axi_bursting_adapter|w_current_rdaddr[0]~7                                        ; 19                   ;
; soc_inst|ocm|intel_onchip_memory_inst|s1_axi_bursting_adapter|w_current_rdaddr[0]~5                                        ; 19                   ;
; soc_inst|ocm|intel_onchip_memory_inst|s1_axi_bursting_adapter|w_ram_rden~0xsyn                                             ; 19                   ;
; soc_inst|ocm|intel_onchip_memory_inst|s1_axi_bursting_adapter|w_current_rdaddr[0]~3                                        ; 18                   ;
; soc_inst|ocm|intel_onchip_memory_inst|s1_axi_bursting_adapter|w_current_rdaddr[0]~12                                       ; 17                   ;
; soc_inst|ocm|intel_onchip_memory_inst|altera_syncram_component|auto_generated|altera_syncram_impl1|address_reg_b[1]        ; 16                   ;
; soc_inst|ocm|intel_onchip_memory_inst|altera_syncram_component|auto_generated|altera_syncram_impl1|address_reg_b[0]        ; 16                   ;
; soc_inst|ocm|intel_onchip_memory_inst|s1_axi_bursting_adapter|w_current_rdaddr[0]~8                                        ; 16                   ;
; soc_inst|ocm|intel_onchip_memory_inst|s1_axi_bursting_adapter|w_current_rdaddr[0]~6                                        ; 16                   ;
; ~GND                                                                                                                       ; 16                   ;
; soc_inst|ocm|intel_onchip_memory_inst|altera_syncram_component|auto_generated|altera_syncram_impl1|decode3|rtl~9           ; 15                   ;
; soc_inst|ocm|intel_onchip_memory_inst|s1_axi_bursting_adapter|w_current_rdaddr[0]~10                                       ; 15                   ;
; soc_inst|ocm|intel_onchip_memory_inst|s1_axi_bursting_adapter|w_current_rdaddr[0]~4                                        ; 15                   ;
; soc_inst|ocm|intel_onchip_memory_inst|s1_axi_bursting_adapter|w_current_rdaddr[0]~2                                        ; 15                   ;
; soc_inst|ocm|intel_onchip_memory_inst|altera_syncram_component|auto_generated|altera_syncram_impl1|decode3|rtl~12          ; 14                   ;
; soc_inst|ocm|intel_onchip_memory_inst|altera_syncram_component|auto_generated|altera_syncram_impl1|address_reg_b[2]        ; 12                   ;
; soc_inst|ocm|intel_onchip_memory_inst|altera_syncram_component|auto_generated|altera_syncram_impl1|decode3|rtl~15          ; 12                   ;
; soc_inst|ocm|intel_onchip_memory_inst|altera_syncram_component|auto_generated|altera_syncram_impl1|decode3|rtl~7           ; 12                   ;
; soc_inst|ocm|intel_onchip_memory_inst|altera_syncram_component|auto_generated|altera_syncram_impl1|decode3|rtl~3           ; 12                   ;
; soc_inst|ocm|intel_onchip_memory_inst|altera_syncram_component|auto_generated|altera_syncram_impl1|decode3|rtl~0           ; 11                   ;
; soc_inst|mm_interconnect_2|agent_pipeline_003|gen_inst[0].core|full0~xsyn                                                  ; 10                   ;
; soc_inst|mm_interconnect_2|agent_pipeline_003|gen_inst[0].core|i268~0                                                      ; 10                   ;
; soc_inst|rst_controller_001|rst_controller_001|alt_rst_sync_uq1|altera_reset_synchronizer_int_chain_out                    ; 10                   ;
; SW[1]~input                                                                                                                ; 10                   ;
; SW[0]~input                                                                                                                ; 10                   ;
; SW[3]~input                                                                                                                ; 10                   ;
; SW[2]~input                                                                                                                ; 10                   ;
; soc_inst|ocm|intel_onchip_memory_inst|altera_syncram_component|auto_generated|altera_syncram_impl1|decode3|rtl~5           ; 10                   ;
; soc_inst|ocm|intel_onchip_memory_inst|altera_syncram_component|auto_generated|altera_syncram_impl1|decode3|rtl~1           ; 10                   ;
; soc_inst|mm_interconnect_2|agent_pipeline_003|gen_inst[0].core|full0                                                       ; 9                    ;
; soc_inst|f2sdram_bridge_tester|f2sdram_tester|r_test_complete                                                              ; 8                    ;
; soc_inst|ocm|intel_onchip_memory_inst|s1_axi_bursting_adapter|r_ram_wraddr[14]~_Duplicate                                  ; 8                    ;
; soc_inst|ocm|intel_onchip_memory_inst|s1_axi_bursting_adapter|r_ram_wraddr[13]~_Duplicate                                  ; 8                    ;
; soc_inst|ocm|intel_onchip_memory_inst|s1_axi_bursting_adapter|r_ram_wraddr[12]~_Duplicate                                  ; 8                    ;
; soc_inst|ocm|intel_onchip_memory_inst|s1_axi_bursting_adapter|r_ram_wraddr[11]~_Duplicate                                  ; 8                    ;
; soc_inst|ocm|intel_onchip_memory_inst|s1_axi_bursting_adapter|r_ram_wraddr[10]~_Duplicate                                  ; 8                    ;
; soc_inst|ocm|intel_onchip_memory_inst|s1_axi_bursting_adapter|r_ram_wraddr[9]~_Duplicate                                   ; 8                    ;
; soc_inst|ocm|intel_onchip_memory_inst|s1_axi_bursting_adapter|r_ram_wraddr[8]~_Duplicate                                   ; 8                    ;
; soc_inst|ocm|intel_onchip_memory_inst|s1_axi_bursting_adapter|r_ram_wraddr[7]~_Duplicate                                   ; 8                    ;
; soc_inst|ocm|intel_onchip_memory_inst|s1_axi_bursting_adapter|r_ram_wraddr[6]~_Duplicate                                   ; 8                    ;
; soc_inst|ocm|intel_onchip_memory_inst|s1_axi_bursting_adapter|r_ram_wraddr[5]~_Duplicate                                   ; 8                    ;
; soc_inst|ocm|intel_onchip_memory_inst|s1_axi_bursting_adapter|r_ram_wraddr[4]~_Duplicate                                   ; 8                    ;
; soc_inst|rst_controller|rst_controller|r_early_rst~_Duplicate                                                              ; 8                    ;
; soc_inst|emif_io96b_lpddr4_0|emif_io96b_lpddr4_0|emif_arch_top|io0.calip_0|cal_0|cal_arch_0|u_ssm_fa|fa_p2c_ssm~O_SSM_P2C3 ; 8                    ;
; soc_inst|emif_io96b_lpddr4_0|emif_io96b_lpddr4_0|emif_arch_top|io0.calip_0|cal_0|cal_arch_0|u_ssm_fa|fa_p2c_ssm~O_SSM_P2C2 ; 8                    ;
; soc_inst|emif_io96b_lpddr4_0|emif_io96b_lpddr4_0|emif_arch_top|io0.calip_0|cal_0|cal_arch_0|u_ssm_fa|fa_p2c_ssm~O_SSM_P2C1 ; 8                    ;
; soc_inst|emif_io96b_lpddr4_0|emif_io96b_lpddr4_0|emif_arch_top|io0.calip_0|cal_0|cal_arch_0|u_ssm_fa|fa_p2c_ssm            ; 8                    ;
+----------------------------------------------------------------------------------------------------------------------------+----------------------+


--------------------------------------------
; Global Router Congestion Hotspot Summary ;
--------------------------------------------
No congestion hotspots found where global router short wire usage exceeded 100%.
If the design is hard to route, use other techniques to analyze congestion. Refer to the Estimated Delay Added for Hold Timing section in the Fitter report and routing utilization in the Chip Planner.


