:100000000A0000141F2003D500002080000000001B
:1000100040C00300000000000000F0BF000000002E
:100020009012F0BF00000000B7020014414238D522
:100030003F2000F16C000054E0000054AB0100547C
:1000400000113ED5000C40B200111ED55F111ED527
:100050000A00001401113CD5C10010B721007BB289
:1000600001111CD5E07F86D240111CD5030000147D
:100070000006A0D2401018D5FF4403D5404238D521
:100080001F2000F14C01005440000054AB0000540C
:10009000000438D5000C7492E00000B50400001490
:1000A000000438D5001C7892600000B52005005887
:1000B00000E01BD5DF3F03D504000094110100943C
:1000C000BF4100D543050094FD031EAA000038D5AA
:1000D00000FC44D3002C40921F0C34F1000100546A
:1000E000000038D500FC44D3002C40921F1C34F192
:1000F00080000054FE031DAAC0035FD6FEFFFF1759
:10010000FDFFFF17FD031EAA80020058630500943F
:10011000800200586E050094FE031DAAC0035FD63E
:10012000C00100589A050014C0035FD6C0035FD613
:10013000C9000010AA00001829C12A8B200500A9B7
:10014000220D01A9BAFFFF1790090300000000006B
:1001500000C2EB0B000000000000001D00000000CA
:100160000000061D0000000000008052C0035FD6A2
:10017000FD7BBDA902008052410100F0FD0300910A
:1001800021BC2891F30B00F9F30300AAE08300914E
:10019000A6380094E1830091E00313AA3933009458
:1001A000F30B40F9FD7BC3A8C0035FD6FD7BBEA95E
:1001B000FD030091F35301A9F403002A13008052B8
:1001C00087000094000440B9BF3F03D59F02206A16
:1001D00061FFFF54730600117F2A007121FFFF5455
:1001E000F35341A9FD7BC2A8C0035FD6FD7BBDA927
:1001F000FD030091F35301A9F51300F97800009471
:1002000013100091000080D2E4330094F40300AA9C
:1002100015C489D2600240B9BF3F03D52001003622
:10022000E00314AADD3300941F0015EB48010054CD
:10023000200080D21234009462170094F6FFFF175A
:1002400000008052F35341A9F51340F9FD7BC3A888
:10025000C0035FD6A00D8012FBFFFF171F9C0F711C
:1002600089020054FD7BBEA9017D8052FD030091EF
:10027000F30B00F91308C11A6001009000EC129111
:10028000E103132A9338009452000094000042B90D
:10029000BF3F03D5BF3F03D54E000094130002B902
:1002A00000008052F30B40F9FD7BC2A8C0035FD66B
:1002B000A0028012C0035FD6FD7BBFA9FD030091A1
:1002C00044000094010042B9BF3F03D5007D805235
:1002D000FD7BC1A8207C001BC0035FD6FD7BBCA9B1
:1002E000E20300AAFD030091F35301A9F40301AA5C
:1002F00001008012F51300F9550A40F9E00315AA30
:100300009A2D0094F303002A0002F837E103002A33
:10031000E00315AAB62F009420020034E103132A4B
:10032000E4C30091E00315AA03008052620100D0EB
:10033000424816911D310094F303002A60000035F5
:10034000E01B40F9800200F9E003132AF35341A9AE
:10035000F51340F9FD7BC4A8C0035FD65302801299
:10036000FAFFFF17FD7BBEA9600100D00064149165
:10037000FD030091F30B00F99301009073E22B91C0
:10038000E10313AAD6FFFF97400000345E320094C9
:10039000600100D06122009100981491D0FFFF9776
:1003A00060FFFF35600100D06142009100CC1491E4
:1003B000CBFFFF97C0FEFF35F30B40F9FD7BC2A8D2
:1003C000C0035FD680010090007C45F9C0035FD672
:1003D00080010090008045F9C0035FD68001009045
:1003E000008445F9C0035FD6FD7BBBA9C10100F0C5
:1003F00021800891FD030091E2830091F30B00F945
:10040000F303002AC00380522F470094A000003459
:10041000000080D2F30B40F9FD7BC5A8C0035FD676
:10042000E01340F9E1A30091F32300F9623D009449
:1004300000FFFF37E0A30091BA3D0094011800913E
:100440003F0400F1A1048092048041FA41FEFF5470
:10045000F0FFFF17FD7BBEA9C0038052FD03009192
:10046000F30B00F9137D80D2E0FFFF970108D39AC8
:100470006001009000F8109116380094000480523A
:10048000DAFFFF970108D39A6001009000481191AC
:100490001038009460008052D4FFFF970108D39A6F
:1004A00060010090009C11910A3800942004805251
:1004B000CEFFFF970108D39A6001009000F01191E0
:1004C0000438009440048052C8FFFF970108D39A73
:1004D0006001009000441291FE37009400068052A3
:1004E000C2FFFF970108D39A60010090F30B40F917
:1004F00000981291FD7BC2A8F6370014000000009E
:10050000FD031EAAFF4403D581020018200040B954
:1005100082020058000002EAA10000546002005864
:1005200081020058A2020058040000142002005862
:10053000C101005862020058030040B90010009148
:10054000230000B9211000913F0002EB61FFFF542E
:10055000FE031DAAC0035FD60010D11000000000EA
:1005600002001F0000000000D80A03000000000085
:100570006059030000000000D0A703000000000045
:1005800048590300000000005F1C00720E1C00129E
:10059000E8079F1A000C0853FD7BBAA91E0698D2E3
:1005A000082C082A60281453FD0300910000012A3A
:1005B0000801002A109080D2094888D28F0080D28A
:1005C000910480D21E85A0F20B8080D2A51C00125F
:1005D00008010432F35301A9130480D2F4031E2A44
:1005E000F55B02A9150298D26D0080527014A2F238
:1005F0000A7D80D2E901A0F26F14A2F27114A2F276
:100600007314A2F26B14A2F21585A0F2F76303A98A
:10061000F96B04A9FB7305A9A5030034800580D2FA
:100620006014A2F20C0040B9BF3F03D58C01181230
:10063000BF3F03D501C01DB8BF3F03D52000805286
:10064000600100B9027D8052000240B9BF3F03D56E
:1006500080170035DF3F03D536E03BD500E03BD5C2
:10066000007C0A9B0008C99A0000168B00040091C8
:10067000DF3F03D536E03BD5DF0200EBA3FFFF549D
:100680004204007121FEFF54210000143FFC1F7141
:10069000281300546014A2D2160040B9BF3F03D5FE
:1006A000D6120012177D8052C0060011020080523F
:1006B0000010001238008052790240B9BF3F03D5C4
:1006C0001F00196B6105005462000035BF3F03D560
:1006D000780100B9DF3F03D539E03BD502E03BD5D7
:1006E000427C0A9B4208C99A4200198B420400913D
:1006F000DF3F03D539E03BD53F0302EBA3FFFF54B7
:10070000F70600712200805281FDFF54A00D801277
:100710001FFC077104184B7AE1010054DF3F03D539
:1007200036E03BD502E03BD517FA80D2427C179BDE
:100730004208C99A4200168B42040091DF3F03D55C
:1007400036E03BD5DF0202EBA3FFFF54AD0500719D
:1007500041F6FF54F35341A9F55B42A9F76343A95E
:10076000F96B44A9FB7345A9FD7BC6A8C0035FD6FE
:10077000BF3F03D5020298520285A072D602020B37
:10078000D66E7ED3C80200B9BF3F03D57914A2D27A
:10079000170080D23A008052200300B97F00176B07
:1007A000C9F4FF54160400119B7877B8D6120012D2
:1007B000187D8052020080527C0240B9BF3F03D5B1
:1007C000DF021C6B6102005462000035BF3F03D59D
:1007D0007A0100B9DF3F03D53CE03BD502E03BD5D1
:1007E000427C0A9B4208C99A42001C8B4204009139
:1007F000DF3F03D53CE03BD59F0302EBA3FFFF5453
:10080000180700712200805281FDFF54C0FFFF17BE
:10081000BF3F03D50000158B00F47ED31B0000B949
:10082000BF3F03D5F7060091E003162A360300B94F
:10083000DBFFFF17E20140B9BF3F03D5200240B9FB
:10084000BF3F03D55F00006BE0EFFF54C043228B36
:1008500000F47ED3000040B9BF3F03D5420400112D
:10086000420C0012BF3F03D5167C1C53E20100B9B5
:10087000DF06007181EEFF54166C58D3DF020E6B59
:1008800021EEFF54E60000B4D70040B9DF0000B904
:1008900018584CD3B8000035002800129DFFFF17F0
:1008A00017008052FBFFFF1719FA80D2360240B9B9
:1008B000BF3F03D5DF02026B21020054DF3F03D5A7
:1008C0003AE03BD516E03BD5D67E0A9BD60AC99ABC
:1008D000D6021A8BD6060091DF3F03D53AE03BD50E
:1008E0005F0316EBA3FFFF54390700F101FEFF542D
:1008F00087FFFF17A002801286FFFF175600140B18
:10090000D66E7ED3D60240B9BF3F03D54204001154
:1009100018070051420C0012BF3F03D5E20100B995
:10092000B7FBFF34D90040B9F7060051F67839B863
:10093000D60040B9D6060011D60000B9D6FFFF1781
:10094000BF3F03D51F0200B965F7FF34800580D291
:100950006014A2F2000040B9BF3F03D50000181296
:100960001F000C6BA0088012E013801A69FFFF17AC
:10097000FD7BBEA9FD030091F35301A9BF3F03D541
:10098000930180D2742080527314A2F2740200B9D1
:10099000BF3F03D5000180D26014A2F21F0000B94E
:1009A000BF3F03D51F7804B925008052070080D2CD
:1009B000E003052A060080D2040080D203008052A2
:1009C0000200805241008052F0FEFF976000003527
:1009D000BF3F03D5740200B9F35341A9FD7BC2A800
:1009E000C0035FD6070080D2060080D20500805287
:1009F000040080D2030080520200805261068052BF
:100A000020008052E1FEFF17FD7BBDA9070080D2C8
:100A1000060080D2FD03009105008052040080D2C0
:100A20000300805202008052410680522000805212
:100A3000F30B00F9D5FEFF976002003520008052CD
:100A4000E7A30091E6B3009105008052040080D234
:100A5000030080520200805261078052E02F00B9EB
:100A6000CAFEFF97F303002AA0000035E02B40B92F
:100A7000FBFDFF97F303002A20020034DAFFFF9703
:100A80000F000014D8FFFF97F303002A8001003500
:100A9000070080D2060080D205008052040080D278
:100AA0000300805202008052410680522000805292
:100AB000B6FEFF97F303002A20FCFF34E003132A5D
:100AC000F30B40F9FD7BC3A8C0035FD6FD7BBEA935
:100AD00023008052070080D2FD030091E47300914F
:100AE000060080D20500805202008052A10B805285
:100AF000E01F00B9E003032AA4FEFF97FD7BC2A814
:100B0000C0035FD64AFDFF17FD7BBFA9FD0300911F
:100B100030FEFF97001042B9BF3F03D5A11B9E5284
:100B20001F000071016CA8720010811AFD7BC1A822
:100B3000C0035FD6FD7BBFA9FD030091F3FFFF97C4
:100B4000E101A6120000010AA11B9E52016CA072D5
:100B50001F00016BE0179F1AFD7BC1A8C0035FD681
:100B6000FD7BBFA9FD03009117FEFF97000040B970
:100B7000BF3F03D5004C1F1200441012FD7BC1A8DB
:100B8000C0035FD6FD7BBEA9FD030091F30B00F906
:100B9000F4FFFF97F303002A00020034610100B064
:100BA00021AC3391F3010836620100B042C43391A5
:100BB000600100B0003C349146360094607A1E72A9
:100BC00061010054F30B40F9600100B0FD7BC2A845
:100BD00000F82D9196110014610100B021F43391B9
:100BE000620100B042FC2D91F2FFFF17013C0012A0
:100BF000E1020035007C1013220280521F1C00729B
:100C000061000054007C0813422000111F0C40F2C8
:100C100061000054007C0413421000111F0440F2D4
:100C200061000054007C0213420800111F0040F2D2
:100C30004214821A5F400071EC000054610100B060
:100C400042240051212C34910600001422008052CD
:100C5000EBFFFF17610100B04244005121083491BD
:100C6000F30B40F9600100B0FD7BC2A80084349111
:100C70001836001402B09ED2E200A0F2410040B942
:100C8000BF3F03D5606A89522308C05A8069A872A1
:100C90007F00006BC1010054BF3F03D500B29ED25C
:100CA00042800291E000A0F2430016B8010040B972
:100CB0002108C05A014400B81F0002EB81FFFF5415
:100CC00000B29ED2E000A0F2C0035FD63F00006BEE
:100CD00080FFFF54000080D2FCFFFF17FD7BBEA900
:100CE00080C19ED2E000A0F2FD030091F30B00F959
:100CF000130040B9BF3F03D5BF3F03D5B5FDFF97F4
:100D0000130402B9B3FDFF97000442B9BF3F03D5F6
:100D1000F30B40F9FD7BC2A8C0035FD60080905260
:100D2000E0FAA272C0035FD6FD7BBEA900C29ED2CC
:100D3000E000A0F2FD030091F30B00F9130040B9AD
:100D4000BF3F03D5BF3F03D5A2FDFF97130802B9EC
:100D5000A0FDFF97000842B9BF3F03D5F30B40F950
:100D6000FD7BC2A8C0035FD6802F84D2823184D29B
:100D7000813484D2201AA2F2221AA2F2211AA2F2FB
:100D80001F0002EB60000054BF3F03D51F0000B9F5
:100D9000001000911F0001EB41FFFF54C0035FD61C
:100DA000FD7BBEA9FD030091F30B00F989FDFF97C0
:100DB000002053B9BF3F03D51F040071F3179F1ADA
:100DC00084FDFF97736E1C53005453B9BF3F03D586
:100DD0001F04007141000054730218327DFDFF971B
:100DE000002853B9BF3F03D51F04007141000054D0
:100DF0007302103277FDFF97002C53B9BF3F03D524
:100E00001F0400714100005473020832BF3F03D534
:100E100070FDFF97136C00B96EFDFF97000053B98A
:100E2000BF3F03D51F040071F3179F1A69FDFF9799
:100E3000000453B9BF3F03D51F04007141000054A3
:100E40007302183263FDFF97000853B9BF3F03D503
:100E50001F0400714100005473021032BF3F03D5DC
:100E60005CFDFF97137000B9F30B40F9FD7BC2A83E
:100E7000C0035FD6FD7BBAA900029ED2E000A0F2BB
:100E8000FD030091F35301A9F55B02A9F76303A9E0
:100E9000180080D2F96B04A9FB2B00F9C60000945E
:100EA000F703002A00349ED2E000A0F2C2000094B2
:100EB000FF02006BF603002AF322801A00669ED21E
:100EC000E000A0F2BC000094F503002A007E9ED250
:100ED000E000A0F2B8000094BF02006BF403002A07
:100EE000A122801A000C80523F00136B2120931A1C
:100EF000FF820171F792801A00029ED221F47ED304
:100F0000E203172A213C0091E000A0F221787C92B4
:100F1000FF6321CBF30300917A120091E10313AA3E
:100F2000B5000094FF02186B08060054DF820171BF
:100F300079120091000C8052170080D21A2682D2BA
:100F4000D692801A00349ED2E203162AE10313AA35
:100F5000E000A0F2A8000094DF02176B68050054BF
:100F6000BFA200717812009100058052160080D255
:100F7000196082D2B592801A00669ED2E203152AC9
:100F8000E10313AAE000A0F29B000094BF02166BDD
:100F9000C80400549F82017177120091000C8052A6
:100FA000150080D2188082D29492801A007E9ED240
:100FB000E203142AE10313AAE000A0F28E000094D9
:100FC0009F02156B28040054BF030091F35341A9FD
:100FD000F55B42A9F76343A9F96B44A9FB2B40F9E0
:100FE000FD7BC6A8C0035FD65B7B78B8BF3F03D547
:100FF000797A78B8F7FCFF97180B00913907409180
:101000003B6B20B8C8FFFF173B7B77B8BF3F03D5CA
:10101000787A77B8EFFCFF97F70A009118031A8BDC
:101020001B6B20B8CDFFFF171A7B76B8BF3F03D5E7
:10103000777A76B8E7FCFF97D60A0091F702198B0A
:10104000FA6A20B8D2FFFF17F97A75B8BF3F03D507
:10105000767A75B8DFFCFF97B50A0091D602188B37
:10106000D96A20B8D7FFFF17FD7BBEA9FD03009109
:10107000F30B00F980FFFF974AFFFF97D5FCFF971E
:1010800013F041B9BF3F03D500008A527302002A12
:10109000BF3F03D5CFFCFF9713F001B9F30B40F925
:1010A000FD7BC2A8C0035FD6BF3F03D5010082D23B
:1010B00060008052011AA2F2200000B920E21BD584
:1010C0000000801200E21BD500008052C0035FD6F2
:1010D000816A8852E129A9721F00016BE003005464
:1010E00068020054212B88528189A8721F00016B6D
:1010F000400300546801005481EA8952E149A87212
:101100001F00016BA0020054616A89528169A872B4
:101110001F00016BE0079F1A00040011C0035FD697
:1011200021E8885201CAA872FAFFFF1701AB8A5260
:10113000A109AA721F00016B00010054A1498A5243
:101140008168AA721F00016B8000005421498A52F5
:10115000A108AA72EFFFFF1720008052F0FFFF17CF
:10116000FD7BBFA9E30300AAE20301AAFD030091EE
:10117000000040B9BF3F03D5D6FFFF97400000B93C
:101180001F08007141010054600040B9BF3F03D502
:101190000008C05ACFFFFF971F080071400000B938
:1011A000E0139F5AFD7BC1A8C0035FD600008052A8
:1011B000FDFFFF17FD7BBEA9E40300AAFD0300911C
:1011C000E1730091E7FFFF9720010035800440B9EB
:1011D000BF3F03D5E11F40B93F04007141000054F7
:1011E0000008C05A00400051007C0253FD7BC2A899
:1011F000C0035FD6FD7BBEA9E50301AAE40300AAF4
:10120000FD030091E603022AE1730091D5FFFF97E9
:1012100080010035811040B9BF3F03D5E21F40B9BE
:101220005F040071210100542108C05AA10000B9D7
:1012300083500091220080525F00066BA30000548F
:10124000FD7BC2A8C0035FD642FFFF35F8FFFF1742
:10125000610040B9A5100091BF3F03D5E41F40B91C
:101260009F040071810000542108C05AA10000B9F8
:1012700002000014C4FFFF34420400116310009107
:10128000EEFFFF17FD7BBDA9FD030091F30B00F9F5
:101290001C020094400000349B2E009432FCFF9707
:1012A00072FFFF9781FFFF97B2FDFF97000080520A
:1012B00007FEFF97E2A3009101008052C003805215
:1012C000B0430094A0FEFF35B80200942EFEFF97B5
:1012D00061FCFF97610100D021A01591E2A300916C
:1012E000A0098052B5430094E103002AA000003415
:1012F000400100D000E0289176340094E7FFFF170A
:10130000E2A3009101008052400C80529D43009462
:1013100040FCFF35800482D2201AA2F2010040B9BD
:1013200021781912010000B9010040B92178181282
:10133000010000B9BF3F03D526FCFF972100805272
:1013400001FC00B926FCFF97134440B9BF3F03D509
:1013500073760E12BF3F03D521FCFF97134400B9EB
:10136000AAFDFF97018398D28111A2F2200040B913
:1013700000781F12200000B9F30B40F9FD7BC3A8D1
:10138000C0035FD679FEFF17FD7BB8A9610100B0ED
:1013900021F41D91FD030091F35301A9F30300AA69
:1013A000F55B02A9F76303A9F96B04A9FB7305A90F
:1013B000580A40F9E00318AA68280094530300B4BF
:1013C000632200D1F703002A200080D2627A60B83D
:1013D000F403002A00040091617860B85F00016B9B
:1013E00060FFFF54570CF836410100D0400100D097
:1013F00021F00F910038259136340094200080525E
:10140000600200B99F02006BE000005400018052AE
:10141000600600B99F0A007160000054800080528D
:10142000600A00B9F35341A9F55B42A9F76343A9E8
:10143000F96B44A9FB7345A9FD7BC8A8C0035FD61F
:10144000BF02146BAB010054E203142A410100D027
:10145000F35341A921F00F91F55B42A9400100D05F
:10146000F76343A900D02591F96B44A9FB7345A903
:10147000FD7BC8A817340014E00318AA372800948D
:10148000FC03002A4004F837E103002AE2E301915B
:10149000400A40F9E03700F9200980526343009484
:1014A00060050034E2E30191E1031C2A600E8052E2
:1014B0005E43009440050034E2E30191E1031C2AFD
:1014C0006009805259430094E0040034E03740F949
:1014D000E1031C2AE2031AAA030080D29927009490
:1014E000FC0300AA400100B4E1031BAA652E00948E
:1014F00000030034410100D0400100D0E2031CAAE7
:1015000021A00D9100A02691F2330094D60600117F
:10151000E103172AE303162AE20319AAE00318AA33
:10152000040080D2D1280094E10300AAA0F8FFB5FE
:10153000B5F7FF35410100D021F00F91B60200351B
:10154000400100D000682791ACFFFF1720008052B7
:1015500060DA35B8B5060011EDFFFF1700018052C3
:10156000FCFFFF1780008052FAFFFF17590100D0DF
:101570005A0100D05B0100F0391327915A7326916C
:101580007B9325911600805215008052E1FFFF17D2
:10159000F35341A9400100D0F55B42A90014289102
:1015A000F76343A9F96B44A9FB7345A9FD7BC8A860
:1015B000C833001400E03BD5C0035FD6DF3F03D53E
:1015C00020E03BD5408E00B9C0035FD6000000008C
:1015D000000300581FEC7C92E00300914606009443
:1015E0001F000091F20300AA47060094000080D279
:1015F00025FFFF97FA0100941F0000F11210929A44
:10160000E10300911F0000F10010819A1F0000917A
:1016100040010058610100581F8400F81F0001EBD1
:10162000C3FFFF54E00312AA412640F95101001400
:1016300000100700000000000000F0BF00000000E4
:101640009012F0BF00000000FD7BBCA96300805237
:10165000FD030091410240F9223C40F9E20B00F900
:10166000224040F9E21700F9224440F9E20F00F964
:10167000224840F9E21B00F9228449A9E21300F94B
:10168000E11F00F9E2A30091E1430091C406009438
:10169000FD7BC4A8C0035FD6E9068052090000B9EB
:1016A000090440B92A1100120A0100340B100291FA
:1016B0000C10349109008012694500B89F4500B8AC
:1016C0004A050051AAFFFF35C0035FD6AA0038D5EE
:1016D00049FD60D32A1D68B3E90300AA2B0540F930
:1016E0006BFD60D35F010B6B60000054298140915A
:1016F000FBFFFF174A0080122B1540B96B010A0A45
:101700002B1500B99F3E03D5DF3F03D52A1540B9FD
:10171000EAFF17372A4140910B0080124B8100B934
:101720005F010DB92B0080524B0101B94A4238D5F7
:101730005F2100F16C00005460010054CB010054A3
:10174000AACC3ED54A0D40B2AACC1ED5DF3F03D568
:101750006A0080D2EACC1ED5DF3F03D59FCC1ED5D0
:10176000DF3F03D5AAC93CD54A0D40B2AAC91CD552
:10177000DF3F03D59FCC18D5DF3F03D50A1080D2B9
:101780000A4618D5DF3F03D5C0035FD60920C0D273
:10179000C9CB18D5DF3F03D5C0035FD67F2003D563
:1017A00009CC38D529CC18D5A9FFFFB5C0035FD621
:1017B00000008052C0035FD6C0035FD6C0035FD66F
:1017C0000100018BFEFFFF17FD7BBFA960010090A8
:1017D00000941C91FD030091950E0094000080522E
:1017E000FD7BC1A8C0035FD6FD7BBDA9FD030091B1
:1017F000F55B02A9760100F0D5622B91F35301A9A4
:10180000F40300AAF30301AAA00E40F99F0D00946F
:1018100060010035A28640A9C06E45F90E0E009405
:10182000E0000035E103132AE00314AAF35341A9B1
:10183000F55B42A9FD7BC3A8D00D0014F35341A969
:10184000F55B42A9FD7BC3A8C0035FD6FD7BBFA9A2
:10185000FD030091000C40F900003FD6FD7BBFA9BD
:1018600001008452FD030091411A01B95F1E01B9C4
:10187000142C009480000035FD7BC1A8200080520C
:10188000B3400014FD7BC1A8C0035FD6400400B480
:10189000FD7BBEA9FD030091F30B00F9F30300AA41
:1018A000B12400940001F8364C280094E10300AA0A
:1018B000F30B40F9600100B0FD7BC2A8000C1F9142
:1018C00004330014E00313AA0100805200070094BF
:1018D000E0000035600100B000441F91010080521B
:1018E000F30B40F9FD7BC2A8FA320014E00313AAFF
:1018F00056FFFF97E103002A80000034600100B02A
:1019000000D81F91F7FFFF17F30B40F9FD7BC2A82A
:10191000C0035FD6C0035FD6A001009001202591CF
:1019200002A444F940688AD220ABA9F25F0000EB20
:1019300061000054200440F9C0035FD6000080928B
:10194000FEFFFF17000080D2C0035FD6C0035FD642
:101950000104B0D20000018BC0035FD6A002801248
:10196000C0035FD6A0028012C0035FD6450040B915
:10197000E4A4805224C3AA72BF00046B6100005427
:10198000E10302AAF8FFFF17FD7BBFA9030880D27D
:10199000FD030091F2FFFF971F000071A10280126A
:1019A0000000811AFD7BC1A8C0035FD6FD7BBCA9E6
:1019B000FD030091F35301A9F30302AAF40300AA63
:1019C000E0078092F55B02A9F60304AAF71B00F971
:1019D000F70301AA010880D2DEFFFF97640240F9F5
:1019E000F50300AAE30300AA601280B9E10316AA76
:1019F00002FC0091E00300CB4200008AE00313AA3E
:101A000080003FD61FFC0071AD050054A10240B913
:101A100000BA8152C0BFBD723F00006B410100544B
:101A2000E30315AAE20316AAE10313AAE00314AA2A
:101A3000F35341A9F55B42A9F71B40F9FD7BC4A80C
:101A400003020014E20315AAE10317AAE00314AA93
:101A5000C7FFFF97F503002A40030035651240B920
:101A6000830A40F9A1040051822E40B9A07C409322
:101A7000040400D1E00300CB8400028B630002CB9E
:101A8000823240B981C021CB2100008A4200048B00
:101A90006300018B640240F9420001CB4200008ADE
:101AA000C102018BE00313AA80003FD66001F83722
:101AB000813240B93F00006B49000054950080120C
:101AC000E003152AF35341A9F55B42A9F71B40F93E
:101AD000FD7BC4A8C0035FD6F503002AF9FFFF17FA
:101AE00000008052C0035FD6400240F9800000B57C
:101AF000600100F000402C91400200F9C0035FD665
:101B0000FD7BBFA9FD03009155FFFF9780000035C5
:101B1000411A40F9210071B2411A00F9FD7BC1A8B8
:101B2000C0035FD6401A40F9C0007836401A40F929
:101B3000000076B2401A00F900008052C0035FD660
:101B4000FD7BBFA9FD03009145FFFF97A000003575
:101B5000401A40F9000076B2401A00F900008052A5
:101B6000FD7BC1A8C0035FD600008052C0035FD6D2
:101B7000FD7BB3A9820280D2410100B0FD03009138
:101B8000F55B02A9F6E3019121402091E00316AA3A
:101B9000F35301A9F76303A9F96B04A9FB7305A922
:101BA000282D0094010AA0D2D0FFFF9700F4B7D2ED
:101BB000C50D0094411A40F9210077B2411A00F98D
:101BC000401A40F980005037D7FFFF97400000349B
:101BD0004D2C009435FDFF97FD0C0094A0000034BF
:101BE000400100D000902991910D0094F9FFFF175A
:101BF00001088052E02F14326E0C0094200400B4CF
:101C0000B9990094F7DD975258F9FF97B7D5BB7291
:101C1000020880D201008052E0430291ED2C009432
:101C2000E00316AAF7BB00B9D8FDFF97D50100D095
:101C3000C00100D0B562179100A019915A0100D0DF
:101C4000130015CBE0F301B2605595F25AE72A91E3
:101C500073FE4393190080D25B0100D0737E009B1A
:101C6000000380527356209BD87A79B81F03176BF4
:101C700080080054F40315AA7C872A913C000014C4
:101C8000400100D000042A91D8FFFF17800A40B914
:101C90001F00186BA1060054540600B4E003182A74
:101CA00029FFFF97E10300AA400000B5810240F937
:101CB000E0031CAA07320094800A40B9E1A3019115
:101CC000E06B00B9E0430291FF3B00F9820A40F962
:101CD00040003FD6A0040035E1A30191E04302910A
:101CE000A2FFFF9720040035E0430291F8BB00B942
:101CF000A5FDFF97E06342391F6400718004005422
:101D0000130000907332219101088052E02F1432A9
:101D1000190C0094F40300AA400400B48604009453
:101D2000E00314AA6FFFFF97E103002A800000344C
:101D3000400100D000602B91E6310094810C0094AA
:101D4000E103002A80000034400100D000042C91FF
:101D5000E0310094FEFEFF97E043029160023FD61F
:101D6000E0031AAA320D0094946200919F0213EBD3
:101D7000E1F8FF54390700913F1700F161F7FF5474
:101D8000400100D000B82C9198FFFF17E05B40F9AC
:101D9000130000B073F22E91BDFEFF97DBFFFF171B
:101DA00021008012E3FFFF17FD7BBFA9014098527D
:101DB0002100A072FD030091417600B94484009493
:101DC000401A40F9000065B2401A00F96001009025
:101DD00000A43291FD7BC1A8150D0014000080D233
:101DE000C0035FD6FD7BBCA9FD030091F35301A99D
:101DF000F40303AAE3F30091F55B02A9F503022AB9
:101E0000E20301AA011440B9000040F94D250094F5
:101E1000200200B4F30300AA16008052DF02156B03
:101E20008B000054800200F9000080520B00001467
:101E300001008052292C0094E13F80B900040091F8
:101E4000020013CB5F0001EB0A010054D60600111B
:101E5000F3FFFF17A0028012F35341A9F55B42A9DB
:101E6000FD7BC4A8C0035FD6C0008012FBFFFF1734
:101E7000FD7BBDA9FD030091E3A30091F35301A9EC
:101E8000F30300AAD8FFFF97A0010035611240B903
:101E9000600240F9F41740F9E20314AA9824009470
:101EA000E000F836E203002AE10314AA600100B062
:101EB00000581E9187310094A0028012F35341A96B
:101EC000FD7BC3A8C0035FD6FD7BB8A9FD030091CD
:101ED000F35301A9F30302AAF403032AF55B02A951
:101EE000F76303A9F80300AAF70304AAF96B04A98E
:101EF000F90301AAE103032A550040F9E2A3019185
:101F0000E00315AAC106009480020034E00A40F9FB
:101F1000200200B5020080D2130D8012E103142AC2
:101F2000E00315AA34240094E10300AA60010090A4
:101F30000068109167310094E003132AF35341A91C
:101F4000F55B42A9F76343A9F96B44A9FD7BC8A8D7
:101F5000C0035FD6E03700F9E2630191E103142A80
:101F6000E00315AAD706009440010034E263019112
:101F7000E103142AE00315AAC0060094E00200352C
:101F8000610640F9E05B40B90000010BE05B00B97D
:101F9000E2730191E103142AE00315AADB06009421
:101FA000E0020035F35F40B9F3020035E103142A83
:101FB000E00315AA020080D20F240094410100D052
:101FC000E20300AA213410916001009000201191D9
:101FD00040310094D9FFFF17E3830191E2C30191DF
:101FE000E103142AE00315AA900600946008003467
:101FF0006001009000B811918D0C009433008012A4
:10200000CEFFFF17607E4093E03300F9001340B924
:10201000E15B40B903040051E003004B2200030AD6
:102020002100000AF63740F95A7C40936202020B05
:1020300021C3218B040340F94200030B4200000A34
:10204000D6FE0091D6E67A92E00318AAE30316AA18
:10205000427C409380003FD6E13340F91F0001EB02
:1020600003050054D6021A8B020080D2E103142A21
:10207000E00315AAE0230094E10300AA400100F068
:102080000028129113310094420A40F9E30316AA82
:10209000E43340F9E103142AE00315AAEC060094A6
:1020A00040030034400100F000C41291600C009421
:1020B000E20346A9E10316AAE22B0094B70100B49B
:1020C000E03740F9E00A00F9E03340F9E03200B9C6
:1020D000E2E30191E103142AE00315AA4F060094FC
:1020E0001F000071E03F40F900009FDAE00E00F9A8
:1020F0001300805291FFFF17F63B40F9DBFFFF17FB
:10210000930080128DFFFF17130080128BFFFF17C3
:10211000FD7BB8A9FD030091F35301A9F30300AAC5
:10212000F55B02A9F60301AAF50303AAF71B00F960
:1021300061010090F70302AA21481E91143040B9B2
:1021400002008052000840F99402008BE00303AAC9
:10215000F42B00F947FFFF972002F836420A40F9B6
:10216000220300B4400A40F9020440B9E00314AA73
:10217000741200F94208C05A410A40F9B12B009488
:10218000F55B42A901008452601240F9F35341A962
:10219000F71B40F9FD7BC8A8CD040014E303002A17
:1021A000E4030191E20315AAE10317AAE00316AACA
:1021B00046FFFF978000F837E02B40F9601200F9E6
:1021C000F0FFFF17F35341A9F55B42A9F71B40F954
:1021D000FD7BC8A8C0035FD6C0035FD6FD7BBEA948
:1021E000217C021B000880D2FD030091F30B00F953
:1021F000337C409361FE009121E47A92BD0E0094FD
:10220000A00100B5E10313AA400100B0004C2E91DB
:10221000B0300094400100B000E82E91AD30009441
:10222000E10313AA000080D2F30B40F9FD7BC2A8A2
:10223000C8FDFF17F30B40F9FD7BC2A8C0035FD6B2
:1022400000008052C0035FD6C0035FD6FF8304D175
:10225000FD7B01A9FD430091F35302A9F30300AAFA
:10226000F55B03A9F76304A9F70301AAF80302AA1F
:10227000F96B05A9FB7306A9600440B90008C05AB0
:10228000000C001100747E92D4FFFF97E21240B957
:10229000010C009121F47E92E16B00F941040051A0
:1022A000E203024B2100000B2100020A22008052AF
:1022B000357C4093E00315AAC9FFFF97E40240F97B
:1022C000F40300AAE30300AAE20315AAE10318AA93
:1022D000E00317AA80003FD6F46700F9801900B424
:1022E000D8FFFF971F1C007261190054E06740F986
:1022F000D6FFFF97E06700F9CB090094E0DF00B953
:10230000E103002A6001F836B5028012E003152AC5
:10231000FD7B41A9F35342A9F55B43A9F76344A9A7
:10232000F96B45A9FB7346A9FF830491C0035FD6EF
:10233000E06740F9020080D22F230094E10300AA55
:10234000600100900054219162300094E1DF40B9B7
:10235000E06740F912090094F403002A6000003499
:1023600015008012EAFFFF17400100F000C412912F
:10237000AF0B0094E06740F96101009021F42191D6
:1023800076240094E0DB00B900FCFF37E0230391E2
:1023900002008052610100B021140291B5FEFF9746
:1023A000F603002A2001F836E02303910200805250
:1023B0006101009021142291AEFEFF97F603002ADE
:1023C00000FDFF3734008052E40313AAE303162A0A
:1023D000E2230391E10318AAE00317AABBFEFF97CB
:1023E000F503002A40F9FF35E06740F962220091C9
:1023F000E103162A72050094C001003420028052C5
:1024000060220039E3230391E20318AAE10317AA2B
:10241000E00313AA3FFFFF972001F83661224039FD
:102420003F440071C0000054F503002AB8FFFF17B5
:10243000602240391F44007160FEFF547A01009011
:102440007C0100905A1722919C7329915B0100F046
:10245000608B3B91E03F00F9E203142AE1031AAAE2
:10246000E0230391FFFF023982FEFF97F903002A60
:10247000A00BF8371F00166B610000549406001182
:10248000F6FFFF17E303002AE4830391E22303919D
:10249000E10318AAE00317AAFF7B00F98BFEFF9760
:1024A000FB03002A4001F836E303002AE203142A62
:1024B000410100B060010090218C1291003C2291FA
:1024C000F5031B2A0330009491FFFF17E06740F9E2
:1024D000E2FF0291E103192A39050094E0FF423935
:1024E0001F44007101010054E3230391E20318AA81
:1024F000E10317AAE083039106FFFF97E08340F909
:10250000601200F9600E40F91F0400B1A1000054F0
:10251000E07F40F91F0400B140000054600E00F954
:10252000791240F9D9FAFFB4E3030391E203142AC4
:10253000E1031AAAE02303912BFEFF9700FAFF376D
:10254000E203142AE1031AAAE023039149FEFF974C
:10255000FB03002AE103002AE8034CA9E2031CAABA
:10256000E9174FA9030080D2E41341B9E54B00F904
:10257000E49F00B9E9230AA972230094E60300AAA4
:10258000E1031B2AE23F40F9030080D2E06740F9F3
:10259000E64700F96B230094E70300AAE06740F9DF
:1025A000E1031B2A030080D262010090420C2391B8
:1025B000E74300F963230094E00300F9E71B48A90F
:1025C000E103142AE9234AA9E00319AAE49F40B9C8
:1025D000E54B40F9E30309AAE20308AA5203009479
:1025E000A7FFFF17600E40F9000400D11F0C00B1D7
:1025F00069000054600A40F9600E00F9603640B985
:1026000000001F32603600B941FFFF1795008012AD
:102610003FFFFF17150080523DFFFF17000080525B
:10262000C0035FD6FD7BBAA9FD030091F35301A956
:10263000F40300AAF55B02A9F50301AA16000090B5
:10264000F76303A948570094F5FFFF97D6221B9123
:10265000F8130191047C409337008052E2230191EA
:10266000E10315AA030080D2E04700B9E00314AAF1
:10267000F6E304A9F75B00B9CDFCFF9760010034D5
:102680000002A052E2230191E10315AA0402A0D2A4
:10269000030080D2E04700B9E00314AAF6E304A9DE
:1026A000F75B00B9C2FCFF97F303002AAF700094F8
:1026B000E003132AF35341A9F55B42A9F76343A949
:1026C000FD7BC6A8C0035FD6FD7BBDA9FD030091BD
:1026D000F35301A9F40300AAF30302AAF55B02A9CC
:1026E000F60303AA000440F9150080B92100154B38
:1026F000E003152A7C7000940000150BE20316AA73
:10270000E103132A24700094F503002A1D57009456
:10271000BF020071F55B42A9801200B960029F9A66
:10272000F35341A9FD7BC3A8C0035FD6FD7BBEA9BF
:10273000FD030091F30B00F9130440F9602A40B93E
:102740004224C09A2124C09AE00313AA0E330094B5
:10275000612A40B9F30B40F90020C19AFD7BC2A861
:10276000C0035FD640008052C0035FD6E00301AAD9
:10277000C0035FD6FEFFFF17FFFFFF1700D44139EC
:10278000001443D31F1C007100109F1AC0035FD6B2
:10279000FBFFFF17FD7BB9A9FD030091F35301A9CE
:1027A000F55B02A9F60300AAF50301AAF76303A9E2
:1027B000F70302AAF80304AAF92300F9200040B99C
:1027C0001F04007100030054000800511F04007131
:1027D000E902005459028012600100900020239108
:1027E0003C2F0094F4F75FD0800240F9400200B51E
:1027F000E163019120098052013D0094E00700341B
:10280000E003192A1E4A0094F303002A60080034EA
:10281000E103002A6001009000AC23912D2F009469
:102820005000001419008052EFFFFF17390080524A
:10283000EDFFFF17D24B0094000440B93F03006B3B
:1028400081FDFF54800240F9A10240B9C6FFFF9705
:102850001F080071800300541F0C00710009005410
:102860001F040071610A0054800240F9E10318AAB4
:10287000C2FFFF97F30300AA800240F9C04B009407
:10288000021040F90100009021B01C91E18305A9DC
:10289000030080D2E26B00B9E10315AAE263019163
:1028A000042840B9E00316AA6422C49A40FCFF97AA
:1028B000F303002A6005003460010090002826918F
:1028C0005B0A0094800240F9AD4B0094E20300AA39
:1028D000E40317AAE10315AAE00316AA2300805215
:1028E000E8000094F303002A1F000071200080120A
:1028F0007302801A1B000014E02F40F9030C41F80A
:10290000636001D1618C45F87F0000EBA0F7FF54B4
:10291000236001D1FCFFFF17E003192A834B0094C9
:10292000800200F9200100B454470094F303002A08
:10293000A0F8FF34E103002A9F0200F96001009033
:10294000000C2591B6FFFF1753028012E103192AEC
:10295000420280126001009000542491DD2E009408
:10296000E003132AF35341A9F55B42A9F76343A996
:10297000F92340F9FD7BC7A8C0035FD6800240F968
:1029800084FFFF97F303002A800240F97C4B0094F8
:10299000E103132AC7310094F303002A60F6FF34E1
:1029A0006001009000A02591210A0094EDFFFF171F
:1029B00060010090B302801200EC26911C0A009482
:1029C000E8FFFF17044080D20300805262010090AC
:1029D0004258279170FFFF17FD7BBCA9FD030091B2
:1029E000F35301A9F55B02A9FF3F00B9400500B40C
:1029F000F503012A6101009021DC1E91F40300AA75
:102A0000D6220094E103002AE000F8361300801279
:102A1000E003132AF35341A9F55B42A9FD7BC4A847
:102A2000C0035FD6E2F30091E00314AA560100F060
:102A3000B2200094D68A3B91F303002A93FEFF371D
:102A4000E03F40B91F0000712DFEFF541F040071CC
:102A5000E0000054E103132AE2F30091E00314AA1A
:102A6000A6200094F303002AF5FFFF17E20316AA3D
:102A7000E103132AE00314AA030080D23122009458
:102A8000A0FEFFB4500100941F00156B41FEFF54DF
:102A9000E0FFFF1713018012DEFFFF17FD7BBCA9CB
:102AA000FD030091F35301A9F40301AA0100805230
:102AB000F71B00F9F7F75FD0F3220091F55B02A94D
:102AC000F50300AAF60302AAE00313AA023080D29B
:102AD00040290094602080D2432080D20006A0F2DA
:102AE000E00600F960C20091600600F960420391BF
:102AF000600A00F9202080D20303A0F2000BA0F2AC
:102B0000606A00F9A078805260E200B96022019109
:102B1000600E00F960E20191601200F9202080D27D
:102B2000631A00F9000BA0F2632600F92000C0F23E
:102B3000603E00F9756E00F9768200F9A00038D584
:102B4000003C4092604A00F920798052608A00B9C6
:102B500060820191601600F9E00313AA633200F964
:102B6000744200F9F35341A9F55B42A9F71B40F900
:102B7000FD7BC4A8C0035FD6C9FFFF17FD7BBDA9BD
:102B8000FD030091E2A30091F35301A9F30300AA0E
:102B9000F403012AA1030094A0000034E2A30091F1
:102BA000E103142AE00313AA98030094F35341A904
:102BB000E01740F9FD7BC3A8C0035FD6FD7BBDA92C
:102BC00041038052FD030091F35301A9F40300AACD
:102BD000F51300F9151040F9E00315AA7FFFFF97E0
:102BE000A002F837E103002AE00315AAE4FFFF97EB
:102BF000F30300AA21028052E00315AA77FFFF9792
:102C0000E103002AC001F837E00315AADCFFFF97B3
:102C1000E10300AAE00313AA020080D2940E40F957
:102C2000D6FFFF970178805221421BD5010080D248
:102C300080023FD6130080D2EFFFFF170104B0D20D
:102C4000F5FFFF17FD7BBEA9E50301AAE10303AA77
:102C5000FD030091000440F9E4630091E30302AA3C
:102C6000E20305AA7C990094017C40931F00007147
:102C7000E00F40F9FD7BC2A82010809AC0035FD608
:102C8000FD7BBAA9FD030091F71B00F9F7F75FD0B0
:102C9000F55B02A9F50300AAE00302AAE28A41B9A2
:102CA000F60301AAF35301A9F40304AA6203003551
:102CB000E103032ABE970094F303002AA002003424
:102CC000E203002A410100B06001009021000E9152
:102CD00000502091FF2D00941301F836410100B0FF
:102CE00060010090E303132AE20314AA21741091F7
:102CF00000BC2091F72D0094E003132AF35341A95F
:102D0000F55B42A9F71B40F9FD7BC6A8C0035FD65F
:102D100020008052E08A01B900000090001031913B
:102D2000E0D304A900088052E2230191E10316AA2E
:102D3000040080D2030080D2E05B00B9E00315AA52
:102D40001BFBFF97F303002AE4FFFF17FD7BBEA9DF
:102D5000FD030091F30B00F9F30302AA000440F90C
:102D600000C840F9887A00941F00007160029F9AA1
:102D7000F30B40F9FD7BC2A8C0035FD60080A052D0
:102D8000C0035FD600008052C0035FD600008052AF
:102D9000C0035FD6FD7BBBA9FD030091F35301A9DE
:102DA000F40301AAF30300AAF51300F9F6FFFF9755
:102DB000F503002AF6FFFF9702488852E103002A34
:102DC00063008452E003152AE201A072737A009432
:102DD000200100B56001009000842791140900943F
:102DE00040028012F35341A9F51340F9FD7BC5A8B9
:102DF000C0035FD60100009021303591E18303A923
:102E000021008052E14B00B9DDFFFF97E103002A6A
:102E10006001009000D02791FF3E0094E2E3009112
:102E2000E403002AE10314AAE00313AA030080D2FA
:102E3000DFFAFF97ECFFFF17FD7BBEA9E00303AAB3
:102E40000340B0D2FD0300912100038BF30B00F986
:102E5000F30302AA7B280094E00313AAF30B40F9C2
:102E6000FD7BC2A8C0035FD6FD7BBCA90340B0D2E6
:102E7000FD030091F35301A9F40301AA01BA8152A1
:102E8000620040B9C1BFBD725F00016BE001005438
:102E9000F30300AAA1FAFF97E20300AA1F0400B1FE
:102EA000A1000054010880D2E0078092A9FAFF97A0
:102EB000E20300AAE10314AAE00313AAF35341A911
:102EC000FD7BC4A8AAFAFF170100009021E0389109
:102ED000E1FF02A921008052020080D2E13B00B94B
:102EE000E1A30091DAFCFF97F35341A9FD7BC4A84D
:102EF000C0035FD6E12684920000018B00EC7C9237
:102F0000C0035FD6FD7BBEA9022780D2010080529C
:102F1000FD030091F30B00F9F30300AA730205917E
:102F20002C280094538A00F9F30B40F9FD7BC2A8CA
:102F3000C0035FD6410240F9421240F9020400F991
:102F4000223C40F9020800F9224040F9020C00F945
:102F5000224440F9021000F9224840F9021400F915
:102F6000224C40F9021800F9215040F9011C00F9E7
:102F7000C0035FD6FD7BBEA9FD030091F35301A9F9
:102F8000F30300AAF40302AA600240B96000F83615
:102F90000000801207000014600640F9000100B430
:102FA000E10314AAAF270094A0000035600240B9E5
:102FB000F35341A9FD7BC2A8C0035FD673620091A1
:102FC000F2FFFF17E20300AA610100B04001009088
:102FD00021D8019100A01A91E7FFFF17FD7BBCA942
:102FE000FD030091F35301A9F403042AF30301AA9A
:102FF00001008052F55B02A9F50300AAF76303A95B
:10300000F70302AAF80303AA11240094F603002A86
:1030100001008052E00315AA1A24009401741E5383
:10302000C6761E53050080D2217C4093C27C40931B
:1030300026C0268B9F02056B2C0100549F02007155
:1030400080A29F1AF35341A9007C061BF55B42A99D
:10305000F76343A9FD7BC4A8C0035FD6A7F07DD367
:10306000E17A65F8E46A67B88408C05ADF0A00713B
:1030700041050054210CC0DA61020039233C085399
:1030800063060039235C1053630A0039237C18530C
:10309000630E0039239C60D36312003923BC68D3CC
:1030A0006316003923DC70D321FC78D3631A00390E
:1030B000611E0039076B67B86402028B017B65F8FB
:1030C000E708C05A1F080071C1020054210CC0DA81
:1030D000616A2238233C085383040039235C10536F
:1030E00083080039237C1853830C0039239C60D358
:1030F0008310003923BC68D38314003923DC70D3D8
:1031000021FC78D383180039811C00397302068BA7
:10311000A5040091C8FFFF17640200B9E6FFFF177E
:10312000676A22B8FAFFFF17FD7BBDA9FD03009176
:10313000F35301A9F40302AAF55B02A9F50300AA5F
:10314000F603012AEE1F00941F040031A100005471
:10315000E20314AAE103162AE00315AA99230094B6
:10316000F303002A2001F8361C220094E30300AA8E
:1031700041010090400100B0E20314AA21F814912B
:1031800000D02191D32C0094E003132AF35341A9DA
:10319000F55B42A9FD7BC3A8C0035FD6FD7BB7A941
:1031A000FD030091F35301A9F55B02A9F503032A7E
:1031B000F76303A9F92300F97F1000710D02005491
:1031C00013008012E203152A83008052410100900F
:1031D000400100B021440D9100002291BD2C0094CB
:1031E000E003132AF35341A9F55B42A9F76343A90E
:1031F000F92340F9FD7BC9A8C0035FD6F40300AAF8
:10320000F60301AAF70302AA571E0094F303002A4B
:103210002001F836F1210094E20300AA4101009058
:10322000400100B021440D9100E02191A92C0094AF
:10323000ECFFFF17580100B018932591E20318AA7C
:10324000E00314AA01008052B8FFFF97F303002A9D
:1032500080FCFF375901009039732691E30318AAC7
:10326000E103002AE20319AAE00314AAE400805251
:1032700000230094F803002AE004F836D7210094D4
:10328000F303182AE20300AAE10319AA400100B0DF
:10329000005823918F2C0094D2FFFF170004009157
:1032A000E403002ABF02006BAD000054C17A60F84D
:1032B00061FFFFB5E17A60F821FFFFB50403003438
:1032C000E30317AAE20316AAE1430191E00314AA5B
:1032D000550100F042FFFF97B54A1691E403002A1A
:1032E000E103132AE3430191E20315AAE00314AAC0
:1032F000E0220094F303002A2001F836B72100945D
:10330000E20300AAE10315AA400100B0005823918E
:10331000C7FFFF17000080D2E2FFFF1713008052A3
:10332000B0FFFF17FD7BB9A9FD030091F35301A97D
:10333000F40300AAF55B02A9F60306AAF50307AA9F
:10334000F76303A9F703042AF96B04A9FA0303AA94
:10335000F90305AAFB2B00F9FB0302AAF83B40F98D
:10336000011E00942002F836F303002A9B210094EA
:1033700041010090E20300AA21DC1291400100B05B
:1033800000E02191532C0094E003132AF35341A948
:10339000F55B42A9F76343A9F96B44A9FB2B40F9FC
:1033A000FD7BC7A8C0035FD6E00314AA420100F06A
:1033B0000100805242E01E915CFFFF97F303002A58
:1033C00040FEFF37E103002AE2031BAAE00314AA30
:1033D00056FFFF97F303002A80FDFF37430FC0DA43
:1033E000E103002A420100F0E00314AA42702E918A
:1033F00004018052E33700F9E3A301919D22009478
:103400003F0700B140010054250FC0DA420100B06F
:10341000E3A30191425C2491E103132AE00314AA7F
:1034200004018052E53700F992220094F70AC05A4D
:10343000420100B0E3A3019142C43091E103132A99
:10344000E00314AA84008052F76B00B9892200942B
:10345000560100B4E00316AAAA260094420100F027
:1034600004040011E30316AA42702991E103132A10
:10347000E00314AA7F220094550100B4E00315AACA
:10348000A0260094420100D004040011E30315AA11
:1034900042883B91E103132AE00314AA75220094A9
:1034A00058F7FFB4E00318AA96260094E30318AA7D
:1034B00004040011E103132AE00314AA420100F0FE
:1034C000420C23916B220094B0FFFF17A00600B4BA
:1034D000FD7BBCA9E2098252FD030091F35301A9CF
:1034E000F40300AA13008052F55B02A93500020B19
:1034F000B11E0094F603002A7F02166B6B00005485
:10350000020080520D000014E3E30091E2C3009139
:10351000E103132AE00314AA9A1E0094E01B40F969
:103520009F0200EBE1020054E103132AE00314AA16
:103530000622009422008052930E40B9802E001281
:10354000812240B9730AC05A2108C05A7302010B84
:103550007302150B7302000B734E14127302004BAF
:10356000600AC05A800600B902010035E003132A40
:10357000F35341A9F55B42A9FD7BC4A8C0035FD604
:1035800073060011DDFFFF17E203132AE10314AAFB
:10359000E00314AAD1210094A0FEFF36F5FFFF1727
:1035A00000008052C0035FD6FD7BADA9FD030091F2
:1035B000F35301A9F30300AAF40305AAE0C302919F
:1035C000F55B02A9F60307AAF76303A9F70307AAA5
:1035D00018008052F96B04A9190080121A00805259
:1035E000FB7305A93B0100F0E67300B9E18F07A961
:1035F00001008052E2131129021080D27526009436
:10360000750A40B960D32391DF020039B50AC05A68
:10361000F96B00B9FF7700B9E04B00F9FFAB00B9D7
:10362000FCAB40B9E2A30291E00313AAE1031C2A18
:10363000621D0094E06F00B9E07740B9FBAB40B980
:103640001F000071E06F40B90418497A0117005457
:10365000000400511F200071480A0054E14B40F95A
:10366000205860786100001020A8208B00001FD631
:10367000FC6B00B9EBFFFF17E1031C2A020080D2AC
:10368000E00313AAFD1E0094010840B9E00313AA49
:103690002108C05A391E0094E10300AA600200B557
:1036A00040018012F35341A9F55B42A9F76343A996
:1036B000F96B44A9FB7345A9FD7BD3A8C0035FD672
:1036C000E04340F9E14F00F900787BF87B07009177
:1036D000EC250094E203002AE14F40F98000003518
:1036E000FB031C2A500000141B0080D2E08F40B95D
:1036F0001F001B6B6CFEFF545F070071E2D79F1A1F
:10370000F8FFFF17390700113F830071A0FCFF5439
:10371000E1031C2AE2B30291E00313AA361E0094CF
:10372000E10300AA7900003500004039001000359F
:10373000E0AF80B9E20216CB420800914200008B54
:10374000E03341B95FC020EBEA0E0054C00600919F
:10375000FF0200EBA0000054E50317AAE005805229
:10376000A0140038F70305AAE00317AABF250094A8
:10377000E0AF80B95F0700717B139C1A020080D212
:10378000F702008BE0C302911AD839B8E08B40B938
:103790001F00026BAC000054DA010035FB031C2A49
:1037A0000200805220000014E03F40F9E10316AA15
:1037B000E24F00F9007862F8B2250094E24F40F938
:1037C0004204009140FEFF355A008052020000146E
:1037D0005A070051E2031A2A130000143F07003170
:1037E00000F6FF54E1C302912007005121D879B8B7
:1037F000FF0216EB89000054E2FE5F385FBC0071E7
:1038000081FFFF54FF020039E2031A2AF903002A5C
:10381000FA03012A1F040031610000542000805285
:10382000E07700B9E06B40B95F0000710018413AE1
:1038300061070054E07340B91F0300710013407A20
:10384000CC010054E000809200CC388B8102008BC8
:10385000806A60B8210440B90000010B0000154BDC
:103860001F001C6BA100005418070051007F7D93BE
:10387000846A60B89C00154B5F000071840B413A6C
:1038800080010054E07340B91F03006BEA0000544C
:10389000017F7D9380CE388B8203150B68031C4B10
:1038A000826A21B8080400B9180700111C008012B0
:1038B000E06F40B91F240071C1EDFF54612640B98B
:1038C000E0AB40B92108C05A1F00016B010300544E
:1038D000E17340B91F03016BAA010054017F7D937E
:1038E00082CE388B9503150B00001C4B956A21B8CE
:1038F000E13B41B9400400B9A1000034612240B964
:103900002108C05A0000010B400400B90007001153
:1039100065FFFF1722008052C3FFFF17FC6B40B901
:10392000D6FFFF17400080125FFFFF176001801273
:103930005DFFFF17FD7BBDA9FD030091F35301A9B6
:10394000F30303AAF40302AAE3B300917D1E0094DB
:10395000E00100B4E22F40B9050080D2040080D21B
:10396000437C0213BF0003EB610100545F20007130
:10397000C9010054FF8344EB80010054400100B0B2
:10398000E10314AA00D42F91D22A009400008012DF
:1039900008000014017865B8A50400912108C05AF8
:1039A000248004AAF0FFFF1700008052640200F98F
:1039B000F35341A9FD7BC3A8C0035FD6FD7BBDA91E
:1039C000FD030091E3B30091F30B00F9F30302AAA6
:1039D000420100D042883B915A1E0094000100B47D
:1039E00079FDFF97011C001200008052610200392E
:1039F000F30B40F9FD7BC3A8C0035FD6E11F8052E3
:103A000000008012FAFFFF17E30302AA420100F050
:103A100042702E91C8FFFF17E30302AA420100B0D3
:103A2000425C2491C4FFFF17FD7BBDA9FD030091FB
:103A3000F35301A9F40302AAF30303AA420100D03D
:103A4000E3B3009142440F913E1E0094800200F9BE
:103A5000E00000B4E12F80B900008052610200F95B
:103A6000F35341A9FD7BC3A8C0035FD6010080D2F8
:103A700000008012FAFFFF17FD7BBEA9030080D271
:103A8000FD030091F30B00F9F30302AA420100B019
:103A9000424830912B1E0094000100B4000040B950
:103AA0000008C05A600200B900008052F30B40F9D0
:103AB000FD7BC2A8C0035FD620008012FCFFFF1769
:103AC000FD7BBEA9030080D2FD030091F30B00F93A
:103AD000F30302AA420100B042783091191E00940B
:103AE000000100B4000040B90008C05A600200B9EB
:103AF00000008052F30B40F9FD7BC2A8C0035FD6E3
:103B000020008012FCFFFF17FD7BBEA9030080D2BE
:103B1000FD030091F30B00F9F30302AA420100B088
:103B200042B03091071E0094000100B4000040B97B
:103B30000008C05A600200B900008052F30B40F93F
:103B4000FD7BC2A8C0035FD620008012FCFFFF17D8
:103B5000FD7BBDA9FD030091F30B00F9F30302AA5D
:103B6000E3B30091420100D042582B91F51D00941F
:103B7000600200F91F0000F1E0139F5AF30B40F9B7
:103B8000FD7BC3A8C0035FD6FD7BBDA9FD030091EB
:103B9000F35301A9F40302AAF30303AA420100D0DC
:103BA000E3B3009142783791E61D0094800200F95A
:103BB000E00000B4E12F40B900008052610200B97A
:103BC000F35341A9FD7BC3A8C0035FD60100805217
:103BD00000008012FAFFFF17FD7BBCA9FD030091D6
:103BE000F35301A9F40300AAF30304AAE00302AA11
:103BF000F55B02A9F503012AF60303AAE1E30091AC
:103C0000CA0900940002F837E01F40F9E20316AA3F
:103C1000E103152A031840B9040840F9E00314AA87
:103C200080003FD6E01F40F9000840B9600200B9AB
:103C300000008052F35341A9F55B42A9FD7BC4A863
:103C4000C0035FD600008012FBFFFF17FD7BAFA90A
:103C5000FD030091F55B02A9F50303AA430100D01F
:103C600063FC2D91F60304AAE33F00F92300805280
:103C7000E40302AAE5B30191E20315AAF35301A9F3
:103C8000F40300AAF76303A9F703012AF96B04A957
:103C9000FB2B00F9E36F00B9E30316AA3D02009481
:103CA000A0030034400100B0130080520050339153
:103CB000E03F00F9F53F40F9E103132A020080D20A
:103CC000E00314AACC1C0094F30300AAE103172A12
:103CD000020080D2E00314AAC71C0094E20313AAD6
:103CE000E30300AAE10315AA400100B000A4369145
:103CF000F829009400008052F35341A9F55B42A9D2
:103D0000F76343A9F96B44A9FB2B40F9FD7BD1A8CC
:103D1000C0035FD6E103172AE00314AA580100B0DC
:103D2000590100B0211C009418072B91F303002ABD
:103D300039BB3391F300F8367F220031641A4B3AD5
:103D4000C10D0054400100B000343691150000143C
:103D5000E103132A020080D2E00314AAA61C0094F7
:103D6000FA0300AAE00318AA66240094E20300AA5A
:103D7000E10318AAE0031AAA4B2400944009003575
:103D8000E2030291E103132AE00314AAFF3F00F9C2
:103D900070FFFF97A0000034400100B000E03391B5
:103DA000E03F00F9C4FFFF17FB4340F9400100D09A
:103DB000006C3591E1031BAAC6290094420100B0B2
:103DC000E343029142543491E103132AE00314AA1D
:103DD0005C1D0094200200B4E19340B93F100071D3
:103DE000C1010054000040B980010034400100B01E
:103DF00000883491B7290094400100B0001C36912E
:103E00000B050094E103132AE00314AAF41B0094A9
:103E1000F303002AC8FFFF17E3D30191E2230291C5
:103E2000E103132AE00314AA58FFFF97800000342F
:103E3000400100B000B03491DAFFFF17FA3F039160
:103E4000E4C301915AE77A92E2031BAAE3031AAA98
:103E5000E103162AE00315AA60FFFF9780000034F3
:103E6000400100B000283591CEFFFF17E2034E2934
:103E70005F00006B80000054400100B00094359159
:103E8000C8FFFF17E14740F9427C4093E0031AAABC
:103E90009F24009420FBFF34400100B000E03591E6
:103EA000C0FFFF17E06F40B9E0FAFF34E00319AA42
:103EB00014240094E10319AAE20300AAE0031AAA59
:103EC000F923009400FAFF35440A40F9E6E3019132
:103ED000E30316AAE20315AAE103132AE00314AAD6
:103EE000050080127B01009480F8FF34400100B08F
:103EF00000283691C3FFFF17200080527FFFFF1775
:103F0000FD7BBCA9FD030091F35301A9730100B02F
:103F100073E22E91F55B02A9F50300AA140080D28A
:103F2000F71B00F980EA7BD3176873F8E00317AA40
:103F3000F4230094E10315AAE20300AAE00317AA00
:103F4000D9230094E0010035E00317AAED23009483
:103F5000A06A60381FB0007141010054967E7B93C7
:103F60006002168BF35341A9F55B42A9F71B40F998
:103F7000FD7BC4A8C0035FD6340080D2EAFFFF17E0
:103F8000D4FFFFB4000080D2F7FFFF17FD7BBDA96F
:103F900081058052FD030091F35301A9F51300F947
:103FA000CE230094E00000B5130080D2E00313AAF2
:103FB000F35341A9F51340F9FD7BC3A8C0035FD6B5
:103FC00014040091B30100F0B50100F073421F9199
:103FD000B52221917F0215EB82FEFF54600240F969
:103FE000E10314AAA723009420FEFF3473A20091DA
:103FF000F9FFFF17FD7BBDA9FD030091F35301A954
:10400000F51300F9E00000B5130080D2E00313AA15
:10401000F35341A9F51340F9FD7BC3A8C0035FD654
:10402000F50300AAB30100F0B40100F073E21591AA
:10403000942216917F0214EB82FEFF54600240F935
:10404000E10315AA8F23009420FEFF3473420091F0
:10405000F9FFFF17FD7BBAA9FD030091F35301A9F6
:10406000F30300AAF55B02A9F76303A9F70305AA06
:10407000F96B04A9FA0301AA200440B90100A25275
:104080000008C05A1F00016B8901005440010090D4
:104090003400805200FC3091A00000F9E003142AA3
:1040A000F35341A9F55B42A9F76343A9F96B44A90E
:1040B000FD7BC6A8C0035FD6F603022AF90303AA54
:1040C000F803042AE2630191E103162AE0031AAA25
:1040D000A0FEFF97F403002AC000003440010090C6
:1040E00000E0339114008012E00200F9ECFFFF17AA
:1040F000E103162AE0031AAA030080D242010090CD
:10410000425031918F1C0094F50300AA600000B565
:1041100055010090B5DA3091020F80D20100805233
:10412000E00313AAAB230094E103162A030080D214
:10413000E0031AAA4201009042703191811C009460
:10414000600600F9E02F40F97A0E00F9762200B9F6
:10415000601600F96BFFFF97601A00F9E02F40F935
:104160008BFFFF97602200F9E00315AAA2FFFF97DB
:10417000601E00F9620640F9792600F9E12F40F946
:10418000785200B94001009000A83191D1280094E4
:10419000601A40F9600000B4602240F900F8FFB5F1
:1041A0004001009000C03191CFFFFF17E50300AA46
:1041B000E00303AA830000B4040080525F00046B94
:1041C0004C000054C0035FD6260080B9840400115F
:1041D0002120009163400091A600068B66001FF825
:1041E00026C05FB866801FB8F5FFFF17FD7BA4A946
:1041F000FD030091F35301A9F30305AAF40300AAF8
:10420000F55B02A9F503012AF60303AAE103022ADA
:10421000020080D2F76303A9F703042AF96B04A90B
:10422000FB7305A9FF4300D1731B00947F0200F9C3
:10423000E50313AAE403172AE30316AAE203152AE7
:10424000E10314AAA03700F9A003029182FFFF97AF
:1042500060010035A3C30191A2E30191E103152A96
:10426000E00314AA49FEFF97FC03002AA0010034D2
:104270004001009000B03491600200F9000080120B
:10428000BF030091F35341A9F55B42A9F76343A92A
:10429000F96B44A9FB7345A9FD7BDCA8C0035FD67D
:1042A000A3D30191E103152AE00314AA420100906F
:1042B000428C2791231C0094F90300AAC00000B48B
:1042C000A17740B918C0218B1F0018EBA300005440
:1042D0001C0100354001009000C02791E7FFFF1747
:1042E000021440385F0000719C179C1AF7FFFF17FB
:1042F0003F000071CD00005400F35F3880000034AF
:104300004001009000402891DCFFFF179F9301714E
:104310008D0000544001009000F82891D7FFFF174E
:10432000807F7D9356010090003C0091D6962991A4
:1043300000EC7C9217008052FF6320CBFB4300917E
:10434000FA031BAA3F0318EBA300005457030035E0
:104350004001009000D42991C8FFFF17590300F9CC
:10436000E00316AAE7220094E20300AAE10319AAD7
:10437000E00316AACC22009420010035203F4039EA
:104380001FBC0071C1000054A13740F920430091C7
:10439000BC2200941F000071F7169F1AE00319AAAF
:1043A000D8220094000400915A2300913903008B15
:1043B000E5FFFF17F7008052A7E30391E2031C2AF1
:1043C000E1031BAA977F171B84008052230100B0D2
:1043D00063C02A91E0520011F74E0011E603172A3C
:1043E000007C7D93003C009100EC7C92FF6320CB2D
:1043F00000198052F8430091E50318AAE00300B9C0
:10440000E00314AAFF0B00B968FCFF97F603002A2B
:104410001F0000718A0000544001009000642A913E
:1044200096FFFF17810000544001009000D82A91A8
:1044300092FFFF17FF02006B8C00005440010090B8
:1044400000182B918DFFFF1742010090E103152A00
:1044500042702B91E00314AA030080D2B91B009490
:10446000400100B4C37E7D93810E40B902CF368BEC
:10447000D60600112108C05A016B23B8000440B9C8
:104480000008C05A400400B9FFD336CBE10318AA94
:10449000E7430091E203162AE30307AAE00314AA04
:1044A00043FFFF97A06340F9E10307AAA47340B953
:1044B000A33F40F9051040F9A0030291A0003FD6A8
:1044C00000EEFF344001009000AC2B916BFFFF1712
:1044D000FD7BB2A9FD030091DF0000F9F35301A9B0
:1044E000F40300AAF30306AAF55B02A9F503012A67
:1044F000F60303AAE30304AAE403052AE50306AAD4
:10450000F71B00F9F70302AAE203012AE10300AA5C
:10451000E0A30191D0FEFF9740010035E333019104
:10452000E2430191E103152AE00314AA97FDFF97E6
:10453000400100344001009000B03491600200F965
:1045400000008012F35341A9F55B42A9F71B40F923
:10455000FD7BCEA8C0035FD6E05740F9F72F00F9E6
:10456000E44F40B9E1630191E32B40F9F66300B9F0
:10457000051040F922008052E0A30191A0003FD62F
:1045800020FEFF344001009000AC2B91ECFFFF17A0
:10459000FD7BB7A9FD030091F35301A9F40300AA21
:1045A00020008052F55B02A956010090D6BA3391E3
:1045B000F76303A9F50304AAF803012AF96B04A918
:1045C000F70305AA01008052FB7305A9A00000B9FA
:1045D000E00304AAE20F07A9E20316AAC81A00948E
:1045E0006000F836000080523D000014E103002A0C
:1045F0005A010090E00315AA5B010090EB190094AA
:104600005A873291F303002A7B2B3691190080528E
:104610009300F83699FEFF34FF0200B9F2FFFF174E
:10462000E2031AAAE103132AE00315AA030080D2C9
:10463000441B0094400A00B4410100D02180359110
:1046400010220094C0090035400100B000FC2D91FB
:10465000E103182AE04700F9E00314AAD3190094F3
:10466000FC03002AA004F8361F20003104184B3A3E
:104670004102005456010090D6363691E1031C2ABF
:10468000020080D2E00314AA5B1A0094E103182A06
:10469000F70300AA020080D2E00314AA561A00947D
:1046A000E30300AAE20317AA40010090E10316AA5F
:1046B00000A4369187270094020080D2E103132AD8
:1046C000E00315AA4C1A0094E10300AA40010090EF
:1046D00000A832917F27009400008012F35341A973
:1046E000F55B42A9F76343A9F96B44A9FB7345A99C
:1046F000FD7BC9A8C0035FD6020080D2E1031C2A5B
:10470000E00314AA3C1A009401088052E03700F933
:10471000F2210094E00300B5E00316AAF921009409
:10472000E20300AAE10316AAE03740F9DE21009473
:1047300060010035E20F47A9E6230291E40315AAC0
:10474000E1031C2AE00314AA0500801261FFFF9711
:10475000E0000034E0031BAAB5020094E1031C2A28
:10476000E00314AA9E190094BEFFFF173907001139
:1047700040010090001C3691AD020094E103132A21
:10478000E00315AA96190094F303002AA1FFFF176E
:1047900056010090D6323291B9FFFF17FD7BB7A9C1
:1047A000020080D2FD030091F35301A9F40300AA93
:1047B000F55B02A9F603012AF76303A9F96B04A9C3
:1047C000FB7305A9550A40F90B1A009401088052A1
:1047D000F30300AAC1210094E00000B4400100905E
:1047E000E10313AA00FC2B913A27009400008012E9
:1047F0000A00001457010090F7BA3391E20317AA98
:10480000E00315AA010080523D1A0094F303002A28
:104810002001F83600008052F35341A9F55B42A90C
:10482000F76343A9F96B44A9FB7345A9FD7BC9A8AC
:10483000C0035FD6E103002A42010090E00315AAFD
:1048400042942C91030080D2BE1A0094200300B43D
:10485000410100D0210C2A918A2100941F0000718F
:10486000FA079F1AE103132AE00315AA5C010090DE
:104870004E1900949C2B3691F303002A5B010090A3
:10488000190080526087329118008052E03700F999
:104890005301F8363F030071001B407AC1FBFF54FF
:1048A0004001009000202E910A270094D0FFFF17AE
:1048B0003A008052ECFFFF17E23740F9E103132A78
:1048C000E00315AA030080D29E1A0094200A00B4C7
:1048D0004101009021CC2C916A210094A00900355F
:1048E0004001009000E02C9139070011E103162AE5
:1048F000E04700F9E00314AA2C190094FB03002AF6
:104900006004F8361F20003104184B3A810000542F
:104910004001009000343691E04700F9E54740F946
:10492000E1031B2A020080D2E00314AAE53F00F94C
:10493000B1190094E40300AAE103162A020080D210
:10494000E00314AAE43B00F9AB190094E30300AAC6
:10495000E41747A94001009000542D91E20304AAF6
:10496000E10305AADB2600945A050034E103132A6B
:10497000E00315AA020080D29F190094E10300AA67
:104980004001009000A8329198FFFF17E1031B2A15
:10499000020080D2E00314AA97190094E30300AA4E
:1049A000E00317AAE33B00F956210094E20300AAB2
:1049B000E33B40F9E10317AAE00303AA3A2100947C
:1049C00060010035E5230291E403132AE30315AAED
:1049D000E203162AE1031B2AE00314AA04FEFF9750
:1049E000E0000034E0031CAA11020094E1031B2A3A
:1049F000E00314AAFA180094C1FFFF1740010090C9
:104A000018070011001C3691090200945AF0FF3477
:104A1000E103132AE00315AAF1180094F303002A16
:104A20009CFFFF17FD7BBBA94101009021942991B8
:104A3000FD030091F35301A9F40300AAF55B02A959
:104A4000F76303A9C51A00946004F837E3330191B2
:104A50004201009042F42E91F303002AE103002A60
:104A6000E00314AA371A009458010090E103132AB6
:104A7000F60300AA18172F91E00314AACB1800948C
:104A8000F303002A35008012F300F836E003152AFC
:104A9000F35341A9F55B42A9F76343A9FD7BC5A880
:104AA000C0035FD6E3330191E20318AAE103132A9E
:104AB000E00314AA231A0094F70300AA000100B52A
:104AC000210100F04001009021600E9100442F91DF
:104AD00080260094B5028012EDFFFF17560100B446
:104AE000020080D2E103132AE00314AA42190094C1
:104AF000E10300AAE00316AAE22000941F0000715F
:104B0000B512931AE00317AA9AEDFF97C00000347C
:104B1000E103132AE00314AAB1180094F303002A56
:104B2000DAFFFF17F503132AD9FFFF17220C4039CC
:104B3000240440B9230C4039210000CB4200040B6F
:104B4000210400D14200038B4100018B021C40393B
:104B5000200080520020C21A00040051007C4093C3
:104B6000200000AA000003CB00040091C0035FD620
:104B7000FD7BBBA95F000071FD030091F35301A908
:104B8000F55B02A936008052F50303AAF76303A977
:104B9000F703002A60008052539240F94210801AB5
:104BA000F803012AD622C21AD4060051640A40B979
:104BB000F603164B842000118400130B8102040BB2
:104BC0002100160A2100046B40010054E3230191E7
:104BD000212000510200805200008052E5FFFF9723
:104BE00080020035640A40B9842000118400130B50
:104BF0009402180B600E40B99402160A9402134BEB
:104C00009402040B9F02006BE9010054E103182A8F
:104C1000200100F0007423912E260094610A41299E
:104C2000200100F000E823912A26009460038012FE
:104C3000F35341A9F55B42A9F76343A9FD7BC5A8DE
:104C4000C0035FD6610A40B9E0020532E203182AC8
:104C50007602018B606A21B8007C1853D80600B92F
:104C6000C002008B01008052DA200094740A00B95F
:104C700000008052B60200F9EEFFFF17459240F99E
:104C8000E703002A650300B4A1184039A20840B91F
:104C90005F00016BE9020054A100218BE603022AA8
:104CA000200040B9005C00121F00076B4002005456
:104CB000FD7BBFA9FD03009106000014A100008B3D
:104CC000200040B9005C00121F00076BC0000054B8
:104CD000E00305AA96FFFF971F0006EB03FFFF54B2
:104CE000010080D2E00301AAFD7BC1A8C0035FD60A
:104CF000010080D2E00301AAC0035FD6FD7BBDA9FD
:104D0000E903002AE803022AFD030091EA03032ACB
:104D1000F30B00F9F30301AAD9FFFF97E01700F99D
:104D2000C00100B4E8000035E01740F9600200F966
:104D300000008052F30B40F9FD7BC3A8C0035FD68F
:104D4000010440B93F00086B00FFFF54600200F906
:104D500080038012F8FFFF17E3A30091E2030A2A01
:104D6000E103082AE003092A82FFFF97E0FDFF34F0
:104D7000F1FFFF17FD7BBFA9E803012AFD030091A6
:104D8000BFFFFF97E00000B488000034010440B981
:104D90003F00086BA1000054010C40390000018B5A
:104DA000FD7BC1A8C0035FD6000080D2FDFFFF17C6
:104DB000FD7BBEA9E203012A03008052FD0300919E
:104DC000E1630091CEFFFF97C0000035E00F40F98E
:104DD000010C40390000018BFD7BC2A8C0035FD6E7
:104DE000000080D2FDFFFF173F5C00716904005492
:104DF000FD7BBDA9FD030091F35301A9F30300AAB4
:104E0000F55B02A91F0840F2C1030054F403032A12
:104E1000F503012AF603022A01008052020380D220
:104E20006C200094200080526016003900038052EC
:104E3000601A0039602196529F020071E041A97208
:104E4000600200B9000380527F120039600A00B985
:104E5000600080529412801A741E003975DA01299C
:104E600000008052539200F9F35341A9F55B42A927
:104E7000FD7BC3A8C0035FD660038012C0035FD66A
:104E8000A0018012F9FFFF17FD7BBEA9FD03009171
:104E9000F30B00F9F30300AA020040B96021965217
:104EA000E041A9725F00006B810400546016403934
:104EB0001F040071A1030054600E40B9A003003428
:104EC000610000341F00016B48030054610A40B9BF
:104ED0001F00016B23030054601A40391F600071EA
:104EE000C1020054E00313AAA120009461124039CA
:104EF0002000200B021C00123F00206B0001005418
:104F0000200100F0005C2491722500948000801242
:104F1000F30B40F9FD7BC2A8C0035FD600008052AE
:104F2000539200F9FBFFFF17800B8012F9FFFF1768
:104F300040038012F7FFFF1720008012F5FFFF17D4
:104F4000FD7BBEA9FD030091F30B00F9539240F9DC
:104F5000E00313AA610A40B9852000946112403928
:104F60002000200B6012003900008052F30B40F942
:104F7000FD7BC2A8C0035FD6FD7BBEA9FD030091E7
:104F8000F35301A9F403012A419240F9210C40B9DD
:104F90003F00146B88010054419240F9F30300AACA
:104FA000429240F9420C40B926200094740E00B998
:104FB00000008052539200F9F35341A9FD7BC2A82F
:104FC000C0035FD660038012FCFFFF17FD7BBFA903
:104FD000000084D2010082D2FD030091E000A0F223
:104FE00002F2FF9780020034010084D2E203002A1B
:104FF000E100A0F2200100F000A8249135250094E2
:10500000000084D2030080520200805201008252CC
:10501000E000A0F275FFFF97A0000035401A40F9AC
:10502000000069B2401A00F900008052FD7BC1A85F
:10503000C0035FD6E00312AA009040F9F8FFFF1703
:10504000401A40F94000B837E1FFFF1700008052D6
:10505000C0035FD6E90300AA602196D23F0000F1A9
:10506000E041A9F22000C0F2400040FA00010054E3
:10507000800080125F9200F9C0035FD6800080122A
:105080005F9200F9FD7BC1A8C0035FD6FD7BBFA97D
:105090000100805220008052FD03009136FFFF97EF
:1050A0001F0009EBC1FEFF5400008052F6FFFF17FE
:1050B000010040F93F1440F2A1000054010041A951
:1050C0003F0000EBE0179F1AC0035FD6000080523C
:1050D000FEFFFF17FD7BBEA9FD030091F35301A95D
:1050E000F30300AAF40304AA010400A9810400D177
:1050F0002100028B020800F9032000B92108C49A9C
:10510000217C049B010C00F9A0003FD66001003512
:10511000610E40F9E00314AAF6020094600600F95B
:10512000000200B4612240B981000036610240F9FA
:10513000620A40F9C31F0094610E40F9600640F90D
:1051400021FC009121E47A922100008B9CF1FF97D1
:1051500000008052F35341A9FD7BC2A8C0035FD673
:1051600060018012FCFFFF1705000090040880D248
:10517000A5C00291D8FFFF17FD7BBEA9FD030091DA
:10518000F30B00F9F30300AA002040B9E000083651
:10519000610E40F9600640F921FC009121E47A9209
:1051A0002100008B85F1FF97600640A93F0000EBCE
:1051B000E0000054622240B962000836620A40F9F9
:1051C000A01F0094600640F97F0000940000805208
:1051D000F30B40F9FD7BC2A8C0035FD6C2F75FF0B6
:1051E00042A0079140D860F8022040F9F00302AADB
:1051F00000021FD6011C0012920100B4401A40F9AF
:105200004001D836401A40F9C0000836C0F75FF0B8
:1052100000F840F9021C40F9F00302AA00021FD670
:10522000E003012A07770014C0035FD6E10300AA58
:10523000120100B4431A40F9C300D836421A40F9AB
:105240006200083620008052E5FFFF170377001444
:10525000C0035FD6FD7BBDA9C1F75FF0FD030091E0
:10526000F51300F9D5F75FF0F35301A9B3E640F960
:1052700021EC40F91400138B3F0014EB080200549A
:10528000C1F75FF021E840F93F0014EB83010054BF
:10529000A000F8B6E20300CB01008052E00314AA9C
:1052A0004C1F0094E00313AAB4E600F9F35341A99C
:1052B000F51340F9FD7BC3A8C0035FD600008092C0
:1052C000FBFFFF17E20301AAC1F75FF00400028BA6
:1052D00020EC00F9C1F75FF024E800F9C1F75FF0B6
:1052E00020E400F9010080523A1F0014FD7BBDA9A3
:1052F000FD030091F51300F9550100F0B5E22F917F
:10530000F35301A9A10A40F9340440F994F67E92BE
:10531000930200CB737E3F9173CE7492730640D19B
:105320007FFE3FF1CC00005400008052F35341A9AE
:10533000F51340F9FD7BC3A8C0035FD6000080D2FF
:10534000C5FFFF97A10A40F92100148B1F0001EB54
:10535000C1FEFF54E00313CBBFFFFF971F0400B152
:10536000E1010054000080D2BBFFFF97A20A40F980
:10537000010002CB3F7C00F18DFDFF5463010090E2
:10538000210040B2410400F9630442F9000003CB5C
:10539000C3F75FF0608C01B9E4FFFF17A00A40F982
:1053A000C1F75FF0940213CB940240B2140400F9E9
:1053B000208C41B90000134B208C01B92000805291
:1053C000DBFFFF17411A40F9A1094836800900B4F4
:1053D00006805FF8034000D1440100F084E02F9183
:1053E000C1F87F92C60040926500018B870840F9A2
:1053F000A20440F942F47E92BF0007EB6102005420
:105400002200028BE60000B500005FF8630000CBCD
:105410004200008B610041A9200C00F9010800F94D
:10542000400040B2600400F960010090830800F978
:10543000000842F95F0000EB23060054C0F75FF05C
:1054400000F040F9AAFFFF17A20400F9660100B5B9
:1054500000005FF886400091630000CB2100008BC4
:10546000600840F91F0006EBC0040054660C40F9C8
:10547000060C00F9C00800F900008052A600028B5B
:10548000C60440F9460100372100028BA20840F90A
:10549000C0030035864000915F0006EB61030054B5
:1054A000830C02A920008052620801A9220040B2A8
:1054B000620400F9616821F8200200353FFC07F121
:1054C000C802005421FC43D322008052207C0213E6
:1054D000210400114220C01A21781F53800440F992
:1054E00081CC218B000002AA800400F920045FF81F
:1054F000600401A9230800F9030C00F9C0035FD67A
:1055000020008052DEFFFF17A50C40F9450C00F982
:10551000A20800F9E6FFFF1722FC49D33FFC27F160
:105520006802005420FC46D300E000110204001180
:1055300042781F5382CC228B45045FF85F0005EB55
:1055400041040054007C0213210080522120C01A23
:10555000800440F9000001AA800400F9650801A94F
:10556000430800F9A30C00F9E5FFFF175F5000F1B5
:1055700068000054406C0111EDFFFF175F5001F10E
:105580008800005420FC4CD300B80111E8FFFF173D
:105590005F5005F18800005420FC4FD300DC01115E
:1055A000E3FFFF1720FC52D35F5415F100F0011107
:1055B000C20F80520030821ADDFFFF17A50840F9A4
:1055C0005F0005EBA0000054A00440F900F47E92B7
:1055D0003F0000EB43FFFF54A20C40F9E0FFFF1730
:1055E000421A40F9420048374B020014E10300AA76
:1055F000C2F75FF0C0F75FF042E840F900EC40F915
:10560000000002AA600100B5000080D2C0035FD68E
:10561000000080D2F35341A9F55B42A9F76343A987
:10562000F96B44A9FB2B40F9FD7BC6A8C0035FD6EC
:105630003F0050F1A8FEFF54FD7BBAA9215C009108
:105640003FB800F1FD030091F35301A9540100F0AC
:1056500094E22F91F55B02A9F76303A9F96B04A902
:10566000FB2B00F94903005435EC7C92BFDE07F1B7
:1056700028030054A1FE43D32204001142781F5393
:1056800082CE228B434000D1400440F91F0003EB3F
:10569000A1000054400C40F9210800115F0000EB0C
:1056A00020040054018C40A9020C40F921F47E92A0
:1056B000620C00F90100018B430800F9220440F953
:1056C000420040B2220400F928000014150480D2E0
:1056D000E9FFFF17A0FE49D3400700B41F1000F1F7
:1056E00088040054A1FE46D321E0001122040011D9
:1056F00042781F5382CE228B424000D1400C40F9A9
:105700005F0000EBE0000054030440F963F47E9274
:10571000650015CBBF7C00F18D05005421040051BC
:1057200021040011801240F9834200911F0003EB15
:10573000C0080054020440F942F47E92450015CBA3
:10574000BF7C00F14D0500540400158BA10240B24E
:10575000010400F9A10040B2841202A9818C00A9C1
:10576000830C00F9056822F800400091AAFFFF179A
:105770001F5000F168000054016C0111DCFFFF179D
:105780001F5001F188000054A1FE4CD321B8011133
:10579000D7FFFF171F5005F188000054A1FE4FD31B
:1057A00021DC0111D2FFFF17A1FE52D31F5415F1C6
:1057B00021F00111C00F80522130801ACCFFFF1759
:1057C000E1078052CAFFFF17040C40F9C500F8B783
:1057D000010840F9240C00F9810800F90100038B4D
:1057E000B7FFFF17E00304AAC6FFFF17830E02A945
:1057F000C500F8B70200028B410440F9210040B215
:10580000410400F9D9FFFF17860640F95FFC07F154
:10581000280C005442FC43D323008052447C0213E2
:105820004204001142781F536320C41AC60003AA21
:10583000860600F982CE228B43045FF8030801A993
:10584000400800F9600C00F9207C0213220080520D
:105850004220C01A800640F95F0000EB08040054A3
:105860005F0000EAC100005421741E1242F87FD389
:10587000211000111F0002EAA0FFFF54E8018092EE
:1058800023040011E503012A63781F5303CD238B02
:105890008302038BE60303AAC00C40F9DF0000EB90
:1058A000C10D0054A5040011C6400091BF0440F290
:1058B00041FFFF543F0440F2E1100054800640F9DC
:1058C0000000228A800600F9800640F942F87FD362
:1058D0005F0000EB48000054221100B5980A40F91F
:1058E000170740F9F7F67E92E20215CB5F7C00F1D4
:1058F0000C160054C0F75FF07B0100901A03178B61
:1059000013F040F9600742F9B302138B1F0400B192
:10591000A10F005473820091E00313AA4EFEFF977B
:10592000F60300AA1F0400B1801300545F0300EBCC
:10593000690000541F0314EB01130054D9F75FF002
:10594000208F41B90000130B208F01B95F0316EBC4
:10595000210E0054800A40F9F302138B730240B207
:10596000130400F9C1F75FF0208F81B922DC40F900
:105970001F0002EB4900005420DC00F9C1F75FF082
:1059800022E040F91F0002EB8910005420E000F9EA
:105990008200001444FC49D35FFC27F14802005404
:1059A00043FC46D363E000116404001184781F5364
:1059B00084CE248B85045FF89F0005EB21040054FE
:1059C000637C0213220080524220C31AC60002AA3E
:1059D000860600F9051001A9800800F9A00C00F95D
:1059E0009AFFFF179F5000F168000054836C01116B
:1059F000EEFFFF179F5001F18800005443FC4CD389
:105A000063B80111E9FFFF179F5005F188000054AA
:105A100043FC4FD363DC0111E4FFFF1743FC52D377
:105A20009F5415F163F00111C40F80526330841A42
:105A3000DEFFFF17A50840F99F0005EBA00000540A
:105A4000A30440F963F47E925F0003EB43FFFF542D
:105A5000A40C40F9E0FFFF17040440F984F47E929F
:105A6000870015CBFF7C00F1ED010054A10240B28C
:105A7000010400F9030840F90200158B010C40F9FC
:105A8000610C00F9230800F9E10040B2820A02A982
:105A90009442009141D000A9540C00F9076824F801
:105AA00032FFFF174701F8B70400048B810440F967
:105AB000210040B2810400F9010C40F9020C41F8C8
:105AC000410C00F9220800F9D3FEFF17000C40F941
:105AD00073FFFF1760045FF8210400517F0000EBA3
:105AE000A0EEFF5479FFFF172110001142F87FD379
:105AF0001F0002EAA0FFFF5462FFFF17E103052A1F
:105B0000FCFFFF17E00382D27302008B73CE749206
:105B100082FFFF17610742F93F0400B1610500549D
:105B2000760702F9C00E40F280000054010280D2D4
:105B3000200000CBD602008BD302138B000013CBC6
:105B400073FE3F9173CE74927302008BE00313AA2D
:105B5000C1FDFF971F0400B100020054218F41B91D
:105B6000000016CB0000138B960A00F92100130BDE
:105B7000000040B2218F01B9C00600F91F0314EBE9
:105B800020EFFF54FF7E00F188020054800A40F9A4
:105B9000210080D2010400F9800A40F9020440F992
:105BA00042F47E92420015CB5F7C00F12DD3FF546E
:105BB000800A40F9A10240B2010400F90100158BEE
:105BC000810A00F9BFFEFF17DA021ACB00001A0B98
:105BD000208F01B9D4FFFF17000740F9F76200D109
:105BE000F7EE7C92210180D200004092000017AABB
:105BF000000700F90003178B018C00F8010400F97D
:105C0000FF7E00F109EBFF5400430091EEFDFF978A
:105C100055FFFF17FD7BBCA9FD030091F55B02A9B1
:105C2000157C019BF60300AA400100F0F71B00F968
:105C3000F35301A9170446F9E00315AAF40640F945
:105C400068FEFF973605F8B7F30300AA200300B4F7
:105C5000411A40F9A1004837E20315AA0100805219
:105C6000DC1C00941300001401805FF8034000D195
:105C700082F67E927F0017EB21F47E92420041FA79
:105C80004230819A422000D15F2001F188FEFF540A
:105C90005F9C00F1A90000541F7C00A95FDC00F1AB
:105CA00048010054004000911F7C00A91F0800F922
:105CB000E00313AAF35341A9F55B42A9F71B40F98E
:105CC000FD7BC4A8C0035FD61F7C01A95F2001F142
:105CD0006000005400800091F4FFFF1700C00091A5
:105CE0007F7E02A9F1FFFF17130080D2F1FFFF179B
:105CF000FD7BBCA9FD030091F35301A9F55B02A94B
:105D0000F71B00F93F0050F109010054130080D245
:105D1000E00313AAF35341A9F55B42A9F71B40F92D
:105D2000FD7BC4A8C0035FD6421A40F9C2004837C1
:105D3000F35341A9F55B42A9F71B40F9FD7BC4A8C9
:105D400077000014F40300AAF70301AA1F4000F132
:105D5000E8000054F35341A9E00301AAF55B42A90E
:105D6000F71B40F9FD7BC4A81EFEFF17215C0091C4
:105D7000000480D29F0200EB36EC7C929422809A41
:105D80003FB800F1D682809A8002008B0000168B0B
:105D900014FEFF97E10300AA800200B5E00317AAF2
:105DA00010FEFF971508D49AF30300AAB582149B3E
:105DB00015FBFFB484FDFF97950215CBE002158B10
:105DC00008FEFF97E10300AA20FAFFB40208D49A64
:105DD0004280149B820202CBBF0202EB620000549D
:105DE00079FDFF97CAFFFF172008D49A334000D1EE
:105DF0000084149B800300B4E003144B950600D18B
:105E00003500158B007C4093B502008AB54200D165
:105E1000A00213CB1F7C00F148000054B502148B84
:105E2000600640F9A30213CB00F47E92000003CB7E
:105E3000020040B2A002008BA20600F9020440F961
:105E4000420040B2020400F9600640F900004092AE
:105E5000000003AA600600F9F30315AAE00301AAF3
:105E600059FDFF97610640F921F47E92210016CB7F
:105E70003F7C00F14D0100546002168B210040B2BE
:105E80000040009101801FF8610640F92100409216
:105E9000210016AA610600F94BFDFF97734200919D
:105EA0009CFFFF17428A40F9247C4093451E41B96C
:105EB000E40304CB420400D1E503052AA1C0218BF1
:105EC0004100018B428A40F92100048A000002CB84
:105ED0000200018B401A41B95F4020EB29010054B8
:105EE000FD7BBFA9200100D000B01E91FD030091F1
:105EF00078210094000080D2FD7BC1A8C0035FD64A
:105F0000421C0011E00301AA42701D12421E01B999
:105F1000C0035FD621008052E3FFFF17E20300AA0F
:105F2000E00301AAE103022ADFFFFF17FD7BBDA901
:105F3000FD030091F35301A9F30300AAF40302AA9D
:105F4000020A80D2F55B02A9F50303AAF60301AAAF
:105F5000010080521F1C0094765600A9740A00F9B3
:105F60009D1C0094600E00F961E20091E00312AA0A
:105F7000429A40F9621E00F9420000B4410400F95F
:105F8000019800F900C00491200400F9F35341A9DD
:105F9000F55B42A9FD7BC3A8C0035FD6032040F98F
:105FA00002E00091011C40F9610000F9410000B4D9
:105FB000230400F91F1C00F95F0400F9C0035FD639
:105FC000720700B4411A40F921078837FD7BBCA94C
:105FD000FD030091F35301A9F55B02A9F76303A93F
:105FE000411A40F9539A40F921006FB2411A00F961
:105FF000F30400B45501009073E200D1B5923791DB
:10600000177182D238008052330400B4761E40F9F2
:10601000711C0094F40300AA601A40F99F0200EB7F
:1060200004030054600A40F9610240F90000148B37
:10603000601A00F9E00313AA20003FD6601640F969
:1060400000040091601600F9631C0094020014CB58
:10605000601240F90000028B601200F95F0017EB3C
:106060000901005460224139C0000035610640F941
:10607000E00315AA03718252162100947822013997
:10608000760000B4D3E200D1E0FFFF17401A40F9D8
:1060900000F86E92401A00F9F35341A9F55B42A94A
:1060A000F76343A9FD7BC4A8C0035FD6C0035FD6D6
:1060B000000840B91F00036B4C010054FD7BBFA9D1
:1060C000FD030091200040B9400000B9E00301AA9F
:1060D000BDFCFF9700008052FD7BC1A8C0035FD6C6
:1060E00000008012C0035FD6000840B91F00036B98
:1060F0004C010054FD7BBFA9FD03009120004079B5
:1061000040000079E00301AAAFFCFF970000805235
:10611000FD7BC1A8C0035FD600008012C0035FD61C
:10612000FD7BBEA9FD030091F30B00F9F30301AA67
:10613000E10302AAE203032A600240B9C01A0094F4
:10614000600200B900008052F30B40F9FD7BC2A849
:10615000C0035FD6FD7BBEA9800080D2FD03009105
:10616000F30B00F9F30301AA1EFDFF971F0000B90E
:10617000600200F900008052F30B40F9FD7BC2A8D9
:10618000C0035FD6FD7BBEA9400080D2FD03009115
:10619000F30B00F9F30301AA12FDFF971F0000792A
:1061A000600200F900008052F30B40F9FD7BC2A8A9
:1061B000C0035FD6FD7BBEA9FD030091F30B00F980
:1061C000F30301AAE10302AAE203032A6002407971
:1061D000751A00946002007900008052F30B40F9B8
:1061E000FD7BC2A8C0035FD6000840B91F00036B47
:1061F000CC010054FD7BBEA9FD030091F30B00F917
:10620000F30301AAE10302AAE00313AAD211009446
:10621000E00313AA6CFCFF9700008052F30B40F9D7
:10622000FD7BC2A8C0035FD600008012C0035FD60A
:10623000FD7BBFA9E00301AAE10302AAFD030091CF
:10624000E203032AC111009400008052FD7BC1A823
:10625000C0035FD6FD7BBEA9000D80D2FD03009177
:10626000F35301A9F30301AADEFCFF97F40300AA8C
:106270006C090094740200F900008052F35341A9A4
:10628000FD7BC2A8C0035FD6000840B91F00036BA6
:10629000CC010054FD7BBEA9FD030091F30B00F976
:1062A000F30301AAE10302AAE00313AAF30800948E
:1062B000E00313AA44FCFF9700008052F30B40F95F
:1062C000FD7BC2A8C0035FD600008012C0035FD66A
:1062D000FD7BBFA9E00301AAE10302AAFD0300912F
:1062E000E203032AE208009400008052FD7BC1A86B
:1062F000C0035FD6FD7BBEA9000D80D2FD030091D7
:10630000F35301A9F30301AAB6FCFF97F40300AA13
:10631000FB020094740200F900008052F35341A97B
:10632000FD7BC2A8C0035FD6FD7BBCA9FD03009125
:10633000F35301A9530100F073621091F55B02A9B8
:10634000F50300AAF60301AA140080D2F76303A99B
:10635000180780D2807E189B016873F8E00315AAA5
:10636000C81A009420010035977E389B7302178B62
:10637000D30200F9F35341A9F55B42A9F76343A99E
:10638000FD7BC4A8C0035FD6940600919F1200F164
:1063900021FEFF54800B8012F7FFFF17FD7BBCA985
:1063A000FD030091F35301A9530100F073621091B2
:1063B000F55B02A9F50300AAF60301AAF71B00F991
:1063C000F70313AA14008052610240F9E00315AAF2
:1063D000AC1A009460010035611240F9210100B44B
:1063E00001078052945E219BD40200F9F35341A926
:1063F000F55B42A9F71B40F9FD7BC4A8C0035FD63B
:106400009406001173E200919F120071E1FDFF54A8
:10641000800B8012F6FFFF17FD7BBEA9FD030091E4
:10642000F35301A913E47A9274020191E10314AACF
:10643000E00313AAE2ECFF97E10314AAE00313AA16
:10644000F35341A9FD7BC2A8DCECFF17FF4309D140
:10645000FD7B00A9FD030091F55B02A9F60301AAEB
:10646000F35301A9F30300AAD4FE44D3F76303A9AD
:10647000180080D2F96B04A9CEECFF97D9FE43D364
:10648000F703002AFA630191F503182AF40200B514
:10649000780240F97F0200F977000034E00313AA84
:1064A000DEFFFF97600240F9600600B4A07E4093D3
:1064B000E2630191210080D2780200F9000400D14A
:1064C0003F0301EB88020054E00314AAFD7B40A9BE
:1064D000F35341A9F55B42A9F76343A9F96B44A9BA
:1064E000FF430991C0035FD681F27DD3600E148B08
:1064F000626A61F8427B38F8E20334AA626A21F8E2
:1065000057000034C5FFFF9794FE41931807009190
:10651000DEFFFF1723F07DD321F87FD3447860F8A6
:10652000646A23F8E6FFFF1754F07DD3E103002AE5
:10653000837860F8000400D1656A74F8636A34F8FF
:10654000E30322AA42F87FD37F0005EBC001005489
:10655000207C4093000400D13F0302EB69FBFF5411
:1065600041F07DD342F87FD3837860F8636A21F8E5
:10657000F9FFFF17A0060051E4630191220080D2C9
:10658000007C40933F0302EB08FDFF54F40316AA7E
:10659000780200F9CDFFFF17FD7BBAA9FD0300913A
:1065A000F35301A9F40301AAF55B02A9F76303A958
:1065B000F70301AA210C0091F96B04A9FA0303AABD
:1065C000FB7305A9191840F9FB26403820E05F3815
:1065D0003C5B41290000005233F05F3858001C4BEF
:1065E0001603164B1300332AC2120051D60E005167
:1065F000E00317AA731E0012427C4093C41A009451
:10660000E1CA7638F503002A220F80B9E0C2368B42
:106610007B03012A00040091210B40F973021B2A1D
:10662000731E0012BA1A0094B502002AB502132A8A
:10663000F5010035E1031AAA827F409380C2388BAE
:10664000B31A00941F000071810180120000811AAA
:10665000F35341A9F55B42A9F76343A9F96B44A938
:10666000FB7345A9FD7BC6A8C0035FD6A0028012BC
:10667000F8FFFF17FD7BB6A9FD030091F35301A9B5
:10668000F55B02A9F76303A9F96B04A9FB2B00F9D9
:10669000172440F9040FF837F40300AAF60301AAFF
:1066A000FB0302AAE103042AF503032AF303042AE5
:1066B000E00317AA030080D2220100F042582B9178
:1066C00020130094E10300AA801640F9ED1900940C
:1066D00040010034A0018012BF030091F35341A98F
:1066E000F55B42A9F76343A9F96B44A9FB2B40F979
:1066F000FD7BCAA8C0035FD6E103132A03008052C2
:10670000E00317AA220100F0427835916716009441
:10671000E103132A03008052220100F042AC3591BC
:10672000A09700B9E00317AA60160094A09300B9DF
:10673000A3B30191E103132AE00317AA220100F099
:1067400042E83591FF120094A04700F9800000B4A0
:10675000A06F40B91F1C007148000054BF4700F9EA
:10676000E103132A030080D2E00317AA1801805224
:10677000220100F0421C3691B89B00B9F11200943E
:10678000E103132A030080D2220100F0424C36912B
:10679000A04300F9E00317AAEA120094A03F00F911
:1067A000A19740B981F9FF34A24340F942F9FFB4FF
:1067B00020F9FFB4802240F9F7030091824E43A9EB
:1067C000190840B95B0500B4DF0200F1441840FA33
:1067D000E0040054D30400B4210CD81A3F00156B18
:1067E00021020054BF020871E8010054E003152A99
:1067F0005A0840B9003C0091A2C3019100707C92FC
:1068000001008052FF6320CB40098052F8030091C1
:106810005C2E0094C0000034200100F0008436910A
:106820002C1F0094A00280120F000014A03B40F91E
:10683000E4030091A3E30191E203152AE1031BAAFB
:106840006A7E009400010035650640F9E4031A2AC7
:10685000E30316AAE203192AE10318AAE00314AA23
:10686000A0003FD6FF0200919CFFFF17800080121E
:10687000FDFFFF170001801298FFFF17FD7BB4A9F1
:10688000FD030091F35301A9F55B02A9F50300AAEA
:10689000F60301AAF76303A901008052F70302AAD5
:1068A000F96B04A9220100D0F803032A192440F946
:1068B00042B83391E00319AA11120094E007F837A7
:1068C000A45240B99F04003160010054E303182A28
:1068D000E20317AAE10316AAE00315AAF35341A99C
:1068E000F55B42A9F76343A9F96B44A9FD7BCCA8EA
:1068F00061FFFF17A30640F9F403002A810C80D240
:10690000E0630191220100F0425C3591A01E0094E9
:10691000E2630191E103142AE00319AAF81100943B
:10692000E303182AE403002AFA03002AE20317AA61
:10693000E10316AAE00315AA4FFFFF97F303002A0D
:10694000E0020034FF5700B9E103142AE253019139
:10695000E00319AAE9100094F403002A0002F837B2
:10696000E05740B91F000071AD0100541F040071D1
:10697000C1FEFF549F021A6B80FEFF54E403142AE9
:10698000E303182AE20317AAE10316AAE00315AAF3
:1069900039FFFF97F303002A80FDFF35E003132A38
:1069A000F35341A9F55B42A9F76343A9F96B44A9E5
:1069B000FD7BCCA8C0035FD633008012F8FFFF1721
:1069C000FD7BBDA9FD030091F35301A9F30300AAC8
:1069D000F40303AAF51300F9F503042A002040F993
:1069E000030840B9607C4093003C009100EC7C922D
:1069F000FF6320CB601A40F9040840B97F00046BA4
:106A0000EA000054A0028012BF030091F35341A991
:106A1000F51340F9FD7BC3A8C0035FD6040C40F911
:106A2000E3030091000040F980003FD6C0FEFF372D
:106A3000E303152AE20314AAE1030091E00313AA79
:106A40008FFFFF97F1FFFF1702008052040080D2F2
:106A5000030040B97F00026B48000054C0035FD6BA
:106A6000235862B86300048B040440F9845862B868
:106A7000630004CB235822B84204001164FC6093E5
:106A8000F4FFFF17EA0302AAE80303AA03008052F7
:106A9000020040B95F00036BC8000054020040B917
:106AA000070080525F00076B28020054C0035FD6C6
:106AB0003F5823B863040011F6FFFF17C37C7ED351
:106AC000225866B8C60400114200048B046963B8FA
:106AD0006409A49B020440F9426863B82215A29B92
:106AE0004540248B25682CB80E000014FD7BBFA9FF
:106AF000FD030091220040B9260080524B5967B82F
:106B0000040140B9090440B9030440F96409A49B95
:106B1000650040B9827C4092297D041B2509A59B14
:106B2000C3040051020040B984FC60D3A5FC60D3CB
:106B30006CF47ED32308038BDF00026B03FCFF544D
:106B40008400058B640000B9FF8344EB40000054CF
:106B5000BEFFFF97020040B9E70400115F00076B1A
:106B6000A8FCFF54FD7BC1A8C0035FD621C8228BBF
:106B7000030080D224CC5FB88408C05A047823B8BC
:106B8000630400915F00036B6CFFFF54C0035FD68A
:106B9000FD7BB5A9FD030091F35301A9F55B02A9A3
:106BA000F76303A9F96B04A9FB7305A9A33B00F9DB
:106BB000020D00B4F503012AF70300AA410840F9C9
:106BC000F30302AA406C4329BB031229410900B414
:106BD000A0230291020180D21A190094A44740F91F
:106BE000840CC0DAA43700F9A45700F97B0B0034F9
:106BF000610640F9210B00B4650240F9E50A00B4D2
:106C0000600320511F002071880A00547B7F0553C8
:106C1000BB9300B9E2031B2A746B7ED3933E0091B1
:106C2000941200D173667C92FF6333CBE003009132
:106C3000FF6333CBF6030091A0DB09A9CCFFFF97DC
:106C4000E00316AAE10305AAC9FFFF97A0767E928A
:106C5000003C0091E10317AA00707C92FF6320CBF7
:106C6000E003152AF8030091E20300AAF70300915C
:106C7000A03F00F9E00318AAF2180094FF6333CB99
:106C80001403148BF9030091FF6333CBFC030091D1
:106C9000FF6333CBF5030091FF6333CBA43740F997
:106CA000FA030091000080D262008092017C029B76
:106CB000816A61B82108C05A217B20B80004009184
:106CC0007F03006B48FFFF54040100B4E00304AAF3
:106CD0003300805200FC41D3400400B4730600111D
:106CE0007F06017181FFFF54B3028012FF02009101
:106CF0004D000014E4830032BBFFFF1762FFFF97D3
:106D0000A35740F98222D39A7F00026AE000005420
:106D1000E3031AAAE20315AAE1031CAA5AFFFF978C
:106D2000730600511D000014A29340B9E0031CAA91
:106D300042F47ED3C3180094FAFFFF17A05A61B83B
:106D4000210400510008C05A404400B8310000142A
:106D50001301801234000014B301801232000014B9
:106D60007F06007120FCFF5404FC0736E20319AAD9
:106D7000A0430291E30316AAE1031CAA42FFFF9776
:106D8000730A0051A29340B9E0031AAA340080D2DA
:106D900042F47ED3AB180094E3031CAAE2031CAABE
:106DA000E10315AAA0430291B3FAFF3536FFFF971E
:106DB000E1031CAAE30319AAE20315AA32FFFF9715
:106DC000B49340B9E00315AA827E7ED39D18009447
:106DD00084060051A04F40F9847C4093E400F837CA
:106DE000A27A64B8017864B85F00016BC3000054F4
:106DF000840400D149FFFF54E10315AAA043029186
:106E000012FFFF97A19340B9E20318AA2104005191
:106E100061F9FF36A00B47A9FF020091E10318AA10
:106E200088180094BF030091E003132AF35341A98B
:106E3000F55B42A9F76343A9F96B44A9FB7345A924
:106E4000FD7BCBA8C0035FD65F0000714D050054E9
:106E5000FD7BBCA9FD030091F35301A9F30301AA33
:106E6000F403022AE1C30091F55B02A9F50303AA2A
:106E70004BFDFF97C0020035E01B40F9E1E30091B4
:106E8000021040F940003FD6200200359406005120
:106E900016008052E00743A9630A40B9620240F934
:106EA000051440F99F02166BAC0100542400805277
:106EB000A0003FD6C0000035E00743A9E20315AAB1
:106EC000030840B9041840F980003FD6F35341A9A4
:106ED000F55B42A9FD7BC4A8C0035FD604008052C5
:106EE00073420091A0003FD620FFFF35D606001167
:106EF000E9FFFF17A0028012C0035FD6216084D291
:106F00001F7C00A9A1E8ACF22171D5F2A1F9FDF234
:106F1000010800F9C19F9BD24117B3F2C18ECAF29A
:106F20004106E2F2010C00F9013E9C52417AB8722E
:106F3000012000B9C0035FD6FD7BB5A9FD03009118
:106F4000F35301A9F55B02A9F76303A9F96B04A93F
:106F5000FB7305A9E27300B9E203022AC2010034FF
:106F600023338FD224749DD2859B97D2C63A98D270
:106F70004350ABF224DBADF265E3B1F2464CB9F21B
:106F8000E27340B942040051E27300B95F0400317A
:106F900001010054F35341A9F55B42A9F76343A9EA
:106FA000F96B44A9FB7345A9FD7BCBA8C0035FD651
:106FB000220040392100019127105C382A305C38CA
:106FC00031705C38472007AA22205C3836B05C3824
:106FD00035F05C38E24002AA27505C384A600AAAC1
:106FE00034305D384209C05AE2AF00B922405C3803
:106FF0004A09C05A30705D382FB05D38472007AA63
:1070000022605C38E24002AA27905C38516011AAE5
:10701000220AC05AE2AB00B922805C38310AC05A59
:10702000472007AA22A05C38E24002AA27D05C3899
:10703000566016AA22C05C38C90AC05AD60AC05A7D
:10704000472007AA22E05C38E24002AA27105D38F8
:10705000556015AA22005D38BC0AC05AB50AC05A4C
:10706000472007AA22205D38E24002AA27505D3857
:10707000546014AA820AC05AE2A700B922405D38BF
:10708000940AC05A472007AA22605D38E24002AA4B
:1070900027905D38506010AA020AC05AE2A300B9D6
:1070A00022805D38100AC05A1002038B472007AABD
:1070B00022A05D38E24002AA4F600FAAE209C05A3E
:1070C000E29F00B922C05D3827D05D382EF05D38D0
:1070D0002D305E38472007AA22E05D382C705E38DC
:1070E0002BB05E38E24002AA27105E384E600EAA2E
:1070F00028F05E38C209C05AE29B00B922005E380F
:1071000033505F38472007AA22205E38E24002AAA7
:1071100027505E384D600DAA22405E38BA09C05A29
:10712000AD09C05AAD01038B472007AA22605E3823
:10713000E24002AA27905E384C600CAA22805E389A
:107140009909C05A472007AA22A05E38E24002AA45
:1071500027D05E384B600BAA22C05E387809C05A2F
:107160006B09C05A6B01038B422007AA27E05E38E7
:10717000424007AA27105F38486008AA0209C05A8F
:10718000E29700B922005F380809C05A422007AAD6
:1071900027205F38424007AA27305F38476007AA98
:1071A000E208C05AE29300B922405F38E708C05AAB
:1071B000422013AA33605F38424013AA33705F380D
:1071C000426013AA5308C05AF37700B933805F387E
:1071D0004208C05A37905F381E1C40B9732217AA64
:1071E00037A05F38734217AA37B05F38776217AAA3
:1071F000F30AC05AF38F00B9F30AC05A37D05F3888
:10720000F33F00F933C05F38732217AA37E05F38C5
:10721000734217AA37F05F38776217AAF30AC05A89
:10722000F38B00B9F30AC05AF34300F9131040B9C5
:10723000F36300B9131440B9F36B00B9F33340F9A9
:10724000171840B97B7E7BD3F36340B9737E1B5321
:107250007B0313AAF3021E4AFE6B40B973021E0A97
:107260001E1C40B973021E4A7303138B1B2040B9C6
:107270007B403B8B7B021B8BF33740F94A011B8B16
:10728000FB6340B97E7E62D3F36B40B9737E0253D9
:10729000DE0313AAF3021ECA7303130A7B7F025391
:1072A000730217CAF702038B7102118B131C40B9CA
:1072B0007340338B3102138B537D1B5373160AAA11
:1072C0007302118BF13340F9317E62D331021BAA74
:1072D000DB0311CA7B030A8A7B031ECADE03038B0E
:1072E0007603168BD702178B767E1B53D61613AAFE
:1072F000D602178B577D0253EA7A0AAA37020ACAC6
:10730000F702138AF70211CA3102038BF502158BBB
:10731000777E0253F37A13AABE021E8B570113CA5B
:10732000D57E1B53B51616AAF702168AB5021E8B18
:10733000F7020ACAF402148B9402118BB17E1B531C
:10734000311615AA3102148BD47E0253967A16AAEE
:10735000740216CA9402158A940213CA94020A8B04
:107360002A7E1B539002108BB47E0253947A15AA86
:107370004A1511AA4A01108BD00214CA1002118AB0
:10738000100216CA1302138BF009C05A1002038BA5
:107390004F7D1B537002108BEF150AAAEF01108B63
:1073A000307E0253117A11AA900211CA10020A8A81
:1073B000100214CA1302168BD009C05A1002038B94
:1073C000EE7D1B537002108BCE150FAACE01108BD1
:1073D000507D0253107A0AAA2A0210CA4A010F8A63
:1073E0004A0111CA4A01148B4D010D8BCA7D1B53F2
:1073F0004A150EAA4A010D8BED7D0253AF790FAAF3
:107400000D020FCAAD010E8AAD0110CAB101118B78
:107410008D09C05AAD01038B4C7D1B532D020D8B82
:107420008C150AAA8C010D8BCD7D0253AD790EAA65
:10743000EE010DCACE010A8ACE010FCACE01108B11
:10744000507D0253CB010B8B8E7D1B53107A0AAA01
:10745000CE150CAACE010B8BAB0110CA6B010C8AA6
:107460000A01038B6B010DCA6B010F8B8F7D0253D9
:10747000EF790CAA6B010A8B0C020FCACA7D1B5351
:107480008C010E8A4A150EAA8C0110CA4A010B8B78
:107490008C010D8BCD7D0253AD790EAAEB00038BD1
:1074A0008C010B8BEE010DCA4B7D1B53CE010A8A5A
:1074B0006B150AAACE010FCA6B010C8BCE01108B83
:1074C0004C00038B50001A4ACE010C8B6C7D1B5371
:1074D0008C150BAA8C010E8B4E7D0253CE790AAA15
:1074E000AA010ECA4A010B8A4A010DCA4F010F8B2D
:1074F000EA3F40F94A01038BEF010A8B8A7D1B5357
:107500004A150CAA4A010F8B6F7D0253EF790BAA23
:10751000CB010FCA6B010C8A6B010ECA6D010D8B7A
:10752000EB4340F96B01038BAD010B8B4B7D1B5380
:107530006B150AAA6B010D8B8D7D0253AC790CAAD9
:10754000EDAF40B92D010D4A0D020D4AB0FD5FD3DC
:107550000D060DAAF0010CCA10020A8A08010DCA14
:1075600010020FCA10020E8BAE01038B10020E8B9D
:107570006E7D1B53CE150BAACE01108B507D02538E
:10758000107A0AAAEA8F40B95101194AF3AB54297B
:107590008A030A4A6902094A2A020A4A51FD5FD34C
:1075A0002A060AAA910110CA31020B8AE7000ACA08
:1075B00031020CCA31020F8B4F01038B31020F8B4A
:1075C000CF7D1B53EF150EAAEF01118B717D025376
:1075D0002B7A0BAAF18B40B93102184A2902094AC9
:1075E00031FD5FD3290609AA11020BCA31020E8AA6
:1075F000420009CA310210CA31020C8B2C01038BE4
:1076000031020C8BEC7D1B538C150FAA8C01118B56
:10761000D17D0253317A0EAAEEA340B9DC011C4A97
:10762000880308CA0E7D1F53C80508AA6E0111CA37
:10763000CE010F8ACE010BCAD001108B0E01038B35
:1076400010020E8B8E7D1B53CE150CAACE01108B13
:10765000F07D0253107A0FAAEF9F40B9EF01134A51
:10766000F3A340B9E70107CAEF7C1F53E70507AA58
:107670002F0210CAEF010CCAEF010B8BEB00048B39
:10768000EF010B8BCB7D1B536B150EAA6B010F8B80
:107690008F7D0253EF790CAAEC9B40B98C01134A01
:1076A000820102CA4C7C1F53820502AA0C020FCA37
:1076B0008C010ECA8C01118B5100048B8C01118B33
:1076C000717D1B5331160BAA31020C8BCC7D0253FA
:1076D0008E790EAAEC9F40B953030C4A1A031A4A3A
:1076E000EC3F40F98C0108CA6C020CCA937D1F5311
:1076F0006C060CAAF3010ECA73020BCA7002108B3F
:107700009301048B1002138B337E1B53731611AA43
:107710007302108B707D02530B7A0BAAF09B40B959
:107720003403104AF04340F9100207CA900210CA0D
:10773000147E1F53900610AAD4010BCA940211CADA
:10774000370110CA8F020F8B1402048BEF01148BC8
:10775000747E1B53941613AA94020F8B2F7E025330
:10776000F17911AAAF0102CA4F030FCAFA7740B9E3
:10777000F57D1F53AF060FAA750111CAB50213CAD2
:10778000B5020E8BEE01048BB5020E8B8E7E1B5361
:10779000CE1514AACE01158B757E0253B37A13AAA7
:1077A000F59740B9B902194A55010CCA350315CAF3
:1077B000F99340B9B67E1F53D50615AA360213CAEF
:1077C000D60214CACB020B8BB602048B6B01168B4C
:1077D000D67D1B53D6160EAAD6020B8B8B7E025378
:1077E000747914AAEB9340B97801184A170317CAA1
:1077F000F89740B9EB7E1F53770517AA6B0214CA9E
:107800006B010ECA6B01118BF102048B6B01118BA2
:10781000D17E1B53311616AA31020B8BCB7D02533E
:107820006E790EAAEB7740B97801184A0B010FCA9E
:107830000B030BCA787D1F530B070BAA98020ECAC5
:10784000180316CA1803138B7301048B1803138BC8
:10785000337E1B53731611AA7302188BD87E025302
:10786000187B16AAF68F40B97B7E0253D902194ABB
:10787000F60015CA360316CA7B7B13AAD97E1F539E
:10788000360716AAD90118CA390311CA3903148B4D
:10789000D402048B3903148B747E1B53941613AAE1
:1078A0009402198B397E0253397B11AAF18B40B9AE
:1078B0003A021A4A510017CA510311CA3A7E1F539D
:1078C000510711AA1A0319CA5A0313CA4E030E8B81
:1078D0003A02048BCE011A8B9A7E1B535A1714AAB4
:1078E0005A030E8BEE3F40F9D3010DCA8E010BCA2D
:1078F0006E020ECAAD0109CA290107CAE7000CCA07
:10790000D37D1F538C010FCA6E060EAA33031BCA08
:10791000730214CA7302188BD801048B7302188B7C
:10792000587F1B5318171AAA1803138B937E025300
:10793000747A14AAF34340F97C020ACA130216CAE5
:10794000930313CA4A0108CA080102CA420010CAB6
:107950007C7E1F53100215CA930713AA7C0314CA16
:107960009C031ACA9903198B7C02048B39031C8B64
:107970001C7F1B539C1718AA9C03198B597F025319
:107980003A7B1AAAF90111CAB90119CAEF0117CA3B
:107990002D7F1F53B90519AA8D021ACAAD0118CA45
:1079A000AD011B8B3B03048BAD011B8B9B7F1B53DA
:1079B0007B171CAA7B030D8B0D7F0253B87918AA85
:1079C000AD020ECA4D010DCAB5020BCAAA7D1F53E6
:1079D0004D050DAA4A0318CA4A011CCA5401148B4A
:1079E000AA01048B94020A8B6A7F1B534A151BAAB7
:1079F0004A01148B947F0253947A1CAAFC0213CA86
:107A000029011CCAF70216CA3C7D1F53890709AA1F
:107A10001C0314CA9C031BCA9C031A8B3A01048BD7
:107A20009C031A8B5A7D1B535A170AAA5A031C8BA4
:107A30007C7F02539B7B1BAA7C0119CA08011CCACC
:107A40006B0111CA1C7D1F53880708AA9C021BCA20
:107A50009C030ACA9803188B1C01048B18031C8B07
:107A60005C7F1B539C171AAA9C03188B587D0253EA
:107A70000A7B0AAAD8020DCAF80018CAD6020ECA92
:107A8000077F1F53F80418AA67030ACAE7001ACA37
:107A9000F400148B0703048B9402078B877F1B531E
:107AA000E7141CAAE700148B547F02539A7A1AAA8F
:107AB000340209CA540014CA310213CA827E1F5309
:107AC000540414AA42011ACA42001CCA5B001B8B50
:107AD0008202048B7B03028BE27C1B53421407AAB5
:107AE00042001B8B9B7F02537B7B1CAADC0108CAD4
:107AF0008C030CCACE0119CA9C7D1F538C070CAA9B
:107B00005C031BCA9C0307CA9C030A8B8A01048B73
:107B10009C030A8B4A7C1B534A1502AA4A011C8B00
:107B2000FC7C0253877B07AA7C0218CA10021CCA7D
:107B300073020DCA1C7E1F53900710AA7C0307CA4C
:107B40009C0302CA9A031A8B1C02048B5A031C8BD7
:107B50005C7D1B539C170AAA9C031A8B5A7C025308
:107B6000427B02AA3A0314CAFA011ACA5E01028AC7
:107B7000390309CA4F7F1F53FA051AAA4F0102AAF7
:107B8000EF01078AEF011EAAEF011B8B5B03058B38
:107B9000EF011B8B9B7F1B537B171CAA7B030F8B57
:107BA0004F7D0253EA790AAAAF010CCAB5020FCA87
:107BB0009E030A8AAD0108CAAF7E1F53F50515AAB8
:107BC0008F030AAAEF01028AEF011EAAEF01078BB9
:107BD000A702058BEF01078B677F1B53E7141BAAD6
:107BE000E7000F8B8F7F0253FC791CAA2F0110CA6C
:107BF000EF020FCA7E031C8A290118CAF77D1F53A2
:107C0000EF060FAA77031CAAF7020A8AF7021EAA38
:107C1000F702028BE201058BF702028BE27C1B5319
:107C2000421407AA4200178B777F0253F77A1BAAE8
:107C30001B011ACA6B011BCAFE00178A7B7D1F53EA
:107C40006B070BAAFB0017AA7B031C8A7B031EAAE7
:107C50006A030A8B7B01058B4A011B8B5B7C1B53E0
:107C60007B1702AA7B030A8BEA7C0253477907AA97
:107C70000A0315CACA020ACA5E00078A18030CCA98
:107C8000567D1F53CA060AAA560007AAD602178AAB
:107C9000D6021EAADC021C8B5601058B9C03168B98
:107CA000767F1B53D6161BAAD6021C8B5C7C025314
:107CB000827B02AA9C020FCA31021CCA7E03028A7E
:107CC0003C7E1F53910711AA7C0302AA9C03078ADA
:107CD0009C031EAA9C03178B3702058B9C03178BF2
:107CE000D77E1B53F71616AAF7021C8B7C7F025314
:107CF0009B7B1BAA9C010BCACE011CCADE021B8AFD
:107D00008C011ACADC7D1F538E070EAADC021BAA47
:107D10009C03028A9C031EAA9C03078BC701058B48
:107D20009C03078BE77E1B53E71417AAE7001C8B05
:107D3000DC7E0253967B16AA1C020ACA73021CCA76
:107D4000FE02168A7C7E1F53930713AAFC0216AA12
:107D50009C031B8A9C031EAA8203028B7C02058B58
:107D600042001C8BFC7C1B539C1707AA9C03028BB4
:107D7000E27E0253577817AA420311CA220302CAAD
:107D8000FE00178A5A030FCA597C1F53220702AA02
:107D9000F90017AA3903168A39031EAA3B031B8B65
:107DA0005900058B7B03198B997F1B5339171CAA2C
:107DB00039031B8BFB7C02537B7B07AAA7020ECAED
:107DC000AD0107CA9E031B8AA77D1F53ED040DAAB0
:107DD00087031BAAE700178AE7001EAA3E7F1B53F2
:107DE000E700168BB601058BE700168BF60113CA68
:107DF000360116CADE1719AADE03078B877F0253E6
:107E0000FC781CAAC77E1F53F60416AA27031CAAD7
:107E100029031C8AE7001B8AE70009AAC902058B0F
:107E2000E700178B770102CAE700098BC97F1B5354
:107E300029151EAAEF010ACA2901078B277F0253C1
:107E4000F97819AA070114CAE70207CAD703198AE1
:107E5000940210CA100215CAE87C1F53B5020BCA5F
:107E6000070507AAC80319AA08011C8A6B0111CAD1
:107E7000170117AAE800058BF7021B8BDB7F025363
:107E8000F702088B287D1B53081509AA7B7B1EAAC5
:107E90000801178B57010DCA170317CA3E011B8A29
:107EA0004A010ECAF87E1F53170717AA38011BAAEA
:107EB0001803198A18031EAA18031C8BFC02058BD1
:107EC00018031C8B1C7D1B539C1708AA9C03188B42
:107ED000387D0253097B09AA380216CA980218CACB
:107EE0001E01098A310213CA147F1F53980618AA6B
:107EF000140109AA94021B8A94021EAA9402198BE7
:107F00001903058B9402198B997F1B5339171CAAEF
:107F10003903148B147D0253887A08AAD40107CA46
:107F2000940114CA9E03088ACE0102CA8C7E1F5394
:107F3000940514AA8C0308AA8C01098A8C011EAA34
:107F40008C011B8B9B02058B8C011B8B3B7F1B5376
:107F50007B1719AA7B030C8B8C7F02539C791CAA7C
:107F60006C0217CA10020CCA3E031C8A73020DCAA7
:107F70000C7E1F53900510AA2C031CAA8C01088AA2
:107F80008C011EAA8C01098B0902058B8C01098BBF
:107F9000697F1B5329151BAA29010C8B2C7F0253C7
:107FA000997919AA4C0018CA4C030CCA7E03198A85
:107FB000420016CA9A7D1F534C070CAA7A0319AACD
:107FC0005A031C8A5A031EAA5A03088B8801058B80
:107FD0005A03088B287D1B53081509AA08011A8B20
:107FE0007A7F02535A7B1BAABB0114CAB5021BCA73
:107FF0003E011A8AAD0107CABB7E1F53750715AA39
:108000003B011AAA7B03198A7B031EAA7C031C8BE3
:10801000BB02058B9C031B8B1B7D1B537B1708AA84
:108020007B031C8B3C7D02539C7B09AAC90210CAAE
:10803000E90109CA1E011C8AD60217CA2F7D1F53E7
:10804000E90509AA0F011CAAEF011A8AEF011EAA6D
:10805000F901198B2F01058B39030F8B6F7F1B5390
:10806000EF151BAAEF01198B197D0253397B08AA62
:10807000E8000CCA680108CA7E03198AE70018CA1A
:108080000B7D1F53680508AA6B0319AA6B011C8A94
:108090006B011EAA6B011A8B1A01058B6B011A8BDF
:1080A000FA7D1B535A170FAA5A030B8B6B7F02538F
:1080B0007B791BAAEB0215CA4B010BCAF70214CA43
:1080C0006A7D1F534B050BAA2A031BCA4A010FCA1C
:1080D0005C011C8B6A01068B9C030A8B4A7F1B5335
:1080E0004A151AAA4A011C8BFC7D02538F7B0FAAEA
:1080F0001C0309CA31021CCA180310CA3C7E1F5354
:10810000910711AA7C030FCA9C031ACA9C03198BFE
:108110003902068B9C03198B597D1B5339170AAA08
:1081200039031C8B5C7F02539A7B1AAA9C0208CAF3
:10813000CE011CCA94020CCADC7D1F538E070EAA06
:10814000FC011ACA9C030ACA9C031B8BDB01068B29
:108150009C031B8B3B7F1B537B1719AA7B031C8B38
:108160005C7D02539C7B0AAA0A020BCA6A020ACAF5
:10817000100215CA537D1F536A060AAA53031CCA6C
:10818000730219CA73020F8B4F01068B73020F8B98
:108190006F7F1B53EF151BAAEF01138B337F025325
:1081A000737A19AA990111CA220302CA8C0109CA59
:1081B000597C1F53220702AA990313CA39031BCA09
:1081C0003A031A8B5900068B5A03198BF97D1B53FE
:1081D00039170FAA39031A8B7A7F02535A7B1BAACD
:1081E000BB020ECAAD011BCAB50208CABB7D1F5334
:1081F0006D070DAA7B021ACA7B030FCA7C031C8B76
:10820000BB01068B9C031B8B3B7F1B537B1719AA5F
:108210007B031C8BFC7D02539C7B0FAA2F010ACA97
:10822000CF020FCA29010BCAF67D1F53CF060FAA32
:1082300056031CCAD60219CAD602138BF301068B49
:10824000D602138B737F1B5373161BAA7302168BF4
:10825000367F0253D67A19AA190102CAF90019CA3F
:10826000080111CA277F1F53F90419AA870316CAE8
:10827000E7001BCAE7001A8B3A03068BE7001A8B4C
:108280007A7E1B535A1713AA5A03078B677F025330
:10829000FB781BAA67010DCAF70207CA6B010ECA59
:1082A000E77E1F53F70417AAC7021BCAE70013CAC9
:1082B000E7001C8BFC02068BE7001C8B5C7F1B53CA
:1082C0009C171AAA9C03078B677E0253F37813AAA4
:1082D00027020FCA070307CA31020ACAF87C1F53D4
:1082E000070707AA780313CA18031ACA1803168BBC
:1082F000F600068B1803168B967F1B53D6161CAA06
:10830000D602188B587F0253187B1AAADA0119CAB1
:1083100094021ACACE0102CA9A7E1F53540714AAA5
:108320007A0218CA5A031CCA5B031B8B9A02068B7B
:108330007B031A8BDA7E1B535A1716AA5A031B8B20
:108340009B7F02537B7B1CAA5C0117CA10021CCACC
:108350004A010DCA1C7E1F53900710AA1C031BCA9A
:108360009C0316CAEF0110CA9C03138B1302068BE1
:108370009C03138B537F1B5373161AAA2F010FCA2A
:1083800073021C8BDC7E0253967B16AA5C0007CA24
:108390009C011CCAE97D1F532F050FAA8C7F1F5318
:1083A000E901068B9C051CAA6C0316CA8C011ACA2B
:1083B00039031CCA8C01188B9803068B8C01188B0F
:1083C000787E1B53181713AA190119CA18030C8BAE
:1083D0004C7F02539A791AAAAC0114CAB5020CCA8E
:1083E000287F1F53190519AAE7000FCAAC7E1F5337
:1083F0002803068B950515AACC021ACA8C0113CA4C
:10840000F70215CA9B011B8BAC02068B7B030C8BFE
:108410000C7F1B538C1518AA6B0117CA8C011B8B80
:108420007B7E02537B7B13AAE70011CA53031BCA4E
:10843000940219CA730218CAEF7C1F537302168B79
:10844000EF0507AA7302098B897D1B5329150CAA16
:10845000EF01068B2901138B137F0253737A18AA3D
:10846000CE0114CA760313CAD6020CCAC27D1F53AA
:10847000D6021A8B4E040EAAD602088B287D1B53F7
:10848000081509AACE01068B0801168B967D0253AA
:10849000D67A0CAA6C7D1F53750216CA8B050BAADF
:1084A000B50209CA6C01068BB5021B8B10020BCA00
:1084B000B5020C8B0C7D1B538C1508AA4A0110CAFF
:1084C0008C01158B357D0253A97A09AAC70209CA06
:1084D000E70008CAE700138BEF01078B877D1B536A
:1084E000E7140CAAE7000F8B0F7D0253E87908AA66
:1084F000220108CA42000CCA4200168BCE01028B30
:10850000E27C1B53421407AA4E000E8B827D02535D
:108510004C780CAA427D1F534A040AAA02010CCAD5
:10852000420007CA4A01068B4200098BE96340B941
:108530004A01028BC27D1B5342140EAAE70887131F
:1085400042000A8B2201020B021000B9E26B40B913
:1085500042000E0B021400B9021840B9E700020BEA
:10856000021C40B942000C0B07080329022040B945
:108570004200080B022000B982FAFF17FD7BBBA95D
:10858000FD030091F35301A9F40300AAF303022AA7
:10859000F55B02A916088052F50301AAF76303A947
:1085A000F92300F9000040F9171440924000000B35
:1085B000800200F9F903172AD602174B1F4022EB5D
:1085C00082000054800640F900040091800600F902
:1085D000FF0200F1C212537AC80100547302015124
:1085E000E10315AA98920091B502168B3303130B81
:1085F0000003178B170080D2E20316AA9112009491
:10860000E10318AAE00314AA220080524BFAFF9754
:10861000627E0653E10315AAE00314AA47FAFF9706
:10862000621600728001005473667A928092009103
:10863000A102138B0000178BF35341A942144092FF
:10864000F55B42A9F76343A9F92340F9FD7BC5A86F
:108650007C120014F35341A9F55B42A9F76343A9C7
:10866000F92340F9FD7BC5A8C0035FD64200003462
:10867000C3FFFF17C0035FD6FD7BBDA9FD030091BB
:10868000F35301A9F40301AAF30300AA010840A9C6
:1086900023FC5DD3620C02AA030780D24208C05AB1
:1086A000E22B00B922F07DD321144092630001CB6C
:1086B0003FDC00F14208C05AE22F00B9020F80D21D
:1086C000420001CB4280839A210100D021D8119130
:1086D000E7FFFF97E1A30091E00313AA0201805294
:1086E000A7FFFF97604E403980020039602640792D
:1086F00080060039601240B9007C0853800A0039B6
:10870000601240B9800E0039605E40398012003935
:10871000602E407980160039601640B9007C0853FD
:10872000801A0039601640B9801E0039606E4039E9
:10873000802200396036407980260039601A40B9BD
:10874000007C0853802A0039601A40B9802E003915
:10875000607E403980320039603E40798036003991
:10876000601E40B9007C0853803A0039601E40B951
:10877000803E0039608E4039804200396046407941
:1087800080460039602240B9007C0853804A003995
:10879000602240B9804E0039F35341A9FD7BC3A844
:1087A000C0035FD6FD7BB5A9FD030091F35301A97A
:1087B000F30300AA7442218BE0230191F55B02A927
:1087C000F603032AF71B00F9F70302AACCF9FF9777
:1087D0007F0214EB23010054E10317AAE023019167
:1087E000A6FFFF97F35341A9F55B42A9F71B40F998
:1087F000FD7BCBA8C0035FD6950213CBE10313AA80
:10880000DF02156BE0230191D532951AE203152A98
:1088100073C2358B96FFFF97EAF5FF97EDFFFF17C1
:10882000E1CC9C521F7C00292141AD72010800B9A6
:10883000A1D09552E16CB772010C00B9416E9E5205
:10884000C18DA772011000B941A79E52E1A9B4726F
:10885000011400B9E14F8A52C121AA72011800B96E
:1088600081118D52A160B372011C00B961359B5218
:1088700061F0A372012000B921A39952017CAB726F
:10888000012400B9C0035FD6FD7BB9A9FD030091A7
:10889000F35301A9F55B02A9F76303A9F96B04A9D6
:1088A000FB7305A9E26F00B9E203022AC20000349B
:1088B000E26F40B942040051E26F00B95F04003139
:1088C00001010054F35341A9F55B42A9F76343A9A1
:1088D000F96B44A9FB7345A9FD7BC7A8C0035FD60C
:1088E000220040392100019123105C3837305C3878
:1088F00038705C38432003AA22205C383AB05C38D8
:1089000039F05C38624002AA23505C38576017AADD
:1089100022405C3834305D38F70AC05A33705D3815
:10892000422003AA23605C383EB05D3831F05D38E8
:10893000424003AA23905C38586018AA22805C3811
:10894000180BC05A422003AA23A05C38424003AA55
:1089500023D05C385A601AAA22C05C385A0BC05A1D
:10896000422003AA23E05C38424003AA23105D386A
:10897000596019AA22005D38390BC05A422003AA57
:1089800023205D38424003AA23505D38546014AA66
:1089900022405D38940AC05A422003AA23605D3801
:1089A000424003AA23905D38536013AA22805D38A9
:1089B000730AC05A422003AA23A05D38424003AA8A
:1089C00023D05D385E601EAA22C05D38DE0BC05A1F
:1089D000422003AA23E05D38424003AA516011AA55
:1089E00022005E3823105E38310AC05A30305E38BB
:1089F0002F705E38422003AA23205E382EB05E38E6
:108A00002DF05E38424003AA23505E38506010AA11
:108A100022405E382B305F38100AC05A2A705F3807
:108A2000422003AA23605E382CB05F3836F05F38EE
:108A3000424003AA23905E384F600FAA22805E381E
:108A4000EF09C05A422003AA23A05E38424003AA7D
:108A500023D05E384E600EAA22C05E38CE09C05ABE
:108A6000422003AA23E05E38424003AA23105F3865
:108A70004D600DAA22005F38AD09C05A422003AAFA
:108A800023205F38424003AA23505F384B600BAA73
:108A900022405F386B09C05A422003AA23605F3826
:108AA000424003AA23905F384A600AAA22805F38B6
:108AB0004A09C05A422003AA23A05F38424003AAB1
:108AC00023D05F384C600CAA22C05F388C09C05A92
:108AD000422003AA23E05F38424003AA566016AA48
:108AE000021840B9042040B9D60AC05A07184129D3
:108AF000432C82136318C24A6364C24A021C40B901
:108B00004200044A041840B94200040A042040B953
:108B10004200044A04F385526200020B032440B968
:108B20004451A8726300040B040C40B94200030BCB
:108B3000031440B94200170BF7020F0B6900020B38
:108B4000030840B965348313A508C34AA558C34A2E
:108B50006300042A041040B96300040A040840B901
:108B60008400060A6300042A24928852A500030B9D
:108B7000E426AE72A500020B020C43294200034A10
:108B80004200090A4200034A032040B94200180B80
:108B90006300040BA43485134200030B232D8913B7
:108BA0006318C94A8408C54A6364C94A8458C54AD7
:108BB0004200030B031040B96800020B030840B9E0
:108BC0006300052A6300060A060840B9C600050AC4
:108BD0006300062AE6799F528400030B031840B90C
:108BE0008400020B021840B906B8B6724200094A66
:108BF0004200080A4200034A031C40B942001A0B13
:108C00006300060BA600042A4200030B032D881301
:108C10006318C84AC600070A6364C84AA700040A62
:108C20004200030B030C40B9C600072A2701084A7B
:108C30007B00020B833484136308C44AE7001B0AD9
:108C40006358C44AE700094A6300060BA6749B52A6
:108C50006300020B021840B9E700190BA636BD727B
:108C60004200060B9500032AE700020B622F9B13BC
:108C70004218DB4A9C00030A4264DB4AB502050A3B
:108C8000E700020B020840B9B5021C2A4600070B98
:108C9000623483134208C34A4258C34A4200150B48
:108CA0004200070B07011B4AE700060A7500022A6B
:108CB000E700084A7C00020AE700090B694B98525A
:108CC000C92AA7728902090BE700090BC92C861370
:108CD0002919C64AB502040A2965C64AB5021C2AE2
:108CE000E700090B493482132909C24AA500070B82
:108CF0002959C24A2901150B2901070B6703064AA6
:108D0000E700050A5500092AE7001B4A5C00090A2A
:108D1000E700080B283E8252283EAB726802080B1F
:108D2000E700080BA82C85130819C54AB502030AE9
:108D30000865C54AB5021C2AE700080B28358913C7
:108D40000809C94A8400070B0859C94A0801150BCC
:108D5000D500054AB502040A0801070BB502064A08
:108D600087549052B5021B0BE747B272C703070B3B
:108D70003B01082AB502070B872C8413E718C44A65
:108D80003C01080AE764C44A7B03020AB502070BE8
:108D900007358813E708C84A7B031C2AE758C84AE6
:108DA0006300150BE7001B0BE700150BB500044A29
:108DB000B502030A1B01072AB502054A1C01070A6E
:108DC000B502060BA6DA8B528663B5722602060B35
:108DD000B502060B662C8313C618C34A7B03090A27
:108DE000C664C34A7B031C2AB502060BE63487130C
:108DF000C608C74A4200150BC658C74AC6001B0B17
:108E0000C600150B9500034AB502020AFB00062AAC
:108E1000B502044AFC00060AB502050B055395523B
:108E2000E500BB720502050BB502050B452C82134C
:108E3000A518C24A7B03080AA564C24A7B031C2A00
:108E4000B502050BC5348613A508C64A2901150BC2
:108E5000A558C64AA5001B0BA500150B7500024AB4
:108E6000B502090ADB00052AB502034ADC00050A3F
:108E7000B502040B24608B526450A272E401040B0F
:108E8000B502040B242D89138418C94A7B03070AF1
:108E90008464C94A7B031C2AB502040BA4348513DD
:108EA0008408C54A0801150B8458C54A84001B0B69
:108EB0008400150B5500094AB502080ABB00042AB4
:108EC000B502024ABC00040AB502030BC3B79052B4
:108ED0002386A472C301030BB502030B032D881371
:108EE0006318C84A7B03060A6364C84A7B031C2ACA
:108EF000B502030B833484136308C44AE700150BDF
:108F00006358C44A63001B0B6300150B3501084A04
:108F1000B502070A9B00032AB502094A9C00030A0E
:108F2000B502020B62B88F5282A1AA72A201020B93
:108F3000B502020BE22C87134218C74A7B03050ACD
:108F40004264C74A7B031C2AB502020B62348313B6
:108F50004208C34AC600150B4258C34A42001B0BC5
:108F60004200150B1501074AB502060A7B00022ACA
:108F7000B502084A7C00020AB502090B89AE8B5281
:108F8000C957AE726901090BB502090BC92C8613CA
:108F90002919C64A7B03040A2965C64A7B031C2A91
:108FA000B502090B493482132909C24AA500150BE1
:108FB0002959C24A29011B0B2901150BF500064A44
:108FC000B502050A5B00092AB502074A5C00090AD6
:108FD000B502080BC83F9652C81BB0724801080B77
:108FE000B502080BA82C85130819C54A7B03030A90
:108FF0000865C54A7B031C2AB502080B283589136E
:109000000809C94A8400150B0859C94A08011B0BF5
:109010000801150BD500054AB502040A3B01082AD0
:10902000B502064A3C01080AB502070BE7D4805294
:10903000877BB3728701070BB502070B872C84135C
:10904000E718C44A7B03020AE764C44A7B031C2A6C
:10905000B502070B07358813E708C84A6300150BEC
:10906000E758C84AE7001B0BE700150BB500044A98
:10907000B502030A1B01072AB502054A1C01070AAB
:10908000B502060B862E9E526633B872C602060BD8
:10909000B502060B662C8313C618C34A7B03090A64
:1090A000C664C34A7B031C2AB502060BE634871349
:1090B000C608C74A4200150BC658C74AC6001B0B54
:1090C0009B4D8C13C600150B154B98137B47CC4A50
:1090D000B51ED84A7B2B4C4AB50E584A7503150B62
:1090E000FB00062AB502170B9700034AF702020A93
:1090F000FC00060AF702044A7B03080AF702050B84
:1091000025388D526593BC72A502050BF702050B3D
:10911000452C8213A518C24A7B031C2AA564C24AA7
:1091200018030E0BF702050BC5348613A508C64AB3
:109130002901170BA558C64AA5001B0BDB4E961339
:10914000A500170B574B9A137B47D64AF71EDA4AEE
:109150007B2B564AF70E5A4A7703170BDB00052A7A
:10916000F702180B7800024A1803090ADC00050A06
:109170001803034A7B03070A1803040BC4F0885240
:10918000C4F7BD72E402040B1803040B242D8913E9
:109190008418C94A7B031C2A8464C94A5A030D0BEC
:1091A0001803040BA43485138408C54A0801180B5E
:1091B0008458C54A84001B0BBB4E95138400180BC2
:1091C000384B99137B47D54A181FD94A7B2B554AF0
:1091D000180F594A7803180BBB00042A18031A0BFE
:1091E0005A00094A5A03080ABC00040A5A03024AF0
:1091F0007B03060A5A03030BC3B8935223F8A172E8
:109200000303030B5A03030B032D88136318C84A87
:109210007B031C2A6364C84A39030B0B5A03030BF4
:10922000833484136308C44AE7001A0B6358C44AA2
:1092300063001B0BFB4E971363001A0B9A4A94139F
:109240007B47D74A5A1FD44A7B2B574A5A0F544A56
:109250007A031A0B9B00032A5A03190B3901084A97
:109260003903070A9C00030A3903094A7B03050AEC
:109270003903020B823994528281A4724203020B99
:109280003903020BE22C87134218C74A7B031C2ABE
:109290004264C74A94020A0B3903020B62348313F7
:1092A0004208C34AC600190B4258C34A42001B0B6E
:1092B0001B4F98134200190B794A93137B47D84AE6
:1092C000391FD34A7B2B584A390F534A7903190B5C
:1092D0007B00022A3903140B1401074A9402060A80
:1092E0007C00020A9402084A7B03040A9402090BD8
:1092F000E98D855229BDA5722903090B9402090B3A
:10930000C92C86132919C64A7B031C2A2965C64A1B
:1093100073020C0B9402090B493482132909C24AC7
:10932000A500140B2959C24A29011B0B5B4F9A1344
:109330002901140BD44B9E137B47DA4A941EDE4A54
:109340007B2B5A4A940E5E4A7403140B5B00092A65
:109350009402130BF300064A7302050A5C00090A23
:109360007302074A7B03030A7302080B4895905265
:10937000884EA9728802080B7302080BA82C85136B
:109380000819C54A7B031C2A0865C54ADE03160B6B
:109390007302080B283589130809C94A8400130B86
:1093A0000859C94A08011B0B3B4F99130801130BBD
:1093B000334A91137B47D94A731ED14A7B2B594AB2
:1093C000730E514A7303130B3B01082A73021E0BE1
:1093D000DE00054ADE03040A3C01080ADE03064AF1
:1093E0007B03020ADE03070B873B95520796AB729D
:1093F0006702070BDE03070B872C8413E718C44AA8
:109400007B031C2AE764C44ADE03070B0735881375
:10941000E708C84A63001E0BE758C84AE7001B0B61
:10942000E7001E0B1E4A9013DE1FD04A1B01072ABD
:10943000DE0F504A1C01070ADE03110B914E9413F4
:109440003146D44A7B03090A312A544A7B031C2A39
:109450003102150BDE03110BB100044A3102030A7D
:109460003102054A3102060B461B915226DFAE72CD
:10947000C603060B3102060B662C8313C618C34ABB
:10948000C664C34A3102060BE6348713C608C74ACE
:109490004200110BC658C74AC6001B0BC600110B71
:1094A000F1498F13311ECF4AFB00062A310E4F4A75
:1094B000FC00060A3102100B704E93131046D34A7B
:1094C0007B03080A102A534A7B031C2A1002170B3D
:1094D0003102100B9000034A1002020A1002044AE3
:1094E0001002050B452A8A52C507B3722502050BE7
:1094F0001002050B452C8213A518C24AA564C24A66
:109500001002050BC5348613A508C64A2901100BA5
:10951000A558C64AA5001B0BA500100BD0498E13F9
:10952000101ECE4ADB00052A100E4E4ADC00050A4A
:1095300010020F0BCF4F9E13EF45DE4A7B03070A45
:10954000EF295E4A7B031C2AEF01180B10020F0B58
:109550006F00024AEF01090AEF01034AEF01040B11
:10956000A4CD98522406B5720402040BEF01040B3B
:10957000242D89138418C94A8464C94AEF01040B55
:10958000A43485138408C54A08010F0B8458C54AC2
:1095900084001B0B84000F0BAF498D13EF1DCD4AC8
:1095A000BB00042AEF0D4D4ABC00040AEF010E0B6C
:1095B0002E4E9113CE45D14A7B03060ACE29514A3D
:1095C0007B031C2ACE011A0BEF010E0B4E00094A39
:1095D000CE01080ACE01024ACE01030B03F98452E0
:1095E0006300B672E301030BCE01030B032D881356
:1095F0006318C84A6364C84ACE01030B83348413DA
:109600006308C44AE7000E0B6358C44A63001B0B8F
:1096100063000E0B6E498B13CE1DCB4A9B00032AB1
:10962000CE0D4B4A9C00030ACE010D0B0D4E90133C
:10963000AD45D04A7B03050AAD29504A7B031C2A5D
:10964000AD01190BCE010D0B2D01084AAD01070A22
:10965000AD01094AAD01020BE2F88F5222EBB7725D
:10966000C201020BAD01020BE22C87134218C74A5C
:109670004264C74AAD01020B623483134208C34AF5
:10968000C6000D0B4258C34A42001B0B5B498A13AC
:109690007B1FCA4A42000D0B7B0F4A4AED4D8F13C8
:1096A0007B030B0BAD45CF4A0B01074AAD294F4A4F
:1096B0006B01060AAD01140B6B01084AAD011B0BCF
:1096C0006B01090B697E815209DCB872A901090B93
:1096D0006B01090BC92C86132919C64A7B00022A83
:1096E0002965C64A7C00020A6B01090B49348213C2
:1096F0002909C24A7B03040A7B031C2A2959C24A4E
:1097000029011B0BA5000B0B29010B0B8B498C139B
:109710006B1DCC4A5B00092A6B0D4C4A5C00090AA0
:109720006B010A0BCA4D8E134A45CE4A7B03030ACE
:109730004A294E4A7B031C2A4A01130B6B010A0B70
:10974000EA00064A4A01050A4A01074A4A01080B8B
:10975000E8289252E8B4BA726801080B4A01080B73
:10976000A82C85130819C54A0865C54A4A01080B83
:10977000283589130809C94A84000A0B0859C94ABF
:1097800008011B0B08010A0BCA4A96134A1DD64A48
:109790003B01082A4A0D564A3C01080A4A010C0BB3
:1097A000AC4D8D138C45CD4A7B03020A8C294D4A62
:1097B0007B031C2A8C011E0B4A010C0BCC00054AB2
:1097C0008C01040A8C01064A8C01070B276A8C5213
:1097D00047D9A0724701070B8C01070B872C841314
:1097E000E718C44AE764C44A8C01070B073588139D
:1097F000E708C84A63000C0BE758C84AE7001B0B90
:10980000E7000C0BAC4A95138C1DD54A1B01072AA7
:109810008C0D554A1C01070A8C01160B764D8B13D3
:10982000D646CB4A7B03090AD62A4B4A7B031C2A1D
:10983000D602110B8C01160BB600044AD602030A9D
:10984000D602054AD602060BE62C85522685A27260
:109850008601060BD602060B662C8313C618C34A74
:10986000C664C34AD602060BE6348713C608C74A45
:109870004200160BC658C74AC6001B0BC600160B83
:10988000F64A9713D61ED74AFB00062AD60E574A29
:10989000FC00060AD602150B554D8A13B546CA4A76
:1098A0007B03080AB52A4A4A7B031C2AB502100B1F
:1098B000D602150B9500034AB502020AB502044A06
:1098C000B502050BA5508152E5F6A472C502050B41
:1098D000B502050B452C8213A518C24AA564C24ADD
:1098E000B502050BC5348613A508C64A2901150B18
:1098F000A558C64AA5001B0BA500150B154B9813C0
:10990000B51ED84ADB00052AB50E584ADC00050A08
:10991000B502170B974D8C13F746CC4A7B03070A09
:10992000F72A4C4A7B031C2AF7020F0BB502170BD0
:109930007700024AF702090AF702034AF702040B0A
:109940000427845264C3A572A402040BF702040B1B
:10995000242D89138418C94A8464C94AF702040B68
:10996000A43485138408C54A0801170B8458C54AD6
:1099700084001B0B8400170B574B9A13F71EDA4A0F
:10998000BB00042AF70E5A4ABC00040AF702180B5F
:10999000D84E96131847D64A7B03060A182B564A08
:1099A0007B031C2A18030E0BF702180B5800094AF8
:1099B0001803080A1803024A1803030B83BF8D52C9
:1099C00083A5A972E302030B1803030B032D88136D
:1099D0006318C84A6364C84A1803030B83348413AA
:1099E0006308C44AE700180B6358C44A63001B0BA2
:1099F0006300180B384B9913181FD94A9B00032A90
:109A0000180F594A9C00030A18031A0BBA4E9513F3
:109A10005A47D54A7B03050A5A2B554A7B031C2A11
:109A20005A030D0B18031A0B3A01084A5A03070A86
:109A30005A03094A5A03020B62A281520267AA72B0
:109A40000203020B5A03020BE22C87134218C74A87
:109A50004264C74A5A03020B623483134208C34A62
:109A6000C6001A0B4258C34A42001B0B42001A0B95
:109A70009A4A94135A1FD44A7B00022A5A0F544A16
:109A80007C00020A5A03190BF94E97133947D74A3B
:109A90007B03040A392B574A7B031C2A39030B0B1F
:109AA0005A03190B1901074A3903060A3903084AF0
:109AB0003903090B896A8E5249A1AC724903090B1B
:109AC0003903090BC92C86132919C64A2965C64AC8
:109AD0003903090B493482132909C24AA500190B1D
:109AE0002959C24A29011B0B2901190B794A9313E1
:109AF000391FD34A5B00092A390F534A5C00090A0F
:109B00003903140B144F98139446D84A7B03030A65
:109B1000942A584A7B031C2A94020A0B3903140B1B
:109B2000F400064A9402050A9402074A9402080BBC
:109B30006857815248CDAE722803080B9402080B77
:109B4000A82C85130819C54A0865C54A9402080B54
:109B5000283589130809C94A8400140B0859C94AD1
:109B600008011B0B0801140BD44B9E13941EDE4AF4
:109B70003B01082A940E5E4A3C01080A9402130B2A
:109B8000534F9A137346DA4A7B03020A732A5A4ADE
:109B90007B031C2A73020C0B9402130BD300054A9F
:109BA0007302040A7302064A7302070BC72599520F
:109BB0004738B0728702070B7302070B872C841398
:109BC000E718C44AE764C44A7302070B07358813D1
:109BD000E708C84A6300130BE758C84AE7001B0BA5
:109BE0003B4F9913E700130B334A9113731ED14A6D
:109BF0007B47D94A730E514A7B2B594A73021E0B7D
:109C0000BE00044ADE03030A7B03160BDE03054A8B
:109C100073021B0BDE03060BA6908552464EB272F2
:109C20006602060BDE03060B662C8313C618C34AB6
:109C30001B01072AC664C34A1C01070ADE03060B80
:109C4000E6348713C608C74A7B03090A7B031C2A2C
:109C5000C658C74AC6001B0B42001E0BC6001E0B8F
:109C60001E4A9013DE1FD04AFB00062ADE0F504A20
:109C7000FC00060ADE03110B914E94133146D44AC0
:109C80007B03080A312A544A7B031C2A3102150B34
:109C9000DE03110B9100034A3102020A3102044A29
:109CA0003102050B25149D52E557B472C503050B0F
:109CB0003102050B452C8213A518C24AA564C24A7D
:109CC0003102050BC5348613A508C64A2901110BBC
:109CD000A558C64AA5001B0BFB498F137B1FCF4A13
:109CE000A500110B7B0F4F4A714E93137B03100B92
:109CF0003146D34A7000024A312A534A1002090AF7
:109D00003102170B1002034A31021B0B1002040B25
:109D100064C98C524403B5722402040B1002040B74
:109D2000242D89138418C94ADB00052A8464C94A92
:109D3000DC00050A1002040BA43485138408C54A0C
:109D40007B03070A7B031C2A8458C54A84001B0B2B
:109D50000801100B8400100BD0498E13101ECE4A40
:109D6000BB00042A100E4E4ABC00040A10020F0B5E
:109D7000CF4F9E13EF45DE4A7B03060AEF295E4A6A
:109D80007B031C2AEF01180B10020F0B4F00094A2E
:109D9000EF01080AEF01024AEF01030B036E915233
:109DA0006349B8720302030BEF01030B032D881301
:109DB0006318C84A6364C84AEF01030B83348413F1
:109DC0006308C44AE7000F0B6358C44A63001B0BC7
:109DD00063000F0BAF498D13EF1DCD4A9B00032A83
:109DE000EF0D4D4A9C00030AEF010E0B2E4E91130E
:109DF000CE45D14A7B03050ACE29514A7B031C2A52
:109E0000CE011A0BEF010E0B2E01084ACE01070AF4
:109E1000CE01094ACE01020B62348A5282EDB87239
:109E2000E201020BCE01020BE22C87134218C74A53
:109E30004264C74ACE01020B623483134208C34A0C
:109E4000C6000E0B4258C34A42001B0B42000E0BC9
:109E50006E498B13CE1DCB4A7B00022ACE0D4B4A96
:109E60007C00020ACE010D0B0D4E9013AD45D04A79
:109E70007B03040AAD29504A7B031C2AAD01190B50
:109E8000CE010D0B0D01074AAD01060AAD01084ACE
:109E9000AD01090B29039D524932BA72C901090B60
:109EA000AD01090BC92C86132919C64A2965C64A72
:109EB000AD01090B493482132909C24AA5000D0BD3
:109EC0002959C24A29011B0B29010D0B4D498A133F
:109ED000AD1DCA4A5B00092AAD0D4A4A5C00090A59
:109EE000AD010B0BEB4D8F136B45CF4A7B03030A80
:109EF0006B294F4A7B031C2A6B01140BAD010B0B22
:109F0000EB00064A6B01050A6B01074A6B01080B5F
:109F100088C4805228D3BA72A801080B6B01080BC1
:109F2000A82C85130819C54A0865C54A6B01080B9A
:109F3000283589130809C94A84000B0B0859C94AF6
:109F400008011B0B08010B0B8B498C136B1DCC4AB2
:109F50003B01082A6B0D4C4A3C01080A6B010A0BB5
:109F6000CA4D8E134A45CE4A7B03020A4A294E4AFD
:109F70007B031C2A4A01130B6B010A0BCA00054A1A
:109F80004A01040A4A01064A4A01070BA7B0865251
:109F9000C781BE726701070B4A01070B872C841328
:109FA000E718C44AE764C44A4A01070B0735881317
:109FB000E708C84A63000A0BE758C84AE7001B0BCA
:109FC000E7000A0BCA4A96134A1DD64A1B01072A04
:109FD0004A0D564A1C01070A4A010C0BAC4D8D1361
:109FE0008C45CD4A7B03090A8C294D4A7B031C2AE8
:109FF0008C011E0B4A010C0BAC00044A8C01030AB5
:10A000008C01054A8C01060B060E9452460DA27275
:10A010004601060B8C01060B662C8313C618C34A37
:10A02000C664C34A8C01060BE6348713C608C74AC8
:10A0300042000C0BC658C74AC6001B0BC6000C0BCF
:10A04000AC4A95138C1DD54AFB00062A8C0D554A47
:10A05000FC00060A8C01160B764D8B13D646CB4AB4
:10A060007B03080AD62A4B4A7B031C2AD602110B13
:10A070008C01160B9600034AD602020AD602044A45
:10A08000D602050BC52298528534A3728501050BB3
:10A09000D602050B452C8213A518C24AA564C24AF4
:10A0A000D602050BC5348613A508C64A2901160B2E
:10A0B000A558C64AA5001B0BA500160BF64A971318
:10A0C000D61ED74ADB00052AD60E574ADC00050A01
:10A0D000D602150B554D8A13B546CA4A7B03070AAB
:10A0E000B52A4A4A7B031C2AB502100BD602150B6F
:10A0F0007500024AB502090AB502034AB502040B0B
:10A1000004818D52E4C6A372C402040BB502040B91
:10A11000242D89138418C94A8464C94AB502040BE2
:10A12000A43485138408C54A0801150B8458C54A10
:10A1300084001B0B8400150B154B9813B51ED84AD1
:10A14000BB00042AB50E584ABC00040AB502170B1E
:10A15000974D8C13F746CC4A7B03060AF72A4C4AE4
:10A160007B031C2AF7020F0BB502170B5700094A95
:10A17000F702080AF702024AF702030B83E98E523C
:10A1800003E9A472A302030BF702030B032D881348
:10A190006318C84A6364C84AF702030B8334841304
:10A1A0006308C44AE700170B6358C44A63001B0BDB
:10A1B0006300170B574B9A13F71EDA4A9B00032ACA
:10A1C000F70E5A4A9C00030AF702180BD84E961352
:10A1D0001847D64A7B03050A182B564A7B031C2ACC
:10A1E00018030E0BF702180B3801084A1803070A68
:10A1F0001803094A1803020BA29697520296A672F8
:10A20000E202020B1803020BE22C87134218C74A22
:10A210004264C74A1803020B623483134208C34ADC
:10A22000C600180B4258C34A42001B0B4200180BD1
:10A23000384B9913181FD94A7B00022A180F594A24
:10A240007C00020A18031A0BBA4E95135A47D54AD6
:10A250007B03040A5A2B554A7B031C2A5A030D0B15
:10A2600018031A0B1A01074A5A03060A5A03084A26
:10A270005A03090B699681528923A7720903090BB6
:10A280005A03090BC92C86132919C64A2965C64ADF
:10A290005A03090BA9001A0B45348213A508C24AB8
:10A2A000A558C24AA5001B0BA5001A0B9A4A941385
:10A2B0005A1FD44A5B00052A5A0F544A5C00050A0B
:10A2C0005903190BFA4E97135A47D74A7B03030ACF
:10A2D0005A2B574A7B031C2A5A030B0B39031A0BC0
:10A2E000FA00064A5A03090A5A03074A5A03080B96
:10A2F0004849955208DBA9722803080B5A03080B3A
:10A30000282D89130819C94A0865C94A5A03080B38
:10A3100088001A0BA43485138408C54A8458C54A9A
:10A3200084001B0B1B4F981384001A0B7A4A93135B
:10A330005A1FD34A7B47D84A5A0F534A7B2B584A55
:10A340007B030A0B5A03140B74031A0BDA00094A35
:10A350005A03080ABB00042A5A03064ABC00040A2E
:10A360004703070BFA4999529A73AB729A021A0B78
:10A37000E7001A0B1A2D88135A1BC84A7B03020ADE
:10A380005A67C84A7B031C2AE7001A0B7A00070B9E
:10A39000833484136308C44A6358C44A63001B0BA4
:10A3A0006300070BC74B9E13E71CDE4A9B00032A82
:10A3B000E70C5E4A9C00030AE700130B334F991326
:10A3C0007346D94A7B03050A732A594A7B031C2A20
:10A3D00073020C0BE700130B3301084A73021A0ACD
:10A3E0007302094A7302060B66FE8D52C605AD72F2
:10A3F000E600060B7302060B462F9A13C618DA4ABC
:10A40000C664DA4A7302060B4600130B62348313E8
:10A410004208C34A4258C34A42001B0B9B4E941346
:10A420007B47D44A4200130B7B2B544A334A911387
:10A430007B03160B731ED14A16011A4A730E514A3A
:10A44000D602060A73021E0BD602084A73021B0BC1
:10A45000D602090BC95D9052E991AE726902090BEF
:10A46000D602090BC92C86132919C64A7B00022A79
:10A470002965C64A7C00020AD602090B49348213B8
:10A480002909C24A7B03040A2959C24A7B031C2AB0
:10A4900029011B0BA500160B2901160B164A901358
:10A4A000D61ED04A5B00090AD60E504AD102110BC3
:10A4B000F64C8713D646C74AD62A474AD602150B0A
:10A4C0005503064AB502050A3102160BB5021A4AAF
:10A4D0005600092AB502080BE86D8C52A814AF7219
:10A4E0002802080BB502080BA82C85130819C54AC9
:10A4F000D602030A0865C54AD6021B2AB502080B14
:10A50000283589130809C94A8400150B0859C94A16
:10A510000801160BD600054A0801150BF5498F13E3
:10A52000B51ECF4AD602040AB50E4F4AD602064AD5
:10A53000B502100B704E93131046D34AD6021A0B75
:10A54000102A534A3A01080A1002170B3701082A49
:10A55000B502100B90028F521099B072B002100B1E
:10A56000D602100B902C8413101AC44AF702020A68
:10A570001066C44AF7021A2AD602100B1035881347
:10A58000100AC84A6300160B105AC84A1002170B6B
:10A590001002160BD6498E13D61ECE4A1701100A8A
:10A5A000D60E4E4ACF020F0B364E9113D646D14AE5
:10A5B000D12A514A1601102A3102180BD602090A73
:10A5C000EF01110BB100044A3102030AD602172A27
:10A5D0003102054A3102060B06418052E698B172FB
:10A5E000E601060B3102060B662C8313C618C34A1C
:10A5F000C664C34A3102060B06369013C608D04A19
:10A600004200110BC658D04AC600160BC600110BEB
:10A61000B1498D13311ECD4A1602060A310E4D4A3C
:10A620002E020E0BB14E95133146D54A352A554AA6
:10A630009100034A3102020AB502190B3102044AA1
:10A64000CE01150B3102050B45FF9F52C517B272A3
:10A65000C501050B3102050B452C8213A518C24A12
:10A660001502062AA564C24AB502080A3102050B82
:10A67000C5348613A508C64AB502162AA558C64A87
:10A680002901110BA500150BA500110B71498B13A6
:10A69000311ECB4A310E4B4A2D020D0BF14D8F135B
:10A6A0003146CF4A2F2A4F4AD100052AEF01140B19
:10A6B0003102100AAD010F0B6F00024AEF01090AC7
:10A6C000D400050AEF01034A3102142AEF01040BFA
:10A6D000649D8D52048AB472A401040BEF01040B33
:10A6E000242D89138418C94A8464C94AEF01040BD4
:10A6F000A43485138408C54A08010F0B8458C54A41
:10A700008400110B84000F0B4F498A13EF1DCA4AB6
:10A71000EF0D4A4AE701070BEF7E94522FDFB77225
:10A720006B010F0BEB000B0BC74D8E13E744CE4AAA
:10A73000EE284E4A4700094ACE01030B032D881329
:10A740006318C84AE700080AE700024A6364C84A77
:10A750006300070B6E010E0BCE01030BA700042A4A
:10A76000E700060A833484136308C44AAB00040A72
:10A77000E7000B2A6358C44A6300070B87498C1310
:10A78000E71CCC4A10020E0BEC0C4C4A471E8F52B1
:10A7900027CEB8724A01070B8C01130BA74D8D13FE
:10A7A000E744CD4A63000E0BED284D4A2701084AC5
:10A7B000AD01020B022E90134218D04AE700100A96
:10A7C0008A010A0BE700094A4264D04A4D010D0B89
:10A7D0004200070B67348313AD01020B8200032A8A
:10A7E000E708C34A4200050A8A00030AE758C34A39
:10A7F00042000A2AE200020B070840B9E7000D0BED
:10A800004200070B020800B9020C40B94200030BDA
:10A81000020C00B9021040B94200040B021000B94A
:10A82000021440B94200050B021400B9021840B9E5
:10A830004200060B42000D0B021800B9021C40B981
:10A840004200100B021C00B9022040B94200080B64
:10A85000022000B9022440B94200090B022400B9C9
:10A8600014F8FF17FD7BBCA9FD030091F35301A968
:10A87000F40300AAF303022AF55B02A9F60301AA76
:10A88000F76303A917088052000040B9151400129D
:10A890000000022B800200B9F702154B8300005420
:10A8A000800640B900040011800600B9BF020071A3
:10A8B000E212537AE8010054E10316AA730201512F
:10A8C000D602178B98A20091E003152AB302130B4E
:10A8D00015008052E20317AA0003008BD9090094E7
:10A8E000E10318AAE00314AA22008052E7F7FF97B9
:10A8F000627E0653E10316AAE00314AAE3F7FF976A
:10A90000621600728001005473667A9294A20091DC
:10A91000E003152AC102138B8002008B421440927F
:10A92000F35341A9F55B42A9F76343A9FD7BC4A892
:10A93000C4090014F35341A9F55B42A9F76343A985
:10A94000FD7BC4A8C0035FD642000034C6FFFF17DA
:10A95000C0035FD6FD7BBDA903078052FD030091B4
:10A96000F35301A9F40301AAF30300AA0108402943
:10A97000427481134208C05AE22B00B922701D5361
:10A98000211400126300014B3FDC00714208C05AE1
:10A99000E22F00B9020F80524200014B4280831A1D
:10A9A000210100F021E01391E8FFFF97E1A300915E
:10A9B000E00313AA02018052ABFFFF97602E4039DB
:10A9C000800200396016407980060039600A40B97B
:10A9D000007C0853800A0039600A40B9800E0039B3
:10A9E000603E403980120039601E4079801600397F
:10A9F000600E40B9007C0853801A0039600E40B9DF
:10AA0000801E0039604E403980220039602640792E
:10AA100080260039601240B9007C0853802A003932
:10AA2000601240B9802E0039605E403980320039B2
:10AA3000602E407980360039601640B9007C08539A
:10AA4000803A0039601640B9803E0039606E403966
:10AA5000804200396036407980460039601A40B93A
:10AA6000007C0853804A0039601A40B9804E003992
:10AA7000607E403980520039603E4079805600390E
:10AA8000601E40B9007C0853805A0039601E40B9EE
:10AA9000805E0039608E40398062003960464079BE
:10AAA00080660039602240B9007C0853806A003912
:10AAB000602240B9806E0039609E40398072003952
:10AAC000604E407980760039602640B9007C08539A
:10AAD000807A0039602640B9807E0039F35341A95D
:10AAE000FD7BC3A8C0035FD6FD7BB5A9FD03009124
:10AAF000F35301A9F30300AA7442218BE0230191CF
:10AB0000F55B02A9F603032AF71B00F9F70302AA73
:10AB100044F7FF977F0214EB23010054E10317AAC7
:10AB2000E02301918CFFFF97F35341A9F55B42A904
:10AB3000F71B40F9FD7BCBA8C0035FD6950213CB72
:10AB4000E10313AADF02156BE0230191D532951AB8
:10AB5000E203152A73C2358B7CFFFF9719EDFF972F
:10AB6000EDFFFF17010040B900BA8152C0BFBD72AE
:10AB70003F00006B0001801200109F1AC0035FD6D7
:10AB80008101F8372200022B42010054032440B90E
:10AB90006308C05A5F00036BC8000054020840B944
:10ABA0004208C05A41C0218B0000018BC0035FD610
:10ABB000000080D2FEFFFF17FD7BBFA9E70302AABA
:10ABC000E2008012FD030091E20000B9E503012AD2
:10ABD000E80300AA82008052EAFFFF97060040B90E
:10ABE00040018012E00000B9C608C05AC1040051FB
:10ABF0003F200071E803005400010090A4100011F0
:10AC00000020249100486138610000102088208BCA
:10AC100000001FD6E103042A22008052E00308AAA4
:10AC20008400020BD7FFFF97600000B4000040399A
:10AC300020FFFF35840C001184741E12E40000B95B
:10AC4000E003062AFD7BC1A8C0035FD6E103042A06
:10AC5000E00308AA82008052CAFFFF97040040B9AF
:10AC6000A53000118408C05AA400040BF2FFFF179E
:10AC700026018052F3FFFF17FD7BBEA9FD03009163
:10AC8000E11F00B98100F83660008012FD7BC2A888
:10AC9000C0035FD6E203012A5F0440F261FFFF5464
:10ACA000E2730091C5FFFF971F040071E1FEFF549E
:10ACB000E01F40B9F6FFFF17FD7BBEA9FD03009121
:10ACC000E11F00B98100F83660008012FD7BC2A848
:10ACD000C0035FD6E203012A5F0440F261FFFF5424
:10ACE000E2730091B5FFFF971F0C0071E1FEFF5466
:10ACF000E01F40B9F6FFFF17FD7BBEA9EB0300AADA
:10AD0000EA0302AAFD030091FF1F00B9A100F83772
:10AD1000DAFFFF97E01F00B9E903002A0002F837C5
:10AD2000E91F40B9E2730091E0030BAAE103092A8D
:10AD3000A2FFFF971F080071800100541F240071BB
:10AD4000200200541F040071C1FEFF548A0000B4A9
:10AD5000400140B900040011400100B9E003092A94
:10AD6000FD7BC2A8C0035FD6CAFDFFB4410140B954
:10AD700021040051410100B941FDFF36E91F40B9EE
:10AD8000F7FFFF17E91F40B9C900F8363F2100312E
:10AD900061FEFF545F0100F129119F5AF0FFFF1778
:10ADA00009008012EEFFFF17FD7BBEA9FD03009195
:10ADB000E2730091FF1F00B9D0FFFF97C000F83782
:10ADC000E11F40B93F04007100009F5AFD7BC2A8FB
:10ADD000C0035FD600008012FDFFFF17FD7BBEA9F8
:10ADE000EC0300AA20008052FD030091E01F00B98F
:10ADF000E2730091E0030CAAC0FFFF97E103002A71
:10AE00002001F837E01F40B91F000071CD00005449
:10AE10001F040071E1FEFF54E003012AFD7BC2A87C
:10AE2000C0035FD601008012FCFFFF17FD7BBDA9A8
:10AE3000FD030091F35301A9F30300AA347C40936E
:10AE4000E00302AAF55B02A9F50302AA2D0800940B
:10AE50000004001194C220CB167C40937402148B22
:10AE60007F0214EBE9000054130080D2E00313AA20
:10AE7000F35341A9F55B42A9FD7BC3A8C0035FD68C
:10AE8000E20316AAE10315AAE00313AAA00800949E
:10AE9000E0FEFF3473060091F2FFFF17021040B985
:10AEA0004208C05A41D0218B0000018BC0035FD6FD
:10AEB000030840B96308C05A61C0218B0000018BB0
:10AEC000820000B4010440B92108C05A410000B911
:10AED000C0035FD6FD7BBDA9FD030091F35301A91B
:10AEE000F40300AAF303012AE2B30091E103132A59
:10AEF000E00314AA31FFFF971F0C0071E00000541B
:10AF0000F32F40B91F240071010100547F0200712A
:10AF10004001801273B2801AE003132AF35341A94F
:10AF2000FD7BC3A8C0035FD61F100071E0FDFF5476
:10AF300013008012F9FFFF17FD7BBEA9FD030091EE
:10AF4000F35301A9F40302AA020C40B94208C05A03
:10AF500041C0218B1300018B940000B4E00313AABD
:10AF6000E8070094800200B9E00313AAF35341A953
:10AF7000FD7BC2A8C0035FD6020080D2EFFFFF179F
:10AF8000FD7BBFA9E40302AAFD030091C4FFFF9764
:10AF9000010040F9FD7BC1A8210CC0DA810000F955
:10AFA000000440F9000CC0DA600000F90000805293
:10AFB000C0035FD6E40300AAFD7BBFA90300805253
:10AFC000FD030091E103032AE00304AAB4FFFF9705
:10AFD000A00000B5E3008012E003032AFD7BC1A8B6
:10AFE000C0035FD6000440F980FFFFB46304001182
:10AFF000F5FFFF17FD7BBEA9FD030091F35301A9E7
:10B00000F40302AA020840B94208C05A41C0218B89
:10B010000000018B13100091940000B4E00313AA08
:10B02000B8070094800200B9E00313AAF35341A9C2
:10B03000FD7BC2A8C0035FD6FD7BBBA9FD030091C9
:10B04000F35301A9F303012A747C4093F55B02A931
:10B05000F60300AAF71B00F9F70302AAFF4B00B999
:10B06000E04B40B90100132A2101F8361F0000719E
:10B0700073A29F5AE003132AF35341A9F55B42A937
:10B08000F71B40F9FD7BC5A8C0035FD61F04007104
:10B09000A1020054E2330191E103132AE00316AA4E
:10B0A000D5FFFF97F50300AAE00100B4E20314AA5C
:10B0B000E10317AA1608009460010035A06A7438ED
:10B0C000A0FDFF34E20314AAE00317AA010880528E
:10B0D0001B080094800000B5A06A74381F0001713D
:10B0E000A0FCFF54E103132AE2230191E00316AA16
:10B0F00002FFFF97F303002ADAFFFF17FD7BBDA9CC
:10B10000FD030091F35301A9F40300AAF30302AA7B
:10B11000E00302AAF51300F9F503012A7907009468
:10B12000E20313AAE303002AE103152AE00314AAA9
:10B13000F35341A9F51340F9FD7BC3A8BFFFFF17E7
:10B14000FD7BBEA9FD030091F30B00F9F30300AAF8
:10B15000CAFEFF97C000F837E103002AE00313AAF4
:10B16000F30B40F9FD7BC2A85BFFFF17F30B40F91F
:10B17000FD7BC2A8C0035FD6FD7BBEA9FD03009185
:10B18000F30B00F9F30300AACCFEFF97C000F837D9
:10B19000E103002AE00313AAF30B40F9FD7BC2A8E8
:10B1A0004DFFFF17F30B40F9FD7BC2A8C0035FD62C
:10B1B000FD7BBAA9FD030091F96B04A97A7C409349
:10B1C000F90302AAF35301A9F55B02A9F60300AA49
:10B1D000F50304AAF76303A9F7031AAAF80305AA5B
:10B1E000D8FFFF97F303002AA000F836550000B4FB
:10B1F000A00200B9140080D219000014E20315AABD
:10B20000E103132AE00316AA2AFFFF97F40300AA1A
:10B21000E2730191E00316AA810A40B92108C05ADD
:10B2200046FFFF97A00000B5E103132AE00316AA2A
:10B23000D2FFFF97ECFFFF17E15F40B9FF02016B00
:10B2400041FFFF54E2031AAAE10319AAB0070094D0
:10B25000C0FEFF35580000B4130300B9E00314AA80
:10B26000F35341A9F55B42A9F76343A9F96B44A9DC
:10B27000FD7BC6A8C0035FD60EFFFF17050080D276
:10B28000CCFFFF17FD7BBDA9FD030091F35301A97E
:10B29000F40300AAF30302AAE00302AAF55B02A9E1
:10B2A000F60303AAF503012A16070094E40316AA7D
:10B2B000E303002AE20313AAE103152AE00314AA18
:10B2C000F35341A9F55B42A9FD7BC3A8ECFFFF172F
:10B2D000FD7BBEA9FD030091E5730091B5FFFF97CB
:10B2E000400000B400300091FD7BC2A8C0035FD6CF
:10B2F000FD7BBEA9E40300AAFD030091F35301A95D
:10B30000F40302AAE20303AAEAFEFF97F30300AAEA
:10B31000000100B4D40000B4610A40B9E00304AAFB
:10B320002108C05A15FFFF97800200F9733200917F
:10B33000E00313AAF35341A9FD7BC2A8C0035FD663
:10B34000FD7BBDA9FD030091F35301A9F40300AAFD
:10B35000F30302AAE00302AAF55B02A9F60303AA1B
:10B36000F503012AE7060094E40316AAE303002A82
:10B37000E20313AAE103152AE00314AAF35341A937
:10B38000F55B42A9FD7BC3A8D2FFFF17FD7BBDA9DA
:10B39000020100B042102491FD030091E3B300913B
:10B3A000F35301A9F30300AAF403012AE5FFFF9771
:10B3B000800000B4E12F40B93F10007160010054DB
:10B3C000020100B0E3B3009142F82391E103142A93
:10B3D000E00313AADBFFFF97200100B4E12F40B97F
:10B3E0003F100071C1000054000040B90008C05A6D
:10B3F000F35341A9FD7BC3A8C0035FD60000805270
:10B40000FCFFFF17FD7BBDA9FD030091F35301A9CC
:10B41000F40301AAF30300AA010100B021D423918F
:10B42000F51300F9F503022A4C0000944001F837A7
:10B43000E103002AE303152AE20314AAE00313AA96
:10B44000F35341A9040080D2F51340F9FD7BC3A852
:10B45000A0FFFF17000080D2F35341A9F51340F974
:10B46000FD7BC3A8C0035FD6FD7BBCA9427C409393
:10B47000FD030091F35301A9F30301AAF55B02A9AF
:10B4800035C0228BF71B00F9F70300AA20004039D2
:10B490001FBC0071A0050054E1058052E00313AA0F
:10B4A000270700941F0000F11610959AE10313AAD4
:10B4B000C202134BE00317AAD3FFFF97E10300AAD0
:10B4C000800400B4E00317AAF30316AA2300009433
:10B4D000F403002A7F0215EBC2020054F60313AAFC
:10B4E000C00240391FBC0071E0010054A20216CB1B
:10B4F000E1058052E00316AA110700941F0000F135
:10B50000E103142A1310959AE20316AA6302164B5C
:10B51000E00317AAC9FEFF97F403002AC0FDFF3617
:10B5200004000014D6060091BF0216EBA1FDFF54E3
:10B53000E003142AF35341A9F55B42A9F71B40F934
:10B54000FD7BC4A8C0035FD614008052E2FFFF1742
:10B5500094008012F7FFFF17FD7BBEA9FD03009149
:10B56000F35301A9F40300AAF30301AAE00301AA1B
:10B5700064060094E10313AAE203002AE00314AA7C
:10B58000F35341A9FD7BC2A8B8FFFF172201F8368B
:10B5900000008012C0035FD600008012F35341A95F
:10B5A000F55B42A9F71B40F9FD7BC5A8C0035FD638
:10B5B000FD7BBBA9FD030091F35301A9F403012A0C
:10B5C000F303022AF55B02A9F50303AA9601801290
:10B5D000F71B00F9F70300AA00008052FF4F00B9E3
:10B5E0001F00007100A0547AACFDFF54E14F40B938
:10B5F0003F00136BD612801A1F00146BE100005439
:10B60000550000B4A10200B93F00136B6BFCFF545E
:10B61000E003162AE2FFFF17E103002AE23301915B
:10B62000E00317AAB5FDFF97EEFFFF17FD7BBEA94C
:10B6300002008052FD030091E3730091D4FFFF9755
:10B6400040000035E01F40B9FD7BC2A8C0035FD6B3
:10B65000FD7BBEA9FD030091F35301A9F30300AAEA
:10B66000F403012AF2FFFF970001F83702040051AA
:10B67000E103142AE00313AA030080D2F35341A983
:10B68000FD7BC2A8C2FFFF17F35341A9FD7BC2A8EF
:10B69000C0035FD6FD7BBDA9FD030091F35301A953
:10B6A000F51300F9F503012A210400513F0C003184
:10B6B000A8020054F40300AA020080D20100801204
:10B6C0008EFDFF97F303002AC000F836E003132A2B
:10B6D000F35341A9F51340F9FD7BC3A8C0035FD61E
:10B6E000E103132AE00314AA29FFFF971F00156B3B
:10B6F000E0FEFF54E103132AE00314AA020080D203
:10B70000F0FFFF17B3008012F1FFFF17FD7BBCA90C
:10B71000FD030091F35301A9F40300AAF303012AE6
:10B72000E00302AAF55B02A9F71B00F9F70302AADE
:10B73000F405009415040011F603002AB57E409329
:10B740007F02166B6B010054E20315AAE10314AAF1
:10B75000E00317AA6E06009420020034627E409334
:10B76000E00314AA0100805275060094E00000B5C1
:10B7700000008052F35341A9F55B42A9F71B40F941
:10B78000FD7BC4A8C0035FD6140014CB7306005120
:10B790007302144B14040091EAFFFF17200080523B
:10B7A000F5FFFF17FD7BBBA9FD030091F35301A932
:10B7B000F55B02A9F60303AAE3330191F71B00F935
:10B7C000E0FEFF97000100B5F44F40B9E003142AF2
:10B7D000F35341A9F55B42A9F71B40F9FD7BC5A8CE
:10B7E000C0035FD6F30300AAE00316AAC5050094C0
:10B7F000F54F80B917040011140080527502158BA3
:10B800007F0215EB6300005414008012F0FFFF1755
:10B81000A10213CBE00313AAD10500940004001188
:10B82000E04F00B961C2208B027C4093BF0201EB64
:10B83000830100541F00176BA0000054E04F80B933
:10B84000940600117302008BEEFFFF17E10316AAA6
:10B85000E00313AA2E06009420FFFF35DCFFFF173C
:10B86000D4018012DAFFFF17FD7BBCA9FD03009114
:10B87000F35301A9F40304AAF55B02A9F603032A12
:10B88000E3F30091AFFEFF97F30300AAE00000B5D9
:10B89000740000B5130080D219000014E03F40B9D5
:10B8A000800200B916000014F53F80B91500158B11
:10B8B0007F0215EB83000054F4FEFFB400008012F9
:10B8C0000B000014A10213CBE00313AAA4050094FB
:10B8D00001040011E13F00B961C2218B3F0015EB6B
:10B8E000A900005494FDFFB4C0018012800200B989
:10B8F000E9FFFF17F600003554FDFFB5E00313AA7A
:10B90000F35341A9F55B42A9FD7BC4A8C0035FD6F0
:10B91000D6060051F30301AAE6FFFF17FD7BBDA980
:10B92000FD030091E3B30091F30B00F9F30302AAC6
:10B93000020100B04230249182FEFF97A00000B5C2
:10B94000E02F40B9F30B40F9FD7BC3A8C0035FD6DD
:10B95000E12F40B9E20313AA6DFFFF971F000071AA
:10B96000E0179F1AF8FFFF17FD7BBDA9FD030091AB
:10B97000F35301A9F40300AAF51300F9F50302AA91
:10B98000020080D2DDFCFF97F303002AC000F836E6
:10B99000E003132AF35341A9F51340F9FD7BC3A833
:10B9A000C0035FD6E20315AAE103132AE00314AA39
:10B9B000DBFFFF971F040031CB000054A0FEFF34D3
:10B9C000E103132AE00314AA020080D2EEFFFF175E
:10B9D000F303002AEFFFFF171F0000718C010054D2
:10B9E000C00100541F480031CB000054E003004B5D
:10B9F000E10000D021402B9120D860F8C00000B5B4
:10BA0000000100B00028259103000014000100B0DF
:10BA100000A42491C0035FD6000100B000FC249173
:10BA2000FDFFFF17E50300AAE00301AAA40C40B93B
:10BA3000A12040B98408C05A2108C05A8400010BD3
:10BA4000A4C0248B4203F83701C0228B487C40936A
:10BA50003F0004EBC80200541F0005EB83020054B2
:10BA6000637C4093660008CB8600068BDF0005EB05
:10BA7000E3010054A70440B9E708C05AA500078BAA
:10BA8000DF0005EB88010054840000CBFD7BBFA9DB
:10BA9000820008CBFD0300910000038B8405009415
:10BAA00000008052FD7BC1A8C0035FD660008012F9
:10BAB000C0035FD640008012C0035FD6FD7BBDA9E6
:10BAC000FD030091F35301A9F303032AF40300AA31
:10BAD000636C1C53F51300F9F503022A426C1C53E6
:10BAE000D1FFFF9780010035810A40B97302154BE1
:10BAF0002108C05A2110130B2108C05A810A00B92D
:10BB0000810E40B92108C05A3310130B730AC05A72
:10BB1000930E00B9F35341A9F51340F9FD7BC3A877
:10BB2000C0035FD6FD7BBDA9FD030091F35301A9BE
:10BB3000F40300AAF303032AF51300F9F503022A1C
:10BB4000B9FFFF9780010035812640B96302154B8C
:10BB50002108C05A6100010B2108C05A812600B992
:10BB6000810E40B92108C05A6300010B6308C05A16
:10BB7000830E00B9F35341A9F51340F9FD7BC3A827
:10BB8000C0035FD6FD7BBAA9FD030091F35301A961
:10BB9000F40300AAF55B02A9F603032AF76303A9DD
:10BBA000F70304AAF96B04A9F90302AAFB7305A918
:10BBB00032FCFF97F503002AA004F837980E40B92D
:10BBC000E00319AACF040094FA0300AA812240B925
:10BBD000180BC05A9802188BE20319AAE00318AA9E
:10BBE0002108C05A92FCFF97200400B41300184BA0
:10BBF0001307F837810A40B9C30E001163741E128F
:10BC0000E00314AA2108C05A6330001121C0358B0B
:10BC1000020080528102018BE10200F9C2FFFF970E
:10BC2000F503002A40010035E00240F90160A0520E
:10BC3000730AC05AD60AC05A010000B9E00240F99E
:10BC4000130800B9E00240F9160400B9E003152A10
:10BC5000F35341A9F55B42A9F76343A9F96B44A9E2
:10BC6000FB7345A9FD7BC6A8C0035FD69C2240B9E3
:10BC70005A070011810E40B9E3031A2A9B0BC05AE0
:10BC80009C0BC05A2108C05AE00314AA21001C8B47
:10BC9000020080528102018B63FFFF97F303002AA9
:10BCA00080FAFF35802240B9427F4093E10319AA10
:10BCB000F3031B2A0008C05A4003000B0008C05AB7
:10BCC000802200B900031C8BDE040094C9FFFF171B
:10BCD000F503132ADEFFFF17FD7BBCA9FD030091CE
:10BCE000F35301A9F30300AAF40302AAF55B02A926
:10BCF000F50301AAF71B00F9AFFCFF97611240B9E9
:10BD000023008052020080522108C05A36D0208B76
:10BD1000E00313AA7702168BE10317AA68FFFF97C7
:10BD2000A0000035B50EC0DA756A36F8940EC0DA98
:10BD3000F40600F9F35341A9F55B42A9F71B40F95A
:10BD4000FD7BC4A8C0035FD6FD7BBDA9FD030091A8
:10BD5000F35301A9F40300AAF51300F9F503012A2E
:10BD6000131040B9730AC05A73D2218B1300138B7E
:10BD700091FCFF971F00156B2D010054E10313AADE
:10BD8000E00314AAF35341A903008052F51340F9CC
:10BD900022008052FD7BC3A849FFFF1700008012DC
:10BDA000F35341A9F51340F9FD7BC3A8C0035FD647
:10BDB000FD7BBBA9FD030091F35301A9F303032A03
:10BDC000E3130191F55B02A9F503012AF60304AA26
:10BDD000F76303A9F80300AAF70302AA2AFDFF9755
:10BDE000E02700F9F40300AAE04740B9340100B5A8
:10BDF0001F0400310003005400020034F35341A932
:10BE0000F55B42A9F76343A9FD7BC5A8C0035FD6D4
:10BE1000000C0011630E001102741E1263741E12D6
:10BE200081320091E00318AA3FFFFF97000100351F
:10BE3000730AC05A930600B9E02740F90030009118
:10BE4000C00200F900008052EDFFFF171F0400310F
:10BE500061FDFF54E4230191E303132AE20317AACF
:10BE6000E103152AE00318AA47FFFF97E3FFFF1736
:10BE7000FD7BBCA9FD030091F35301A9F303042A40
:10BE8000E4E30091F51300F9F50303AAE303132A91
:10BE9000C8FFFF97F403002AC0000035B300003448
:10BEA000E01F40F9627E4093E10315AA6504009407
:10BEB000E003142AF35341A9F51340F9FD7BC4A80C
:10BEC000C0035FD6FD7BBAA9FD030091F35301A91E
:10BED000F40300AAF303012AF55B02A9757C4093E1
:10BEE000F76303A9F70302AAF92300F953FCFF97AC
:10BEF0004006F8361F04003141050054E2730191F9
:10BF0000E103132AE00314AA2CFBFF97F85F40B962
:10BF1000E2730191E00314AAE103182A27FBFF97BB
:10BF2000000C00511F04007129FFFF54960A40B90C
:10BF3000B312001173761E12E00314AAD60AC05A77
:10BF400073220011D6C2388BE303132A9902168B91
:10BF500002008052E10319AAF3FEFF972002003588
:10BF60000020A052806A36B8A212009134130091CA
:10BF700042F47E9201008052E00314AA33C3338B53
:10BF800014040094E20315AAE10317AAE00314AA1B
:10BF90002C0400940040A05260C21FB8E003182A8D
:10BFA000F35341A9F55B42A9F76343A9F92340F98B
:10BFB000FD7BC6A8C0035FD620008012F9FFFF17E3
:10BFC000FD7BBDA9FD030091F35301A9F40300AA71
:10BFD000F30302AAE00302AAF51300F9F503012A0C
:10BFE000C8030094E20313AAE303002AE103152A1D
:10BFF000E00314AAF35341A9F51340F9FD7BC3A84C
:10C00000B1FFFF17FD7BBEA9FD030091E373009113
:10C01000CCFCFF97E10300AAE01F40B9010100B486
:10C020001F10007101010054200040B9A1018012CD
:10C030000008C05A1F1000710090811AFD7BC2A831
:10C04000C0035FD6A0018012FDFFFF17FD7BBFA9D3
:10C050000201009042942191FD030091EAFFFF97B5
:10C06000C00000341F0400314100005440008052E1
:10C07000FD7BC1A8C0035FD6A0018012FDFFFF17A2
:10C08000FD7BBFA90201009042742491FD03009141
:10C09000DDFFFF971F040031410000542000805253
:10C0A000FD7BC1A8C0035FD6FD7BBDA9FD03009148
:10C0B000F30B00F9F303032AE3B30091A1FCFF970C
:10C0C000C00000B4E12F40B93F0C0071690000547A
:10C0D000130040B9730AC05AE003132AF30B40F966
:10C0E000FD7BC3A8C0035FD6FD7BBDA9FD03009106
:10C0F000F30B00F9F303032AE3B3009191FCFF97DC
:10C10000C00000B4E12F40B93F0C00716900005439
:10C11000130040B9730AC05AE003132AF30B40F925
:10C12000FD7BC3A8C0035FD6FD7BBEA9FD030091C4
:10C13000F35301A9F40300AA1CFBFF97E103002AB3
:10C1400013008052A100F836E003132AF35341A9EB
:10C15000FD7BC2A8C0035FD6E00314AA73060011DA
:10C160001FFBFF97E103002AF7FFFF17FD7BBDA927
:10C17000FD030091F35301A9F403032AF30304AA76
:10C18000E3B300916FFCFF97200100B4E12F40B9A9
:10C190003F00146B61018012E1A3811A610200B9B2
:10C1A000F35341A9FD7BC3A8C0035FD601008012F1
:10C1B000FBFFFF17FD7BBFA9FD030091E00000B569
:10C1C0000001009000D4269119E4FF97200080120E
:10C1D000FD7BC1A8C0035FD61F0440F221FFFF54BE
:10C1E00061FAFF9760FFFF34F6FFFF17FD7BBFA9E1
:10C1F00002010090030080D2FD03009142A4269129
:10C2000050FCFF97000100B40101009021C026916D
:10C210001C0300941F000071E0179F1AFD7BC1A84A
:10C22000C0035FD620008052FDFFFF17FD7BBAA937
:10C23000FD030091F35301A9F40300AAF303022ABA
:10C24000E00301AAF55B02A9F76303A9F70301AABA
:10C25000F96B04A9F90303AA2A030094E2430191AC
:10C26000E103132A167C4093E00314AA62FBFF97B4
:10C27000F80300AA01010090E00314AA21D423913D
:10C28000B6FCFF97E103002AE00314AAADFBFF9779
:10C29000F303002A1F0000716C0000543500801267
:10C2A00022000014E103132AE3530191E263019198
:10C2B000E00314AA0FFCFF97F50300AAE1034A2943
:10C2C0001F00016B0B040054BA0240395FBF0071BC
:10C2D000A1030054A0C2208B00F05F38400300355A
:10C2E000E02F40F9E20316AAE10317AAEE02009438
:10C2F000A0020035E1031A2AE00315AA08030094FE
:10C3000000040091E10318AADE020094F503002A5C
:10C31000A0010035E02F40F9D90800941F04003136
:10C3200020010054200300B9E003152AF35341A96A
:10C33000F55B42A9F76343A9F96B44A9FD7BC6A845
:10C34000C0035FD6E103132AE00314AA8BFBFF9717
:10C35000D0FFFF17FD7BBBA9FD030091F35301A99B
:10C36000F40300AAE00301AAF55B02A916008012FB
:10C37000F71B00F9F70301AAE2020094157C409331
:10C3800001010090E00314AA21D4239173FCFF97CC
:10C39000E103002AE00314AA6AFBFF97F303002AD3
:10C3A0007F020071EC000054E003162AF35341A908
:10C3B000F55B42A9F71B40F9FD7BC5A8C0035FD61A
:10C3C000E103132AE3130191E2230191E00314AA8C
:10C3D000C8FBFF97010040393FBC0071C101005408
:10C3E000E14780B90000018B00F05F384001003563
:10C3F000E02740F9E20315AAE10317AAAA02009474
:10C40000A0000035E02740F99D080094DF02006B92
:10C41000D6A2801AE103132AE00314AA57FBFF9760
:10C42000F303002ADFFFFF17000200B4FD7BBEA963
:10C43000FD030091F35301A9F30300AAF40301AA39
:10C44000010100D021F41D9144FCFF97E103002A73
:10C45000E20314AAE00313AAF35341A9030080D214
:10C46000FD7BC2A8B7FBFF17C0035FD6FD7BBDA94C
:10C47000FD030091F35301A9F303042AF40303AA73
:10C48000E4B3009163761E53FF2F00B938FFFF9786
:10C49000E20300AAE02F40B960010034F35341A940
:10C4A000FD7BC3A8C0035FD6437861B86308C05A58
:10C4B000837A21B8210400917F02016B6CFFFF5445
:10C4C000F7FFFF17010080D2FCFFFF17FD7BBEA91D
:10C4D000FD030091E37300919AFBFF971F0000F1A9
:10C4E000E0079F1AFD7BC2A8C0035FD6FD7BB9A9F8
:10C4F000FD030091F35301A9F40306AAF55B02A919
:10C50000F60303AAF503052AE3B30191F76303A930
:10C51000F70300AAF803042AF96B04A9FB7305A921
:10C5200088FBFF97200100B4F96F80B9F30300AADC
:10C530001B00805239F77E921900198B7F0219EB8C
:10C5400083000054F501F8373B0080120D00001401
:10C55000604640B81A08C05AC0040034DF0200F137
:10C560006403557A01040054E1031A2AE00317AA70
:10C5700049FCFF97FC03002A4001F836BB028012F9
:10C58000E0031B2AF35341A9F55B42A9F76343A9D2
:10C59000F96B44A9FB7345A9FD7BC7A8C0035FD60F
:10C5A000560200B4E103002AE20316AAE00317AA28
:10C5B00003008012BDFEFF971F04003100FEFF54F0
:10C5C000614A208B3F0301EBA3FDFF547F03156BF2
:10C5D00001030054BAFBFF34340100B51B00805244
:10C5E000E8FFFF171C008012E003182AF5FFFF1771
:10C5F0001C00801200008052F5FFFF171F400071E1
:10C60000010280520290811A9C0A00299422009112
:10C61000000080D25F00006B29FEFF54617A60B891
:10C620002108C05A817A20B800040091FAFFFF1750
:10C63000734A208B7B070011C1FFFF17E103012A1A
:10C64000E30300AA020080D2000080D25F0001EB69
:10C6500041000054C0035FD6647862B84204009180
:10C660008408C05A808000AAF9FFFF17FD7BBCA98F
:10C67000FD030091F35301A9F303052AF40306AA6D
:10C68000F55B02A9F603032AF503042AE3F30091FC
:10C690002CFBFF97200300B4E20300AAA002130BB7
:10C6A000E13F80B9007C161B21F47E9240C8208BAC
:10C6B0004200018B05C8358BA1C8338B5F0001EBAD
:10C6C000C3010054E103152ADDFFFF97E70300AA29
:10C6D000B40000B4E103132AE00305AAD8FFFF97D2
:10C6E000800200F9E00307AAF35341A9F55B42A9D0
:10C6F000FD7BC4A8C0035FD607008092FAFFFF1736
:10C70000FD7BBBA9FD030091F35301A9F30300AA2C
:10C71000F55B02A9F503022AF60303AAF76303A94E
:10C72000F703042AF80305AAF96B04A9FA03012AFE
:10C73000D91C001246FEFF971F0000718D020054A5
:10C74000F403002AE1031A2AE00313AA4DFEFF971F
:10C75000E503002AC001F837E703192AE60318AAFF
:10C76000E403142AE303172AE20316AAE103152AB5
:10C77000E00313AAF35341A9F55B42A9F76343A968
:10C78000F96B44A9FD7BC5A8B9FFFF170000809293
:10C79000F35341A9F55B42A9F76343A9F96B44A997
:10C7A000FD7BC5A8C0035FD6FD7BBAA9FD03009140
:10C7B000F35301A9F40304AAF55B02A9F503032AC4
:10C7C000F76303A9F70300AAF803012AF92300F984
:10C7D000F90302AA9FFBFF97F303002A2002F83710
:10C7E000E103002AE00317AA19FEFF97F603002AC7
:10C7F000E103132AE00317AA22FEFF97F303002A9E
:10C80000E3730191E20319AAE103182AE00317AACE
:10C81000CCFAFF97E60300AA200100B5F35F40B908
:10C82000E003132AF35341A9F55B42A9F76343A937
:10C83000F92340F9FD7BC6A8C0035FD6E25F80B94B
:10C84000637E409363C0368BC77E409342F47E92F2
:10C850000000805263F47ED3C200028BC100038BC0
:10C860003F0002EB6900005413008012EDFFFF1738
:10C870001F00156BC1010054E103162AE00306AA4C
:10C880006FFFFF97E50300AA851600A9E103132AAD
:10C89000C008078B6AFFFF97A500008BA50400D195
:10C8A00013008052850600F9DEFFFF170004001117
:10C8B000E60301AAEAFFFF1700008052C0035FD61B
:10C8C000FD7BBEA9FD030091F30B00F9DDE1FF97AD
:10C8D00020020035F30312AA01008052200080528A
:10C8E00025E1FF97600A00F9410A40F9410100B4CF
:10C8F000A1008052417A00B9400A40F92EFEFF970C
:10C9000040010035F30B40F9FD7BC2A8400A40F915
:10C91000EAFFFF178001009000000191400A00F932
:10C920005F7A00B9F5FFFF17F30B40F9FD7BC2A852
:10C93000C0035FD6FD7BB7A9FD030091F35301A9A6
:10C94000F30300AAF55B02A9F50305AAF76303A99F
:10C95000F96B04A9F90303AAFB7305A9E43B00F9E9
:10C96000E27B00B9610000B5010100902108279128
:10C97000E00313AAF9FAFF97F403002A2001F8361E
:10C9800020008012F35341A9F55B42A9F76343A944
:10C99000F96B44A9FB7345A9FD7BC9A8C0035FD609
:10C9A0001A0100D05A4B1691E103002AE333029199
:10C9B000E2031AAAE00313AA62FAFF97F60300AA99
:10C9C00000FEFFB4E103142AE00313AAA0FDFF97C1
:10C9D000E06F00B9E103142AE00313AAA9FDFF9751
:10C9E0001B010090F803002AE103142AE00313AAB4
:10C9F0001C010090EDF8FF977B2326919C4F269118
:10CA0000F703002A5708F836F703142AB4E2019115
:10CA1000B50000B4E00314AA020680D201008052DF
:10CA20006C010094E103172AE00313AA02010090AD
:10CA3000427C2691A6FEFF97F38F40B9FA03002AA5
:10CA400080008052E16F40B91B0080521C0080D2F0
:10CA5000730EC01A007F409300C0218B737E4093F9
:10CA6000730200CBD30A138B7F0216EB63040054CE
:10CA7000E06F40B9C20240B91F080071610800545C
:10CA80004208C05AD6120091427C60D3C10240B91C
:10CA90002108C05A2000028B550000B4800200F922
:10CAA0003F0300F1601B407A41000054200300F96D
:10CAB0001F0B0071E0060054C1120091020080D2E9
:10CAC000F60301AAC14640B82108C05A2100028BD2
:10CAD0007A0000345EE6FF97E10300AA550000B437
:10CAE000810600F97B0700119C03018B94420091A1
:10CAF0007F0F0071A1FBFF54E03B40F9400000B400
:10CB00001C0000F9000080529FFFFF17E2031BAAE0
:10CB1000E103172A03008012E00313AA63FDFF97C5
:10CB2000E603002AE2031CAAE103172AE00313AA82
:10CB300003008012E67F00B95CFDFF97C001F83763
:10CB4000E11B4F29C600010ADF00006B41010054C0
:10CB5000E3330291E2031AAAE103172AE00313AABE
:10CB6000F8F9FF97F60300AA20F5FFB5A00280129E
:10CB700085FFFF17E103172AE00313AA98F8FF9730
:10CB8000F703002AA0FFFF17020080D2C0FFFF17A3
:10CB9000C20640B9C12200914208C05A427C60D30B
:10CBA000C8FFFF17E40000F0003C001284B80491B5
:10CBB000030080D25F00036B4C000054C0035FD6BB
:10CBC0002568633863040091A520404A001C18536F
:10CBD00085D86578A000004AF7FFFF17FD7BBEA946
:10CBE000E60302AAE203012AFD030091E10300AA81
:10CBF00000008052ECFFFF970004C05AE17B0091D7
:10CC0000420080D2E03F0079E00306AA0D010094C3
:10CC1000FD7BC2A8C0035FD6E203022A030080D2D4
:10CC20007F0002EB41000054C0035FD624686338E4
:10CC3000630400910040C41AFAFFFF17FD7BBFA9EF
:10CC4000E003202AFD030091F4FFFF97E003202A70
:10CC5000FD7BC1A8C0035FD6FD7BBDA9FD0300918C
:10CC6000F35301A9F30301AAF403002AF55B02A917
:10CC7000F603032A3540228B7F0215EBC3000054D4
:10CC8000E003142AF35341A9F55B42A9FD7BC3A835
:10CC9000C0035FD6A50213CBE10313AADF02056B25
:10CCA000E003142AC532851AE203052AE4FFFF9740
:10CCB00073C2258BF403002AC2E4FF97EFFFFF172E
:10CCC000FD7BBDA9FD030091F30B00F9F30302AA5C
:10CCD000E203012AE10300AA00008052DFFFFF9770
:10CCE0000008C05AE1B30091820080D2E02F00B961
:10CCF000E00313AAD3000094F30B40F9FD7BC3A813
:10CD0000C0035FD6FD7BBFA90001009000143C91D9
:10CD1000FD03009146E1FF9700000014FD7BBDA9D3
:10CD2000FD030091F51300F9F503012A01FC0091C0
:10CD3000F35301A921E47A92F40300AA000880D2F7
:10CD4000ECE3FF97F30300AAA00000B49500783647
:10CD5000E20314AA010080529E000094E00313AA8B
:10CD6000F35341A9F51340F9FD7BC3A8C0035FD677
:10CD7000E10000F021E01991020040392268623898
:10CD800042002837C0035FD600040091FBFFFF1765
:10CD9000FD7BBEA9FD030091F30B00F9F5FFFF97A2
:10CDA000F30300AA57000094000100B4010400D16D
:10CDB000E00000F06102018B00E019913F0013EBED
:10CDC000C20000543F040039E00313AAF30B40F9FA
:10CDD000FD7BC2A8C0035FD62200403902686238DA
:10CDE00022FF2F36210400D1F5FFFF17420300B4C4
:10CDF000E60000F0C6E01991050080D204686538AD
:10CE00002368653844020034230200349F00036B1A
:10CE100060010054C7C86438670000368480001180
:10CE2000841C0012C7C86338670000366380001195
:10CE3000631C00127F00046BA1000054A504009144
:10CE4000BF0002EBC1FDFF54E303042A8000034B43
:10CE5000C0035FD60300805204008052FCFFFF171E
:10CE6000E27F40B2E2FFFF17020080D223686238FF
:10CE70000368223842040091A3FFFF35C0035FD648
:10CE8000E50300AA030080D224686338A2686338EF
:10CE9000630400914000046B8408407A61FFFF54F2
:10CEA000C0035FD6E50300AA040080D25F0004EB54
:10CEB00061000054000080520700001426686438A6
:10CEC000A3686438840400916000066BC408407A4B
:10CED000E1FEFF54C0035FD6211C0012020040395E
:10CEE0005F00016B41000054C0035FD66200003454
:10CEF00000040091FAFFFF17000080D2FBFFFF172C
:10CF0000E10300AA2200403962000035200000CB76
:10CF1000C0035FD621040091FBFFFF17FD7BBFA973
:10CF2000E40300AAE303012AFD030091631C00123D
:10CF3000F4FFFF978000008B010040393F00036B36
:10CF4000A0000054000400D19F0000EB69FFFF54D3
:10CF5000000080D2FD7BC1A8C0035FD60100018B19
:10CF6000E20300AA5F0001EB600000544300403977
:10CF700063000035400000CBC0035FD6420400913F
:10CF8000F9FFFF17000200B4FD7BBEA9FD0300916D
:10CF9000F30B00F9F30300AADAFFFF9700040091F6
:10CFA00090E1FF97E40300AA600000B4E10313AA34
:10CFB000AEFFFF97E00304AAF30B40F9FD7BC2A884
:10CFC000C0035FD6040080D2E00304AAC0035FD68A
:10CFD000030840F2C1020054261C4092040080D293
:10CFE00005018052C42004AAA5040071C1FFFF54AA
:10CFF000450003CBBF1C00F14801005443FC43D360
:10D00000E4008092637C049B4200038B030003CB0B
:10D01000040080D25F0004EBE1000054C0035FD63F
:10D02000046823F863200091F2FFFF17E30300AACE
:10D03000F8FFFF176168243884040091F6FFFF179A
:10D040001F0001EB00010054030001AA630840F235
:10D0500020010054E40300AA030080D25F0003EB28
:10D06000E1010054C0035FD6246863F8046823F824
:10D0700063200091440003CB9F1C00F168FFFF5424
:10D0800043FC43D3E4008092637C049B4200038B07
:10D09000040003CB210003CBF0FFFF1725686338A2
:10D0A0008568233863040091EDFFFF17E60300AAAB
:10D0B0001F0001EB890000542300028B7F0000EB6E
:10D0C00008010054FD7BBFA9E00306AAFD030091FF
:10D0D000DCFFFF97E00306AAFD7BC1A8C0035FD673
:10D0E0000100028BE20322AA000080D2000400D1DA
:10D0F0005F0000EB61000054E00306AAC0035FD6A6
:10D100006468603824682038F9FFFF17E50300AA37
:10D11000040080D25F0004EB6100005400008052E4
:10D1200006000014A3686438206864388404009101
:10D130006000006B00FFFF54C0035FD60200028B4B
:10D14000211C00121F0002EB61000054000080D27D
:10D15000C0035FD6E30300AA641440389F00016B4C
:10D1600080FFFF54E00303AAF7FFFF17E40300AAC0
:10D17000030080D2000080523F00036B4C0000543B
:10D18000C0035FD682686338630400910200024BDB
:10D19000401C0012F9FFFF17FD7BBEA9FD030091A3
:10D1A000F35301A9F40300AA05D1FF97F30300AAE2
:10D1B00001D1FF97017D80D2E003002A737E019B9D
:10D1C000600AC09A000014CBF35341A9FD7BC2A8AA
:10D1D000C0035FD6FD7BBEA9FD030091F30B00F9F0
:10D1E000F7D0FF97F30300AAF3D0FF97014888D246
:10D1F000E003002AE101A0F2737E019B600AC09A5D
:10D20000F30B40F9FD7BC2A8C0035FD6FD7BBEA92E
:10D21000FD030091F30B00F9F30300AAE6D0FF979A
:10D22000737E009B004888D2E001A0F2600AC09A99
:10D23000F30B40F9FD7BC2A8C0035FD6FD7BBEA9FE
:10D24000FD030091F35301A9F40300AADCD0FF977A
:10D25000F30300AAE00314AAEDFFFF977302008B0B
:10D2600073060091D6D0FF971F0013EBC3FFFF5446
:10D27000F35341A9FD7BC2A8C0035FD6FD7BBDA9C6
:10D28000FD030091F35301A9F30300AAF51300F97C
:10D2900015D092D21513A0F24AE3FF977F0215EB47
:10D2A0007492959AE00314AAE5FFFF97730214EBBA
:10D2B00041FFFF54F35341A9F51340F9FD7BC3A887
:10D2C000C0035FD6000080D2C0035FD6FD7BB9A942
:10D2D000FD030091F55B02A9F6430191F50000D032
:10D2E000B5BA0C91F35301A9F403022AF30301AA7E
:10D2F000020280D2E10315AAF76303A9F70300AA8B
:10D30000E00316AAF92300F94EFFFF97185580D2C3
:10D31000E3830191020280D2E00303AAA102028BFF
:10D32000150100F0B532299146FFFF97B9058052EB
:10D330009F0240F21610969A9F027FF2000100F0C1
:10D3400000442991B512809A140080D2C06A7438C2
:10D35000E10315AAE26A6038E00313AA33040094DB
:10D360000027D49A60010037730A00919406009157
:10D370009F4200F1C1FEFF54F35341A9F55B42A95E
:10D38000F76343A9F92340F9FD7BC7A8C0035FD623
:10D39000730E009179F21F38F5FFFF17FD7BBFA9CF
:10D3A000FD030091A2DFFF974001805292DFFF97BB
:10D3B00055FEFF97FD7BB7A9FD030091E18B05A901
:10D3C000E1430291E10703A9E1430191E12300F95F
:10D3D000E1068012E14B00B9E1430091FF4F00B933
:10D3E000E39306A9E20F43A9E20F01A9E20F44A9C2
:10D3F000E20F02A9E59B07A9E74700F91F04009483
:10D40000400180527CDFFF973FFEFF97281C44D3EA
:10D41000E20300AA202C48D3257C0C530301000B07
:10D42000C40080526330410B210C0012A60C050B86
:10D43000C600080B6304041BA119805244018052EA
:10D44000677C011BE77C0B53E38C041B63C000115A
:10D45000430000390308000B6300070B6300062B31
:10D460006100005440040091C0035FD6667C011B3C
:10D47000C67C0B53C004000BC38C041B63C000119B
:10D4800043040039A300002A6300003540080091DE
:10D49000F6FFFF17A3018052037C031B637C075335
:10D4A0006508052B6080041B00C00011400800398E
:10D4B00061000054400C0091ECFFFF17A17C011BA0
:10D4C000217C0B532494041B84C00011440C0039AC
:10D4D0006100003540100091E4FFFF1721C00011EA
:10D4E0004014009141100039E0FFFF17EBD390D2B8
:10D4F00008D490D22B00A0F22800A0F2CA008052DB
:10D50000A719805246018052A90180523F000BEBBF
:10D5100048000054BEFFFF172208C89A001400916B
:10D520004584089BE10302AAAD1C0453A22C0853B6
:10D53000A401020BA37C0C538430450BA50C0012F4
:10D540006C0C030B8C010D0B84140A1B857C071BD0
:10D55000A57C0B53A490061B84C0001104B01F3897
:10D560004408020B8400050B84000C0B857C071B10
:10D57000A57C0B53A204020BA490061B84C00011CF
:10D5800004C01F38447C091B847C07538308030BA9
:10D590008288061B42C0001102D01F38627C071B24
:10D5A000427C0B53438C061B42C0001163C0001128
:10D5B00003E01F3802F01F38D5FFFF17FD7BB5A928
:10D5C000EF0300AAEE03042AFD030091F35301A91F
:10D5D000F40301AAF303062AF55B02A9E10302AAF8
:10D5E000F603032AF76303A9F503052AF96B04A9D7
:10D5F000FB2B00F9930230367F280071F9079F1A40
:10D6000078021B127A021C1253002036737A1F1202
:10D6100033090836C101F8B6E10301CBCE0500514C
:10D62000B7058052D9010035DF2A0071C1080054C6
:10D63000FBA30191E0031BAAADFFFF9700001B4B6A
:10D640000E000014D9001A12EEFFFF17D306103691
:10D65000CE0500517705805299000034DF420071F9
:10D66000E0060054CE05005101FEFFB500068052D1
:10D67000E0A30139200080521F00156B2102805267
:10D6800005A0951AC401054B7F02016A8009005468
:10D69000B7000034FF0114EB42000054F7010039D9
:10D6A000EF050091D9010034FF0114EB6200005432
:10D6B00001068052E1010039E1050091DF4200716D
:10D6C000610800549F0201EB89000054010B805255
:10D6D0000103012AE1050039EF090091DA01003563
:10D6E000010480527F0240F203068052E203042AC2
:10D6F0006310811AE1030FAA42040071C5060054A9
:10D700009F00007181A09F1A840400518400014B86
:10D71000EFC1218BE203052AE1030FAA0306805221
:10D720003600001493001836CE05005117048052BD
:10D73000CAFFFF1717008052C8FFFF17CE0900511C
:10D7400061F9FFB4DF420071E50000F0E3179F1AB2
:10D75000C7060051630C0011E6A30191A5D41491F2
:10D76000020080D22400078A40040011841C4092E9
:10D770002124C39AA46864380403042A4468263820
:10D780004204009101FFFFB5BCFFFF173F0014EBFF
:10D79000420000542300003921040091420400712A
:10D7A00065FFFF549F00007181A09F1A84040051FF
:10D7B0008400014BEFC1218BB6FFFF17E203042A5F
:10D7C000E1030FAA03048052F5FFFF17EF0301AA3C
:10D7D000C3FFFF173F0014EB420000542300003941
:10D7E00021040091C5FFFF173F0014EB42000054D5
:10D7F0002300003921040091420400511F00026BF4
:10D800004DFFFF54A500004B01040051E501058BBD
:10D81000E3A30191217C4093E20305AA6102F8365B
:10D820001F000071E203042A00A09F1A0304805223
:10D83000A0C0208BE10300AA4204007145020054FD
:10D840009F00007184A09F1AF35341A900C0248B4C
:10D85000F55B42A9F76343A9F96B44A9FB2B40F997
:10D86000FD7BCBA8C0035FD65F0014EB62000054C1
:10D87000266863384600003942040091210400D133
:10D88000E7FFFF173F0014EB42000054230000396C
:10D8900021040091E9FFFF17FD7BBCA9FD03009166
:10D8A000F35301A9F40300AAF303032AF55B02A9C9
:10D8B000F60301AAF71B00F9F703052AC20300B516
:10D8C000150100F0B5922891817C4093E00315AAE0
:10D8D000A3FDFF97E303002A37052036020080D21C
:10D8E0007F00026B4C050054027C40921F000071C7
:10D8F00042A09F9A050480529402028BE20314AA6C
:10D900006402140B8100024B7F00016BEB04005496
:10D910007F02006B6102004B21A09F9A8002018B65
:10D92000F35341A9F55B42A9F71B40F9FD7BC4A85D
:10D93000C0035FD6F50302AAE4FFFF175F0016EBF2
:10D940004200005445000039420400918100024B1E
:10D950007F00016B4BFFFF541F00136B6102004BF4
:10D9600021D09F9A9402018B610600511300134B42
:10D9700073D29F1A3300130BD9FFFF17E20314AAC7
:10D980006402140B05048052F1FFFF178102028B21
:10D99000DF0201EB69000054A1164038816A223889
:10D9A00042040091CFFFFF175F0016EB42000054C6
:10D9B0004500003942040091D3FFFF17FD7BB5A954
:10D9C000FD030091F35301A9F55B02A9F76303A9D5
:10D9D000F80300AAF96B04A9F90302AAFB7305A9CD
:10D9E0001C0001ABE13300F9751840B9735C40A924
:10D9F00083000054E00320AA1C008092E03300F969
:10DA0000FA0000D0F40318AA40C30391FB0000D031
:10DA1000E03700F960E31991E03B00F92003403959
:10DA200080010035E03340F9000100B49F021CEB97
:10DA3000420000549F020039800600919F0300EBD2
:10DA4000420000549FF31F388002184B8A010014D3
:10DA50001F940071C00000549F021CEB4200005450
:10DA60008002003994060091E40000140500805201
:10DA7000090000143FB40071A00000543FC00071C1
:10DA8000C1010054A500003202000014A5001C32A0
:10DA9000F90300AA21074039200700913FAC00712B
:10DAA000A001005488FEFF543F80007180010054A3
:10DAB0003F8C00718001005422C00051421C0012B2
:10DAC0005F240071C80300541A0080524401805240
:10DAD0000A000014A5001E32EEFFFF17A5001D323C
:10DAE000ECFFFF17A5001A32EAFFFF174107041BDE
:10DAF000000400913AC000510100403922C0005199
:10DB0000421C00125F24007129FFFF5401004039BC
:10DB10003FB80071610D00540404403902040091C3
:10DB200081C00051211C00123F240071280A0054BA
:10DB300004008052460180521D0000143FA800716D
:10DB4000C1020054200B00913501F837622E00917C
:10DB5000E10313AA53F07D923A0040B99AFDFF36D3
:10DB6000FA031A4BA5001C32E9FFFF17A22200118D
:10DB70005F000071CD000054632E0091E10313AAF1
:10DB8000F503022A73F07D92F4FFFF17E1C2358B93
:10DB9000F503022AF1FFFF171A008012DCFFFF17BE
:10DBA0008404061B4204009184C0005141004039A6
:10DBB00020C00051001C00121F24007129FFFF54D7
:10DBC0009F0000719BA09F1A4000403901781D12F0
:10DBD0003FA001712001005401300151211C0012AD
:10DBE0003FB8007188070054230088D20320C8F290
:10DBF0006124C19A01070036590400911FB00171D8
:10DC0000C1000054410440393FB00171610000542B
:10DC10005908009180098052210340393FE0017189
:10DC2000080100543F880171C80500543F940071F9
:10DC3000E02D00540A0280523F60017140060054FA
:10DC40009F021CEB62000054A00480528002003945
:10DC50002103403980060091812E00349F0300EBA0
:10DC60004900005481060039940A009163000014B1
:10DC70009FA80071C1020054020800911501F837F5
:10DC8000602E0091E103152A00F07D92640240B9F4
:10DC9000F503012AF30300AACAFFFF17A12200110E
:10DCA0003F0000718D000054602E009100F07D92C5
:10DCB000F7FFFF17E00313AAF3C2358BF4FFFF173A
:10DCC000E20300AA1B008012C0FFFF171B00805256
:10DCD000BEFFFF17F90302AA00008012CFFFFF1753
:10DCE000218C01513F540071C8FAFF54E23740F9CA
:10DCF000415861786200001041A8218B20001FD696
:10DD00000A0180521F30017161290054D52BF83768
:10DD1000763E0091E903152AD6F27D92620240F91F
:10DD2000E603052AE00314AAE5031B2AE4031A2AE2
:10DD3000E3030A2AE1031CAAE97F00B920FEFF974A
:10DD4000F40300AAE97F40B9F503092A4900001449
:10DD5000A5022037E1031A2AE00314AA0204805224
:10DD6000050000141F001CEB4200005402000039A3
:10DD700000040091210400513F0000714CFFFF544A
:10DD80005F0300714007005100C09F9A4107005196
:10DD90009402008B2000805243C3801A0000034B82
:10DDA0001A00010B9F021CEB22010054B502F83748
:10DDB000602E0091E103152A00F07D92620240B9C5
:10DDC000F503012AF30300AA8202003994060091A8
:10DDD000E2031A2AE10314AA00048052420400510B
:10DDE0005F0000710C020054410700515F03007195
:10DDF00021C09F9A9402018B3907009108FFFF17F9
:10DE0000A12200113F0000718D000054602E00918E
:10DE100000F07D92EAFFFF17E00313AAF3C2358BEF
:10DE2000E7FFFF173F001CEB4200005420000039C1
:10DE300021040091EAFFFF171502F837763E0091A2
:10DE4000E603152AD6F27D92620240F9E00314AA95
:10DE5000E4031B2AE3031A2AE1031CAAE67F00B9A4
:10DE60008EFEFF97F40300AAE67F40B9F503062A69
:10DE7000F30316AAE1FFFF17A6220011DF000071CD
:10DE80008D000054763E0091D6F27D92EFFFFF1791
:10DE9000F60313AAF3C2358BECFFFF17D502F83750
:10DEA000613E0091E00313AA33F07D92160040F921
:10DEB00020074039E20316AA1F840171400700546D
:10DEC000080300541F340171600300541F54017192
:10DED000600E00541F240171400800545F07003198
:10DEE000A1060054260480521A028052A600062A77
:10DEF00032000014A12200113F000071CD00005437
:10DF0000623E0091E00313AAF503012A53F07D92CB
:10DF1000E7FFFF17E0C2358BF503012AE4FFFF1787
:10DF20001FA40171C00500541FB4017181FDFF548D
:10DF3000A5001A32E0230291E90000F0E20300AAF2
:10DF400029BD3C91AB001A12060080D24C078052CA
:10DF5000CA6A6638411D44D34A0D40922D69613822
:10DF6000E10300AA2A696A382D2400380A0400391E
:10DF7000AB000035DF1400F160000054010C00918B
:10DF80000C080039C6040091DF1800F1410200546A
:10DF9000A57819123F000039E4031B2AE3031A2A6B
:10DFA0002F000014C20240F920088052A500002A68
:10DFB0005A028052A6001B32E5031B2AE4031A2AE8
:10DFC000E1031CAAE00314AA030280527CFDFF9720
:10DFD00026000014E00301AADEFFFF17A5001A3295
:10DFE000200B4039A57819121FD0007181F7FF541A
:10DFF000E9230291EC030291EA0309AA0B0080D203
:10E00000CD058052C16A6B38E0030CAAE57F00B9E8
:10E01000FFFCFF9700000CCBE57F40B9E20309AAA3
:10E02000017C4093210400D13F04003121030054BE
:10E030002941208B7F0D00F1400000542D15003840
:10E040006B0500917F1100F1E1FDFF54E4031B2AF1
:10E05000E3031A2AE2030AAA3F010039E1031CAADA
:10E06000E00314AA0DFEFF97F40300AA1F0440B1B9
:10E0700029060054F35341A9F55B42A9F76343A96C
:10E08000F96B44A9FB7345A9FD7BCBA8C0035FD600
:10E090008669613846140038E3FFFF17200B4039CA
:10E0A0001FB0017120030054080200541F080171C1
:10E0B000000300541F30017162008052E213821A83
:10E0C000E57F00B9F60200B4E1230291E00316AA4D
:10E0D0007FFCFF97E57F40B9E4031B2AE3031A2A7C
:10E0E000E2230291DEFFFF171FCC01716101005492
:10E0F000E00316AAE57F00B973FCFF97E20300AACC
:10E10000E57F40B9A0F4FFB522008052EDFFFF1774
:10E1100042008052EBFFFF1702008052E9FFFF1719
:10E12000E0230291010100D0219028914FFBFF973D
:10E13000E9FFFF1720074039E13B40F921686038CB
:10E14000E00319AA390700913F0840F241FFFF544C
:10E15000F90300AA29FFFF171FB00171820218CB33
:10E16000610200543501F837603E0091E103152A41
:10E1700000F07D92630240F9620000F9F503012A84
:10E18000F30300AA1DFFFF17A12200113F00007139
:10E190008D000054603E009100F07D92F6FFFF1765
:10E1A000E00313AAF3C2358BF3FFFF17F500F8372E
:10E1B000603E0091E103152A00F07D92630240F970
:10E1C000620000B9EEFFFF17A12200113F000071AD
:10E1D0008D000054603E009100F07D92F8FFFF1723
:10E1E000E00313AAF3C2358BF5FFFF179F021CEB68
:10E1F000A2C3FF54810200391BFEFF17A5001B328A
:10E200000A028052C0FEFF17210740393F140171F6
:10E210006100005439070091A5001932A5001F3292
:10E220004A018052B8FEFF17390700D1F40300AA53
:10E23000F2FEFF171FB00171A0D6FF54AC010054CD
:10E240001F68017140D6FF541FA00171E002005405
:10E250003505F837762E0091E903152AD6F27D921E
:10E26000620240B9E003022A427C40931600001487
:10E270001FD00171C0D4FF541FE8017180D4FF5436
:10E28000F4FFFF17A92200113F0100718D00005417
:10E29000763E0091D6F27D92A1FEFF17F60313AAF7
:10E2A000F3C2358B9EFEFF175501F837762E00918D
:10E2B000E903152AD6F27D92620240B9403C4092B1
:10E2C000423C4093BF007FF24210809A95FEFF17B8
:10E2D000A92200113F0100718D000054762E00919B
:10E2E000D6F27D92F5FFFF17F60313AAF3C2358B22
:10E2F000F2FFFF17A92200113F0100718D000054A9
:10E30000762E0091D6F27D92D6FFFF17F60313AA60
:10E31000F3C2358BD3FFFF17FD7BB9A9FD03009135
:10E32000F35301A9F30301AAF40300AAE10303AA2A
:10E33000E0430191F51300F9F50302AA020480D22B
:10E3400040FBFF97E00745A9E00703A9E3C300915D
:10E35000E00746A9E20315AAE00704A9E10313AA0E
:10E36000E00314AA96FDFF977FC220EB88000054BB
:10E37000600600517F0200F100109F1AF35341A97B
:10E38000F51340F9FD7BC7A8C0035FD6FD7BB6A996
:10E39000FD030091E39307A9E3830291E30F03A92F
:10E3A000E3C30191E32300F9E3048012E34B00B9D6
:10E3B000E3430091FF4F00B9E59B08A9E74F00F93F
:10E3C000E61F43A9E61F01A9E41744A9E41702A91F
:10E3D000E61F05A9E41706A979FDFF97FD7BCAA8EA
:10E3E000C0035FD6FD7BBCA9FD030091F35301A9D7
:10E3F000F30300AAF40301AAE10302AA020480D2F3
:10E40000E063228B0FFBFF97E3830091E20314AAE2
:10E41000E00313AAE17B40B269FDFF97F35341A9E2
:10E42000FD7BC4A8C0035FD6FD7BB8A9FD030091A6
:10E43000E20F05A9E2030291E20B03A9E243019175
:10E44000E22300F9E2058012E24B00B9FF4F00B968
:10E45000E20F43A9E20F01A9E20F44A9E20F02A9CA
:10E46000E2430091E41706A9E61F07A9DEFFFF9724
:10E47000FD7BC8A8C0035FD6FF8311D1020480D200
:10E48000FD7B00A9FD030091F30B00F9F30300AA43
:10E49000E063228BEBFAFF97E20313AAE383009178
:10E4A000E0230191818280D29CFFFF97F303002A31
:10E4B00060000034E02301915DDBFF97E003132A45
:10E4C000FD7B40A9F30B40F9FF831191C0035FD698
:10E4D000FD7BB7A9FD030091E18B05A9E143029102
:10E4E000E10703A9E1430191E12300F9E10680126C
:10E4F000E14B00B9E1430091FF4F00B9E39306A956
:10E50000E20F43A9E20F01A9E20F44A9E20F02A919
:10E51000E59B07A9E74700F9D8FFFF97FD7BC9A84E
:10E52000C0035FD6E30300AA00004039E60000B054
:10E53000C6E019911FC000716104005464044039A1
:10E5400060044039C46864386400003600800011FB
:10E55000001C00121FE00171E102005463080091E9
:10E5600002028052E803022A000080D2870880520B
:10E570006400403965004039C46864389F00076A08
:10E58000E002005464000036A5800011A51C0012B2
:10E59000A9C00051A45C0151BFE4007184C0899AF4
:10E5A0009F00026B63010054410000B4230000F996
:10E5B000C0035FD65F000071000180524210801AD4
:10E5C000E9FFFF175F00007140018052FCFFFF1759
:10E5D0000011009B63040091E6FFFF17042080D226
:10E5E000F0FFFF1742018052CFFFFF17FD7BBEA94E
:10E5F000FD030091F35301A9F40300AAF30302AA57
:10E60000610000B53FFAFF978102008B200400D122
:10E610009F0200EB4202005423F05F38E20000B09A
:10E6200042E0199143686338A301103603F05F3864
:10E6300043686338E3001037530000B4600200F908
:10E64000F35341A9010080D2FD7BC2A8E6FFFF176A
:10E65000000400D19F0200EBA1FEFF54530000B460
:10E66000610200F900008092F35341A9FD7BC2A82A
:10E67000C0035FD6020080D2DDFFFF17010080D209
:10E68000FDFFFF17610100B0E203002A2020169170
:10E69000610100B021601791E3E702B2210000CBD5
:10E6A000A39999F221FC4393217C039B030580529B
:10E6B0002100239B3F0000EB61000054000080D24A
:10E6C000C0035FD6030840B97F00026BA0FFFF5470
:10E6D00000A00091F8FFFF17FD7BBDA9610100B00C
:10E6E00021601791FD030091F35301A9730100B05C
:10E6F000F51300F9F50300AA7322169100204039A2
:10E7000020030035340013CBE0E702B2A09999F260
:10E7100094FE4393947E009B00058052944E209B70
:10E720009F0213EB61000054130080D20700001415
:10E73000611240F9E00315AA20003FD60001003520
:10E74000600A40B9A0220039E00313AAF35341A99B
:10E75000F51340F9FD7BC3A8C0035FD673A20091F7
:10E76000F0FFFF17F35341A9F51340F9FD7BC3A850
:10E77000C5FFFF17FD7BBCA9610100B021601791A7
:10E78000FD030091F35301A9740100B09422169186
:10E79000330014CBF55B02A9F50300AA73FE439383
:10E7A000E0E702B2A09999F2737E009BA022403963
:10E7B000F71B00F9A001003500058052BF22003987
:10E7C0007352209B7F0214EBE0020054811240F947
:10E7D000E00315AA20003FD600030035800A40B9A7
:10E7E000A02200391000001417058052F60314AA65
:10E7F0007752379BFF0216EB00FEFF54A0224039F0
:10E80000C10A40B93F00006B60000054D6A20091DD
:10E81000F9FFFF17C11240F9E00315AA20003FD607
:10E8200060FFFF35F35341A9F55B42A9F71B40F99F
:10E83000FD7BC4A8C0035FD694A20091E2FFFF173E
:10E84000FD7BBDA9FD030091F35301A9F30300AAC9
:10E85000F403012AF51300F9F50303AA02020035B7
:10E860009EFFFF97200200B4030840F9230200B482
:10E87000E103142AE20315AAE00313AA60003FD6BD
:10E880001F000071210080120000811AF35341A97A
:10E89000F51340F9FD7BC3A8C0035FD6E003022A4D
:10E8A00079FFFF97F0FFFF17800B8012F8FFFF172B
:10E8B000A0048012F6FFFF17E30302AA02008052B1
:10E8C000E0FFFF17FD7BBEA9FD030091F30B00F9EC
:10E8D000F30301AA3F0000F9010C40F9610600F9B9
:10E8E000010100B021040491001040F9600A00F910
:10E8F0007F5A00B960E200915CF9FF976062009175
:10E90000E10000F02118329158F9FF970000805281
:10E91000F30B40F9FD7BC2A8C0035FD6E60300AA53
:10E92000E403012AE00302AAC50040B9BFB00171A7
:10E93000E00200542C020054BF240171E002005494
:10E940002C030054BF4C007140030054E10000F060
:10E95000BFF0007121443291E30000F0637C3291FA
:10E960006210819AC30440B9E10000F0218832911D
:10E9700063840111ADFEFF17E10000F0BFFC0171DF
:10E9800021503291E30000F0F5FFFF17030100B0C2
:10E9900062CC0291F4FFFF17E30000F06264329151
:10E9A000F1FFFF17E30000F0627C3291EEFFFF17EA
:10E9B000E30000F062443291EBFFFF17FD7BBDA93D
:10E9C000FD030091F35301A9F30301AAF40302AA82
:10E9D000F55B02A9F60300AA120A0094F50300AA47
:10E9E000E00316AA440A00941F50017181010054EB
:10E9F000A00A40F91F0013EB690100547302148B45
:10EA00001F0013EB20048012E023801AF35341A966
:10EA1000F55B42A9FD7BC3A8C0035FD6A0048012AA
:10EA2000FBFFFF17C0008012F9FFFF17FD7BBCA999
:10EA3000FD030091F35301A9F30300AAF55B02A9BA
:10EA4000F50301AAF60302AAF71B00F9F70303AACC
:10EA5000DBFFFF9700020035E00313AA220A0094AF
:10EA6000F40300AAE00313AAEE090094010440F99C
:10EA7000E30317AAE20316AAE00314AAA102018B7A
:10EA8000F35341A9F55B42A9F71B40F9FD7BC4A8EC
:10EA9000B2010014007C4093F35341A9F55B42A9F5
:10EAA000F71B40F9FD7BC4A8C0035FD6FD7BBDA961
:10EAB000FD030091F35301A9F30300AAF55B02A93A
:10EAC000F50301AAF60302AABDFFFF97C0010035B6
:10EAD000E00313AA040A0094F40300AAE00313AAB3
:10EAE000D0090094010440F9E20316AAE00314AA35
:10EAF000A102018BF35341A9F55B42A9FD7BC3A899
:10EB000008020014007C4093F35341A9F55B42A92D
:10EB1000FD7BC3A8C0035FD6FD7BBCA9FD030091AC
:10EB2000F35301A9F30300AAF55B02A9F50301AAB7
:10EB3000F60302AAF71B00F9F70303AAA0FFFF9749
:10EB400000020035E00313AAE7090094F40300AAC9
:10EB5000E00313AAB3090094010440F9E30317AAE0
:10EB6000E20316AAE00314AAA102018BF35341A900
:10EB7000F55B42A9F71B40F9FD7BC4A8B001001466
:10EB8000007C4093F35341A9F55B42A9F71B40F980
:10EB9000FD7BC4A8C0035FD6FD7BBEA9FD03009129
:10EBA000F35301A9F30300AA00F847391F54017178
:10EBB000A104005460FE47391FA8027141040054AB
:10EBC00060FA069114008052010080520200403920
:10EBD0005F1840F2210100540210403994060011E0
:10EBE000004000915F0000712104811A9F120071A2
:10EBF000E1FEFF54C1020035010100D060DA00914E
:10EC000021AC2891620080D2A7F8FF97A0000035C0
:10EC100020008052F35341A9FD7BC2A8C0035FD6F8
:10EC2000010100D0604A019121BC2891A20080D24C
:10EC30009DF8FF97E0FEFF349F120071E0039F5A9A
:10EC4000F5FFFF1700008012F3FFFF17000080524E
:10EC5000F1FFFF17FD7BBEA9220080D2FD030091CA
:10EC6000F30B00F9011040F921FC009121E47A92A4
:10EC700021000191FF6321CB010080D2F3FF0091BD
:10EC800073E67A92E30313AABF0100941F0400F114
:10EC900021010054E00313AAC0FFFF971F00007179
:10ECA000E0039F5ABF030091F30B40F9FD7BC2A81C
:10ECB000C0035FD600008012FBFFFF17FD7BB4A9E5
:10ECC000FD030091F35301A9F55B02A9F76303A9C2
:10ECD000F96B04A9FA0302AAFB2B00F9BF7F06A96E
:10ECE000021040F9BF7F07A942FC0091BF7F08A92D
:10ECF00042E47A9242000191BF7F09A9FF6322CBCF
:10ED0000BF7F0AA9BF7F0BA97F000471CD0000540B
:10ED1000E00000F000143091EEFDFF971500801226
:10ED200053000014F7FF0091F803032AF7E67A92E4
:10ED3000F60300AAF90301AAFB03042AF30305AAB8
:10ED4000E30317AA220080D28F0100941F0400F170
:10ED5000E0000054C10640B9E20319AAE00000F047
:10ED600000D43091DBFDFF97EDFFFF17E1FA473943
:10ED7000E2FE47393F540171610000545FA80271FF
:10ED8000A0000054E00000F000843191D1FDFF9715
:10ED9000E3FFFF17A1830191E00316AACAFEFF97C4
:10EDA000F503002A40060035E0FA0691E2FA0791E1
:10EDB000F40300AA810240393F1840F2A106005432
:10EDC00081124039610600347F03186B210600541C
:10EDD000B90000B4231800127F14007124184F7A70
:10EDE000A0050054A03B40F9014080D2626200912E
:10EDF0001F0008F10020819A600A00F98112407911
:10EE000080164079204000AA0000198B600200F9AA
:10EE1000811A4079801E4079204000AA600600F9DE
:10EE2000E103182AE00316AABDFEFF9760E20091F5
:10EE3000010100B0210404910CF8FF9780124039C1
:10EE4000810240391FBC0371E0179F1A00781F53DD
:10EE50003F0002714100005400000032605A00B9C6
:10EE60001500805280124039607A0139BF03009149
:10EE7000E003152AF35341A9F55B42A9F76343A9BF
:10EE8000F96B44A9FB2B40F9FD7BCCA8C0035FD6EE
:10EE9000F90000B481124039C10000342318001277
:10EEA0007F14007124184F7A400000541807001195
:10EEB000944200915F0014EBE1F7FF5401104039D8
:10EEC000221800125F14007124184F7AC0020054F7
:10EED000004000919F0200EB21FFFF54E00317AABE
:10EEE0002EFFFF971F040071A1F1FF547F0200F96C
:10EEF000014080D2C00E40F9600600F9A03B40F905
:10EF00007F5A00B91F0008F10020819A600A00F9B9
:10EF1000010100B060E2009121040491D3F7FF9752
:10EF2000D3FFFF17021040793F0300F1011440792D
:10EF3000E50313AAE4031B2AE303182AE00316AA35
:10EF4000414001AA21001A8B4213819A5CFFFF976E
:10EF5000F503002AC6FFFF17E50302AAE403012A0E
:10EF600023008052020080D2010080D254FFFF179C
:10EF7000E10300AA00805FF8020040F9423440F942
:10EF8000421040F9620000B4F00302AA00021FD64A
:10EF900020008052C0035FD6FD7BB3A9FD03009122
:10EFA000F35301A9F40300AAF55B02A9F71B00F9CA
:10EFB0009C080094F30300AAEFFDFF9760224039FC
:10EFC00060050034E00314AA96080094F50300AA33
:10EFD000E00314AAC80800941F580071810400546B
:10EFE000F60000B0170100B0D65E2391F7561091DD
:10EFF00033008052E2C30191E103132AE00315AA12
:10F000002EFEFF97E0020035830640F9E20316AAC0
:10F01000E403132A010480D2E0430191DCFCFF9752
:10F02000E0430191D8F7FF97E3230191E20300AA9F
:10F03000E10317AAE00314AAB40900948001003583
:10F04000E02740F977080094138400B8E1C30191E8
:10F05000020C80D2FBF7FF97E02740F931080094BB
:10F06000730600117F06027161FCFF54000080529C
:10F07000F35341A9F55B42A9F71B40F9FD7BCDA8ED
:10F08000C0035FD6020040F9423440F9A20000B448
:10F09000420C40F9A20000B4F00302AA00021FD6FD
:10F0A000A0048012C0035FD600008052FEFFFF174D
:10F0B000004440F9F4FFFF17FD7BBBA9FD0300915D
:10F0C000F35301A9F55B02A9F503002AF603012A0F
:10F0D000C0028052E1230191F71B00F9F70302AA55
:10F0E000C70A0094F403002A80020035E02740F9A3
:10F0F000130840F9736201D1E02740F96162019180
:10F10000004000913F0000EB610000545402801267
:10F110000A000014E00313AA42080094010040B959
:10F120003F00156B61010054000440B91F00166BCD
:10F1300001010054F30200F9E003142AF35341A93A
:10F14000F55B42A9F71B40F9FD7BC5A8C0035FD65C
:10F15000732E40F9E8FFFF17FD7BB9A9FD0300916D
:10F16000F35301A9F30300AAF40302AAF55B02A971
:10F17000F50301AAF60303AAF71B00F92908009476
:10F18000610240F9373440F9E40240F9440500B423
:10F1900001404039C1030034F37F04A9E5FFFFF0CB
:10F1A000E10316AAFF7F05A9A5C03D914300805247
:10F1B000FF7F06A9041040F9E0230191827C149B93
:10F1C000C5D7FF97E0000034007C4093F35341A97A
:10F1D000F55B42A9F71B40F9FD7BC7A8C0035FD6CA
:10F1E000E40240F9E20314AAE32B40F9E10315AA73
:10F1F000E00313AA80003FD6F30300AAE0230191A5
:10F20000DED7FF97E00313AAF1FFFF17E30316AA67
:10F21000E20314AAE10315AAE00313AAF35341A9D8
:10F22000F00304AAF55B42A9F71B40F9FD7BC7A8D0
:10F2300000021FD6A0048092E5FFFF17FD7BB9A94D
:10F24000FD030091F35301A9F30300AAF40302AAFA
:10F25000F55B02A9F50301AAF60303AAF71B00F95F
:10F26000F0070094610240F9373440F9E40640F9B0
:10F27000440500B401404039C1030034F37F04A9C0
:10F28000E5FFFFF0E10316AAFF7F05A9A5C03D91A8
:10F2900023008052FF7F06A9041040F9E02301916A
:10F2A000827C149B8CD7FF9700010034137C409321
:10F2B000E00313AAF35341A9F55B42A9F71B40F9F8
:10F2C000FD7BC7A8C0035FD6E40640F9E20314AA99
:10F2D000E32B40F9E10315AAE00313AA80003FD60F
:10F2E000F30300AAE0230191A4D7FF97F1FFFF17D2
:10F2F000E30316AAE20314AAE10315AAE00313AA82
:10F30000F35341A9F00304AAF55B42A9F71B40F9A6
:10F31000FD7BC7A800021FD6B3048092E5FFFF174C
:10F32000FD7BBDA9FD030091F35301A9F30300AADE
:10F33000F40301AAF51300F9F50302AAB907009432
:10F34000600240F9003440F9030840F9230100B499
:10F35000E20315AAE10314AAE00313AAF00303AA27
:10F36000F35341A9F51340F9FD7BC3A800021FD652
:10F37000A0048092F35341A9F51340F9FD7BC3A883
:10F38000C0035FD6004440F974FFFF17FD7BBCA9A2
:10F39000FD030091E1E30091F35301A9F51300F996
:10F3A000F503002AC0028052150A0094400300357C
:10F3B000E01F40F953028012140840F9946201D111
:10F3C000E11F40F980620191214000911F0001EB93
:10F3D000C1000054E003132AF35341A9F51340F987
:10F3E000FD7BC4A8C0035FD6E00314AA8D07009478
:10F3F000010040B93F00156B81000054000440B982
:10F400007F02006B73A2801A942E40F9946201D19E
:10F41000ECFFFF17F303002AEFFFFF17FD7BBFA9E7
:10F42000FD030091DAFFFF971F4C0031A00000544C
:10F43000E103202A007C410BFD7BC1A8C0035FD6FD
:10F4400000008052FDFFFF17FD7BB6A9FD03009170
:10F45000F35301A9F403042AE40302AAF55B02A909
:10F46000E200009042442391F76303A9F703032AC3
:10F47000F503052AF96B04A9F80307AAF90306AAFC
:10F48000FB7305A9FC0301AAC10380D2030440F960
:10F49000FB0300AAE0030291BDFBFF97E00302918A
:10F4A000B9F6FF97C00B00B4FA0300AA9F0600311B
:10F4B00061060054E003172AD9FFFF97F403002ADE
:10F4C000340BF837E3E30191E2031AAAE1031CAA23
:10F4D000E0031BAA8D080094F303002A20090035DD
:10F4E000E03F40F94F070094170000B9A57E409314
:10F4F000E1E70232BF0001EAE1F30132E2079F1ABD
:10F50000BF0001EAE1079F1A1F2000392204020B05
:10F51000E1CF0432BF0001EA199401A9E1079F1A63
:10F520004108010BA25C789242DC68F2E2079F1A64
:10F53000BF3C70F2220C020BE1079F1A4110010B35
:10F54000012800B9E13F40F9140400B9014400F971
:10F55000E03F40F9000300F96B070094E003132A31
:10F56000F35341A9F55B42A9F76343A9F96B44A999
:10F57000FB7345A9FD7BCAA8C0035FD6E1E30191F7
:10F58000C00280529E090094F303002A4003003514
:10F59000E03F40F9160840F9D66201D1E03F40F95A
:10F5A000C1620191004000913F0000EB61000054F6
:10F5B0003300801210000014E00316AA190700940B
:10F5C000E10300AA000040B9FF02006B01020054F1
:10F5D000200440B99F02006BA1010054E003172AE8
:10F5E000E13700F98EFFFF976001F837E13740F906
:10F5F000200400B97F02007164BA423A20F6FF5439
:10F60000E0031AAA70D7FF97D5FFFF17D62E40F94F
:10F61000E2FFFF17F303002AF7FFFF1773018012C1
:10F62000CFFFFF17F303142AF6FFFF17FD7BBBA9DB
:10F63000FD030091F35301A9F51300F9F50300AAA6
:10F64000FF2300F9FF4B00B9AD070094F40300AAB3
:10F65000000041B900781F12800201B9930641B938
:10F66000BF3F03D5A04A40F9E10000D0E2F300918A
:10F6700021200F91BC0B0094C0000035E13F40B940
:10F6800060020432737A03123F0000717302801A21
:10F69000A04A40F9E10000D0E2F3009121580F9117
:10F6A000B10B0094C0000035E13F40B96002033265
:10F6B000737A02123F0000717302801AA04A40F967
:10F6C000E10000D021940F91680C00941F1C00727F
:10F6D0004000005473020A32BF3F03D5930601B9BC
:10F6E000930A41B9BF3F03D5A04A40F9E10000D0D9
:10F6F000E203019121E40F91630080D2FB0B00949F
:10F7000040010035E0074829210400510004005160
:10F71000215C18532010002AE14B40B9210400510C
:10F720003300132A1300132ABF3F03D5930A01B9EC
:10F73000930E41B9BF3F03D5A04A40F9E10000D084
:10F74000E203019121241091630080D2E70B009421
:10F7500040010035E0074829210400510004005110
:10F76000215C18532010002AE14B40B921040051BC
:10F770003300132A1300132ABF3F03D5930E01B998
:10F78000800241B900000032800201B900008052BD
:10F79000F35341A9F51340F9FD7BC5A8C0035FD61B
:10F7A000FD7BB9A9FD030091F35301A9F55B02A903
:10F7B000F76303A9F96B04A9FB7305A94607009435
:10F7C0001F0400B1200B00541BF04391F30300AA67
:10F7D00075FB7FB9BF3F03D5B55650D374FF7FB9D2
:10F7E000BF3F03D5945A52D3F503152A940600114E
:10F7F0001A0080D2403F105379024291E06F00B965
:10F80000200080D21720DA9A39430091F703372A73
:10F81000160080D2DF0215EB230300545A07009133
:10F820005F0314EB83FEFF5464FB7FB9BF3F03D536
:10F830008418001265FB7FB9BF3F03D50A0880D248
:10F84000A55450D366F23F9100008052290080D227
:10F850000A01A0F29F00006B610300540000805277
:10F86000F35341A9F55B42A9F76343A9F96B44A996
:10F87000FB7345A9FD7BC7A8C0035FD6BF3F03D577
:10F88000E06F40B93CD30191207300B9000080D2F1
:10F8900042F6FF97F80300AA800340B9BF3F03D5A3
:10F8A00000050036E00318AA3CF6FF971FA00FF1F1
:10F8B00008040054200080D271F6FF97C1D9FF9749
:10F8C000F6FFFF17C10040B9BF3F03D5E10078370D
:10F8D000217C10533F081F72E00100540004001106
:10F8E000C6044091DCFFFF1763020A8B2B21C09AEC
:10F8F00007008052BF00076BC0FEFF54680040B98C
:10F90000E704001108010B2A680000B96304409164
:10F91000F9FFFF17614370B92321C09A2100032A20
:10F92000614330B9EEFFFF17A0028012CDFFFF1731
:10F93000E00000D000002E913DD6FF97F2F4FF9733
:10F94000200340B9D60600910000170A200300B931
:10F9500039074091B0FFFF17C00200B4FD7BBEA97C
:10F96000FD030091F35301A9F40300AA000040F93C
:10F970009F0600F9133440F973E201D1800240F987
:10F9800061E2019100A001913F0000EB8100005471
:10F99000F35341A9FD7BC2A8C0035FD6E00313AABD
:10F9A00026060094EDFFFF97733E40F9F3FFFF1723
:10F9B000C0035FD6E20300AAE00301AA010100B47C
:10F9C000410040F9213440F9020000F9210440F9D6
:10F9D000610000B4F00301AA00021FD600008052AB
:10F9E000C0035FD6FD7BBDA9FD030091F35301A9C0
:10F9F000F30301AAF40300AA010040F9E2A3009175
:10FA0000C0038052170A0094C0010035E01740F986
:10FA1000600200F9000040F9003440F9020040F9AA
:10FA2000620100B4E10314AAE00313AA40003FD628
:10FA300080000035E01740F9E10313AADEFFFF97CD
:10FA4000F35341A9FD7BC3A8C0035FD6800A40B928
:10FA50001F040071EC00005480000034800E40B997
:10FA600060FE01A9F4FFFF17000080D2FDFFFF1721
:10FA7000A0028012F3FFFF17FD7BB9A9E403022A5D
:10FA8000E20000B0FD030091F30B00F9E583009163
:10FA90007F0000F9F30303AA42D40F9103008052C0
:10FAA000004840F9360B0094A00000357F0200F9B1
:10FAB000E10313AAE0830091CBFFFF97F30B40F91A
:10FAC000FD7BC7A8C0035FD6FD7BB9A9E403012A6B
:10FAD00003008052FD030091F30B00F9F30302AA27
:10FAE000E5830091E10000B0E20000B021881091B0
:10FAF00042D40F91220B00947F0200F98000003560
:10FB0000E10313AAE0830091B7FFFF97F30B40F9DD
:10FB1000FD7BC7A8C0035FD6004840F9EBFFFF1785
:10FB2000200100B4010040F9E10000B4210040F9D7
:10FB3000213440F9210C40F9A10000B4F00301AADE
:10FB400000021FD6000080D2C0035FD6A0048092BE
:10FB5000FEFFFF17C00200B4FD7BBDA9FD030091AD
:10FB6000F35301A9F40301AAF30300AAF51300F962
:10FB7000010040F9010200B4210040F9353440F998
:10FB8000A11240F9210200B474FFFF97E10314AA07
:10FB9000E00313AAF35341A9A21240F9F51340F967
:10FBA000F00302AAFD7BC3A800021FD6000080D28A
:10FBB000C0035FD6000080D2F35341A9F51340F98A
:10FBC000FD7BC3A8C0035FD6A0048092FBFFFF1794
:10FBD000200100B4020040F9E20000B4420040F904
:10FBE000423440F9421440F9A20000B4F00302AAE2
:10FBF00000021FD600008052C0035FD6A00480120E
:10FC0000FEFFFF17FD7BB6A9FD030091F35301A989
:10FC1000F40300AAF55B02A9F76303A9F96B04A931
:10FC2000004840F9A010F8B7F70000B0F70A1091AB
:10FC3000F503012A03008052E10317AAE20000B095
:10FC400042D40F91EA0A0094F603002A400BF836DA
:10FC5000804A40F9F60000B0D6A61091E10316AA3A
:10FC6000980A0094200EF837007C4093810080D2DF
:10FC700013FC42D3E00313AAE7D7FF97F70300AAC8
:10FC8000800D00B4E20300AAE30313AA804A40F9FE
:10FC9000E10316AA950A0094400C0035FA0000B062
:10FCA000F9E301915A671091F603132A180080D2E4
:10FCB00013008052DF02186BED0A0054E07A78B826
:10FCC000E0080034E30319AAE203182AE1031AAAA0
:10FCD000E00314AA69FFFF97F303002A1F140831F9
:10FCE00080000054400700341F08003141080054D0
:10FCF000130080523A000014E30319AAE203132A06
:10FD0000E10317AAE00314AA5CFFFF971F08003164
:10FD1000A100005473060011DF02136BE1FEFF54D3
:10FD2000CCFFFF17C00300353F0740B189000054E6
:10FD3000E003192A40030035C6FFFF17E3031AAAA0
:10FD4000E203132AE10318AAE00314AA4BFFFF976A
:10FD50001F14083100FEFF5420020035E02B40F94B
:10FD60009F0200EBD500003560FDFF545F0740B1F6
:10FD7000A9000054E0031A2AEFFFFF17C1FCFF544B
:10FD8000FBFFFF17E10319AAE0031AAA91FFFF97EF
:10FD90001F98003100FCFF54E0FBFF36F35341A9EC
:10FDA000F55B42A9F76343A9F96B44A9FD7BCAA897
:10FDB000C0035FD6F80000B0F9E30191FA43019166
:10FDC0001867109113008052D4FFFF17E03F40F9ED
:10FDD0001F0014EB950000358100005418070091B6
:10FDE000B5FFFF17C1FFFF543F0740B1A900005402
:10FDF000F303192A7F02007160D29F1AE8FFFF17F0
:10FE0000E17A78B8E00319AA53FFFF97F303002AB9
:10FE100060FEFF36E00317AA6BD5FF97F6FFFF17CA
:10FE2000F303002AFCFFFF1713008052F2FFFF17B5
:10FE300073018012F0FFFF1700008052D8FFFF17F8
:10FE4000FD7BBFA921008052FD0300916EFFFF974B
:10FE500000008052FD7BC1A8C0035FD6200100B422
:10FE6000010040F9E10000B4210040F9213440F9DB
:10FE7000211840F9A10000B4F00301AA00021FD626
:10FE800000008052C0035FD6A0048012FEFFFF175F
:10FE9000FD7BBDA9FD030091F35301A9F40300AA62
:10FEA000130080D2F55B02A9150580D2B60480123A
:10FEB000800A40B91F00136B680000540000805294
:10FEC00008000014800240F96002159B730600913F
:10FED000E3FFFF971F00007104B0567AA0FEFF54A5
:10FEE000F35341A9F55B42A9FD7BC3A8C0035FD6CC
:10FEF000200100B4010040F9E10000B4210040F904
:10FF0000213440F9211C40F9A10000B4F00301AAFA
:10FF100000021FD600008052C0035FD6A0048012EA
:10FF2000FEFFFF17FD7BBDA9FD030091F35301A95F
:10FF3000F30300AA00058052F51300F9B5048012FE
:10FF4000344CA09B7F0214EB6100005400008052EF
:10FF50000A000014600240F9600000B573A200912D
:10FF6000F9FFFF17E00313AAE2FFFF971F000071DC
:10FF70000410557A40FFFF54F35341A9F51340F99B
:10FF8000FD7BC3A8C0035FD6FD7BBCA903008052E4
:10FF9000E20000B0FD030091F35301A942D40F9198
:10FFA000F40301AAF55B02A9F60300AAF76303A90B
:10FFB0003F0800B9E10000B021881091004840F9E5
:10FFC0000B0A0094F303002A1F0000716D02005415
:10FFD0000005805201009052607E209B50F3FF97F5
:10FFE000800200F9600300B4150080D2180580D2A9
:10FFF000820240F9E103152AE00316AAA20A189B1F
:020000021000EC
:10000000C6FEFF976001F836F303002A810A40B963
:10001000800240F9C4FFFF97E003132AF35341A97C
:10002000F55B42A9F76343A9FD7BC4A8C0035FD673
:10003000800A40B9B506009100040011800A00B999
:100040007F02156B6CFDFF5413008052F3FFFF1706
:1000500073018012F1FFFF17FD7BBDA9FD03009125
:10006000F35301A9F40300AA130080D2F55B02A99F
:10007000150580D2B6048012800A40B91F00136BA8
:10008000680000540000805208000014800240F90B
:100090006002159B7306009196FFFF971F00007189
:1000A00004B0567AA0FEFF54F35341A9F55B42A970
:1000B000FD7BC3A8C0035FD600008052C0035FD69B
:1000C000001440F9C0035FD6FD7BBFA9FD0300917A
:1000D000000040F94D040094FD7BC1A8001440F9D4
:1000E000C0035FD6FD7BBEA902008052FD030091D4
:1000F000F35301A9F40300AAF30301AA004840F94D
:10010000E100009021940F911A090094007C409323
:10011000601600F9E10313AAE00314AA8F04009407
:10012000740200F97F1600B9F35341A9FD7BC2A800
:10013000C0035FD6FD7BBEA9FD030091F30B00F960
:10014000F30300AA31040094E10300AAE00313AA18
:10015000E5FFFF9700008052F30B40F9FD7BC2A83A
:10016000C0035FD6FD7BBEA9FD030091F30B00F930
:10017000000040F925040094F30300AA69FEFF97EC
:100180001F0440B1A8000054612A40B90008C19A78
:10019000612E40B9007C019BF30B40F9FD7BC2A8A6
:1001A000C0035FD6FD7BBDA9FD030091F35301A9F8
:1001B000F40300AAF51300F914040094010080521E
:1001C000E20300AAF30300AAE00314AA53FEFF9778
:1001D000F503002AA0010035804A40F92200805230
:1001E000E100009021400F91E2080094602A00B9DC
:1001F00022008052E1000090804A40F921680F916E
:10020000DC080094602E00B9E003152AF35341A9DD
:10021000F51340F9FD7BC3A8C0035FD624344CD34B
:100220000224001200244092213448D30320C49AAF
:10023000800C80D20008C39A1F00007100149F1A1E
:10024000427C001B4220C49A4208C19A42100051CD
:10025000422400124040002AC0035FD600008052B2
:10026000C0035FD6FD7BBDA9E103012AFD03009118
:10027000F35301A9F303022AF51300F9F50300AAC9
:10028000000040F9016861B8BF3F03D5F403012ABB
:10029000214450D33F0400F1200200543F0800F1F4
:1002A00020020054410200B58DC2FF97E103002AED
:1002B000A00240F9006873B8BF3F03D5822E48D32F
:1002C00000244092F35341A92108C29AF51340F942
:1002D000FD7BC3A8007C019BC0035FD690C2FF9743
:1002E000F3FFFF1791C2FF97F1FFFF17610080D264
:1002F000F0FFFF17FD7BBEA9FD030091F35301A999
:10030000F40300AAC1030094F30300AAE00314AAB3
:10031000710400941F0400B1C0000054600200F991
:1003200000008052F35341A9FD7BC2A8C0035FD6F1
:10033000A0028012FCFFFF17020040F9E100003527
:10034000425040B9BF3F03D5037D8052A200C03761
:1003500000008052C0035FD642A440B9FAFFFF17E5
:10036000020040F9E1000035425040B9BF3F03D5DB
:1003700063040071C1FEFF54A00D8012F6FFFF1749
:1003800042A440B9FAFFFF17C50000D00800885208
:1003900009008852E40300AAA5602591FD7BBFA94E
:1003A000060080520820A0720960A072FD0300912F
:1003B000A7004079E000082AA1030035BF3F03D51C
:1003C000820040F9405000B9E00304AADBFFFF9728
:1003D000A0030035800040F921030035005440B9E6
:1003E000BF3F03D5A20840B90200220AA00440B9C9
:1003F0004200002AE240022A4200092A8102003516
:10040000BF3F03D5800040F9025000B9E00304AAC1
:10041000C6040011C9FFFF97A5300091DF100071DD
:1004200081FCFF54FD7BC1A8C0035FD6BF3F03D54D
:10043000820040F940A400B9E4FFFF1700A840B9CA
:10044000E8FFFF1700008052E7FFFF17BF3F03D50B
:10045000800040F902A400B9EDFFFF17FD7BBEA9A3
:10046000FD030091F35301A9F30300AA02C2FF9711
:10047000F40300AAE00313AA64030094D42400B494
:10048000F30300AA000040F9000040B9BF3F03D5C4
:10049000216080520000012ABF3F03D5610240F96C
:1004A000200000B952BFFF97BF3F03D5600240F95B
:1004B000C11E8052013000B94DBFFF97BF3F03D529
:1004C000600240F9E11D8052018800B948BFFF97E2
:1004D000610240F9204840B900741E12204800B95A
:1004E000610240F9209C40B900741E12209C00B9A2
:1004F000802240B9850A40B9E103052AA5781E1279
:1005000047FFFF97BF3F03D5610240F9254800B977
:10051000820E40B9BF3F03D5610240F9224C00B9B9
:10052000BF3F03D5610240F9205800B9811240B99C
:10053000BF3F03D5600240F9015C00B9811640B9A4
:10054000BF3F03D5600240F9016000B9811A40B98C
:10055000BF3F03D5600240F9016400B9811E40B974
:10056000BF3F03D5600240F9016800B9812240B95C
:10057000BF3F03D5600240F9016C00B9810240B968
:10058000BF3F03D5600240F9014000B9810640B980
:10059000BF3F03D5600240F9014400B9804640B92D
:1005A000852E40B9E103052AA5781E121CFFFF978E
:1005B000BF3F03D5610240F9259C00B9823240B9A2
:1005C000BF3F03D5610240F922A000B9BF3F03D568
:1005D000610240F920AC00B9813640B9BF3F03D574
:1005E000600240F901B000B9813A40B9BF3F03D57C
:1005F000600240F901B400B9813E40B9BF3F03D564
:10060000600240F901B800B9814240B9BF3F03D54B
:10061000600240F901BC00B9814640B9BF3F03D533
:10062000600240F901C000B9812640B9BF3F03D53F
:10063000600240F9019400B9812A40B9BF3F03D557
:10064000600240F9019800B9814A40B9BF3F03D523
:10065000600240F901D400B9814E40B9BF3F03D5D3
:10066000600240F901D800B9815240B9BF3F03D5BB
:10067000600240F901DC00B9815640B9BF3F03D5A3
:10068000600240F901E000B9815A40B9BF3F03D58B
:10069000600240F901E800B9815E40B9BF3F03D56F
:1006A000600240F901EC00B9816240B9BF3F03D557
:1006B000600240F901F000B9816640B9BF3F03D53F
:1006C000600240F901F800B9816A40B9BF3F03D523
:1006D000600240F901FC00B9816E40B9BF3F03D50B
:1006E000600240F9010001B9817240B9BF3F03D5F2
:1006F000600240F9010401B9817640B9BF3F03D5DA
:10070000600240F9010801B9817A40B9BF3F03D5C1
:10071000600240F9010C01B9610240F9204840B97A
:1007200000040032204800B9610240F9209C40B921
:1007300000040032209C00B9E00313AA010080529B
:1007400012FFFF9721008052E00313AA0FFFFF97CB
:10075000600240F9005C40B9BF3F03D5000005329C
:10076000BF3F03D5610240F9205C00B9600240F947
:10077000006040B9BF3F03D500000532BF3F03D53D
:10078000610240F9206000B9600240F9006440B99C
:10079000BF3F03D500000532BF3F03D5610240F9DA
:1007A000206400B9600240F9006840B9BF3F03D53A
:1007B00000000532BF3F03D5610240F9206800B94F
:1007C000600240F900B040B9BF3F03D500000532D8
:1007D000BF3F03D5610240F920B000B9600240F983
:1007E00000B440B9BF3F03D500000532BF3F03D579
:1007F000610240F920B400B9600240F900B840B984
:10080000BF3F03D500000532BF3F03D5610240F969
:1008100020B800B9600240F900BC40B9BF3F03D521
:1008200000000532BF3F03D5610240F920BC00B98A
:10083000002080522000A0725DBEFF97BF3F03D50D
:10084000610240F920008052207800B9BF3F03D5F3
:10085000610240F920CC00B9600240F9004840B97B
:10086000BF3F03D500000332BF3F03D5610240F90B
:10087000204800B9600240F9009C40B9BF3F03D551
:1008800000000332BF3F03D5610240F9209C00B94C
:10089000BF3F03D5600240F91F3000B954BEFF9737
:1008A000BF3F03D5600240F91F8800B950BEFF97D3
:1008B000610240F9E2BD8712201440B900741C1295
:1008C000201400B9610240F920F440B90000020A86
:1008D00020F400B9404238D5000C02531F0C0071BF
:1008E000A100005400809052E0FAA27200E01BD5F3
:1008F00000E03BD5600240F9000040B9BF3F03D59E
:1009000000781F12BF3F03D5610240F9200000B9F3
:1009100037BEFF9700008052F35341A9FD7BC2A868
:10092000C0035FD6FD7BBDA9E103012AFD03009151
:10093000F35301A9F30300AAF51300F9000040F9ED
:10094000006861B8BF3F03D5004850D31F10007145
:1009500088040054C10000D0214021912148603812
:10096000600000100188218B20001FD6F503022AA9
:1009700001098052E00313AA820D80523AFEFF97CC
:10098000610240F9216875B8BF3F03D52128409224
:100990000008C19AF35341A9F51340F9FD7BC3A8A0
:1009A000C0035FD6F403032A81138052E00313AA25
:1009B000021880522CFEFF97610240F9216874B83A
:1009C000F2FFFF17C6C0FF97E003002AF2FFFF17F0
:1009D000D3C0FF97FDFFFF17D4C0FF97FBFFFF17A2
:1009E000000080D2ECFFFF17FD7BBFA98316805269
:1009F000020D8052FD03009101088052CAFFFF974B
:100A0000FD7BC1A8C0035FD6FD7BBEA9FD0300919D
:100A1000F30B00F9F30300AAF4FFFF97E003002AA9
:100A2000610240F9214440B9BF3F03D5211444D3AA
:100A3000F30B40F90024C19AFD7BC2A8C0035FD626
:100A4000FD7BBDA9FD030091F35301A9F30300AAA7
:100A5000F51300F9000040F9EC010094F40300AA3A
:100A6000750E40F9BF0E00F1E0040054A17A00D1E8
:100A70003F5400F1081100543F540071C810005455
:100A8000C00000D00030289100586178610000104B
:100A900020A8208B00001FD6A00038D500FC48D32A
:100AA0000316805200001D121F080071E901005456
:100AB000820B805281208052E00314AA9AFFFF9794
:100AC000810240F9210041B9BF3F03D5212840925E
:100AD000210400910008C19AF35341A9F51340F98C
:100AE000FD7BC3A8C0035FD6020C80520120805258
:100AF000F2FFFF17E00314AABCFFFF97E003002AF0
:100B0000F6FFFF17010040F9210440B9BF3F03D5AC
:100B10008100C036B5FFFF97007C0153EFFFFF1740
:100B2000B2FFFF97007C0253ECFFFF17E00314AA0B
:100B3000AEFFFF97810240F9E003002A214440B94B
:100B4000BF3F03D5211C46D30024C19AE3FFFF1702
:100B5000E00314AAADFFFF97810240F9E003002AE9
:100B6000214440B9BF3F03D5214450D3F7FFFF17BD
:100B7000800240F9BFAE00F12102005400DC40B910
:100B8000BF3F03D5811B80D2820240F9004850D379
:100B9000536861B8BF3F03D5732A00121F1000715C
:100BA000C8040054C10000D021E0289121486038D9
:100BB000600000100188218B20001FD600D440B9AE
:100BC000BF3F03D5810240F9219440B9BF3F03D50F
:100BD000BFA200F1E103012AE100005421681A5389
:100BE0003F000071821A80D2011B80D22110829AAC
:100BF000E6FFFF17226C1B53BFA6007121701C5328
:100C00002110821AF7FFFF1701098052E00314AA8E
:100C1000820D805294FDFF97BFAE00F1E003002AE1
:100C2000810240F901010054216840B9BF3F03D55A
:100C3000212840920008C19A730600110008D31AB7
:100C4000A6FFFF17216040B9F9FFFF17E00314AAC0
:100C5000021880528113805283FDFF97810240F970
:100C600021BC40B9BF3F03D5007C4092F1FFFF1784
:100C70001BC0FF97F1FFFF1729C0FF97EFFFFF177A
:100C80002AC0FF97EDFFFF17E00314AA5FFFFF974D
:100C90009BFFFF17A000809290FFFF17C10228362C
:100CA000FD7BBEA9FD030091F35301A913FC0011C4
:100CB00073661A12000880D2737E4093E10313AA70
:100CC0000CD4FF97F40300AAE00000B4E20313AAD7
:100CD00001008052BFF0FF978102138BE00314AA3A
:100CE000B7C2FF97E00314AAF35341A9FD7BC2A842
:100CF000C0035FD6017C4093200080D2C6D3FF178B
:100D0000FD7BB9A9FD030091F35301A9F40301AAE6
:100D1000F55B02A9F60300AAF76303A9F80303AA87
:100D2000F70306AAF96B04A9F90302AAFA0304AAB5
:100D3000FB2B00F9FB0305AA460000B4DF0000F915
:100D4000591100B4800A40B9E1A30191AC030094A9
:100D5000F503002A400C0035011480D2200080D217
:100D6000ADD3FF97F30300AA401000B415E0019142
:100D700000A0019101008012B55600A9000000A951
:100D800060620191000000A9746600A9E03740F993
:100D9000780A00F97ADA02A9602200F9618E00B9B6
:100DA0007B4A00F9000440F9017440B901010037A1
:100DB000E03740F9010440F9217440B98101083756
:100DC00048040094608E00B909000014010040F945
:100DD00001FFFFB4FBFEFFB7400A40F96332029106
:100DE000E2031B2A12EDFF9740FEFF35805E40B9FB
:100DF00040010034380100B5608A40B900001F325C
:100E0000608A00B9200080D2815E80B982D3FF97CA
:100E1000400A00B4600A00F9E03740F9000440F9E4
:100E2000016840B921010034608A40B9217C4093B7
:100E300000001C32608A00B9200080D276D3FF9770
:100E4000C00800B4601200F9D60200B4C00240F934
:100E5000016440B9A1000035C02240F9000440F906
:100E6000017040B921010034608A40B9217C40936F
:100E700000001D32608A00B9200080D266D3FF973F
:100E8000C00600B4600E00F9C13A40F9D53A00F945
:100E9000C0A20191603E00F9A10600F9350000F9F9
:100EA000E00313AA1A050094F503002AA0050035F3
:100EB000810E40F9410200B5360300B5E03740F934
:100EC000000440F9010840F9A10300B5370400B55A
:100ED000608A40B900001A32608A00B9E003152A1E
:100EE000F35341A9F55B42A9F76343A9F96B44A900
:100EF000FB2B40F9FD7BC7A8C0035FD6E00313AA14
:100F000020003FD6F403002A80FDFF34E00313AA3B
:100F1000F503142A2CD1FF97F1FFFF17C00240F907
:100F2000012040F9C1FCFFB4E00313AA20003FD622
:100F3000F403002A40FCFF34F5FFFF17E00313AA77
:100F400020003FD6F403002A20FCFF34F0FFFF17F7
:100F5000F30200F9DFFFFF1774018012ECFFFF17A7
:100F6000F403002AEAFFFF17B5028012DCFFFF1727
:100F700075018012DAFFFF17E60305AAE50304AA4C
:100F8000E40303AA030080D25EFFFF17FD7BBDA927
:100F9000FD030091F35301A9F40300AAF30302AA8D
:100FA000F55B02A9361C0012F50303AA400040F9C4
:100FB00057010094C00100B4E10300AA7600003498
:100FC000007040B9E0011036E60315AAE00314AA48
:100FD000620E40A905008092F35341A9040080D21B
:100FE000F55B42A9FD7BC3A846FFFF1720008012D6
:100FF000F35341A9F55B42A9FD7BC3A8C0035FD6AB
:1010000000008012FBFFFF17800800B4FD7BBEA923
:10101000FD030091F35301A9F30300AA008840B92E
:10102000600060360000805231000014601A40F900
:10103000800400B5740240F9805A40B9C0040035FC
:10104000602240F9010440F9206440B9E000003416
:10105000622640F9A20000B5217440B910FFFF9745
:10106000400400B4602600F9611A40F9C10100B4DF
:10107000200040F9006040B9A0000035202040F970
:10108000000440F9006C40B9E0000034612A40F9E6
:10109000A10000B5817240B901FFFF97600200B462
:1010A000602A00F9600240F9011C40F9A10200B574
:1010B000608A40B900001432608A00B9DAFFFF1775
:1010C000D2FFFF9740010035608A40B940FB673688
:1010D000D5FFFF17611E40F941FBFFB5817240B992
:1010E000EFFEFF97A00000B560018012F35341A905
:1010F000FD7BC2A8C0035FD6601E00F9D1FFFF17B9
:10110000604A40F960FDFFB7E00313AA20003FD614
:1011100000FDFF34F6FFFF17A0028012C0035FD668
:10112000000700B4FD7BBEA9FD030091F35301A9A4
:10113000F30300AA018840B9A100003600008052E4
:10114000F35341A9FD7BC2A8C0035FD6140040F948
:10115000AEFFFF9720010035601A40F9600100B52D
:10116000608A40B900000032608A00B9E00313AA27
:101170008304009440010034618A40B921781F1231
:10118000618A00B9EFFFFF17E6FFFF9760FFFF35A9
:10119000608A40B960FE0736E9FFFF17601A40F920
:1011A000A00100B5604A40F9A000F8B7E00313AA17
:1011B0000100805294FAFF9700FEFF35811240F93A
:1011C000810100B5E00313AA8704009480FBFF347B
:1011D000EAFFFF17000040F9012440F941FEFFB487
:1011E000E00313AA20003FD6E0FDFF34E3FFFF1722
:1011F000E00313AA20003FD660FEFF34DFFFFF1795
:10120000A0028012C0035FD6400000B4000840F97D
:10121000C0035FD6400000B4000C40F9C0035FD6A5
:10122000400000B4001040F9C0035FD6400000B495
:10123000001C40F9C0035FD6400000B4002440F910
:10124000C0035FD6400000B4002840F9C0035FD659
:10125000023440F903A001915F0003EB40E001D1AB
:1012600000109F9A200000F900008052C0035FD652
:10127000010040F9221840F9233C40F942A00191B5
:1012800061E001D17F0002EB21109F9A010000F97B
:1012900000008052C0035FD65F0000F9038C46F85F
:1012A00063E001D1E40303AA858C47F89F0000EBBB
:1012B000610000544002801208000014642040F9CC
:1012C000840440F9840840B93F00046B8100005455
:1012D00000008052430000F9C0035FD6A3E001D1B3
:1012E000F1FFFF17001840F9C0035FD6001440F962
:1012F000C0035FD6002040F9000440F9000840B95F
:10130000C0035FD6018840B921001932018800B9B5
:10131000C0035FD6FD7BBEA9FD030091F30B00F96E
:10132000F30300AAE00301AA17EFFF97200100B41E
:10133000600600F9608A40B900001932608A00B97D
:1013400000008052F30B40F9FD7BC2A8C0035FD6BA
:1013500060018012FCFFFF17012400F9C0035FD673
:10136000FD7BBFA9FD030091004840F9A005009452
:101370001F000071E0079F1AFD7BC1A8C0035FD664
:10138000FD7BBEA9E403012A06008052FD03009103
:10139000F35301A9F40300AAE103032A400A40F928
:1013A000050080D2E30000B063481691D5ECFF97AA
:1013B000F30300AA1F0400B140010054801A40F951
:1013C000CDFFFF971FB80171C1000054E10313AABC
:1013D000801A40F9F35341A9FD7BC2A833040014DD
:1013E000E00313AAF35341A9FD7BC2A8C0035FD653
:1013F000FD7BBDA9FD030091F35301A9F30300AAEE
:10140000F403012AF51300F9400A40F9754A40F93E
:10141000E103152A8FE8FF97E203152AE303002A68
:10142000E103142AE00313AAF35341A9F51340F989
:10143000FD7BC3A8D3FFFF17FD7BBCA9FD03009173
:10144000F35301A9F30300AAF403012AF55B02A9EF
:10145000164840F9F71B00F9F70302AA400A40F9C1
:10146000E103162A7BE8FF97F503002AE103002A2F
:10147000E50317AA400A40F9E403142AE203162AF6
:1014800006008052E30000B0634816919DECFF9780
:10149000E303152AE203162AE103142AE00313AA40
:1014A000F35341A9F55B42A9F71B40F9FD7BC4A8A2
:1014B000B4FFFF17FD7BBFA9FD030091DFFFFF977E
:1014C0001F0400B141000054000080D2FD7BC1A880
:1014D000C0035FD601008052C6FFFF17FD7BBFA986
:1014E000FD030091C3FFFF971F0400B141000054AA
:1014F000000080D2FD7BC1A8C0035FD601008052EE
:10150000F7FFFF17F6FFFF17FDFFFF17FD7BBDA9D4
:10151000410100D021A01591FD030091F35301A9D1
:10152000540100B094222191330014CBF51300F93B
:10153000F50300AAE0EB03B273FE4393E0DD9DF2F6
:10154000737E009B000F80527352209B7F0214EB2E
:10155000E1000054140080D2E00314AAF35341A91F
:10156000F51340F9FD7BC3A8C0035FD6810240F9A3
:10157000E00315AA43EEFF9700FFFF3494E20191C8
:10158000F3FFFF17410100D0E203002A20A01991C8
:10159000410100F021000191E3EB03B2210000CBF7
:1015A000E3DD9DF221FC4393217C039B030F8052DA
:1015B0002100239B3F0000EB61000054000080D21B
:1015C000C0035FD6030840B97F00026BA0FFFF5441
:1015D00000E00191F8FFFF17FD7BB9A9FD03009121
:1015E000F35301A9540100D094A21591F96B04A9F9
:1015F0003A1C0012410100D021E01591F90300AA24
:10160000210014CBF55B02A91500805233FC4493F2
:10161000F76303A958018052FB2B00F9FB03132A3F
:10162000170080D2160080527F03176B0C02005403
:10163000BF020071A41A4B3AB512961ADF2E003180
:101640006100005418070071A1FEFF54E003152A41
:10165000F35341A9F55B42A9F76343A9F96B44A988
:10166000FB2B40F9FD7BC7A8C0035FD6E1031A2A14
:10167000E3A301918212178BE00319AA44FEFF979E
:10168000010400113F04007189000054DF02007161
:101690000018423AD602801AF7060091E3FFFF17BE
:1016A000FD7BBDA9FD030091F35301A9F30300AA3B
:1016B000F40302AAE00301AAF55B02A9F50303AA59
:1016C000F60304AA92FFFF97600100B4E10300AAA9
:1016D000E50316AAE40315AAE20314AAE00313AA79
:1016E000030080D2F35341A9F55B42A9FD7BC3A857
:1016F00022FEFF1720008012F35341A9F55B42A997
:10170000FD7BC3A8C0035FD6E40303AA0300809255
:10171000E4FFFF17FD7BB7A9FD030091F35301A977
:10172000530100B0F40301AAF55B02A973222191D1
:10173000560100D0F76303A9D6A21591F50302AABA
:10174000F96B04A9F80303AAFB7305A99C1C0012FA
:10175000E03F00F9420000B45F0000F9E00314AA82
:10176000F0030094E2130291C10000F021302491B3
:10177000E03B00F9E00314AA2F040094F70300AA49
:10178000E00200B4D60213CBE0EB03B2E0DD9DF241
:10179000D6FE4393D67E009B000F8052C04E209B06
:1017A00016008052E03700F9E08740B91F00166B41
:1017B000CD010054FBC2368BFA0313AAE03740F97F
:1017C0001F001AEB21020054E0031BAACDEDFF9786
:1017D00000040091D602000BF4FFFF17E08740B928
:1017E0001F0400314100005400008052F35341A90E
:1017F000F55B42A9F76343A9F96B44A9FB7345A9BB
:10180000FD7BC9A8C0035FD6F80000B45F0318EBE6
:10181000600000545AE30191E9FFFF17590B40F9AA
:10182000390400B4590B40F979FFFFB4200340F9A3
:1018300020FFFFB4E1031BAA92EDFF976000003484
:1018400039430091FAFFFF17BC020034E00314AAE9
:10185000380400941F1C007261000054407340B9AA
:1018600040FC1736D90100B5030080D2E20347A936
:10187000E5230291E40314AAE1031AAABFFDFF972E
:101880001F4C003120FAFF5420FBFF35F5FAFFB45E
:10189000E14740F9A10200F9D5FFFF17230740F9FE
:1018A000F3FFFF173CFEFF34E9FFFF17FD7BBCA9E8
:1018B000FD030091F35301A9F55B02A9F76303A9A6
:1018C0002105F8B7F50300AA561C0012400A40F99A
:1018D000170080121400805234E5FF971F0000713A
:1018E00013A0971A737E40937F0600B1E100005465
:1018F000E003142AF35341A9F55B42A9F76343A916
:10190000FD7BC4A8C0035FD6E00313AA850300943F
:10191000400A40F9F803132AE103132A34EAFF9737
:1019200040010034E403162AE10313AAE00315AAD8
:10193000030080D2020080D277FFFF971F00007162
:10194000801A407A9412801A400A40F9E103182A5A
:1019500023E5FF971F00007113A0971A737E409331
:10196000E2FFFF1714008052E2FFFF17FD7BBDA9C5
:10197000FD030091F35301A9F30300AAF51300F945
:10198000351C0072004840F941010054608A40B99A
:1019900080017836E00313AAE2FDFF9720010034AE
:1019A000F35341A9F51340F9FD7BC3A8C0035FD6EB
:1019B0006001F8B6600240F9007040B980FE173748
:1019C000748E46F894E201D180E201911F0013EB7E
:1019D000E100005400008052F2FFFF17D50300948D
:1019E0001F1C007241FDFF54F3FFFF17E00314AA10
:1019F000E103152ADEFFFF97943E40F9F2FFFF173F
:101A0000407640F9C00200B5FD7BBFA940C20391FA
:101A100002010090FD030091408200F942E015911F
:101A2000000000A943A2039101008052000080D26F
:101A300057FDFF9700010035417640F93F4800F916
:101A4000407640F9B7FDFF976000003541420391B1
:101A5000210400A9FD7BC1A8C0035FD6A0028012AB
:101A6000C0035FD6FD7BBFA9E103002AFD030091FF
:101A7000407640F9D9FEFF971F080031410000541D
:101A800000008052FD7BC1A8C0035FD6421A40F916
:101A9000014840F9E20322AA4200001284FFFF1726
:101AA000437640F9E203002A010080D2E00303AA52
:101AB0007FFFFF17FD7BBBA9FD030091F35301A935
:101AC000141C0012E00000B000F41D91E01B00F9AE
:101AD000C00000F000141591E01F00F9C00000F0F4
:101AE00000341591E02300F9C00000F00068259152
:101AF000F51300F9E02700F9E003142AE9FFFF9746
:101B0000A0010035F5C30091130080D2A07A73F8CC
:101B10003F030094E10300AA407640F9E203142A4F
:101B200063FFFF9780000035730600917F1200F17C
:101B3000E1FEFF54F35341A9F51340F9FD7BC5A81D
:101B4000C0035FD600008052C0035FD6FD7BBEA9F4
:101B5000FD030091F30B00F9131C001200008052EA
:101B6000A8FFFF97E0010035E003132ABEFFFF97AF
:101B700080010035E003132ACFFFFF9720010035D5
:101B8000E003132AF0FFFF97C0000035E103132A9A
:101B9000F30B40F9FD7BC2A8407640F974FFFF17B4
:101BA000F30B40F9FD7BC2A8C0035FD6E303002A14
:101BB000E20312AA407640F9400100B4408240F9A5
:101BC000010040F9208000D1E10300AA448040F9DF
:101BD000250C42F89F0001EB61000054000080D208
:101BE000C0035FD6010440F9210840B93F00036BF0
:101BF00080FFFF54A08000D1F4FFFF17FD7BBCA93C
:101C0000FD030091F35301A9F55B02A9F71B00F94D
:101C1000F70301AA418240F9010800B4FF0200F96C
:101C2000E603002AE2FFFF97400700B5E003062A1B
:101C300055FEFF97F60300AA400700B4010680D2C4
:101C4000200080D2F4CFFF97F30300AAE00600B48F
:101C5000C16240B9C1000034217C4093200080D291
:101C6000EDCFFF97200500B4600200F97582009166
:101C700060420091760600F9B55600A9000000A95F
:101C8000408240F9010040F9350400F9611200F981
:101C9000A00600F9150000F9C12A40F9010300B4BB
:101CA000E00313AA20003FD6F403002A8002003488
:101CB000C06240B980000034600240F9C2CDFF9795
:101CC0007F0200F9611240F9A00640F9200400F9F2
:101CD000010000F97F1200F9BF0600F9E00313AA22
:101CE000B9CDFF97E003142AF35341A9F55B42A94C
:101CF000F71B40F9FD7BC4A8C0035FD6F30200F9CF
:101D000014008052F8FFFF1774018012F4FFFF17D0
:101D1000E00200F9FBFFFF1754048012F2FFFF17E7
:101D2000F40B8012F0FFFF1774018012EEFFFF1713
:101D3000FD7BBDA9FD030091F35301A9F303012A23
:101D4000F40302AA5F0000F9E1A30091ACFFFF9742
:101D500000020035E11740F924400091230840F9C2
:101D60009F0003EBE0000054636001D1E103132AFC
:101D7000E20303AA458C45F89F0002EB6100005482
:101D80004002801203000014A1000035830200F914
:101D9000F35341A9FD7BC3A8C0035FD6A36001D163
:101DA00021040051F3FFFF17FD7BBDA9FD03009146
:101DB000F30B00F9F30301AA3F0000F9E1A300913E
:101DC0008FFFFF9700010035E11740F92240009195
:101DD000210840F93F0002EB60000054216001D16E
:101DE000610200F9F30B40F9FD7BC3A8C0035FD685
:101DF000FD7BBBA9FD0300917F0000F9F35301A90E
:101E0000F55B02A9F76303A9610400B4F60301AA14
:101E1000557C4093F70303AAE123019178FFFF97D4
:101E2000F303002A80020035F82740F9140F41F827
:101E3000946201D1806201911F0018EB610000548F
:101E4000530280120C000014800640F9E20315AA28
:101E5000E10316AA14ECFF97F303002A8001003572
:101E6000800640F927ECFF97BF0200EB0101005408
:101E7000F40200F9E003132AF35341A9F55B42A9E8
:101E8000F76343A9FD7BC5A8C0035FD6942E40F934
:101E9000E8FFFF17B3028012F7FFFF17FD7BBDA914
:101EA000FD030091F35301A9F403002AF30301AAEF
:101EB000E00301AAF51300F9F50302AA11ECFF975C
:101EC000E30315AAE203002AE10313AAE003142A9C
:101ED000F35341A9F51340F9FD7BC3A8C5FFFF17D4
:101EE000FD7BBEA9FD030091F30B00F9F30300AAEB
:101EF000000440F9017440B921020036420A40F959
:101F0000010040F9C20100B4400A40F912E9FF970C
:101F1000E10313AA220C41F8426001D1E30302AAB3
:101F2000648C45F87F0001EBE100005400040011CF
:101F3000F30B40F9FD7BC2A8C0035FD600008012FE
:101F4000F4FFFF17428C40B91F00026B00A0821AF9
:101F5000826001D1F2FFFF175F0000F93F040031FA
:101F60006100005440028012C0035FD6FD7BBDA912
:101F7000FD030091F35301A9F303012AF40302AA1C
:101F8000E1A300911EFFFF9720010035E11740F902
:101F9000230C41F8636001D1E20303AA448C45F8A5
:101FA0005F0001EBA100005440028012F35341A9ED
:101FB000FD7BC3A8C0035FD6628C40B95F00136B82
:101FC00061000054830200F9F9FFFF17836001D11B
:101FD000F2FFFF175F0000F96100F836400280123F
:101FE000C0035FD6FD7BBDA9FD030091F35301A99A
:101FF000F303012AF40302AAE1A3009100FFFF9773
:1020000020010035E11740F9230C41F8636001D14C
:10201000E20303AA448C45F85F0001EBA1000054E1
:1020200040028012F35341A9FD7BC3A8C0035FD6D1
:10203000624840F97F02026B61000054830200F99C
:10204000F9FFFF17836001D1F2FFFF175F0000F96E
:102050006100F8B640028012C0035FD6FD7BBDA9C7
:10206000FD030091F35301A9F30301AAF40302AAAB
:10207000E1A30091E2FEFF9720010035E11740F94E
:10208000230C41F8636001D1E20303AA448C45F8B4
:102090005F0001EBA100005440028012F35341A9FC
:1020A000FD7BC3A8C0035FD6624840F95F0013EB15
:1020B00061000054830200F9F9FFFF17836001D12A
:1020C000F2FFFF17FD7BBCA9FD030091F35301A9AB
:1020D000F40301AAE1E30091F51300F9F50302AA64
:1020E000C7FEFF9720020035E01F40F9130C41F8AE
:1020F000736201D1E30313AA618C45F87F0000EB02
:10210000610000544002801208000014620240F98D
:102110005F0014EB21010054E00313AA01FCFF97B8
:1021200040000035B30200F9F35341A9F51340F91B
:10213000FD7BC4A8C0035FD6336001D1EEFFFF175B
:10214000C1010035FD7BBEA9FD030091F35301A938
:10215000F40300AAF30302AAF2FBFF97E103002AAB
:1021600040000035740200F9E003012AF35341A94D
:10217000FD7BC2A8C0035FD6E003012AC0035FD67F
:10218000FD7BBDA9FD030091F30B00F9F30302AA47
:10219000E2A300917F0200F9E6FEFF97E103002A27
:1021A000E01740F9E20313AAE6FFFF97F30B40F9AB
:1021B000FD7BC3A8C0035FD6FD7BBDA9FD030091D5
:1021C000F30B00F9F30302AAE2A300917F0200F9E6
:1021D00033FFFF97E103002AE01740F9E20313AA57
:1021E000D8FFFF97F30B40F9FD7BC3A8C0035FD670
:1021F000FD7BBDA9FD030091F30B00F9F30302AAD7
:10220000E2A300917F0200F954FFFF97E103002A47
:10221000E01740F9E20313AACAFFFF97F30B40F956
:10222000FD7BC3A8C0035FD6FD7BBDA9FD03009164
:10223000F30B00F9F30302AAE2A300917F0200F975
:1022400065FFFF97E103002AE01740F9E20313AAB4
:10225000BCFFFF97F30B40F9FD7BC3A8C0035FD61B
:10226000FD7BBDA9FD030091F30B00F9F30302AA66
:10227000E2A300917F0200F975FFFF97E103002AB6
:10228000E01740F9E20313AAAEFFFF97F30B40F902
:10229000FD7BC3A8C0035FD6FD7BBEA9FD030091F3
:1022A000F30B00F9F30301AA3F0000F9BFFEFF970B
:1022B000E0000035610240F9A10000B4F30B40F9E1
:1022C000E00301AAFD7BC2A896FBFF17F30B40F9C0
:1022D000FD7BC2A8C0035FD6FD7BBEA9FD030091B4
:1022E000F30B00F9F30301AAECFFFF97A000003500
:1022F000600240F91F0000F140028012E013801AD2
:10230000F30B40F9FD7BC2A8C0035FD6FD7BBEA9DD
:10231000FD030091F35301A914600191012040F9DC
:1023200021400091220440F9340400F9018805A9F4
:10233000540000F9011840F9E10100B4212040F9EE
:10234000210440F9211C40F9610100B4F30300AA03
:1023500020003FD6A0000034628645A9410400F960
:10236000220000F97FFE05A9F35341A9FD7BC2A815
:10237000C0035FD600008052FCFFFF17FD7BBEA9A3
:10238000FD030091F30B00F9F30300AA012040F9CB
:10239000210440F9211040F9A10000B5601A40F96C
:1023A000000100B5000080520300001420003FD659
:1023B00060FFFF34F30B40F9FD7BC2A8C0035FD67A
:1023C000002040F9000440F9012040F9C1FEFFB4AB
:1023D000E00313AAF00301AAF30B40F9FD7BC2A8A6
:1023E00000021FD6FD7BBEA9FD030091F30B00F98F
:1023F000F30300AA011840F9210100B5602240F959
:10240000000440F9011440F9810100B50000805238
:10241000F30B40F9FD7BC2A8C0035FD6212040F931
:10242000210440F9212440F9A1FEFFB420003FD649
:1024300060FEFF34F7FFFF17E00313AAF00301AAC1
:10244000F30B40F9FD7BC2A800021FD6FD7BBDA99E
:10245000FD030091F35301A9F40300AA71FBFF9758
:10246000F30300AAC10000D0804A40F9E283009142
:1024700021AC2591630080D29C000094E0000035DF
:10248000E02340B9600200F9E02740B9600A00F992
:10249000E02B40B9600600F9E00314AAF35341A908
:1024A000FD7BC3A87AFDFF17FD7BBEA9FD0300914C
:1024B000F30B00F9F30301AA5AFBFF97010040F95F
:1024C0003F0013EB08010054020440F92200028B84
:1024D0005F0013EB89000054000840F97302008B81
:1024E000730201CBE00313AAF30B40F9FD7BC2A8F2
:1024F000C0035FD6FD7BBDA9FD030091F35301A985
:10250000F303022AE20301AAE103002AF40303AA67
:10251000400A40F9E3B300918AE3FF97C00100B499
:1025200062060011E12F80B9427C7E933F0002EBEE
:10253000630100540000028B00C05FB80008C05A5D
:10254000800200B900008052F35341A9FD7BC3A86B
:10255000C0035FD6A0028012FCFFFF174009801263
:10256000FAFFFF17E30302AA02008052E2FFFF17FF
:10257000FD7BBEA9FD030091E3730091E21F00B94A
:1025800002008052DCFFFF97E01F40B9FD7BC2A82C
:10259000C0035FD6FD7BBEA9FD030091E21F00B919
:1025A000E2730091F0FFFF97E01F40B9FD7BC2A8E6
:1025B000C0035FD6FD7BBDA9FD030091F30B00F9BD
:1025C000F30302AAE20301AAE103002A400A40F948
:1025D000E3B300915BE3FF97800100B4E12F40B9C2
:1025E0003F1C00712901005401004029208000AAED
:1025F000000CC0DA600200F900008052F30B40F9D1
:10260000FD7BC3A8C0035FD6A0028012FCFFFF17AA
:10261000FD7BBEA9FD030091E20F00F9E26300918A
:10262000E5FFFF97E00F40F9FD7BC2A8C0035FD62E
:10263000FD7BBDA9FD030091F30B00F9F30302AA92
:10264000E20301AAE103002A400A40F9E3B3009142
:102650003CE3FF97E00000B5730000B40100801276
:10266000610200B9F30B40F9FD7BC3A8C0035FD63C
:10267000B3FFFFB4E12F40B9FAFFFF17FD7BBDA9FF
:10268000FD030091E2B30091F30B00F9E9FFFF971E
:10269000E00000B4E12F80B9F30300AA30EAFF970D
:1026A000E12F80B91F0001EB43000054130080D2DA
:1026B000E00313AAF30B40F9FD7BC3A8C0035FD668
:1026C000FD7BBEA9FD030091E2730091D9FFFF9746
:1026D000E11F40B91F0000F1A0028012FD7BC2A8DB
:1026E0002010801AC0035FD6E403032AE30302AA82
:1026F000E20301AAE103002A400A40F95CE7FF1760
:10270000FD7BBFA9E10300AAFD030091400A40F947
:10271000D0E3FF97007C4093FD7BC1A8C0035FD648
:10272000E10300AA8000F8B7400A40F9020080D215
:1027300031E2FF17000080D2C0035FD6FD7BBFA946
:10274000E30302AAE20301AAFD030091E103002AC8
:10275000400A40F914E4FF971F040031C000005400
:102760001F000071A102801200A0811AFD7BC1A888
:10277000C0035FD680078012FDFFFF17FD7BB9A95C
:10278000FD030091F35301A9F30305AAE503042A0D
:10279000E403032AE30302AAE20301AAE103002AF5
:1027A000400A40F9E6A3009151E7FF97F403002A9D
:1027B00060010035E1034529600A00B9020880D2B2
:1027C000603200913F00007121A09F5A217C40930C
:1027D000610200F9E1C300911AEAFF97E003142AAD
:1027E000F35341A9FD7BC7A8C0035FD6E403032AC6
:1027F000E30302AAE20301AAE103002A400A40F926
:10280000060080D20500801239E7FF17FD7BBFA9C3
:10281000E10300AAFD030091400A40F94FE3FF974E
:102820001F00007100A09F5AFD7BC1A8007C40934F
:10283000C0035FD6E30302AAE20301AAE103002A70
:10284000400A40F9BFE2FF17FD7BBFA9020080D21A
:10285000FD030091F8FFFF971F0000F1E0079F1AAA
:10286000FD7BC1A8C0035FD6F8FFFF17E10300AAF4
:10287000400A40F9F6E5FF17E10300AA400A40F9D3
:1028800000E6FF17FD7BBCA9FD030091F35301A9EE
:10289000F40300AAF30302AAF55B02A9F503012AD7
:1028A000F76303A9781C0012620000B4E07F40B215
:1028B000400000F9E00314AA92FFFF97F70300AA73
:1028C000EBFFFF97F603002AE00317AAEBFFFF9741
:1028D000E503002AE703182AE60313AAE403162AED
:1028E000E303152AE103142AE2000090F35341A9FF
:1028F00042481691F55B42A9F76343A9FD7BC4A842
:10290000400A40F95AE7FF1723008052DEFFFF1705
:10291000FD7BBEA9FD030091E2630091FBFFFF97E1
:10292000FD7BC2A8C0035FD601008052F9FFFF17EC
:1029300020008052C0035FD6FD7BBDA9E303012ABE
:10294000E103002AFD030091F30B00F9E4830091F9
:10295000F30302AAE2000090400A40F942481691AF
:1029600092E7FF97A001F837E00313AA020780D28D
:102970000100805297E9FF97E01340F9600200F9E7
:10298000E01740F9600600F900008052F30B40F9AF
:10299000FD7BC3A8C0035FD6A0028012FCFFFF1717
:1029A000FD7BBEA9FD030091F35301A9F40302AA24
:1029B000F30300AAE20301AAC10000F021EC2F9169
:1029C0005FFFFF97E000F837E103002AE20314AA53
:1029D000E00313AAF35341A9FD7BC2A8D7FFFF1759
:1029E000F35341A9FD7BC2A8C0035FD6FD7BBFA9FD
:1029F000E20301AAE103002AFD030091400A40F925
:102A0000C7E3FF971F000071E0179F1AFD7BC1A865
:102A1000C0035FD6FD7BBEA9FD030091F35301A95E
:102A2000F40300AAF303012AC00000F000CC2F91A8
:102A300077FFFF97C000F8B7E203132AE10314AA57
:102A4000F35341A9FD7BC2A8CAFEFF17E003132A76
:102A5000F35341A9FD7BC2A8C0035FD6FD7BBEA98D
:102A6000FD030091F30B00F9F30300AA000040F905
:102A7000010040F9213440F9221040F9611240B9B7
:102A800040003FD6610640F9610018361F00007112
:102A9000E0179F1AF30B40F9FD7BC2A8C0035FD675
:102AA000FD7BBEA9FD030091F35301A9F40300AA25
:102AB000D6F9FF971F0400B9F30300AAC10000D0A4
:102AC00021E43991804A40F968FFFF971F1C00728A
:102AD00061050054804A40F9C10000D021FC3991C1
:102AE00062FFFF971F1C007280020054200080527A
:102AF00041008052600600B9E20313AA430080D26D
:102B0000418400B8C10000F0217C3B91804A40F92B
:102B1000F6FEFF97F303002A60030034E203002A65
:102B2000C10000B0C00000D0215C149100CC3A91EB
:102B300068EEFF970E000014804A40F9C10000D0F3
:102B4000212C3A9149FFFF97410080521F1C0072CF
:102B500041FDFF54B3028012C10000B0C00000D09C
:102B6000215C149100583A915AEEFF97E003132A22
:102B7000F35341A9FD7BC2A8C0035FD681008052F8
:102B8000DEFFFF17804A40F9C10000D021843B914D
:102B9000BBFEFF97E10300AAA0FEFFB4E00314AA66
:102BA000DDF9FF97F2FFFF17FD7BBCA9FD03009144
:102BB000E1E30091F35301A9F55B02A9F50300AA33
:102BC000400680520EFCFF97F403002A40010035B6
:102BD000E01F40F916008052130840F9736201D1DA
:102BE000E11F40F960620191214000911F0001EB5B
:102BF000C1000054E003142AF35341A9F55B42A934
:102C0000FD7BC4A8C0035FD6608A40B900010036CE
:102C10007F0215EBC0000054E00313AA87F9FF9769
:102C2000160C00B9000840B9D602000B732E40F90B
:102C3000736201D1EBFFFF17FD7BBDA9FD0300917E
:102C4000F35301A9140080D2F51300F9F50300AA8B
:102C50007AF9FF97F30300AA600A40B91F00146BCA
:102C600048010054600A40F9D7C9FF97600E40F947
:102C7000D5C9FF97E00315AAF35341A9F51340F90D
:102C8000FD7BC3A8C9FFFF17600E40F9007874F8F8
:102C9000400000B4CCC9FF9794060091EFFFFF17E6
:102CA000FD7BBEA9FD030091F30B00F963F9FF97CB
:102CB000F30300AA000840B9010180D2D6CBFF97E8
:102CC000600E00F9400100B4600A40B9810080D272
:102CD000007C0011007C0553CFCBFF97600A00F900
:102CE000E00000B5600E40F9B7C9FF97600180129F
:102CF000F30B40F9FD7BC2A8C0035FD6F30B40F98C
:102D0000000080D2FD7BC2A8A8FFFF17014840F950
:102D1000E105F8B7FD7BBCA9FD030091F35301A9C0
:102D2000F40300AAF55B02A9D50000D0D60000D0BC
:102D3000400A40F9B5AE3B91D6D23B911BE0FF97DC
:102D40001F00007113A09F5A737E40937F0600B14D
:102D5000C100005400008052F35341A9F55B42A921
:102D6000FD7BC4A8C0035FD6E10315AAE00313AA44
:102D7000BEFEFF971F1C0072C0010054E00313AA9F
:102D800068FEFF97E4E30091E20300AAE30313AABD
:102D9000E10316AAE00314AA42FAFF97E0FDFF350B
:102DA000E11F40F9208840B900001132208800B9A5
:102DB000400A40F9E103132A09E0FF971F00007160
:102DC00013A09F5A737E4093E1FFFF1700008052CB
:102DD000C0035FD6227C055321100012007862B830
:102DE0000024C19A00000012C0035FD6FD7BBEA97B
:102DF000FD030091F35301A9F30300AA000040F979
:102E0000400300B4F40301AA0CF9FF97E30300AAFE
:102E1000641240B9000840F9E103042AEEFFFF976D
:102E2000E103002A000080523F1C0072810100541F
:102E3000600240F9630040F9010440F9630000B505
:102E4000C30000F063FC2D91E20314AAC00000D07F
:102E500000A40E919FEDFF97E0018012F35341A96A
:102E6000FD7BC2A8C0035FD620008012FCFFFF17C5
:102E7000E203002A40007DD3A200083603007BB2A3
:102E800001007AB25F007EF22000839A4200203671
:102E9000000079B242002836000078B2C0035FD645
:102EA000FD7BBEA9FD030091F35301A9F30302AA20
:102EB000F40301AAE1F8FF97610A40B93F000071ED
:102EC000AC000054A0028012F35341A9FD7BC2A8BC
:102ED000C0035FD6610E40B9811200B9000840B945
:102EE0003F00006B02FFFF54600A40B91F040071ED
:102EF0008D000054601240B9DEFFFF97800600F994
:102F000000008052F1FFFF17FD7BBCA9FD0300917B
:102F1000F35301A9F40300AAF30301AAF55B02A984
:102F2000F76303A9170040F9E00240F9183440F9AB
:102F3000E00317AAC1F8FF97F60300AA811240B96F
:102F4000000840F9A4FFFF971F1C007261040054A1
:102F5000E00313AA0CE8FF97F50300AA200400B4CD
:102F6000030340F9811240B9C30100B4E20313AA7C
:102F7000E00317AA60003FD6F303002A20010034C3
:102F8000E00315AA10C9FF97E003132AF35341A9E0
:102F9000F55B42A9F76343A9FD7BC4A8C0035FD6D4
:102FA000831240B9200080D2C20A40F91300805237
:102FB000617C05530020C31A21F47ED3436861B8B5
:102FC0000000032A406821B8811240B9C00E40F9C0
:102FD000157821F8EDFFFF17F3018012EBFFFF17C3
:102FE00073018012E9FFFF17FD7BB4A9FD03009177
:102FF000F35301A9F30300AAE0030391E08304A9BA
:10300000E0430291F40301AAE02F00F9E0058012E9
:10301000E1230191E06300B9FF6700B9E20F09A95C
:10302000020480D2E063228BE4170AA9E61F0BA9F1
:1030300004E8FF97E3830091E20314AAE0A301915F
:10304000010580D2B5ECFF97E1A30191E00313AA3B
:10305000AEFFFF97F35341A9FD7BCCA8C0035FD619
:10306000FD7BBEA9C10000B021941591FD03009124
:10307000F30B00F9F30300AA5DFFFF97A0000035F2
:10308000E00313AAF30B40F9FD7BC2A874FEFF17FF
:10309000F30B40F9FD7BC2A8C0035FD6FD7BBEA940
:1030A000FD030091F35301A9F303012AF40300AADD
:1030B000C10000B021BC15914DFFFF970005003500
:1030C000830640F9630018367F020071F3179F1AD8
:1030D000800240F9010040F9223440F9442040F9CF
:1030E000440100B47F020071811240B9F35341A939
:1030F00062007CB2FD7BC2A863F87B926200829A78
:10310000F00304AA00021FD64300283673000035DE
:1031100003013036F3000035811240B9F35341A961
:10312000FD7BC2A8420840F9F00302AA00021FD6A4
:10313000811240B97F047BF2E0000054430C40F957
:10314000E203132AF35341A9F00303AAFD7BC2A8AB
:1031500000021FD6431440F9FAFFFF17F35341A9A9
:10316000FD7BC2A8C0035FD6FD7BBCA9FD03009117
:10317000F35301A9F30301AAC10000B0215C15912A
:10318000F55B02A9F50300AAF60302AAF71B00F9F2
:1031900017FFFF97F403002A00050035A00640F949
:1031A0001300338A730216AAB60240F9C00240F92E
:1031B000173440F9E00316AA20F8FF9760067F92C3
:1031C0001F1800F100050054600679921F0006F1F7
:1031D000A004005460067B921F8001F1400400545B
:1031E000E32240F9400180D26002008A62027CD270
:1031F0001F2800F14200939AE30000B4A11240B9E5
:10320000E00316AA60003FD660010034F403002AF0
:103210000A000014E2000836A11240B9421004531B
:10322000E30E40F9E00316AA60003FD6F7FFFF1750
:1032300002011037B30600F9E003142AF35341A941
:10324000F55B42A9F71B40F9FD7BC4A8C0035FD61C
:10325000A11240B9E00316AAE20A40F940003FD6A5
:10326000EAFFFF17B4028012F4FFFF17E20301AA7E
:10327000C10280D2BDFFFF17FD7BBBA9FD030091FA
:10328000F55B02A9F50301AAE12B40F9A17C00A995
:10329000F35301A9BF1000B9F76303A9F92300F99B
:1032A000C0020035F90302AAF60303AAF703042AB1
:1032B000F30305AAD47C4093F81C0012410100B42A
:1032C000600240F9010040F9213440F9231C40F923
:1032D000030200B5E20319AAE10313AAF1FEFF9766
:1032E0000F000014210340F9E20305AA40068052B2
:1032F000DCFBFF9760FEFF34F35341A9F55B42A965
:10330000F76343A9F92340F9FD7BC5A8C0035FD645
:10331000E20319AAE10313AA60003FD6E0FEFF35DD
:103320001F030071C0000090C10000B00044239151
:1033300021F43B91E403172A2110809AE30316AA93
:10334000E20315AAE00313AA28FFFF9760FDFF35EB
:10335000610640F9C00280D2F55B42A92100008AD3
:10336000210014AAE00313AAF35341A9F76343A968
:10337000F92340F9FD7BC5A8BDFFFF17FF8302D1EC
:10338000E5430191FD7B01A9FD430091F35302A99F
:10339000F40300AAF303022AF55B03A9F60301AACA
:1033A000F76304A9F70303AAF803042A004840F9C5
:1033B000E403022A03008052C200009042E01D9103
:1033C000EFFCFF97F503002A804A40F9D5FCFF97F0
:1033D000FF0300F97F020071E603182AE50317AA2C
:1033E000E403132AE30316AAE2430191E10300AACE
:1033F000E7D79F1AE003152AA0FFFF97FD7B41A99D
:10340000F35342A9F55B43A9F76344A9FF830291F3
:10341000C0035FD6FFC301D1E703052AE50306AA6F
:1034200006008092FD7B01A9FD430091E00300F9B5
:1034300000008052E61300F946008052E62B00B9E6
:10344000E603042AE403032AE39F0529E30302AA0F
:1034500007008052E283009188FFFF97FD7B41A91E
:10346000FFC30191C0035FD6FD7BBDA9FD030091A1
:10347000F35301A9F40300AAF51300F963F7FF97CA
:10348000F30300AAE00314AA69F7FF97F50300AA63
:10349000E60300AAC20000B0640240B942AC3B910E
:1034A00063164129810640F9801A40F9DAFFFF9737
:1034B0002001F837600240B91F0800714101005433
:1034C000610640B9E00315AAF5FEFF971F000071E1
:1034D00000D09F1AF35341A9F51340F9FD7BC3A80F
:1034E000C0035FD600008052FBFFFF17014840F980
:1034F0006100F8B600008052C0035FD6FD7BBBA917
:10350000FD030091F35301A9D40000F0944A1691F1
:10351000F55B02A9D50000F0B56E1591F76303A91C
:10352000400A40F921DEFF971F00007100A09F5A5A
:10353000137C40937F0600B1E100005400008052EC
:10354000F35341A9F55B42A9F76343A9FD7BC5A8E5
:10355000C0035FD6E00313AA72FCFF97600000B5BA
:10356000A0028012F7FFFF17E3330191E10314AAD1
:10357000E00313AA22008052DFFBFF97F703002A23
:1035800000FFFF35E00313AAE8FCFF97F80300AA49
:103590001F0400B160FEFF54E2230191E10315AA6C
:1035A000E00313AA23FCFF97C0FDFFB4E14B80B9F1
:1035B000820180D2E57F40B22108C29AE14B00B976
:1035C000E14B40B9FF02016B0B010054400A40F986
:1035D000E103132A02DEFF971F00007100A09F5A2B
:1035E000137C4093D4FFFF17020C40290030009158
:1035F000E84F40B94108C05A4208C05A04C05FB8F9
:10360000471000918608C05A8408C05A1F0107EB72
:1036100062010054C1000090C00000F021B40E917E
:1036200000C41591ABEBFF97E14F40B9C00000F02B
:1036300000581691A7EBFF97CAFFFF17040100B4CB
:103640003600180B6208C05A2100180B9F0005EBCA
:1036500001010054BF3F03D5220000B9E103162A3F
:10366000210040B9BF3F03D5F7060011D5FFFF1772
:10367000230040B96200024A4200060A4200034A9F
:10368000F6FFFF17014840F96100F8B600008052CC
:10369000C0035FD6FD7BBBA9FD030091F35301A9D5
:1036A000D40000F0944A1691F55B02A9D50000F011
:1036B000B56E1591F76303A9400A40F9BBDDFF978A
:1036C0001F00007100A09F5A137C40937F0600B139
:1036D000E100005400008052F35341A9F55B42A978
:1036E000F76343A9FD7BC5A8C0035FD6E00313AA17
:1036F0000CFCFF97600000B5A0028012F7FFFF17D7
:10370000E3330191E10314AAE00313AA22008052DB
:1037100079FBFF97F703002A00FFFF35E00313AAA8
:1037200082FCFF97F80300AA1F0400B160FEFF545B
:10373000E2230191E10315AAE00313AABDFBFF9761
:10374000C0FDFFB4E14B80B9820180D2E57F40B279
:103750002108C29AE14B00B9E14B40B9FF02016B6D
:103760000B010054400A40F9E103132A9CDDFF9746
:103770001F00007100A09F5A137C4093D4FFFF17D5
:10378000020C402900300091E84F40B94108C05A6E
:103790004208C05A04C05FB8471000918608C05A5A
:1037A0008408C05A1F0107EB62010054C100009059
:1037B000C00000F021080F9100C4159145EBFF9760
:1037C000E14F40B9C00000F00058169141EBFF975F
:1037D000CAFFFF17040100B43600180B6208C05A74
:1037E0002100180B9F0005EB01010054BF3F03D5DA
:1037F000220000B9E103162A210040B9BF3F03D5DA
:10380000F7060011D5FFFF17230040B96200024AF6
:103810004200060A4200034AF6FFFF17400E8012DC
:10382000C0035FD6FD7BBDA9FD030091F35301A941
:10383000F40300AAF303032AF55B02A9F50301AA26
:10384000F60302AAE20316AAE10315AAE00314AAEA
:103850007E07009480000034730600517F0600311B
:1038600021FFFF54F35341A9F55B42A9FD7BC3A897
:10387000C0035FD6FD7BBCA9FD030091F30B00F9EB
:10388000F30300AA20008052E04300792000805218
:10389000E02700B9FF2B00B941010034610240F973
:1038A000603E40B9210C40B90100010A0004031236
:1038B000213C19122100002A21000232E12B00B91B
:1038C000E1830091E00313AA020080D25F07009415
:1038D00060000035E12F40B9613E00B9F30B40F9BB
:1038E000FD7BC4A8C0035FD6FD7BBCA9FD0300918E
:1038F000F30B00F9F30300AA007D80D260E6FF9786
:10390000E00313AAE1830091020080D2FF43007913
:10391000FFFF04294D070094F303002A60000035DF
:1039200000FA80D256E6FF97E003132AF30B40F922
:10393000FD7BC4A8C0035FD63F1C0071A8030054E0
:10394000FD7BBEA9A20000F042C02691FD030091BC
:10395000F35301A942486138630000106288228B4A
:1039600040001FD6134840F9134400F9148040B9B1
:1039700083070094F403142A730AD49A130C00F9F1
:1039800000008052F35341A9FD7BC2A8C0035FD65B
:10399000134C40F9F5FFFF17135040F9F3FFFF17E1
:1039A0002110005101CC218B335440F9EFFFFF1758
:1039B00000008012C0035FD6FD7BA3A921008052C6
:1039C0000100A272FD030091F35301A9020080D20D
:1039D000F30300AAF55B02A9B6028052F76303A9BC
:1039E000F96B04A9FB2B00F9013400B9E106805200
:1039F000E123017901E04079F69700B9213C1053A9
:103A0000E19B00B9E143029110070094F403002AFE
:103A1000C004003560068052F53F0491E02301792F
:103A2000E00300B2B5E67A92F50306A900018052E0
:103A3000E2830191E143029163008052E07300B997
:103A4000E00313AAF6FF122977FFFF97F403002A79
:103A5000C0020035A00240B90008C05A604A00B94F
:103A6000A10640B92108C05A614E00B9016C58D373
:103A70003F040071A00200543F080071C0020054CE
:103A80002100B052610A00B980009036603640B91A
:103A900000000332603600B9610A40B92000B0521C
:103AA0003F00006B21020054E003142AF35341A9A4
:103AB000F55B42A9F76343A9F96B44A9FB2B40F9D5
:103AC000FD7BDDA8C0035FD6014081522100B072AA
:103AD000EDFFFF171F0071F24100B0526200B052BB
:103AE0002100821AE8FFFF17F53F069139FE9F5229
:103AF000B5E67A92B6008052D7008052B802805262
:103B0000F91FA072FA0300B21B088052D60600719A
:103B1000A0010054E2E30191E1C30291E00313AA82
:103B2000F5EB07A9FB8B00B9F7630179F8E71629D4
:103B3000C606009460010035A01E40B90008C05AB6
:103B400060FE8F37A00E40B90008C05AE0FA8F36E9
:103B5000603640B900001E32603600B9D3FFFF174F
:103B6000F403002AD1FFFF17FD7BBCA9830080521C
:103B7000020080D2FD030091F30B00F9F30301AAC8
:103B8000A1018052E1430079A1028052E12700B9EE
:103B900001E04079213C1053E12B00B9E183009111
:103BA00021FFFF9760000035E12F40B9610200B9A5
:103BB000F30B40F9FD7BC4A8C0035FD6FD7BBAA917
:103BC000211C00123F040071FD030091F35301A971
:103BD000F40300AA421C0012F51300F9E5179F1A1E
:103BE0005FCC0271631C001201D841394001805240
:103BF000E4179F1A3F000071337C001B813E805206
:103C00007312811ABF00046A8000005481DE4139BA
:103C100041000034337C001B635C1853C0008052A9
:103C20006240022AE083007942040832A0038052F5
:103C3000E103019163008052E08B0829E00314AA9C
:103C4000020080D2F8FEFF97C0030035000080D24A
:103C500052E5FF97027D805221008052F50300AAB1
:103C6000E00314AA627E021B480500941F00007145
:103C7000A10480120410417A41020054737E4093E3
:103C8000E1F30091E00314AAB8FFFF97C0000035EC
:103C9000E13F40B9E1013837211018123F0024718B
:103CA00000010054800C80D275E5FF97E00315AA4F
:103CB0003AE5FF971F0013EB43FEFF54A00D80125F
:103CC000F35341A9F51340F9FD7BC6A8C0035FD6A5
:103CD00080008012FBFFFF1703CC40B96302003560
:103CE000FD7BBDA903028052FD030091E32300790F
:103CF000A3028052E387022901F040B9E1000836AF
:103D0000E143009183008052020080D2C6FEFF97FB
:103D1000FD7BC3A8C0035FD6E1430091020080D2BF
:103D20004A060094FBFFFF1700008052C0035FD6D5
:103D3000FD7BBDA982018052FD030091E223007941
:103D4000020840B9FF1B00B98201F837211C00129C
:103D5000A20280523F000071A10380522110821AFA
:103D6000020080D2E11700B9E143009137060094C8
:103D7000FD7BC3A8C0035FD6A1038052F9FFFF17E4
:103D8000FD7BB6A9FD030091F35301A9F40302AA38
:103D9000F55B02A9F60301AAF76303A9F70303AAD7
:103DA000F96B04A9FB7305A91EF5FF97F50300AA9B
:103DB000000440B9540100B5140080D2E00314AAF5
:103DC000F35341A9F55B42A9F76343A9F96B44A9F1
:103DD000FB7345A9FD7BCAA8C0035FD653060094B8
:103DE000F30300AAA0FEFFB4A12E4039E00315AAF8
:103DF000B0ECFF9720FEFF37A20E40F98102168B30
:103E00003F0002EBA9000054C00000D000901391C5
:103E1000B0E9FF97E9FFFF17618240B9E00313AAF9
:103E2000AEFFFF97A0FCFF35E20314AAE10317AA37
:103E3000E00313AADA0000D0E9050094F80314AAFD
:103E4000F903002A5A4314913C0080523F0318EBB7
:103E5000618240B93593989A621E40B9BF0600F15D
:103E6000F73700F9E0979F1A5F00007100440011D6
:103E7000E0030179207C161BE2A30191FC570E2977
:103E8000C012801AE08B00B9A0028052E17B00B919
:103E9000E1030291E08700B9E00313AAEB05009467
:103EA000FB03002A60020035BF0600F1E90100545F
:103EB000E00313AA010080529EFFFF9760010034C7
:103EC000E0031AAA83E9FF97BFC23BEB61F7FF54F7
:103ED000608240B9D602158B180315EB175C159B51
:103EE00061FBFF54B6FFFF17FB03152AF7FFFF170F
:103EF0001B008052F5FFFF17FD7BBBA9020180521A
:103F0000FD030091E10F00F9E10300B2E11300F9B4
:103F100001408052E2630079A2028052E12B00B995
:103F2000E1C30091E2FF0629E2630091C705009416
:103F3000FD7BC5A8C0035FD6FF8309D181FFB712FF
:103F4000FD7B00A9FD030091F35301A9020840B9CC
:103F5000146C40F95F00016B09040054F37F019178
:103F600073E67A92E10313AAE4FFFF97C0000035DD
:103F700081824239608242393F00006BC0000054A8
:103F800020098012FD7B40A9F35341A9FF830991C9
:103F9000C0035FD681764339607643393F00006BBA
:103FA00001FFFF5481024339600243393F00006B37
:103FB00081FEFF5481824339608243393F00006BA8
:103FC00001FEFF546152039180520391820080D21E
:103FD0004FE4FF9760FDFF3500008052EAFFFF17B6
:103FE000FF8309D1FD7B00A9FD030091F35301A9D3
:103FF000F40300AAF303012A3F040071A000005457
:1040000069030054200C00511F0400714803005440
:1040100023008052E00314AAC208801221008052BB
:10402000E7FEFF97C0010035737A1E127F0600710C
:1040300061010054F37F0191E00314AA73E67A92C0
:10404000E10313AAADFFFF97A000003560E64239F7
:104050001F00007160418012E013801AFD7B40A9AF
:10406000F35341A9FF830991C0035FD60300805237
:10407000E9FFFF17A0028012F9FFFF17D0FEFF171C
:10408000FFC309D182FFB752FD7B00A9FD03009158
:10409000F35301A9F55B02A9010840B92100020B05
:1040A0008200B8123F00026B88100054F3BF0191E8
:1040B000F40300AA73E67A92E10313AA8FFFFF9735
:1040C000F503002A000F0035806E40F9800000B52E
:1040D000004080D243C5FF97806E00F9806E40F9A2
:1040E000000F00B4E10313AA024080D2D5E3FF978A
:1040F000610243393F200071880E0054A00000D0B7
:1041000000E0269101D861B8E03F8052810A00B9F1
:104110008000A8723F00006BA901005460D680B9EE
:1041200002D877D300D84BD31F0020F149000054A8
:10413000824A00F9E09F80528000A8723F00006B25
:104140006900005460E2433980DA0139601E433966
:10415000766E423901040051211C0012D602001271
:104160003F700071C10380520080811A80DE0139E6
:104170006182423981CA0139608A4339410000377E
:104180006000003461CE423981D60139B600003476
:1041900061824239610008366172423981CE01394B
:1041A000001C6FD3804E00F983A2029165760291C4
:1041B00060A242390200805226008052001C6FD358
:1041C000805200F9604602910400403901F05F38E6
:1041D000843C10538120010B04E05F382100042B44
:1041E0004200861AF600003464824339847C219BA5
:1041F00061764339217C049B21B06DD3610000F9C5
:10420000000C009163200091BF0000EBE1FDFF5422
:1042100060824239DF02007142049F1A800000363A
:10422000607242391F1040F2410000540202003413
:1042300023008052E00314AAE103032A020A801239
:104240008FFFFF97E00200352000805260BE0239E8
:10425000801E40B900010034F600003460D680B9F9
:1042600000D877D3804A00F90300001460BE4239B9
:1042700000FF0737609E423980D20139609E433982
:10428000001044D380120239E003152AFD7B40A9B7
:10429000F35341A9F55B42A9FFC30991C0035FD65F
:1042A000F503002A806E40F900FFFFB446C4FF9773
:1042B0009F6E00F9F5FFFF1715008052F3FFFF17FF
:1042C00075018012F1FFFF17B5028012EFFFFF1793
:1042D000FD7BBCA9FD030091F35301A9F403012A5E
:1042E000F55B02A9F50300AA96008052F76303A9C3
:1042F000371C001238080012A3D64139E00315AA72
:10430000820980122100805263701D126300182AF6
:104310005BFFFF97F303002AC0000034D60600714C
:10432000C1FEFF549F0200710008533A010100547E
:10433000E103142AE00315AA80FDFF97F303002A86
:10434000E00315AA0E050094172C0039E003132A88
:10435000F35341A9F55B42A9F76343A9FD7BC4A8C8
:10436000C0035FD6421C007201010054030040F9F3
:10437000641440B9631040B99F00016B8190811AA9
:104380003F00036B2120831A02800039012800B905
:1043900075030014FD7BB8A9FD030091F35301A937
:1043A000F55B02A9361C0012F76303A9F96B04A997
:1043B000FB2B00F9011840B921110035E1008052B2
:1043C0001F2800B901F000B9210080520180003996
:1043D000F30300AA64030094E00313AA7D0300948E
:1043E000200A003500FA80D2A5E3FF97E00313AA64
:1043F0008A030094400B0035607E40B9607A00B9B2
:1044000020008052602600B97FCE00B9E00313AAD5
:104410007FEA00B9540300940200805201008052E8
:10442000E00313AAD0FFFF97E00313AA2FFDFF9725
:10443000F403002A40090035E00313AAD0040094D5
:104440001F2C003900018052E0C3007941158052D1
:10445000600240F9020080D2000C40B91F201172A6
:10446000403580520010811AE06B00B9A0028052E2
:10447000E1830191E06700B9E00313AA730400949B
:10448000C0000035E0B341391FA80271610000543B
:104490004000B052600A00B9357D8052F706805264
:1044A000B8028052390580523A0080525B00B05207
:1044B000E1830191E00313AA020080D2F7C30079DF
:1044C000F8FF0C296104009480050035600240F972
:1044D000F9C30079FA6700B9620A40B9000C40B923
:1044E0005F001B6B020080D200201112010002321B
:1044F0002000801AE1830191E06B00B9E00313AA68
:1045000052040094A0030035E16F40B94101F8372F
:10451000B506007160030054007D80D258E3FF9718
:10452000E4FFFF17603A40B900681612603A00B91C
:10453000AFFFFF17630A40B94200B0527F00026B21
:10454000600000542200B052620A00B9613E00B916
:1045500021785ED3611E00B97FE20079F35341A94F
:10456000F55B42A9F76343A9F96B44A9FB2B40F91A
:10457000FD7BC8A8C0035FD61FB8013101FFFF54FF
:10458000E00313AAD9FCFF97000080D203E3FF9752
:10459000F50300AA9F020071E00313AAE1079F1A26
:1045A000B5FCFF9720020035613E40B92101F83784
:1045B000E00315AAF9E2FF971FA00FF1480100548C
:1045C000800C80D2940600112DE3FF97F2FFFF17B5
:1045D0002100805261220339E1FFFF170000805261
:1045E000DFFFFF17A00D8012B6000035E103002A9F
:1045F000C00000B000AC1491B6E7FF97C00B80126A
:10460000D7FFFF17FD7BBEA9220080520200A272D5
:10461000FD030091F30B00F9F30300AA010040F938
:10462000210840B92100022A013800B9F2020094A1
:10463000E00313AADE020094200100357F1A00B9BE
:10464000C00000B0003C1C91A2E7FF97400F801211
:10465000F30B40F9FD7BC2A8C0035FD6E00313AAA9
:10466000010080524CFFFF9740FFFF352100805230
:1046700061260339F7FFFF17FD7BABA9FD0300910E
:10468000F35301A9F55B02A9F76303A9F96B04A928
:10469000FB7305A9FC0300AA006840F9E7F2FF9745
:1046A0001C0000F9961B40B9F64A0035000080D284
:1046B000BAE2FF978027433940080034802343390A
:1046C0009F270339A00A003540008052E02301797A
:1046D000E0008052E0FF122980F340B9800D0036DF
:1046E000E1430291E0031CAA83008052020080D2C1
:1046F0004DFCFF9780330035E1730291020280D2B6
:10470000808301914FE2FF9760008052E02301799E
:1047100080E34079E1430291020080D2003C1053D3
:10472000E09B00B9A0028052E09700B9E0031CAA08
:10473000C603009480310035800B40B96000F83624
:10474000E03F417980E3007920018052E023017944
:10475000E0008052E09700B980E34079E1430291A4
:10476000020080D2003C1053E09B00B9E0031CAA79
:10477000B6030094802F0035E18F5429810F0B2957
:10478000E283532982030A29840B40B90300A8520B
:104790009F00036BC108005443745AD36304005153
:1047A0007F0C0071E8070054A40000D084202691FB
:1047B000845863786300001064A8248B80001FD69F
:1047C000E0031CAA90FFFF97F303002A80F7FF3451
:1047D000808340F9200100B5800340F902D490D2D3
:1047E000010000B02200A0F221000191030040F975
:1047F00080030491CEC5FF97E003132AF35341A928
:10480000F55B42A9F76343A9F96B44A9FB7345A97A
:10481000FD7BD5A8C0035FD6803F40B99F230339F5
:104820006002F837E0031CAA30FCFF97000080D23A
:104830005AE2FF97F30300AAE0031CAA210080526A
:104840000DFCFF9700290035803F40B90001F83783
:10485000E00313AA51E2FF971FA00FF1883D005417
:10486000800C80D286E2FF97F4FFFF170000A85269
:10487000800B00B9803F40B900785ED3801F00B93B
:104880002000805280E3007990FFFF17E1430291FE
:10489000E0031CAA020080D26C03009496FFFF176D
:1048A000034080522300A872830B00B9441843D3FD
:1048B000C30000B063FC1C91420840929FCF00B936
:1048C0009FEB00B963686438A40000D08450239142
:1048D000827862B8044C50D3627C021B03304CD304
:1048E000820B0F2922008052834700B94220C41A4C
:1048F000841F40B9840B0034001410530040412A37
:10490000010180D221080011000400915F000871AC
:104910009F7F0AA90020C19A417C40939F7F0BA9E9
:104920009F6300F9007C019B807F09A900408052B1
:1049300042D0801A828300B983010034804340B999
:104940001F04003120010054003C105381008052AC
:10495000020080D2E1230179E1430291FF83122911
:10496000E0031CAA39030094E0008052E02301799F
:10497000A0028052E09700B980E34079E1430291C0
:10498000020080D2003C1053E09B00B9E0031CAA57
:104990002E030094801E00350000801280D701395C
:1049A000E0031CAAB7FDFF97E01D0035E0031CAA39
:1049B00073030094012C4039E0031CAADFFBFF972E
:1049C000F303002A001D0035830B40B9231DF83680
:1049D000E0031CAAF9FBFF97601C00350000A4D27D
:1049E000953740B90000E2F2E03B00F9803B40B966
:1049F000F83F0491B40000D018E77A92B502000A9B
:104A000094C22791B56A1612400080D2E03700F9AF
:104A1000810240B9200080520020C11A1F00156A8F
:104A2000A1020054E03740F9942200911F0400F1E4
:104A300020190054200080D2E03700F9F5FFFF175D
:104A40000380805298FFFF17034080524300A872F2
:104A500096FFFF176300A85294FFFF178300A85228
:104A600092FFFF1700241E530078412A21444FD3A0
:104A7000A5FFFF17170080D21A00A852E0C30191CA
:104A8000196877B8800640B9A002000A1F00196AA9
:104A9000A01500543F031A6BC01200540000A4522A
:104AA0003F03006BA01200540000A2523F03006BB2
:104AB000FB179F1A400280D20024DB9A6013003655
:104AC000E0068052E0A3017980E34079A50280529C
:104AD000E1430391020080D2003C1053E5831A2980
:104AE000E0031CAAD9020094001200357F13007164
:104AF000C0008052E0A30179E0179F1AA5028052FE
:104B0000E143039100781F53020080D2E5831A2904
:104B1000E0031CAACD020094FB03002A60100035BC
:104B20003F031A6BE00E00540000A4523F03006BD9
:104B3000C00E00540000A2523F03006BE0179F1A02
:104B4000802700B9E0031CAA87010094820B40B9BA
:104B50002100B052800240B95F00016B8003005415
:104B6000800000341F080071010E00543B00805289
:104B7000C0008052E0630179A0028052E0B700B922
:104B800000FE9F52E2E30191E01FB0726003002A31
:104B9000E0BB00B9E00300B2E04300F90008805236
:104BA000E1C30291F83F00F9E08B00B9E0031CAAD1
:104BB000A6020094A00B0035001340B90008C05AAB
:104BC000006C58D31F001B6B010B0054800240B9CE
:104BD00080EB00B9E0090035967F40B91F100071E5
:104BE000967B00B9E0179F1A80CF00B9E103162A1F
:104BF000E0031CAA02008052DBFDFF9780EB40B966
:104C000080EF00B980CF40B960000034004080528E
:104C1000808300B9E0031CAAD90200941F14007914
:104C2000F40300AA1F300039808340B9E103002A51
:104C30001FE40272811200F9E1079F1A1FF001724E
:104C4000E2079F1A1FCC04724104010BE2079F1A6E
:104C50001F9C08722208020BE1079F1A1F3C10726A
:104C6000E0079F1A410C010B2010000B802A00B9AD
:104C7000818340B9804740F90008C19AC10000B063
:104C800021501791800E00F980B2009184DF4079A5
:104C900083D34079828F4139E4E5FF9787AF41396B
:104CA0008056019182834139C10000B0836740B9C9
:104CB00021A81791661C0012653C48D3645C50D350
:104CC000637C1853D9E5FF97826B40B980AA0191A4
:104CD000C10000B021DC1791434C50D3425C54D347
:104CE000D2E5FF9720008052801B00B9B9FEFF1764
:104CF0001B01805270FFFF179B0080526EFFFF1751
:104D0000000180528FFFFF17800080528DFFFF1738
:104D10001F30007148F6FF54A10000D021502491AB
:104D2000365860B8AEFFFF17817F40B9E0031CAA78
:104D3000817B00B9020080529FCF00B99FEB00B980
:104D400089FDFF97F7120091FF2200F1C0E6FF54A2
:104D50004BFFFF17C00000B000641591DDE5FF9721
:104D600060418012F303002A9F1B00B999FEFF17D0
:104D7000200080520000A272803700B980FFB71275
:104D8000826F40F97F00006BA9020054820000B5D9
:104D9000C00000B000C81591F1FFFF17200080523D
:104DA0000000AE72803700B94110433981E300B989
:104DB000E10008363F041E72240280520400AE72E5
:104DC0000000841A00001D32803700B9803740B9D6
:104DD0006100003600041F32803700B997834629EE
:104DE00081FFB7127F00016BA9F0FF54A2FBFFB453
:104DF000817F40B9F702000AB60000D0B90000D0A8
:104E0000DA0000B0E0031CAAD6422691395324915F
:104E10005A7716910200805214008052980080D276
:104E200051FDFF97C10240B9200080520020C11AF5
:104E30001F00176A00080054B50000D0B562229127
:104E4000FB0315AAC00240B9A11240391F1000711E
:104E5000E0179F1A3F00006B61060054C00640B97E
:104E6000A10240B9E002000A1F00016AC005005417
:104E7000A30A40B9E0031CAA020980122100805253
:104E800063781D127EFCFF97F403002AC0020035F0
:104E9000A00240B90100A8521F00016BC0050054D8
:104EA0000100A4521F00016BA00500540100A25292
:104EB0001F00016BE0179F1A802700B9E0031CAAAE
:104EC000A9000094C10240B93F2C0071C1040054F4
:104ED000C00000B00014169161418012744180122C
:104EE0007CE5FF9703008052020980122100805266
:104EF000E0031CAA62FCFF979FCF00B9817F40B9F5
:104F0000E0031CAA817B00B9020080529FEB00B92C
:104F100015FDFF9720008052802700B9E0031CAAEE
:104F200091000094B532009160F30091BF0200EB54
:104F3000A1F8FF54D6220091180700F141F7FF5461
:104F4000E103142AC00000B000DC169161E5FF9770
:104F500084FFFF1700018052D8FFFF1780008052A6
:104F6000D6FFFF173F30007181000054E0031AAAFA
:104F700061418012DAFFFF17E0031CAA19FCFF97BA
:104F8000F403002A00FBFF35A30A40B923021037BF
:104F9000C00240B980EB00B9A0020035817F40B962
:104FA0001F100071817B00B9E0179F1A80CF00B9F4
:104FB00002008052E0031CAAEBFCFF97E0031CAA4E
:104FC000DEFBFF97F403002AE0F8FF350CFFFF1724
:104FD000E0031CAA020980122100805228FCFF97DE
:104FE000F403002A60FDFF34BFFFFF171F3000717C
:104FF00068000054215B60B8EAFFFF17010080528F
:10500000E8FFFF1713008052FCFDFF17C00B801252
:1050100055FFFF17018040F9010100B4FD7BBFA9D6
:1050200000000491FD030091DDC3FF970000805252
:10503000FD7BC1A8C0035FD600008052C0035FD6CD
:10504000FD7BBEA9FD030091F30B00F9130004D111
:10505000008051B8E0000034E00313AA540000942B
:1050600080000035E00313AAEBFFFF977F1A00B919
:10507000F30B40F9FD7BC2A8C0035FD6FD7BBDA941
:10508000E103002AFD030091E2A30091F30B00F974
:10509000F303002A2009805256F4FF97C000003520
:1050A000E01740F944010094600100B5000080520F
:1050B00006000014E2A30091E103132A20098052A4
:1050C00030F4FF97E0FEFF34F30B40F9FD7BC3A8FB
:1050D000C0035FD601284339A201805202F800B90B
:1050E00061FEFF3448FDFF97F1FFFF17FD7BBFA96D
:1050F000FD0300917CF0FF9750F0FF97FD7BC1A866
:10510000000040F9C4FFFF17FD7BBDA9FD0300911E
:10511000F35301A9F40300AAF51300F972F0FF9705
:1051200046F0FF97150040F9E00315AA53FDFF97DD
:10513000F303002AE0000035E00314AAF9EFFF971B
:10514000F303002A60000034E00315AAB2FFFF97C2
:10515000E003132AF35341A9F51340F9FD7BC3A8DB
:10516000C0035FD6006840F9010040F9213440F9DE
:10517000210C40F9610000B4F00301AA00021FD61F
:10518000A0048012C0035FD6006840F9030040F914
:10519000633440F9631840F9630000B4F00303AAD4
:1051A00000021FD6A0048012C0035FD6006840F939
:1051B000010040F9213440F9211040F9610000B4A8
:1051C000F00301AA00021FD6A0048012C0035FD61C
:1051D000006840F9010040F9213440F9211C40F9F0
:1051E000610000B4F00301AA00021FD60000805243
:1051F000C0035FD6006840F9010040F9213440F94E
:10520000210040F9610000B4F00301AA00021FD69A
:1052100000008052C0035FD6006840F9010040F9E9
:10522000213440F9210440F9610000B4F00301AADF
:1052300000021FD600008052C0035FD6FD7BBEA9CE
:1052400022008052FD030091F35301A9F40300AA48
:10525000F30301AA004840F9C1000090219429916C
:10526000C4F4FF971F10007140150054E303002A97
:105270001F200071801400541F0400712115005478
:10528000600A40B962520091C10000B021481B91F0
:1052900000000432600A00B9804A40F9B2F4FF9776
:1052A000804A40F9C100009021F417916FF5FF97F3
:1052B0001F1C007241150054804A40F9C100009043
:1052C0002114199169F5FF971F1C0072A00000546A
:1052D000600A40B9410180520000012A600A00B909
:1052E000804A40F9C10000D0210419915FF5FF9771
:1052F0001F1C007280000054600A40B900001B327D
:10530000600A00B9804A40F9C10000D0218C19918F
:1053100056F5FF971F1C007280000054600A40B9C8
:1053200000001A32600A00B9804A40F9C10000D07A
:1053300021141A914DF5FF971F1C00728000005434
:10534000600A40B900001932600A00B9804A40F989
:10535000C1000090215C199144F5FF971F1C007259
:1053600080000054600A40B900001732600A00B99A
:10537000804A40F9C10000D0219C1A913BF5FF976B
:105380001F1C007280000054600A40B900001832EF
:10539000600A00B9804A40F9C10000902194199137
:1053A00032F5FF971F1C007280000054600A40B95C
:1053B00000001C32600A00B9804A40F9C100009028
:1053C00021C8199129F5FF971F1C00728000005415
:1053D000600A40B900001C32600A00B9804A40F9F6
:1053E000C100009021FC199120F5FF971F1C00724D
:1053F00080000054600A40B900001632600A00B90B
:10540000804A40F9C100009021381A9117F5FF97A2
:105410001F1C007280000054600A40B90000163260
:10542000600A00B9804A40F9C100009021741A91C5
:105430000EF5FF971F1C007280000054600A40B9EF
:1054400000041632600A00B9804A40F9C100009099
:1054500021B01A9105F5FF971F1C007280000054BF
:10546000600A40B900041632600A00B9804A40F967
:10547000C100009021EC1A91FCF4FF971F1C0072F0
:1054800080000054600A40B900001432600A00B97C
:10549000804A40F9C100009021541B91F3F4FF971A
:1054A0001F1C007280000054600A40B9007413127F
:1054B000600A00B9804A40F9C100009021881B9120
:1054C000EAF4FF971F1C007220050054600A40B9DF
:1054D00000001232600A00B9804A40F9C100009011
:1054E00021181C91E1F4FF971F1C007280000054EA
:1054F000600A40B9005C1312600A00B900008052D3
:105500000F000014600A40B900000232600A00B9BE
:10551000600A40B900000332600A00B959FFFF1762
:10552000C000009000381891140100B4810A40A90D
:10553000210040F9E7E3FF97A0028012F35341A94D
:10554000FD7BC2A8C0035FD6C2000090C1000090DE
:1055500042D0189121FC1891F7FFFF17600A40B95B
:1055600000001E32600A00B954FFFF17804A40F95C
:10557000C100009021C01B91BCF4FF971F1C00725A
:1055800080000054600A40B900001032600A00B97F
:10559000804A40F9C100009021F01B91B3F4FF97BD
:1055A0001F1C0072A0F9FF54600A40B900001132BC
:1055B000C9FFFF17018840B9E1000036FD7BBFA994
:1055C000FD0300911DEFFF97FD7BC1A8000040F98E
:1055D000C0035FD6000080D2C0035FD6FD7BBDA9AB
:1055E000FD030091F35301A9F40301AAF55B02A99D
:1055F000F50302AA136840F9600240F9163440F935
:10560000E00313AAECFFFF97C32240F9230100B483
:10561000E20315AAE10314AAE00313AAF00303AA04
:10562000F35341A9F55B42A9FD7BC3A800021FD635
:10563000000040F9F35341A9001840B9F55B42A9B5
:10564000FD7BC3A8C0035FD6FD7BBDA9FD03009110
:10565000F35301A9F40301AAF51300F9F50302AA13
:10566000136840F9E00313AAD3FFFF97600240F9E3
:10567000003440F9030840F9230100B4E20315AAFD
:10568000E10314AAE00313AAF00303AAF35341A908
:10569000F51340F9FD7BC3A800021FD6A0048012B9
:1056A000F35341A9F51340F9FD7BC3A8C0035FD6AE
:1056B000FD7BBDA9FD030091F35301A9F403012A69
:1056C000F51300F9F50300AA07EFFF97BAFFFF975C
:1056D000F30300AAE00315AAD2EEFF97002C40398D
:1056E0001F00146B4001005460D641391FFC037148
:1056F00080010054E103142AE00313AAF35341A9E3
:10570000F51340F9FD7BC3A8F2FAFF1700008052A1
:10571000F35341A9F51340F9FD7BC3A8C0035FD63D
:10572000600F8012FBFFFF17FD7BBDA9E103002A7C
:10573000FD030091E2A30091F30B00F9F303002AAB
:10574000200980525DE6FF9720010034E103132A0F
:10575000A00000F0002827915EE3FF97000080D2B0
:10576000F30B40F9FD7BC3A8C0035FD6E01740F9F7
:10577000DDEEFF9790FFFF97FAFFFF17FD7BBEA9B5
:10578000C1028052FD030091006840F9E26300917C
:10579000C2EEFF97E00F40F9400000B4A1EEFF9782
:1057A000FD7BC2A8C0035FD6FD7BBCA9FD030091B1
:1057B000F35301A9F30301AAF55B02A9010040F923
:1057C000213440F9210400B4048C40B9F40300AA48
:1057D000F60302AAE7E30091060080D2054080525A
:1057E00023098052C2000090C100009042801391B2
:1057F0002170139115E7FF97F503002AC0010035CA
:10580000E01F40F987EEFF97760200F9E17F40B292
:10581000740A00F9612200F9210080520134003934
:10582000C172403901200039A0018052746A00F928
:1058300060FA00B9E003152AF35341A9F55B42A9C8
:10584000FD7BC4A8C0035FD6B5048012FAFFFF1722
:10585000200040F99F1C007265048052240480528D
:105860008400851A03080039633C48D3030C0039CF
:10587000433C085303140039435C105303180039A8
:10588000437C1853031C0039439C60D30320003928
:1058900043BC68D3040000391F04003902100039EA
:1058A0000324003943DC70D342FC78D30328003949
:1058B000022C0039200040F900300091200000F94E
:1058C000C0035FD6FD7BBAA9FD030091F35301A984
:1058D000F30300AAF55B02A9F50301AAF76303A984
:1058E000F70303AAF80303AAF96B04A99AFF9FD24E
:1058F00040D84129E12F00F9D67E001B60FF9F525E
:10590000D402000B80FF9F52940AC01AF903142A94
:1059100039070071610300549406005182FF9F52C1
:1059200060FF9F12825EA29B835A001B330500B466
:10593000601A40F9E00400B4052440F9A50400B45D
:10594000E1630191E00313AA24008052A0003FD636
:10595000E12F40F9E00315AA210015CB21FC0091AD
:1059600021E47A9297AFFF97F35341A9F55B42A9DF
:10597000F76343A9F96B44A9FD7BC6A8C0035FD6B2
:10598000B30100B4601A40F9600100B4052440F985
:10599000250100B4E20318AAE1630191E00313AA10
:1059A0000400805283FF9F52A0003FD618031A8B39
:1059B000D8FFFF17E20318AAE1630191E00313AADD
:1059C0000400805283FF9F52A2FFFF97F8FFFF174A
:1059D000E1630191E00313AA240080529DFFFF9729
:1059E000DCFFFF17810183D2000880D2C1C0FF17FE
:1059F000BF3F03D5020440F9410000B9217D80D2A8
:105A0000210400F16100005400008052C0035FD601
:105A1000020440F9420040B9BF3F03D55F0840F29D
:105A200001FFFF5420008052F9FFFF17FD7BBDA945
:105A3000FD030091F35301A9F30300AAF403012A23
:105A4000F55B02A9F60302AA000440F9004840B938
:105A5000BF3F03D515C48952C00200B9B506007115
:105A6000C00100549F02006AC1000054000080522F
:105A7000F35341A9F55B42A9FD7BC3A8C0035FD6E0
:105A8000001980D2FEDDFF97600640F9004840B95A
:105A9000BF3F03D5F1FFFF17A00D8012F5FFFF17E1
:105AA000FD7BB7A9FD030091F35301A9F30300AAFD
:105AB000F40302AA000080D2F55B02A9F60301AA52
:105AC000F76303A9F70303AAF96B04A9FB7305A9FC
:105AD000B2DDFF97F50300AA600640F9004840B91F
:105AE000BF3F03D5A0004836E00315AAABDDFF9702
:105AF0001FD007F129FFFF54BF3F03D5600640F9CF
:105B000001008012014400B9541000B5C10A40B927
:105B1000BF3F03D5600640F9012800B9941F00B4C7
:105B2000800A40B901C080D21F007FF2004080D2BD
:105B30000000819AC20640B9410180524100010A29
:105B40003F280071402D0054C102407903001232F9
:105B5000000013323F3000710010831AA20000369B
:105B600003001A325F007FF200041A320010831A19
:105B700042001036000018322100002A0000B45202
:105B80002100002ABF3F03D5600640F9012C00B96F
:105B900001D490522100A072600640F9004440B93F
:105BA000BF3F03D5801B1036940000B5BF3F03D51F
:105BB000610640F9204400B9201B4037C02908374E
:105BC000C10640B941001036602930374102003625
:105BD000600640F9611B0836003C40B9BF3F03D561
:105BE000C00E00B9600640F9003840B9BF3F03D588
:105BF000C01200B9600640F9003440B9BF3F03D578
:105C0000C01600B9600640F9003040B9BF3F03D567
:105C1000C01A00B9942600B4000080D2FF6700B912
:105C2000761A40F95DDDFF97F80300AA010A805259
:105C300080D641291AD09752970240F91B02805210
:105C4000B57E001BC02A40B919058052A17E011BF8
:105C5000B57E02532108C01AC02640B92108C01AD7
:105C6000C0CE40B91F000071E0079F1A0004001168
:105C70002108C01A007D8052217C001B3F00006B70
:105C80003620801A600640F91C4440B9BF3F03D556
:105C90009F031A6A411F005460624139801A003420
:105CA000751A0034800A40B9FF6700B91F040071FB
:105CB000C11500548103196AA0190054BF3F03D5D0
:105CC000600640F9014400B9E2930191E00313AA90
:105CD0008100805256FFFF97A018F837E06740B95F
:105CE00001008052007451D31F00156B0090951A6B
:105CF000E06700B9E06740B93F00006BA3120054B1
:105D00001F00156B821B0054B502004BEFFFFF17FD
:105D100060624139821240B9A0010034BF3F03D50F
:105D2000600640F9021C00B981824129007C011BF8
:105D3000BF3F03D5610640F9202000B9E00313AA54
:105D4000410080522BFFFF9771FFFF17800E40B973
:105D5000810240F9427C001B800A40B91F04007197
:105D6000C107005443008052E0A30191FFBCFF979C
:105D7000F503002A600D0035E00313AA41008052AC
:105D8000E63B40F91BFFFF97603240F9E70317AA93
:105D9000000840B9BF3F03D5610640F9007C40933D
:105DA00002008012226820B8603240F9000040B939
:105DB000BF3F03D5610640F9007C4093376820B8A7
:105DC0006066413900010034603240F9000440B996
:105DD000BF3F03D5610640F9007C4093E2FE60D3EB
:105DE000226820B8850E40B908028052090380520B
:105DF000E00317AA010080520800B0720900B072D7
:105E00003F000071841240B90311891ABF2000714C
:105E100088020054847C051B63001E326A66413987
:105E2000224C14532A020034C240228B020800F98B
:105E300002000191037C0029047C0129020C00F975
:105E4000E00302AABF200071E9010054A52000511F
:105E500021040011EBFFFF1723008052C3FFFF173F
:105E600084701D53EEFFFF174200060BE31200295A
:105E7000E20A00B9E2020111F7020191E2C21CB884
:105E8000F1FFFF17616641393F000071E102809A1E
:105E9000E00307AA21FC009121E47A9248AEFF9723
:105EA000600640F9000040B9BF3F03D501048052AD
:105EB0000140A0720000012ABF3F03D5610640F9EE
:105EC000200000B9600640F9008040B9BF3F03D50B
:105ED000411080520000012ABF3F03D5610640F9FE
:105EE000208000B9811240B9BF3F03D5600640F958
:105EF000011C00B981824129007C011BBF3F03D5F1
:105F0000610640F9202000B901FFFF170000805210
:105F100009FFFF172104007101E4FF54B50D801241
:105F2000E003152AF35341A9F55B42A9F76343A99E
:105F3000F96B44A9FB7345A9FD7BC9A8C0035FD6D3
:105F4000003040B9BF3F03D5C00E00B932FFFF1784
:105F5000600640F9000042B9BF3F03D5210400119B
:105F6000E04600B864FFFF171F08007101040054E9
:105F7000FC032036E2930191E00313AA0101805251
:105F8000ABFEFF97E002F837E16740B9602A40B9FD
:105F9000217451D30000014B010080521F00156B8A
:105FA0000090951AE06700B9E06740B93F00006BC8
:105FB000A30000541F00156B22010054B502004BD2
:105FC000EDFFFF17E24640B8BF3F03D5600640F93A
:105FD00021040011020002B9F4FFFF1715008052DE
:105FE000BF3F03D5600640F91B4400B9DC041837F5
:105FF000E00318AA69DCFF971F4036EB49E4FF5421
:10600000B50D8012BF3F03D5600640F91C4400B9AE
:1060100060624139E0050035800A40B9740640F9F4
:106020001F040071603240F9F6179F1AD60600115E
:10603000000840B99402008B000080D257DCFF9723
:10604000F50300AA800240B9BF3F03D5DF02206AF2
:10605000E0010054E00315AA50DCFF971FA00FF1E8
:10606000E8030054200080D285DCFF97D5BFFF975E
:10607000F5FFFF1715008052DDFFFF17B5028012F4
:10608000E1FFFF1715008052DFFFFF171500805258
:10609000603240F9000840B9BF3F03D5610640F9BE
:1060A000007C409362008052226820B8600640F96C
:1060B000000040B9BF3F03D500781A12BF3F03D597
:1060C000610640F9200000B9E0A301912BBCFF97C5
:1060D000800C80D26ADCFF9792FFFF17B50D80120B
:1060E000ECFFFF1715008052FAFFFF17F501801231
:1060F0008CFFFF17950080128AFFFF17FD7BBDA95B
:10610000FD030091F35301A9F40301AAF30302AACA
:10611000F51300F928FDFF97000840F9930200B439
:10612000630E40B9631C0011637C035363E47AD3AC
:10613000F503009163380191E20313AA637C7C921A
:10614000E10314AAFF6323CBE3FF009163E47A9297
:1061500054FEFF97BF020091BF030091F35341A982
:10616000F51340F9FD7BC3A8C0035FD6030080D2BE
:10617000EFFFFF17021440B95F00016BE007005406
:10618000FD7BBEA9FD030091F35301A9F403012A8D
:10619000A1060034022840F9F30300AA020600B465
:1061A00040003FD6E003002A1F4034EB2006005495
:1061B000827A1F53410400D12000008B0008C29A4C
:1061C000BF3F03D5610640F93F1000B9BF3F03D57B
:1061D000610640F9020084520204B072222C00B918
:1061E00041E28452620640F9422C40B9BF3F03D5D8
:1061F000210400718003005462FFFF37BF3F03D5C5
:10620000610640F9200800B9BF3F03D5600640F998
:106210001F0C00B9BF3F03D5600640F9E18300328F
:10622000011000B9BF3F03D5600640F90100845258
:106230000104B072012C00B940E28452610640F9B9
:10624000212C40B9BF3F03D500040071C0000054A9
:1062500061FFFF37741600B903000014001840B93D
:1062600020FAFF35F35341A9FD7BC2A8C0035FD6D6
:1062700000008052D3FFFF17C0035FD6FD7BBEA98D
:10628000FD030091F35301A9CBFCFF97012840B90E
:10629000130840F9F40300AAE00313AAB6FFFF971E
:1062A000802640B91F100071200300541F20007188
:1062B000E0179F1A003C1053BF3F03D5610640F919
:1062C000201800B9600640F9017440B9BF3F03D5FA
:1062D00082CE40B92000103221780F125F00007189
:1062E0002100801ABF3F03D5600640F9017400B950
:1062F000612240F9010100B4E00313AAF00301AAEE
:10630000F35341A9FD7BC2A800021FD62000805292
:10631000EAFFFF1700008052F35341A9FD7BC2A89A
:10632000C0035FD6FD7BBDA9FD030091F35301A916
:10633000F51300F9A0FCFF97130840F9F40300AA35
:10634000612640F9610000B4E00313AA20003FD6A3
:10635000BF3F03D5600640F935008052E10080520E
:10636000150400B9E00313AAA2FDFF97200800342A
:10637000800240F9011040B9E00313AA7EFFFF97A5
:10638000BF3F03D5610640F900008012204400B9E8
:10639000BF3F03D5610640F93F2400B9BF3F03D595
:1063A000610640F9201400B9BF3F03D5600640F9EB
:1063B000158000B9602A40B9E0000035600640F958
:1063C000004C40B9BF3F03D5006C50D30000150B03
:1063D000602A00B9612A40B9217C01532004005190
:1063E0002040002A00000332BF3F03D5610640F978
:1063F000204C00B96162413901020035600640F964
:10640000007040B9BF3F03D5E002D836A00000902D
:1064100000E021912100805261660139603200F96B
:10642000000C40B9BF3F03D5610640F9007C4093A2
:1064300062008052226820B8BF3F03D5600640F951
:106440001F1000B9BF3F03D5600640F91F0C00B90B
:1064500000008052F35341A9F51340F9FD7BC3A816
:10646000C0035FD6A000009000602191EBFFFF17F2
:1064700080008012F8FFFF17240040F9030802296A
:1064800002108052040000F90206A072020C00B94A
:10649000221040B9020800B9232440B94178021201
:1064A00042780112210002327F2000714200033243
:1064B0004210811AE1FF9F5242081F32020800B9C0
:1064C000011800B9C0035FD6B8FCFF17FD7BBEA959
:1064D000FD030091F35301A9001C40F9136C40B96E
:1064E000006840B900080012730A1C537302002AA6
:1064F000BBA7FF97147C40B9B9A7FF97947A1A12EB
:10650000147C00B9BF3F03D5B2A7FF97132800B989
:10651000B3A7FF97137C40B9B1A7FF9773021B3253
:10652000137C00B900008052F35341A9FD7BC2A83F
:10653000C0035FD6FD7BBDA9FD030091F35301A904
:10654000F40300AAF51300F939EBFF97819240B9E3
:10655000F30300AA400A40F9A20000D003008052D1
:1065600042B40991D1D6FF972001F836C0000090BF
:1065700000241391D7DFFF97A0028012F35341A9A3
:10658000F51340F9FD7BC3A8C0035FD6F503002ACD
:10659000800640F9600200F9E00314AAD8EBFF97E7
:1065A000600600F983008052A20000F0819240B999
:1065B00042942991400A40F9BCD6FF977F1E00B94A
:1065C00060D604290000009000301391602200F989
:1065D00063008052C2000090819240B942981391AA
:1065E000400A40F9C1D6FF97606A00B903008052A3
:1065F000C2000090819240B942B41391400A40F920
:10660000BAD6FF97731E00F9606E00B9C100009002
:1066100021D41391804A40F994F0FF9760620139C8
:1066200000008052D6FFFF17FD7BB9A9FD03009142
:10663000F35301A9F30300AAF55B02A9F71B00F9C4
:10664000F2EAFF97F50300AAE00313AAFBEAFF971B
:10665000F60300AAE00313AAF5EAFF97F40300AAE1
:10666000E00313AAF2EAFF97F70300AAE2230191DD
:10667000E00313AA2100805228E5FF97200400358B
:10668000E023019127E5FF97E01A00B920030034C9
:10669000E1230191E00313AA9745009460000035BF
:1066A000E023019137450094821A40B9E00315AA0E
:1066B000B582009103508352E10314AAC300A07273
:1066C0006EFFFF97951A00F9B40A00F9801A40F995
:1066D000C00200F9136800F9E00313AAF35341A9BB
:1066E000F55B42A9F71B40F9FD7BC7A80EFFFF171A
:1066F000C000009000FC139176DFFF97A00280128B
:10670000F35341A9F55B42A9F71B40F9FD7BC7A8EC
:10671000C0035FD6FD7BBEA9FD030091F30B00F91A
:10672000F30300AAB9EAFF97E20300AA01800091EF
:10673000E00313AAF30B40F9FD7BC2A863FFFF1728
:10674000FD7BBDA9FD030091F35301A9F30300AA4A
:10675000341C0012F51300F9BF3F03D5000440F9C3
:10676000B50C80D214BC0039600640F900BC403939
:10677000001C0012BF3F03D59F02006AA100005415
:10678000F35341A9F51340F9FD7BC3A8C0035FD6BD
:10679000B50600F101010054E103142AA00000F045
:1067A000F35341A900083C91F51340F9FD7BC3A8C0
:1067B00048DFFF17007D80D2B1DAFF97EBFFFF17AC
:1067C000FD7BBFA9FD0300917BFBFF97000840F90B
:1067D000011840F9C10000B4211C40F9810000B447
:1067E000FD7BC1A8F00301AA00021FD60000805261
:1067F000FD7BC1A8C0035FD6FD7BBDA9FD03009151
:10680000F35301A9F303022AF55B02A9F503012A58
:1068100069FBFF97160840F96FDAFF9714C0338BB6
:10682000C00640F9032440B9BF3F03D563006CD2D2
:10683000BF020071E0079F1A635014531F00036BDF
:1068400041010054F3FEFF3463DAFF979F0200EB2F
:1068500085FEFF54A00D8012F35341A9F55B42A9B8
:10686000FD7BC3A8C0035FD600008052FBFFFF176B
:10687000FD7BBEA9FD030091F35301A94EFBFF97D9
:10688000F30300AA000040F9000840B91F04127287
:10689000E1020054740A40F980620191F1F1FF971E
:1068A000E000F837610240F9210840B9A1018036C3
:1068B0001F000071E0179F1A0A000014800640F9BB
:1068C000002440B9BF3F03D5610240F90000101217
:1068D000210840B9E1FE87371F000071E0079F1AC9
:1068E000F35341A9FD7BC2A8C0035FD620008052AC
:1068F000FCFFFF17FD7BB9A9FD030091F35301A92C
:10690000F40302AAF55B02A9F50301AAF76303A940
:10691000F96B04A9FB7305A927FBFF97130840F93E
:1069200097FBFF971A0440B9000080D21BDAFF974B
:106930007F5600F9A00240791F300071A019005461
:106940001F4C00710418557A811900549F0200F100
:1069500076008052D6169F1AD70000F0B90000F0DA
:10696000F782169139773C9118008052BC0000F0F4
:1069700011000014E00240B91F00186B68010054B8
:10698000E1031A2AE00319AAD2DEFF97E10240B917
:1069900021781F533F0032714815005480A73C9165
:1069A000E10200B9CBDEFF9718070011007D80D20D
:1069B00033DAFF97600640F91B2440B9BF3F03D587
:1069C0007B03166A81FDFF54BF3F03D5600640F983
:1069D00001008012013000B9A20240795F4C0071C1
:1069E000E1179F1A5F540071E0179F1A2100002AD7
:1069F000811400349F0200F11904805239079F1A54
:106A0000A00640B918000012A00000368000083728
:106A1000C013183639031F327800805240001036F8
:106A200018031D324000203618031C32940000B5B4
:106A30005F4C0071400000544116003418031B32B3
:106A4000141600B4BF3F03D5600640F9C10180525F
:106A500001B80039761240B980EA4129D60276D2CF
:106A6000D62A4AD31F0800711A7C1A1B4004805290
:106A7000D67A1F53D632801A800A40B91F0400719B
:106A800041000054D6021C3260B240B91F0840F2E7
:106A900040130054600640F9D60200329C0240F9CF
:106AA00001A04039211C0012BF3F03D560B240B99C
:106AB00021741B12211C0012C00E103621041D323D
:106AC000BF3F03D5600640F9427F409301A00039E3
:106AD00060B240B917000012200E003660824239C1
:106AE000A0000035601240B9A00100369F0B40F2B3
:106AF00060010054800A40B91F040071C0000054B6
:106B0000604E40F9E1031CAAE23700F94DD9FF9726
:106B1000E23740F9170080527C4E40F941FC009169
:106B2000800A40B921E47A928103018BC00B0837B7
:106B3000E0031CAA21ABFF9760B240B97C5600F974
:106B4000800B0036BF3F03D5600640F91C0000B93A
:106B5000801240B9002C001200081432BF3F03D548
:106B6000610640F920080079811A4079BF3F03D5BA
:106B7000600640F9D63E0012010C0079BF3F03D5F4
:106B8000600640F916180079A10A40B9BF3F03D545
:106B9000600640F9010800B9A0024079001C1853B2
:106BA0001803002A183F0012BF3F03D5600640F9C2
:106BB000181C0079000080D278D9FF97F80300AA4A
:106BC000600640F9163040B9BF3F03D5B60A7836A3
:106BD000200311320000160A1F00196B400D0054EB
:106BE00015008012601240B960003036007D80D2FE
:106BF000A3D9FF97600640F9163040B9BF3F03D5CF
:106C0000BF3F03D5600640F901008012013000B992
:106C1000151B0035601240B9C00A0036B70A0035AE
:106C2000800A40B91F040071410A0054800240F9F3
:106C3000427F4093614E40F902D9FF97050000144E
:106C4000B7088012A00000F000EC3D9121DEFF9714
:106C5000E003172AF35341A9F55B42A9F76343A95F
:106C6000F96B44A9FB7345A9FD7BC7A8C0035FD698
:106C70003600805239FFFF177600805237FFFF172A
:106C8000390080525FFFFF175800805264FFFF17E2
:106C900080F10F3621001C328AFFFF173700805227
:106CA0009FFFFF17E0031CAAC5AAFF97A3FFFF17CA
:106CB0001F041F72E0F4FF54616240F9E3031CAA51
:106CC000E20314AAE00313AAFFFAFF97615E40F9FA
:106CD000BF3F03D5600640F9015800B960B240B922
:106CE00080F3173661BE40B9BF3F03D5600640F957
:106CF000015C00B997FFFF173700805295FFFF171F
:106D0000A0001836BF3F03D5600640F9C10180528C
:106D100001B80039370080521A0080529BFFFF17DC
:106D2000601240B980011037E00318AA1BD9FF9701
:106D30001F9C0FF129020054E203192AE103162ACD
:106D4000A00000F0B70D8012001C3D91E1DDFF971F
:106D5000C0FFFF17A00640B980FE1F3674FEFFB5C6
:106D6000600640F9002440B9BF3F03D5E0FD173766
:106D700017008052B7FFFF173F03366A21F2FF5416
:106D800094FFFF17A10640B9600640F9C103083619
:106D9000B5320091810380D200008052620640F932
:106DA000426861B8BF3F03D5425C1853A20200B9E4
:106DB0001F0C007120010054630640F9220400D129
:106DC00063686238631C0012BF3F03D5A20240B95A
:106DD0004200032AA20200B900040011211000D1D0
:106DE000B51200911F100071A1FDFF54BF3F03D5E4
:106DF000600640F9193000B9F40000B51500805262
:106E000079FFFF17001040B9BF3F03D5A00E00B9AE
:106E1000F7FFFF17755640F9024888521900805253
:106E2000E201A0721C01805204068052600640F903
:106E3000183040B9BF3F03D598097837D9020035DB
:106E40001F071C7280020054600640F9002440B9FC
:106E5000BF3F03D51F04167280040054BF3F03D503
:106E6000600640F9043000B9000080D2811240B9B8
:106E7000830240F93F00006BE8040054800E40B9E3
:106E80006140218B7B070011810200F97F03006BB9
:106E90008206005460B240B91F0840F2A0010054BD
:106EA0009901003578011836BF3F03D5600640F9D7
:106EB0001C3000B960B240B9C0000036B5B26D9266
:106EC000B5024291BF3F03D5600640F9150000B9F5
:106ED00056040051C2030034400180D2E8D8FF9725
:106EE000E203162A0406805238FA0F368306412937
:106EF000821240B9605640F923F80F37217C021BFB
:106F000021FC009121E47A922100008B2BAAFF97AB
:106F1000BBFFFF17810A40B93F040071E100005434
:106F2000610640F9212040B9BF3F03D5616820B810
:106F300000100091CEFFFF17636860B8BF3F03D514
:106F4000610640F9232000B9FAFFFF17A00000F006
:106F5000B50D801200B43D915EDDFF9722FFFF1753
:106F600039008052E1FFFF17950080121EFFFF17C6
:106F7000E00313AA41008052F2FDFF97B70D801283
:106F8000E00313AA81008052EEFDFF97DF0270F24A
:106F9000A0088012F712801A2EFFFF17FD7BBCA9F4
:106FA000FD030091F35301A933198052F55B02A947
:106FB000F603012AF71B00F9150840F9A00640F96D
:106FC000002440B9BF3F03D51F0440F2C102005462
:106FD000BF3F03D5A00640F91F580079B60E003414
:106FE000A01A40F9400300B4011440F9010300B4B1
:106FF000E00315AA20003FD6F403002A80020034E3
:10700000A00000D000B03E9132DDFF97E003142ACB
:10701000F35341A9F55B42A9F71B40F9FD7BC4A8D6
:10702000C0035FD673060071C1000054A00000D0F9
:1070300000103E91F401801226DDFF97F4FFFF1748
:10704000800C80D28ED8FF97DDFFFF17A01A40F981
:10705000800100B4031840F9430100B4E103162A8B
:10706000E00315AA0200805260003FD6F403002A14
:1070700080000034A00000D0002C3F91E3FFFF17F8
:10708000B7064329F71A1F72A0050054B72240B96A
:10709000D7030034200080522208C01A5F00166B0C
:1070A00089000054000400111F04107161FFFF5497
:1070B0001304005117048052A01A40F9C00000B414
:1070C000020C40F9820000B4E103132AE00315AA80
:1070D00040003FD6A01A40F9400400B4031840F91C
:1070E000030400B4E103162AE00315AA220080522B
:1070F00060003FD6F403002A40030034A00000D013
:1071000000883F91C1FFFF173F00166B49010054F3
:10711000400080522208C01A5F00166B890000549C
:10712000000800111FF81F7161FFFF54137C015309
:10713000E2FFFF1720008052FDFFFF17020180527F
:10714000200080522308C01A7F00166B09FFFF54ED
:1071500000781F534204007161FFFF54F4FFFF17D2
:10716000617E0853601E18530000003221041A5338
:107170002100172A0000012A003C0012BF3F03D55E
:10718000A10640F9B302805220580079A00640F9C8
:1071900000584079003C0012BF3F03D5E00008369C
:1071A00000001E32BF3F03D5A10640F920580079E8
:1071B0001400805296FFFF1773060071810000547F
:1071C000A00000D000FC3F919BFFFF17007D80D204
:1071D0002BD8FF97EEFFFF17FD7BBEA9FD030091A3
:1071E000F35301A9F4F8FF97F40300AA130840F938
:1071F000601A40F9A00000B4010440F9610000B435
:10720000E00313AA20003FD6602640B9812A40B986
:107210003F00006B60000054E00314AA60FFFF977A
:107220008082403980000034E00314AA01008052BB
:107230005BFFFF97600640F900A04039001C001278
:10724000BF3F03D5832640B9E103002A621240B94B
:10725000641A40B97F200071C103005401781E12E6
:107260009F181F72410000544200403621001B321B
:10727000000580525F00006AE103005480EA40B9D3
:10728000020400515F0C0071890000540018005185
:107290001F1800710803005421001E32211C001227
:1072A000BF3F03D5600640F901A00039601A40F9DC
:1072B000600200B4010840F9210200B4E00313AAFF
:1072C000F00301AAF35341A9FD7BC2A800021FD617
:1072D0009F181F72410000544200403601781A1274
:1072E00020001F327F10007121781E122110801A99
:1072F000E0FFFF1721781D12E9FFFF170000805201
:10730000F35341A9FD7BC2A8C0035FD6FD7BBEA994
:10731000FD030091F35301A9A7F8FF97F40300AA16
:10732000130840F984008052006840F963620191BB
:1073300002008052A10000D021703B9110F0FF9715
:10734000E00313AA21008052FEFCFF97601240B9AF
:10735000A00100360101A0D2000180D265BAFF97DA
:10736000604E00F9000100B5A00000D000943B91F0
:1073700058DCFF9760018012F35341A9FD7BC2A83E
:10738000C0035FD6800240F9010C40B9000480526E
:107390002210C05A3F0000710000024BE2FF9F52D2
:1073A00000109F1A00040051013C00125F20206B66
:1073B00080010054200080520020C11A3F48007113
:1073C000000400541F0041712C0300543F1C007145
:1073D000400400543F440071800180524003005437
:1073E000BF3F03D5600640F91FA40039601A40F979
:1073F000A00000B4010040F9610000B4E00313AA4A
:1074000020003FD6BF3F03D5600640F96107805298
:10741000E14FA072013400B9BF3F03D5600640F9C7
:107420001F3800B900008052D4FFFF17C0018052FE
:107430003F500071800000543F540071E8FFFF1777
:107440008001805200000032BF3F03D5610640F941
:1074500020A40039E6FFFF1740018052FAFFFF1712
:10746000FD7BBBA9FD030091F35301A9F30300AA1F
:10747000F40301AAF55B02A9F603032AF76303A943
:10748000F92300F9F903022A020080D2201440F9FE
:10749000A10000F021840091006840F9004840F903
:1074A0005CECFF97F70300AA801640F9020080D237
:1074B000A10000F021C40091006840F9004840F9A3
:1074C00054ECFF97F80300AA800640F9154040B934
:1074D000BF3F03D5B502370AB502182A75019837A0
:1074E000A00000F000F00091FADBFF97A0028012EC
:1074F000F35341A9F55B42A9F76343A9F92340F986
:10750000FD7BC5A8C0035FD6806240F9600000B56E
:1075100035F9FF9780820BA980B240B9811240B93A
:1075200000001E3280B200B9800640F921050836FD
:1075300001FC40B9BF3F03D5217C1053811A00B92B
:10754000800240F9600200F9811A40B921181F72C7
:1075500080010054800640F9004440B9BF3F03D584
:10756000F7FE60D318FF60D31700370AE102182A2C
:10757000205C50D31F000071E007801A802200B900
:10758000801E40B9C0010035831A40B9A23E48D3DD
:10759000A03648D37F181F72832240B90000821A98
:1075A00002488852E201A0727F000071007C021B39
:1075B000027C031B4010801A801E00B9801E40B957
:1075C00000010035A00000F000740191C7FFFF1713
:1075D00001FC4179213C0012BF3F03D5D8FFFF17C2
:1075E000790000341F00196B0090991A601600B9D9
:1075F000D6000035821A40B95F181F726008005427
:10760000D6FF80521608D61AA0020872761200B968
:107610000206A0520000821AD507C837600E00B9D2
:107620009500D036600E40B900001932600E00B9E6
:10763000801240B9A0002036600E40B9827240B975
:107640000000022A600E00B99500A836600A40B911
:1076500000081F32600A00B9600A40B90200033214
:10766000620A00B9821A40B95F181F72A000005464
:10767000950090370078011200000332600A00B9CB
:10768000801240B980002836600A40B900701C1290
:10769000600A00B9600E40B960003836801240B907
:1076A000C003483621701D1241040836600A40B9F3
:1076B00002D080520000022A600A00B9801240B94C
:1076C000A00058368100F836600A40B90000153233
:1076D000600A00B981001036600A40B90000183213
:1076E000600A00B9811640B981000034600A40B9CF
:1076F0000000012A600A00B9E0FF9F52601A00B939
:10770000000080527BFFFF17167C0853BFFFFF1756
:1077100000040F32C2FFFF173F0840F260FCFF5425
:10772000600A40B900041B32600A00B9DFFFFF178E
:1077300061FC0736600A40B900001932DFFFFF170D
:107740001AF8FF17FD7BBDA9FD030091F35301A9B2
:10775000F51300F9151440F9A06A40F9ABE6FF975C
:10776000F40300AAA12A40B9005097528031A072B8
:107770003F00006BA9040054A0CE40B902A08E5275
:107780002263A0721F000071F3079F1A3F00026B73
:1077900088030054730A001180BA40F9001840B9F8
:1077A000BF3F03D500701D126002002ABF3F03D502
:1077B00081BA40F9201800B980424639800000346F
:1077C00080020691010080D23D2B0094A06A40F90E
:1077D000A10000D021443B91E2E6FF971F1C0072FC
:1077E00080010054E203132AE10314AAF35341A9D0
:1077F000A06A40F9F51340F9FD7BC3A8E10000142D
:1078000073120011E5FFFF1713008052E3FFFF170B
:10781000F35341A9F51340F9FD7BC3A8C0035FD61C
:10782000FD7BBAA9FD030091F35301A9F40300AA5B
:10783000F55B02A9F76303A9F96B04A9FB7305A91A
:107840007EE6FF97F70300AAE00314AA6FE6FF970E
:10785000F50300AAE00314AA75E6FF97F60300AA51
:10786000804A40F9A10000D02108399184EBFF97AC
:10787000BF420639F30300AAE00314AA16E7FF97F4
:107880001F0400B141010054B3028012E003132A27
:10789000F35341A9F55B42A9F76343A9F96B44A9E6
:1078A000FB7345A9FD7BC6A8C0035FD6A0BA00F94B
:1078B000A01400B4B3FEFFB4B8620691E00314AAAA
:1078C000E20318AAC10000B021E8279169400094A2
:1078D000F303002AE0000034810640F9E203002AA5
:1078E000A00000D000303991FADAFF97E8FFFF17C7
:1078F000E00318AA7F400094F303002AC000F83682
:10790000A00000D0E103132A00B43991F1DAFF9707
:10791000DFFFFF17E00318AA91400094F303002A49
:1079200000FFFF37B8020691E00314AAE20318AA89
:10793000A10000D021483A919A2A0094F303002A2A
:10794000A0000034E103002AA00000D000703A91AA
:10795000EFFFFF17E00318AAA72A0094F303002AF9
:10796000A0000034E103002AA00000D000DC3A911E
:10797000E7FFFF1720008052A0420639020A80D29A
:10798000810000F0800640F9C00200F921E0149166
:10799000A0BA40F900000891C00600F9800000F08C
:1079A00000E00791C01A00F9C01240B900001A3275
:1079B000C01200B940F75FB000000891A1D5FF9751
:1079C000E10315AAE00314AA1DF6FF97F303002AAA
:1079D000E0F5FF35A10000D0E00314AA21443B915B
:1079E00060E6FF971F1C007260070054E10315AAB0
:1079F000E00314AA09010094F303002A80F4FF3580
:107A00009A9240B9930000F0590A40F97322099103
:107A100078018052620240F9E1031A2AE00319AAB0
:107A2000030080D247CEFF97400200B4A2424639FD
:107A3000010040B9602240392108C05A00140012E8
:107A4000BBBA40F942050034BF3F03D5601300B90B
:107A5000A2BA40F9401440B9BF3F03D5211C00121F
:107A60000000210A0000012ABF3F03D5401400B9DD
:107A70007342009118070071E1FCFF54A08200914D
:107A8000C01600F9E00200F903508352B61A00F95B
:107A9000E10316AAC300A072C01640F9146800F9E9
:107AA000E00315AAC21E40B96EFEFF97F303002A39
:107AB000E0EEFF35E00314AAF35341A9F55B42A9B8
:107AC000F76343A9F96B44A9FB7345A9FD7BC6A8DD
:107AD0000FFEFF17E00314AAD5E5FF970140985267
:107AE000617DA172011C00B9C6FFFF17211C78D36C
:107AF0000000012ABF3F03D5601300B9000008321F
:107B0000BF3F03D5601300B9B3D5FF971C28009180
:107B1000611340B9BF3F03D5E100D037AED5FF9721
:107B20009F0300EB65FFFF54611340B9BF3F03D5CE
:107B3000E100D03621780712BF3F03D5611300B9A9
:107B4000CCFFFF177301801251FFFF17B30D801296
:107B50004FFFFF17FD7BBEA9FD030091F30B00F95A
:107B6000F30300AAA9E5FF97E20300AA01800091B0
:107B7000E00313AAF30B40F9FD7BC2A8F1FEFF1747
:107B80005F14007168140054FD7BBBA9FD030091D4
:107B9000F35301A9F55B02A9F50301AAF76303A951
:107BA000F70300AA800000F000002891F92300F9F3
:107BB000005862786200001040A8208B00001FD699
:107BC000D30000D0D40000D073A21C9194A21D91C8
:107BD000F60314AA99020191E19240B9F80312AA9E
:107BE000C20240F9030080D2400A40F9D5CDFF9788
:107BF000600000B4000040B9C00A00B9D64200914C
:107C0000DF0219EBA1FEFF54F60313AA79020191DA
:107C1000E19240B9030080D2C20240F9000B40F962
:107C2000C8CDFF97600000B4000040B9C00A00B999
:107C3000D64200913F0316EBC1FEFF54A1BA40F9B2
:107C4000202440B9BF3F03D500781F12BF3F03D5A2
:107C5000202400B9810A40B9BF3F03D5A0BA40F93A
:107C600082008452021000B9BF3F03D5A0BA40F988
:107C7000011400B9811A40B9BF3F03D5A0BA40F939
:107C800002018452021000B9BF3F03D5A0BA40F9E7
:107C9000011400B9812A40B9BF3F03D5A0BA40F909
:107CA00002028452021000B9BF3F03D5A0BA40F9C6
:107CB000011400B9B6BA40F9C02640B9BF3F03D598
:107CC00000000032BF3F03D5C02600B942D5FF9760
:107CD00017E02E91C02640B9BF3F03D5A004083756
:107CE0003DD5FF97FF0200EB65FFFF54C02640B96A
:107CF000BF3F03D5E0030837A00000D000683891EB
:107D0000F4D9FF97A00D8012F35341A9F55B42A966
:107D1000F76343A9F92340F9FD7BC5A8C0035FD6EB
:107D2000D30000D0D40000D073A2169194A2179172
:107D3000A8FFFF17D30000D0D40000D073A2189181
:107D400094A21991A3FFFF17D30000D0D40000D054
:107D500073A21A9194A21B919EFFFF17D30000D02B
:107D6000D40000D073A21E9194A21F9199FFFF1717
:107D7000813A40B9BF3F03D5A0BA40F9020084520E
:107D8000021000B9BF3F03D5A0BA40F9011400B9F1
:107D9000A0BA40F9002440B9BF3F03D561FE8F521D
:107DA000C1FFBF720000010A610A40B90000012A48
:107DB000BF3F03D5A1BA40F9202400B9A0BA40F9C9
:107DC000002840B9BF3F03D5611A40B9006C0C12BE
:107DD0000000012ABF3F03D5A1BA40F9202800B90D
:107DE000612A40B9BF3F03D5A0BA40F9014000B9AC
:107DF000613A40B9BF3F03D5A0BA40F9011C00B9B0
:107E000000008052C1FFFF17A0028012BFFFFF17C2
:107E1000A0028012C0035FD60200805259FFFF17F4
:107E2000217C7C93026861B8820000341F6821B80D
:107E30002100805201001039C0035FD6227C7C9360
:107E400001D0218B006862B860000034200440F942
:107E5000C0035FD6000080D2FEFFFF17E20300AA36
:107E6000030080D264EC7CD3E003032A446864B846
:107E700004010035637C7C9345D0208B2400805224
:107E8000446823B8A10400F944001039C0035FD648
:107E9000630400917F0001F161FEFF5460038012D2
:107EA000FBFFFF17FD7BBEA9FD030091F30B00F95B
:107EB000F30300AAC4000094E303002A2002003563
:107EC000654240B944F75FB084400991E00304AAD9
:107ED000E103052ADAFFFF971F0013EB210200548C
:107EE000035841B963010034021C40F9E103052A3B
:107EF000A00000B00070139176D9FF97E3018012C3
:107F0000E003032AF30B40F9FD7BC2A8C0035FD650
:107F1000E103052AE00304AAC2FFFF97F9FFFF1758
:107F200043028012F7FFFF177F0000F90105F8B741
:107F3000FD7BBAA9FD030091F35301A9F30300AA45
:107F4000070440F9FF0001EB63040054E70001CB94
:107F5000E50302AAFF0002EBE3030054420100B470
:107F6000064040F9860100B4C0003FD6E000F83773
:107F7000615E40B981000034613640B93F00006B5A
:107F80002903005400008052F35341A9FD7BC6A889
:107F9000C0035FD6F40303AA034C40F9030200B404
:107FA000FF7F02A9E2830091FF7F05A9E51700F991
:107FB000FF7F03A9FF7F04A9E42B00F960003FD6EF
:107FC000E11B40F9810200F9E9FFFF17A0028012CE
:107FD000C0035FD6A0028012ECFFFF176041801241
:107FE000EAFFFF17800E8012E8FFFF17067440F9C2
:107FF000660100B48101F8B7050440F9BF0001EB48
:1080000023010054A50001CBBF0002EBC3000054C4
:10801000E20000B4F00306AA00021FD6C00B8012D3
:10802000C0035FD6A0028012FEFFFF17000080523F
:10803000FCFFFF17FD7BBEA9FD030091F30B00F9C8
:10804000F30300AA001440B980010035830000F05A
:10805000810000F063C010912124199102368052F2
:10806000800000F0007C19911AD9FF97800000F081
:1080700000CC1991D0D4FF9740F75F90E10313AA89
:108080000040099104008052030080520200805297
:1080900073FFFF974007F837604200B9600206910E
:1080A0007F5A01B9000000A9603640B96000003570
:1080B000605E40B9603600B9601240B9E103002A41
:1080C000C0030034220400D10000C05A0010C05A7E
:1080D0005F0001EA00009F1A611640B9602600B9EE
:1080E000E203012AE1020034430400D12100C05A16
:1080F0002110C05A7F0002EA21009F1A22008052FC
:108100004020C01A000400514220C11A6102052912
:10811000610240F942040051623200B90080C4D2C9
:108120001F0021EA2001005400008052F30B40F9A7
:10813000FD7BC2A8C0035FD600008052E7FFFF1797
:1081400001008052EEFFFF17620640F9010080D265
:10815000E00313AAA6FFFF971F000071C10B801256
:108160000410417A20FEFF54611E40F9800000F0A7
:1081700000101E91D7D8FF97ECFFFF172000805208
:10818000EBFFFF170101F8B7040440F99F0001EB72
:10819000A3000054028040F9A20000B4F00302AA38
:1081A00000021FD6A0028012C0035FD600008052DA
:1081B000FEFFFF17A0028012C0035FD600008012EE
:1081C000C0035FD6FD7BBBA9FD030091F35301A95A
:1081D000F55B02A916000691F76303A91800805207
:1081E000F92300F9B90000903933149113C040F914
:1081F00073C205D177BA40F9F7C205D175C20591AE
:10820000BF0216EB01010054E003182AF35341A901
:10821000F55B42A9F76343A9F92340F9FD7BC5A8A3
:10822000C0035FD661C240F9600206913F0000EBD7
:1082300060000054E00313AAE3FFFF97E00313AAD2
:1082400019FFFF97F403002A4001F836611E40F938
:10825000E203002AE00319AA9ED8FF97E0BA40F98A
:10826000F30317AAF803142A17C005D1E4FFFF1778
:10827000A10240A9200400F9F403182A010000F922
:10828000BF7E00A9601E40F94FB4FF97E00313AA18
:108290004DB4FF97F2FFFF170001003540F75F90E4
:1082A000003443F9800000B4011C40F93F0000F1A4
:1082B00000109F9AC0035FD6000080D2FEFFFF1718
:1082C0003F0000F10018407AAC040054FD7BBDA9CA
:1082D000FD030091F35301A9147C4093F30301AA19
:1082E000F51300F9F503002A40F75F9000A01991FB
:1082F000E203152AA10000B021802891137834F8F8
:1083000040F75F9000601991140C148BE00314AADD
:1083100046D8FF97741E00F9E00313AA46FFFF97A3
:1083200041F75F90600640F9223843F94028408BBE
:10833000203803F9C00000B0012848B93F040031DB
:1083400041000054152808B900008052F35341A998
:10835000F51340F9FD7BC3A8C0035FD6A0028012CD
:10836000C0035FD640F75F90016046B981000035D9
:1083700021008052016006B9F1240014C0035FD6C9
:10838000FD7BBFA9C00000B0FD030091002848B9E3
:10839000C2FFFF97800000B4001440B9FD7BC1A864
:1083A000C0035FD620008052FDFFFF17FD7BBBA9F5
:1083B000FD030091F35301A9F30302AAF55B02A99F
:1083C000F50301AAF60303AAF76303A9F70300AABA
:1083D000180080D2F92300F9190080521F0313EB13
:1083E000A3010054A9000054C00240F97302008B9D
:1083F000730218CBD30200F9E003192AF35341A901
:10840000F55B42A9F76343A9F92340F9FD7BC5A8B1
:10841000C0035FD6E00640F91F0015EB4902005487
:10842000F41240B981060051F403142AA002018A13
:10843000A102218A940200CBE00317AA52FFFF9702
:10844000E00000351803148BC00240F9B502148B0C
:108450000000148BC00200F9E1FFFF1739008052C1
:10846000FAFFFF1719008012E4FFFF17FD7BBAA97E
:10847000FD030091F35301A9F30303AAF55B02A9DD
:10848000F60302AAF76303A9F96B04A9570040F9A0
:10849000FF2B00F9021440B9420400515F0001EAC9
:1084A00020010054A00000B00078259109D8FF9762
:1084B000DF0200F9530000B47F0200F9B30280121A
:1084C00019000014F50300AAF40301AAF90304AA91
:1084D000F80305AAE3430191E20317AAB4FFFF974B
:1084E000730000B4E12B40F9610200F9C000F836D6
:1084F000A00000B000142691F6D7FF97DF0200F924
:10850000EFFFFF17E12B40F93F0019EBA9010054E1
:10851000A00000B05303801200B4269144B3FF972B
:10852000DF0200F9E003132AF35341A9F55B42A9E6
:10853000F76343A9F96B44A9FD7BC6A8C0035FD6C6
:1085400000030034B90000B0390F28919A0E801250
:10855000F70300B4B31240B99AB6FF97A11240B91D
:10856000E00315AA73060051E103014B7302148A5C
:108570002100148A04FFFF97C0030034A11240B900
:10858000E00319AAE103014B2100148AD1D7FF9718
:10859000A01240B90000148B140013CBEDFFFF179D
:1085A000C20240F9E40318AAE30316AAE10314AADD
:1085B000E00315AA5DFEFF97F303002A1F00007178
:1085C000800E80126412407A6100005413008052C1
:1085D000D5FFFF17DF0200F9E203132AE10314AA13
:1085E000A00000B000742791BAD7FF97CEFFFF1705
:1085F000A21240B9E40318AAE3630191E10314AAAB
:10860000420013CBE00315AA5F0017EB4290979A44
:10861000E22F00F945FEFF971F000071F303002AC7
:1086200004105A7A40010054E203002AE10314AA1C
:10863000A00000B000742791A6D7FF97C00240F9B0
:10864000000017CBC00200F9B7FFFF17E02F40F979
:10865000F70200CB9402008B1803008BBDFFFF17BD
:10866000A70000B0E7F42091000080D204008052FF
:10867000030080520500805226686038E66866383C
:10868000C8140012A500084AA6003036061C0012C5
:108690008400064A6600264AC31C001200040091AA
:1086A0001F0004F1A1FEFF54607C0213817C0213C1
:1086B00021001D1200001C120000012A867C0113FB
:1086C000617C0113C6001B1221001A1287701D5312
:1086D0002100062A867C03130000012A617C031313
:1086E000C6001F1221001E122100062A86601912E0
:1086F0000000012A611044D32100062A86741E530B
:108700000000012AC6001D12E003202A40000039A3
:1087100060741E53E7001B1200001C12816C1C5376
:108720000000062A66701D53C6001A1284001F53EB
:10873000C600072A210019120000062A66781F5376
:10874000C6001E1263000012C400042AE503252A95
:108750000000042A0000032AA5741E532000002AEA
:10876000A5040032E003202A4004003900008052B2
:1087700045080039C0035FD64400403960004039E5
:10878000450440390000044A640440394208403935
:10879000001C0012630840398400054A841C001242
:1087A0006300024A0200042A631C00126200022ACB
:1087B000E20700348204444AA60A80524200060AB4
:1087C000857C01535F00066B810500540604404A16
:1087D000C200020A5F540171010500546204434A59
:1087E000860A80524200060A5F00066B610400544C
:1087F000827C0453867C0353847C025342001D1206
:10880000C6001E1284001F12A50000124200062A94
:108810008400052A4200042A046019124200042A36
:1088200004701D5384001C124200042A04781F5354
:1088300000741E5384001A1200001B128000002ACC
:10884000647C04534200002A607C055384001F129C
:1088500000001E120000042A630C43D3246862380F
:108860000300032A200080520320C31A6300044A35
:1088700023682238C0035FD6633C10536020002A6F
:108880000100042A00008052A10000351F0400717D
:10889000210980120000811AF7FFFF172200001241
:1088A000217C01534000000BF8FFFF1700008052AD
:1088B000F1FFFF1702F040F901008012F00302AA55
:1088C00000021FD600D040F900004039001C001201
:1088D000BF3F03D5C0035FD600D040F90000407908
:1088E000003C0012BF3F03D5C0035FD600D040F963
:1088F00000004079003C0012BF3F03D5C0035FD6A3
:10890000FD7BBEA922008052FD03009103E840F9DF
:10891000E17F0039E17F009160003FD6FD7BC2A876
:10892000C0035FD6FD7BBEA9211C0012420080520D
:10893000FD03009103E840F9E13F0079E17B0091FC
:1089400060003FD6FD7BC2A8C0035FD6E203022AC7
:1089500003D440F9000080D21F0002EB4100005414
:10896000C0035FD6246860380004009164000039B9
:10897000FAFFFF17E203022A03D040F9000080D279
:108980001F0002EB41000054C0035FD66400403971
:108990002468203800040091FAFFFF17427C01137D
:1089A00003D440F9000080D21F0002EB41000054C4
:1089B000C0035FD6247860780004009164000079D9
:1089C000FAFFFF17427C011303D040F9000080D268
:1089D0001F0002EB41000054C0035FD664004079E1
:1089E0002478207800040091FAFFFF1700008052DD
:1089F000C0035FD6FD7BBDA9FD030091F35301A920
:108A0000F403012A012441F9610300B401D442F9BD
:108A1000F30300AA010300B4019C42B9C101003470
:108A20000158457981011036041841F9FFA7003932
:108A3000019042B9E3A30091E1A3003922008052E2
:108A4000FFAB0039E10300AAFFAF003980003FD639
:108A500040010035E103142AE00313AA632641F91B
:108A600062D642F9F00303AAF35341A9FD7BC3A8E0
:108A700000021FD600008052F35341A9FD7BC3A81A
:108A8000C0035FD6FD7BB9A923008052FD0300918E
:108A9000F35301A9F30301AAF55B02A9F50300AAA8
:108AA000F60302AAF76303A9F96B04A9FB7305A9EE
:108AB000FB0302AA251043F939DC45B937E045B973
:108AC000343843F93AD845B9F77E409338FC42F937
:108AD000A0003FD6FC0314AA237F40937A020035FE
:108AE00094021A9118130091000080D261E645B9F2
:108AF0003F00006B0C0300547ADA45B9397F40938C
:108B0000180080525A030035E003182AF35341A994
:108B1000F55B42A9F76343A9F96B44A9FB7345A927
:108B2000FD7BC7A8C0035FD6640A43F9E2031CAA11
:108B3000E1031BAAE00315AAE33700F95A07005125
:108B400080003FD69C03178BE33740F97B03038BF0
:108B5000E3FFFF17017B60B862DE42F941686138CC
:108B6000816A203800040091E1FFFF17640E43F989
:108B700083021AD1E20314AAE10316AAE00315AA9C
:108B800080003FD60001F836A02641B9000400114C
:108B9000A02601B95A070051D602198B9402178BEF
:108BA000D9FFFF17A12241B91F03006B1823801AB8
:108BB0002100000BA12201B9F7FFFF17FD7BB9A926
:108BC000FD030091F35301A9F40300AAF30301AAE2
:108BD000F55B02A9F50302AAF603042AF76303A9C9
:108BE000F96B04A9F90302AAFB7305A93B3843F901
:108BF00023DC85B93CE085B9FA031BAA38D845B90E
:108C000037FC42F998020035F7120091010080D23A
:108C100060E645B91F00016B4C030054E403162ABB
:108C2000E20315AAE10313AAE00314AAF55B42A923
:108C300023008052F76343A9F96B44A9FB7345A94C
:108C4000651643F9F35341A9F00305AAFD7BC7A8B4
:108C500000021FD6640A43F9E2031AAAE10319AA23
:108C6000E00314AAE33700F91807005180003FD64B
:108C70005A031C8BE33740F93903038BE2FFFF17DC
:108C8000E07A61B862DE42F9636B613821040091D9
:108C900043682038DFFFFF17A101805201B405B9F6
:108CA00005FFFF17209C42B940040034FD7BBDA99D
:108CB000FD030091F35301A9F30301AAF51300F991
:108CC00020584579A0031036640641F9F50303AA3C
:108CD000421C0012E00313AA03008012E11D80521F
:108CE000140080D280003FD6A16A7438E00313AA32
:108CF00062E640F99406009140003FD69F1200F1D1
:108D000041FFFF54620A41F9E10313AAE00313AAE9
:108D100040003FD600000072810080120000811ADE
:108D2000F35341A9F51340F9FD7BC3A8C0035FD6F7
:108D300060418012C0035FD660418012F9FFFF17C7
:108D4000209C42B980030034FD7BBDA9FD03009146
:108D5000F35301A9F30301AAF51300F9205845794B
:108D6000E0021036640641F9F50303AA421C001222
:108D7000E00313AA03008012C11D8052140080D2A8
:108D800080003FD661DE40F9E00313AA20003FD601
:108D9000A06A3438940600919F1200F141FFFF54FD
:108DA00000008052F35341A9F51340F9FD7BC3A89D
:108DB000C0035FD660418012C0035FD6604180125D
:108DC000F9FFFF17025042B962000035820280525B
:108DD000025002B9020441F9820000B5020000D03D
:108DE00042D02C91020401F9020841F9820000B539
:108DF000020000D042901A91020801F902F040F9F5
:108E0000820000B5020000B042400C9102F000F96F
:108E1000021841F9820000B50200009042903291A0
:108E2000021801F9021C41F9820000B5020000900D
:108E300042003591021C01F903DC40F9A30000B4A3
:108E400002000090421023917F0002EB01010054C8
:108E50003F00007103000090020000906310239116
:108E6000426023914210839A02DC00F902E040F94B
:108E7000820000B50200009042B0239102E000F9A8
:108E800002F440F9820000B5020000B04280139164
:108E900002F400F902F840F9820000B5020000F087
:108EA00042D0279102F800F903E840F9A30000B48A
:108EB00002000090423025917F0002EB0101005436
:108EC0003F00007103000090020000906330259184
:108ED000427026914210839A02E800F903E440F9B7
:108EE000A30000B402000090420024917F0002EB36
:108EF000010100543F000071030000900200009047
:108F000063002491429024914210839A02E400F974
:108F100003EC40F9A30000B40200009042D0259178
:108F20007F0002EB010100543F000071030000903C
:108F30000200009063D02591411027912110839A5F
:108F400001EC00F901E042F9610000B501001A915D
:108F500001E002F9013C43F9610000B5210080D233
:108F6000013C03F9C0035FD6E30300AAA70A8052BD
:108F7000000080526806805209018052810100344D
:108F8000660840F261010054070480523F0C0071F2
:108F90000C030054A70A80526806805209018052CF
:108FA0002400064B9F0000718C050054C0035FD65F
:108FB00064004039E504440A8400070AA500040B54
:108FC000A400080A0509450A8400050B850C001257
:108FD000A410440B2401044B0000040B1F00026B7F
:108FE0008C0500542104005163040091E4FFFF1735
:108FF000650040B9A47C0153A5F0001284F0001272
:109000008400050B85E40012847C025384E4001282
:10901000A400040B85CC0012847C045384CC001281
:10902000A500040BA49C0012A57C0853A59C00126B
:109030008400050B857C1053A420240BE400044B12
:109040000000040B5F00006B4B0200542110005124
:1090500063100091CEFFFF1764686638C604009164
:10906000E504440A8400070AA500040BA400080ACA
:109070000509450A8400050B850C0012A410440B59
:109080002401044B0000040B5F00006BAAF8FF549E
:1090900020098012C6FFFF17210400D1020080D2F0
:1090A000E40780521F6821383F0002EB480000545B
:1090B00038CFFF170368623863800051631C0012C9
:1090C0007F7C0171490000540468223842040091F9
:1090D000F6FFFF17FD7BBCA9FD030091F35301A927
:1090E000F30302AAF40301AAF55B02A9F60303AA9B
:1090F000E11F8052F71B00F9F70300AA021C40B9D8
:1091000000DC42F9B3CFFF97C00240B91F040071E1
:10911000000200541F781E72C1050054E3DE42F9BC
:10912000E10314AAC02A40B9E20313AA9402138BE4
:109130006000008BC3CFFF97E00314AAF35341A94B
:10914000F55B42A9F71B40F9FD7BC4A8C0035FD6BD
:10915000F5FE42F9C32A40B9160080D2B5A22A9181
:10916000A10640B9A1FEFF3493FEFFB48302003490
:109170003F00036BA80000546300014BB52200912F
:10918000730216CBF7FFFF172100034BA00240B973
:109190003F0013EB3690939A6000000BE3DE42F938
:1091A000E10314AAE20316AA9402168B6040208BF6
:1091B000A4CFFF9703008052F1FFFF17F603012AA7
:1091C0007F4221EBA00240B9D622939AF4FFFF1709
:1091D000830000D0A100009063F0119121F424914C
:1091E000628E8152800000D0007C1991B9D4FF9723
:1091F000800000D000CC19916FD0FF97FD7BBCA9F7
:10920000FD030091F35301A9F40301AAF30303AA98
:10921000F55B02A9F71B00F9F70300AA400040B96B
:109220001F040071000200541F781E72C105005413
:10923000E1DE42F9402840B9E20303AA2100008B95
:10924000E00314AA9402138B7ECFFF97E00314AAC5
:10925000F35341A9F55B42A9F71B40F9FD7BC4A874
:10926000C0035FD6F5FE42F9160080D2442840B90B
:10927000B5A22A91A30640B9A3FEFF3493FEFFB422
:10928000840200347F00046BA80000548400034B68
:10929000B5220091730216CBF7FFFF176300044B52
:1092A000A00240B97F0013EB7690939A8000000BE8
:1092B000E1DE42F9E20316AA2140208BE00314AA62
:1092C00060CFFF979402168B04008052F1FFFF17C6
:1092D000F603032A7F4223EBA00240B9D622939AD9
:1092E000F4FFFF17830000D0A100009063580F9196
:1092F00021F42491221D8152800000D0007C19911C
:1093000074D4FF97800000D000CC19912AD0FF9729
:109310003F040031E001005441020034FD7BBFA94D
:10932000830000D0A10000906330179121F42491B4
:1093300002198052FD030091800000D0007C199139
:1093400064D4FF97800000D000CC19911AD0FF9709
:1093500003FC40F902108052F00303AA00021FD65A
:10936000C0035FD6E30300AA020080D2C0E989529D
:1093700046FF8F125F0001EB41000054C0035FD62F
:10938000646862380020044A040180521F0071F2B0
:1093900005381F13C0109F1A84040071A500004AED
:1093A000A03C001241FFFF5442040091F2FFFF175E
:1093B000FD7BBFA9221C001203008012FD03009157
:1093C000040441F9811D805280003FD60000805284
:1093D000FD7BC1A8C0035FD6FD7BBEA9A20280525F
:1093E000FD030091F35301A9F40301AAF30300AABA
:1093F00002B405B902F040F9016842B9812AC19A64
:1094000040003FD6612A41F92000E8D23F0000EA3F
:1094100081000054605642B900000232605602B921
:10942000604643F9000200B562F640F9E10314AA70
:10943000E00313AA40003FD6F403002A62F240F989
:1094400001008012E00313AA40003FD6E00313AAF4
:1094500019FDFF97E003142AF35341A9FD7BC2A82D
:10946000C0035FD614008052F5FFFF17E20300AA85
:10947000E003012AC1000035415442B93F08087297
:10948000400000548100C036C0035FD63F04007125
:109490006C000054415442B9C101C837410C422903
:1094A0002100034B435C42B92124C31A437842B9DB
:1094B0002100030A3F00006B0B010054405442B9E5
:1094C0001F0066F2A00280122010801AEFFFFF1723
:1094D00020008052EDFFFF17A0028012EBFFFF1764
:1094E000FD7BBCA9FD030091F35301A9F30300AA7E
:1094F000F55B02A9B60A8052F71B00F97706805285
:10950000025C42B9157842B92128C29AB502010A13
:1095100001008052D6FFFF97F403002AF400F836CA
:1095200000008052F35341A9F55B42A9F71B40F9B3
:10953000FD7BC4A8C0035FD6633243F98202150BDA
:10954000E10313AAE00313AA60003FD6C0FEFF3771
:10955000609682B961DE42F9629A42B92068603849
:109560005F200071A10000541FFC0371A001005492
:1095700020008052ECFFFF17C106400A0000160AC7
:109580002100000B2000170AE10A410A0000010B2C
:10959000010C00122010400B5F00006BA8FEFF546E
:1095A00081060011E00313AAB1FFFF97F403002A1C
:1095B000DBFFFF17FD7BBEA9FD030091F35301A95B
:1095C000F30300AA000080D2F4CEFF97F403002A30
:1095D000E00314AAF1CEFF971F3C06F1C800005427
:1095E000610241F961FFFFB4E00313AA20003FD6F6
:1095F00000FFFF34E00313AA610241F9F35341A9CC
:10960000F00301AAFD7BC2A800021FD69F000071D3
:10961000601840FA40030054FD7BBDA98500020B91
:10962000FD030091F35301A9F403042AF30300AAF4
:10963000F51300F9F50303AA041C40B9031440B95B
:109640006300040BBF00036BE8010054040441F9FC
:10965000E303012A0100805280003FD6D400003489
:1096600063EE40F9E203142AE10315AAE00313AA0A
:1096700060003FD60000805204000014A002801257
:10968000C0035FD6A0028012F35341A9F51340F93D
:10969000FD7BC3A8C0035FD6FD7BB6A9FD03009187
:1096A000F35301A9F30302AAF55B02A9F60301AA89
:1096B000F76303A9F96B04A9FA0300AAFB7305A9D0
:1096C000401840F95F0800F9C00000B4400440F9B8
:1096D0002000008B410740F91F0001EB682F005468
:1096E000A002805240B705B9600240B91F0800715E
:1096F000482E005454874329E16700B9611A40F9A4
:10970000750E40F9810D00B51F040071E06740B986
:10971000612A40B91400941A9F02016B292D00544C
:10972000400740F91F0016EBC92C0054425F42B9B4
:109730002100150B0024C29AC22AC29A000002CB53
:10974000827E4093007C029B3F0000EBA82B0054DC
:1097500042F340F9416B42B9402741B9592341B91D
:10976000C12AC19AF803012AE06300B9E0031AAAEA
:10977000771E40F940003FD6405F42B95B7B42B95B
:10978000C02AC09AF603002A7B03000A0DB2FF9795
:10979000600240B91F080071C1040054432F43F90F
:1097A000E2031B2AE1031AAAE0031AAA60003FD6CB
:1097B000FC03002A8004F8379F02156BE10317AA07
:1097C00094D2951AE20313AAE0031AAA837E409367
:1097D0008BFEFF97F70300AA405742B9A00040361E
:1097E000400341F9A00200B5405382B9A4CEFF97CF
:1097F000B502146B800200545B7B42B9D60600119F
:10980000DB021B6A41FCFF5442F340F9E0031AAA51
:10981000010080121807001140003FD642F340F9C2
:10982000E103182AE0031AAA40003FD6D8FFFF1729
:10983000433343F9DBFFFF17E0031AAA5EFFFF97EC
:10984000ECFFFF1742F340F9E0031AAA010080126F
:1098500040003FD6600E40F900C035CB601200F9E1
:10986000DC00F837402741B9E16340B93F00006BA5
:10987000800100543C098012E0031AAA0EFCFF97F5
:10988000E0031C2AF35341A9F55B42A9F76343A9FE
:10989000F96B44A9FB7345A9FD7BCAA8C0035FD639
:1098A000402341B9840E80123F03006B9C109F1A25
:1098B000F2FFFF171F040071E06740B9610A40B969
:1098C0001900805242F340F90000941AE1030C2978
:1098D000E0031AAA416B42B91C008052F57300B92B
:1098E000C12AC19AE18300B940003FD6571740B959
:1098F000785243A9F7060051405F42B9F702160AB1
:10990000557B42B9FF9B00B9C02AC09AB502000A34
:109910009F0200F1E06B00B9E0079F1AE08700B9F1
:10992000402741B9E07B00B9A6B1FF97401740B985
:10993000E07F00B9E003002A1600174BE06340B94E
:10994000DF02006BD692801AE07F40B91F00166BD1
:1099500061040054405742B96004A036403F43F9C7
:10996000000400D11F0300EAE0079F1AE06F00B96E
:10997000407F42B9E16B40B91F00016B41000054C8
:10998000B41700B4E06F40B9200300345B3B43F9E7
:109990007B033491C07E4093FF7700B9E04700F924
:1099A000E07E4093E04B00F940F745B940021036A5
:1099B000600240B91F08007121050054451343F9A6
:1099C000E403152AE38740B9E2031BAAE1031AAABC
:1099D000E0031AAAA0003FD62F00001420008052F6
:1099E000E3FFFF17FF6F00B9E2FFFF17FB0318AAA1
:1099F000E9FFFF17E103152AE0031AAA04008052C9
:109A0000030080D20200805201FFFF97FC03002A6E
:109A100000FDFF3442F340F9E0031AAA010080126E
:109A200040003FD6600640F9E16340B9004021CBD9
:109A3000600A00F9B40000B4600E40F9E17340B967
:109A4000004021CB601200F99CF1FF37E09B40B948
:109A500020F1FF35FC03192A88FFFF17E07F40B98A
:109A60001F00166B60020054405742B92002603656
:109A7000140200B5471F43F9E503152AE4031BAAA6
:109A8000E303162AE203172AE1031AAAE0031AAA3B
:109A9000E0003FD6FC03002A0001F836E06F40B931
:109AA000A0FBFF3400008012407F02B9DAFFFF17ED
:109AB000451B43F9C3FFFF173F03006B3923801A8F
:109AC000E06F40B980020034405742B9A0076037C8
:109AD000940700B5402741B9E17B40B93F00006BD6
:109AE00001070054600240B91F080071A00600542D
:109AF000E06B40B9407F02B95C8302B9E28348A9B8
:109B0000413B43F9210034912100008BE00318AA66
:109B10004CCDFF97340200B4E16740B9E07340B91F
:109B20001F00016B0590811A85010034A37C4093CE
:109B3000E10314AAE20313AAE0031AAAE59F00B9FD
:109B4000AFFDFF97E59F40B9F40300AAE07340B969
:109B50000000054BE07300B9405742B9A000403601
:109B6000400341F9400300B5405382B9C4CDFF978B
:109B7000402741B9E17B40B93F00006B200300540E
:109B8000E07740B90104001140B345B93F00006BD4
:109B90004A020054422341F9C20800B4E0031AAA61
:109BA000E17700B940003FD6FC03002A40F3FF37BD
:109BB000E1834E29E17700B9402701B97BFFFF1708
:109BC00000008012407F02B9CDFFFF17E0031AAA00
:109BD00079FEFF97E7FFFF1720008052E09B00B956
:109BE00018C3368BE06340B90000164BE06300B940
:109BF000E07740B96001003440B345B91F000071FF
:109C00004D050054422341F9420500B4E0031AAA6D
:109C10000100805240003FD6FC03002AC0EFFF370E
:109C2000E06340B980EFFF34E06B40B9557B42B947
:109C300000040011E06B00B91500156A81010054A1
:109C400042F340F901008012E08340B900040011A2
:109C5000E08300B9E0031AAA40003FD6E18340B98F
:109C6000E0031AAA42F340F940003FD617008052A1
:109C70002CFFFF17413B43F9D57E4093E00318AA20
:109C8000E20315AA210034911803158B21C0378BEC
:109C9000ECCCFF97408342B9FF7700B93F03006BDC
:109CA0003923801AD0FFFF17BC0280125AFFFF171A
:109CB000DC0B801258FFFF177C418012EFFEFF176C
:109CC000BC028012EDFEFF17BC028012EDFEFF17F2
:109CD0007F000071401840FA60030054FD7BBDA96D
:109CE000FD030091F35301A9F403032A6300010B60
:109CF000F51300F9F50302AAF30300AA021440B910
:109D0000041C40B94200040B7F00026B080200549F
:109D1000040441F9E203012A03008012A1008052E9
:109D200080003FD6D400003463EE40F9E203142AE9
:109D3000E10315AAE00313AA60003FD60000805299
:109D400004000014A0028012C0035FD6A00280129B
:109D5000F35341A9F51340F9FD7BC3A8C0035FD6B7
:109D60009F000071601840FA00030054FD7BBDA9FC
:109D70008500020BFD030091F35301A9F30300AA30
:109D8000F403042AF51300F9F50303AA031C40B9F0
:109D9000BF00036BE8010054040441F9E303012A06
:109DA000010A805280003FD6D400003463EE40F9AF
:109DB000E203142AE10315AAE00313AA60003FD6C8
:109DC0000000805204000014A0028012C0035FD67D
:109DD000A0028012F35341A9F51340F9FD7BC3A8FB
:109DE000C0035FD6E30300AAE00301AAE103022A4D
:109DF00002008052641C40B903DC42F9D9FFFF170E
:109E00009F000071601840FA40030054FD7BBDA91B
:109E10008500020BFD030091F35301A9F40303AA8B
:109E2000F30300AAF51300F9F503042A031440B95B
:109E3000041C40B96300040BBF00036BE80100542D
:109E4000040441F9E303012A0110805280003FD647
:109E5000D40000B463EA40F9E203152AE10314AA2E
:109E6000E00313AA60003FD60000805204000014F3
:109E7000A0028012C0035FD6A0028012F35341A952
:109E8000F51340F9FD7BC3A8C0035FD6FD7BBEA9D7
:109E90000300801201028052FD030091F30B00F9D0
:109EA000F30300AAE203032A040441F980003FD629
:109EB000620A41F9E10313AAE00313AA40003FD666
:109EC00000000072810080120000811AF30B40F93B
:109ED000FD7BC2A8C0035FD6FD7BBAA9FD0300913C
:109EE000F35301A9F40300AAF30301AAF55B02A945
:109EF000F60304AAF503062AF76303A9F803052A63
:109F0000F96B04A9F903022AFA03032AFB7305A9D2
:109F1000FC03072A205442B960024837202043F945
:109F2000200200B442020035801640B91F00036BC6
:109F3000FB979F1A60F645B977421791C00110361A
:109F40007C030034651643F9E403152AE303182A59
:109F5000E20316AAE10313AAE00314AAA0003FD665
:109F60001D0000141B008052F3FFFF173B008052BE
:109F7000F1FFFF17E103152AE00313AA0400805242
:109F8000030080D2020080529EFFFF97A0FDFF34A5
:109F9000F35341A9F55B42A9F76343A9F96B44A9BF
:109FA000FB7345A9FD7BC6A8C0035FD6BB02003486
:109FB000672243F9E603152AE503182AE40316AAE3
:109FC000E3031A2AE203192AE10313AAE00314AAFD
:109FD000E0003FD6E0FDFF37E02640B960011037D2
:109FE000E00313AAF35341A9F55B42A9F76343A920
:109FF000F96B44A9FB7345A9FD7BC6A8A4FFFF1715
:10A00000652643F9D1FFFF1700008052E1FFFF17DB
:10A010009F000071641840FA00050054FD7BBDA943
:10A020008500020BFD030091F35301A9F403042AF8
:10A03000F30300AAF51300F9F50303AA041C40B9C1
:10A04000031440B96300040BBF00036BA803005462
:10A05000040441F9E303012A0110805280003FD635
:10A0600063EA40F9E203142AE10315AAE00313AA04
:10A0700060003FD6640641F903008012E00313AA92
:10A08000E203032A0102805280003FD6620A41F9AE
:10A09000E10313AAE00313AA40003FD600000072B8
:10A0A000810080120000811AF35341A9F51340F991
:10A0B000FD7BC3A8C0035FD6A0028012C0035FD699
:10A0C000A0028012F9FFFF17E50300AAE00301AA2E
:10A0D000E103022AA41C40B9A21440B903DC42F9EE
:10A0E000CCFFFF177F000071401840FA6003005456
:10A0F000FD7BBDA9FD030091F35301A9F403032ADD
:10A100006300010BF51300F9F50302AAF30300AA9B
:10A11000021440B9041C40B94200040B7F00026BDA
:10A1200008020054040441F9E203012A03008012EA
:10A13000A110805280003FD6D400003463EA40F979
:10A14000E203142AE10315AAE00313AA60003FD634
:10A150000000805204000014A0028012C0035FD6E9
:10A16000A0028012F35341A9F51340F9FD7BC3A867
:10A17000C0035FD6FD7BBDA9FD030091F35301A988
:10A18000F303032A7F020071F55B02A9401840FA2D
:10A19000E0020054040441F9211C0012F60302AA53
:10A1A000F40300AAE203012A030080120112805284
:10A1B000150080D280003FD6BF0213EBC1000054CF
:10A1C00000008052F35341A9F55B42A9FD7BC3A86F
:10A1D000C0035FD681DE40F9E00314AA20003FD619
:10A1E000C06A3538B5060091F4FFFF17A00280124F
:10A1F000F5FFFF17FD7BBEA903008012E203032ACF
:10A20000FD030091F35301A9F40301AAF30300AA8B
:10A21000040441F9010E805280003FD6B40000B41E
:10A2200061DE40F9E00313AA20003FD68002003926
:10A2300000008052F35341A9FD7BC2A8C0035FD642
:10A24000015442B961015037FD7BBEA9FD03009165
:10A25000E17F0091E8FFFF9780000035E07FC03983
:10A26000E003202A007C1F53FD7BC2A8C0035FD6F9
:10A2700000008052C0035FD6FD7BB8A9FD030091AA
:10A28000F35301A9F40301AAF55B02A9F76303A93B
:10A29000F96B04A9FB7305A9FB0302AA410440F969
:10A2A000430040B91A2040B9580C40F97F040071AE
:10A2B000021C40B97F0B00F95A03821A794F43A957
:10A2C00061150034F603012A018442B9F70300AA9C
:10A2D00021040051217C40933F0014EAC114005432
:10A2E000021440B9016842B903F040F9E26F00B9C5
:10A2F000812AC19AFC03012A60003FD6E00317AA15
:10A30000D0FFFF9700130035E15E42B9E37A42B90E
:10A31000E26F40B9802AC19AE06700B96000000A84
:10A32000E06B00B9E07E82B90020C19A1F0014EBF7
:10A33000EB000054610740F98102018B1F0001EB23
:10A340006200005400008012E07E02B9B30000B445
:10A35000602B40B900020035F50313AA0200001477
:10A36000150080D27F0200F1530400517302140AD9
:10A37000E0079F1AE06F00B9F41640B9930100346A
:10A3800010AFFF979402134B9F02166B94D2961A4C
:10A390001A000014610F40F92040208B1F403AEB57
:10A3A000C9FDFF54B3028012630000149F02166BB4
:10A3B000280A0054E05642B98000A03701AFFF9749
:10A3C000E40319AA1D000014E03E43F9000400D183
:10A3D0003F0300EA00008052E1079F1AE17300B9D1
:10A3E000E07B00B9F7AEFF97E17340B9A1FEFF34FF
:10A3F000E07B40B980FCFF35E21640B900008012D6
:10A40000E07E02B9E11F8052E03A43F90000349146
:10A41000F0CAFF97E33A43F9607E4093000034911D
:10A42000827E4093E10319AA6000008B05CBFF9761
:10A43000E43A43F984003491550600B41F031A6BC3
:10A44000E10315AA05939A1A02939A1AE3031BAA29
:10A45000E00317AAE57300B9E43F00F91EFBFF977C
:10A46000E57340B9F50300AAE43F40F91803054B32
:10A47000600340B9E203132AE6174D291F08007153
:10A48000EA1641F9E303142AE10317AAE7179F1A12
:10A49000E00317AA40013FD6F303002A0004003569
:10A4A000D602146BC0030054E06740B939C3348B43
:10A4B00000040011E06700B9E07A42B9E16740B9F1
:10A4C0002000006AE06B00B981F5FF54E2F240F928
:10A4D000E00317AA010080129C07001140003FD63C
:10A4E000E2F240F9E1031C2AE00317AA40003FD63C
:10A4F000A2FFFF1720008052E103002AB8FFFF17D8
:10A50000E21E40B9E11F8052E0DE42F9E43B00F96F
:10A51000B0CAFF97E43B40F9D6FFFF17600740F948
:10A52000004036CB600B00F9750000B4600F40F9B5
:10A53000601300F9E2F240F9E00317AA010080126B
:10A5400040003FD6E003132AF35341A9F55B42A92B
:10A55000F76343A9F96B44A9FB7345A9FD7BC8A820
:10A56000C0035FD693008012F3FFFF1713008052E1
:10A57000F5FFFF17B3028012F3FFFF17FD7BBEA9A3
:10A58000FD030091F30B00F9F30300AA026042B946
:10A59000035C42B9040441F94300034B02008012FA
:10A5A0002320C31A010C805280003FD6640641F973
:10A5B000E00313AA03008012011A8052E203032A67
:10A5C00080003FD6620A41F9E10313AAE00313AA0F
:10A5D00040003FD68000F8370000007281008012F2
:10A5E0000000811AF30B40F9FD7BC2A8C0035FD6BF
:10A5F000036042B9025C42B96200024B2128C21AD0
:10A60000DFFFFF17FD7BBFA903008012E11F80520F
:10A61000FD030091040441F9E203032A80003FD6C0
:10A6200000008052FD7BC1A8C0035FD65F000071AF
:10A63000241840FA40030054FD7BBDA9631C00129E
:10A64000FD030091F35301A9F30300AAF55B02A9EE
:10A6500003020034F60301AAF503022A140080D293
:10A6600061DE40F9E00313AA20003FD6C06A343807
:10A6700094060091BF02146B48FFFF540000805203
:10A68000F35341A9F55B42A9FD7BC3A8C0035FD684
:10A6900003EC40F960003FD6F9FFFF17A0028012DB
:10A6A000C0035FD6FD7BBCA9FD030091F35301A954
:10A6B000F30301AAF51300F9F50300AA200080D2E4
:10A6C000EFCAFF97E00313AA010080D2CAFEFF97EA
:10A6D00060020035000080D2B0CAFF97F403002A60
:10A6E000E00314AAADCAFF971F3C06F1C80000544E
:10A6F000610241F9C10100B4E00315AA20003FD670
:10A7000000FFFF34E1FF0091E00313AA2300805211
:10A7100022008052C6FFFF97C0010034F35341A9C5
:10A72000F51340F9FD7BC4A8C0035FD6E1FF00919B
:10A73000E00313AA2300805222008052BCFFFF973F
:10A74000E0FEFF35E0FF4039C0FC3736EEFFFF1773
:10A75000E0FF403920013037830000B0810000F075
:10A76000800000F063D0169121F4249100A02D9177
:10A770002275805257CFFF97E0FF4039E8FFFF175F
:10A78000FD7BB9A904008052030080D2FD03009133
:10A79000F96B04A9F903022A22A01791F35301A926
:10A7A000F30301AAF55B02A9F76303A9F80300AA62
:10A7B000FB7305A95CD47E29141C40B9E00301AAEF
:10A7C0005BE84029E2031C2A37DC42F9E103192A3D
:10A7D0008FFBFF97F603002A40040035B5021B0BE0
:10A7E00000008052B5021A0B1A008052BB021C0BEB
:10A7F00061DA45B93F001A6BCC0100549F02007129
:10A800000D030054E203142AE10317AAE00313AA7C
:10A8100003008052F35341A9F55B42A9F76343A9B2
:10A82000F96B44A9FB7345A9FD7BC7A880FFFF17FF
:10A83000800200359F02156BE10317AA82D2951A98
:10A84000E00313AA03008052E26F00B978FFFF977C
:10A850009C031B0BE26F40B980030034F603002A0F
:10A86000E003162AF35341A9F55B42A9F76343A914
:10A87000F96B44A9FB7345A9FD7BC7A8C0035FD64C
:10A88000001740B91F00087129010054E1031C2A78
:10A89000E00313AA0400805203008052020080D219
:10A8A0000CFDFF9780FCFF34EDFFFF17E2031C2A2D
:10A8B000E103192AE00313AA04008052030080D2A6
:10A8C00053FBFF97F8FFFF17F7C2228B9402024B4E
:10A8D0005A07001120008052C6FFFF17FD7BBAA95E
:10A8E000FD030091F35301A9F40300AAF30302AAA4
:10A8F000F55B02A9F76303A9F96B04A9FA0301AA9E
:10A90000FB2B00F936DC45B937E045B935D845B9F8
:10A910003BDC42F9D87E4093F97E4093BF02007140
:10A920000C02005440DF42F9821E40B9600300CBA4
:10A930004200006BA0050054E1031BAAE0031AAA21
:10A94000F35341A903008052F55B42A9F76343A981
:10A95000F96B44A9FB2B40F9FD7BC6A834FFFF1718
:10A96000E203162AE10313AAE0031AAA03008052A5
:10A970002FFFFF97C003003542EF45B97302188BD4
:10A9800002010034E1031BAAE0031AAA030080526B
:10A9900027FFFF97C002003540EF85B97B03008B8E
:10A9A000E203172AE1031BAAE0031AAA030080525C
:10A9B0001FFFFF97C001003542F345B97B03198B98
:10A9C00002010034E1031BAAE0031AAA030080522B
:10A9D00017FFFF97C000003540F385B97B03008B5C
:10A9E000B5060051CEFFFF1700008052F35341A976
:10A9F000F55B42A9F76343A9F96B44A9FB2B40F926
:10AA0000FD7BC6A8C0035FD6FD7BB8A9FD030091FE
:10AA1000F35301A9F30300AAF40303AAF55B02A907
:10AA2000F50301AAF60304AAF76303A9F70302AA30
:10AA300018328052610241F9410300B4E00313AAC5
:10AA400020003FD6E003003460E242F9020880D2E1
:10AA500001008052130000F9E000805260B605B991
:10AA6000E063228B5BC9FF97FF4300B9E2030191CA
:10AA7000E10315AAE00313AAF72700F9F63B00F952
:10AA8000FEFDFF97E12B40F9F55B42A9F76343A96F
:10AA9000810200F9F35341A9FD7BC8A8C0035FD62A
:10AAA000E1030191E00313AA2300805222008052A7
:10AAB000DFFEFF97A0FCFF35E003413960FC37372C
:10AAC000007D80D2EEC9FF971807007141FBFF544B
:10AAD000DEFFFF17FD7BBDA9FD030091F35301A924
:10AAE000F40300AA000080D2ACC9FF97F303002A48
:10AAF000E00313AAA9C9FF971FE403F189000054DA
:10AB0000F35341A9FD7BC3A8C0035FD6E1BF009109
:10AB1000E00314AA2300805222008052C4FEFF9753
:10AB200000FFFF35E0BF4039C0FE373725ADFF9746
:10AB3000F0FFFF17FD7BBDA9FD030091F35301A9B1
:10AB4000F30300AAF403012AF55B02A9F503022A24
:10AB5000F603032A3F00027181090054001440B932
:10AB60001F00026B480800545500004B010A805238
:10AB700063FE40F962108052E00313AA60003FD6E2
:10AB80006200805263FE40F9E103142AE00313AA35
:10AB900060003FD6BF06003160080054605642B9DD
:10ABA000C00008369FB2037180000054280700548B
:10ABB0009F4202714107005463FE40F9A210805287
:10ABC000E103152AE00313AA60003FD6A2008052D9
:10ABD00063FE40F9DF06003100020054E103162A4B
:10ABE000E00313AA60003FD663FE40F9E00313AA16
:10ABF000C17E0813A200805260003FD6605642B961
:10AC0000C000703663FE40F9C17E1013E00313AA42
:10AC1000A200805260003FD663FE40F9E00313AA11
:10AC2000221080520100801260003FD69FFE037107
:10AC300060050054E80000549F42027188040054EB
:10AC40009F7E0171480300549F42007180030054AD
:10AC5000600241F9A00600B5605282B9F35341A9E0
:10AC6000F55B42A9FD7BC3A885C9FF175FFC037193
:10AC70008D0000545500045121008052BDFFFF1784
:10AC800001008052BBFFFF1762108052BEFFFF170A
:10AC900080BA03511F04007109F9FF54B57E0113F6
:10ACA000C6FFFF17A2108052CAFFFF1794820151FE
:10ACB000E08300B20024D49AC0FC0736F35341A9C4
:10ACC000F55B42A9FD7BC3A8C0035FD69F42037119
:10ACD00060FFFF549FBE0371DDFFFF17600241F963
:10ACE000400200B5605282B965C9FF9763FE40F922
:10ACF000E00313AA62108052010E805260003FD61A
:10AD000063FE40F9E00313AA221080520100801272
:10AD100060003FD6E00313AAF35341A9F55B42A9B3
:10AD2000FD7BC3A86CFFFF17200080D254C9FF979A
:10AD3000E00313AAF35341A9F55B42A9FD7BC3A825
:10AD40001DFAFF17FD7BBDA9FD030091F35301A977
:10AD5000F30300AAF55B02A9F503022AF603032A0E
:10AD60003F40017141080054001440B91400805262
:10AD70005500000B63FE40F9E00313AAE103142A17
:10AD80006210805260003FD6A002160A1F040031F4
:10AD9000E0040054BF06003180070054605642B9F9
:10ADA000C00008369FB2037180000054480600546A
:10ADB0009F4202716106005463FE40F9E103152AC7
:10ADC000E00313AAA210805260003FD663FE40F950
:10ADD000A2008052A17E0813E00313AA60003FD6B0
:10ADE000A200805263FE40F9DF06003100020054E9
:10ADF000E103162AE00313AA60003FD663FE40F980
:10AE0000E00313AAC17E0813A200805260003FD65F
:10AE1000605642B9C000703663FE40F9C17E10131F
:10AE2000E00313AAA200805260003FD663FE40F9FF
:10AE3000E00313AA221080520100801260003FD666
:10AE40009F160071E0070054680300547409003431
:10AE5000600241F9800A00B5605282B9F35341A9FA
:10AE6000F55B42A9FD7BC3A805C9FF17F403012ABE
:10AE7000C1FFFF1780BA03511F040071E9F9FF54A5
:10AE8000B57E0113CDFFFF17A2108052D6FFFF172A
:10AE900094820151E08300B22004C0F20024D49ACD
:10AEA00080FD0736F35341A9F55B42A9FD7BC3A89A
:10AEB000C0035FD69FFE0371E0010054A8FCFF545D
:10AEC0009F420271080100549F7E017128FEFF54C9
:10AED0009F42007180FEFF549F56007140FEFF5458
:10AEE000DCFFFF179F420371E0FDFF549FBE03711B
:10AEF000FBFFFF17600241F9600500B5605282B99F
:10AF0000DFC8FF9763FE40F9E00313AA6210805286
:10AF1000010E805260003FD663FE40F9E00313AAA1
:10AF2000221080520100801260003FD6E00313AA75
:10AF3000F35341A9F55B42A9FD7BC3A8E6FEFF17C9
:10AF400063FE40F9E00313AA62108052011C805294
:10AF500060003FD6E00313AA22108052F55B42A99D
:10AF60000100801263FE40F9F35341A9F00303AAE4
:10AF7000FD7BC3A800021FD663FE40F9E00313AABD
:10AF8000621080520106805260003FD663FE40F995
:10AF9000E00313AA221080520100801260003FD605
:10AFA000ACFFFF17200080D2B5C8FF97E00313AABB
:10AFB000F35341A9F55B42A9FD7BC3A87EF9FF17B6
:10AFC000FD7BBDA9FD030091F35301A9F30301AA81
:10AFD000E10302AAF51300F9F40300AAF503032A1A
:10AFE00003008052021440B9E00313AA90FDFF97BA
:10AFF0004001003535010034821E40B9E00313AA38
:10B00000F51340F90300805261DE42F9F35341A980
:10B01000FD7BC3A886FDFF17F35341A9F51340F943
:10B02000FD7BC3A8C0035FD65F000071241840FAFF
:10B0300040030054FD7BBDA9631C0012FD03009179
:10B04000F35301A9F30300AAF55B02A9030200343C
:10B05000F60301AAF503022A140080D2C16A7438EB
:10B06000E00313AA62E640F99406009140003FD63F
:10B07000BF02146B48FFFF5400008052F35341A9F4
:10B08000F55B42A9FD7BC3A8C0035FD603E840F986
:10B0900060003FD6F9FFFF17A0028012C0035FD601
:10B0A000FD7BB8A9FD030091F96B04A9FA0301AA7D
:10B0B00043A31791F35301A9E103022AF55B02A907
:10B0C000F60300AAF76303A9FB7305A91B1C40B98B
:10B0D00074CC7E296088402957DB45B91300130BD7
:10B0E0000000022A7302020B55DF42F940030035CB
:10B0F0006002140B027C171B17008052E0031AAA8F
:10B1000004008052030080D23EFBFF97E007003529
:10B11000F903142A6102140B180080529C0080521B
:10B12000E16700B91F03176BAB0100547F03007187
:10B13000AC070054E0031AAAF35341A9F55B42A9F6
:10B14000F76343A9F96B44A9FB7345A9FD7BC8A824
:10B150004FFBFF17E203142AE9FFFF172001003419
:10B16000C01640B91F00087128040054E403142AD3
:10B1700000008012E07F00B99F0000712C02005493
:10B180007F03136BE10315AA62D3931AE0031AAA93
:10B1900003008052E26B00B9A4FFFF97E16740B95A
:10B1A0003903010B20030035E26B40B91807001189
:10B1B000200080527B03024BB5C2228BDAFFFF17BF
:10B1C0009F100071E1F3019182D09C1AE0031AAA4A
:10B1D00003008052E2130D2994FFFF9760010035B0
:10B1E000E2134D298400024BE4FFFF17E103192A03
:10B1F000E0031AAA0400805203008052020080D2A9
:10B20000B9FBFF97E0FBFF34F35341A9F55B42A97B
:10B21000F76343A9F96B44A9FB7345A9FD7BC8A853
:10B22000C0035FD6E2031B2AE10315AAE0031AAAB2
:10B23000030080527DFFFF97E0F7FF34F3FFFF1715
:10B24000FD7BBAA9FD030091F35301A9F40300AA01
:10B25000F30302AAF55B02A9F76303A9F96B04A93A
:10B26000FA0301AAFB2B00F936DC45B937E045B9F2
:10B2700035D845B93BDC42F9D87E4093F97E4093FE
:10B28000BF0200710C02005440DF42F9821E40B937
:10B29000600300CB4200006BA0050054E1031BAA31
:10B2A000E0031AAAF35341A903008052F55B42A9B7
:10B2B000F76343A9F96B44A9FB2B40F9FD7BC6A8B2
:10B2C0005AFFFF17E203162AE10313AAE0031AAAA2
:10B2D0000300805255FFFF97C003003542EF45B988
:10B2E0007302188B02010034E1031BAAE0031AAABF
:10B2F000030080524DFFFF97C002003540EF85B933
:10B300007B03008BE203172AE1031BAAE0031AAABE
:10B310000300805245FFFF97C001003542F345B955
:10B320007B03198B02010034E1031BAAE0031AAA74
:10B33000030080523DFFFF97C000003540F385B900
:10B340007B03008BB5060051CEFFFF170000805233
:10B35000F35341A9F55B42A9F76343A9F96B44A9EB
:10B36000FB2B40F9FD7BC6A8C0035FD6FD7BBAA9C5
:10B37000FD030091F35301A9F30301AAF40302AA08
:10B38000F55B02A9F50300AAF76303A9F96B04A909
:10B39000FB2B00F937DC45B938E045B936D845B95B
:10B3A0003BDC42F9197F4093FA7E40931602003548
:10B3B00060DE42F9A21E40B9600300CB4200006B80
:10B3C000C0060054E1031BAAE00313AAF35341A9EA
:10B3D00003008052F55B42A9F76343A9F96B44A9C6
:10B3E000FB2B40F9FD7BC6A810FFFF17620643F94F
:10B3F000E00315AA2100805240003FD6E203172A3D
:10B40000E10314AAE00313AA0300805207FFFF9789
:10B410006004003562EE45B902010034E1031BAA65
:10B42000E00313AA0300805200FFFF97800300355A
:10B4300060EE85B97B03008B630A43F9E2031BAA24
:10B44000E10314AAE00315AA60003FD6E203182A1C
:10B45000E1031BAAE00313AA03008052F3FEFF9747
:10B46000E001003562F245B97B03198B020100341B
:10B47000E1031BAAE00313AA03008052EBFEFF972F
:10B48000E000003560F285B97B03008BD6060051E1
:10B4900094021A8BC6FFFF1700008052F35341A994
:10B4A000F55B42A9F76343A9F96B44A9FB2B40F96B
:10B4B000FD7BC6A8C0035FD6FD7BB7A9630400511E
:10B4C000FD030091F35301A9F30300AAF40304AAB6
:10B4D000F55B02A916008052F76303A9F96B04A972
:10B4E000FB7305A9FC0301AA38DC45B920D845B98E
:10B4F000E07B00B920FC42F9E03B00F94008D81A93
:10B500006200020B751E40B93BE085B93ADC42F996
:10B51000E07F00B94008D81AE58700B9373843F909
:10B52000E08300B9E07B40B9B50AC01A007F4093C0
:10B53000E04700F9B57E4093E07B40B9DF02006B45
:10B540006B020054E13B40F9000080D2843B43F998
:10B550002210009183E745B981DF42F97F00006B3B
:10B560002C070054621E40B9E0031CAAF35341A902
:10B5700003008052F55B42A9F76343A9F96B44A924
:10B58000FB7345A9FD7BC9A8A8FEFF17820743F9F5
:10B59000E00313AA2100805240003FD6E203182A9C
:10B5A000E10314AAE0031CAA030080529FFEFF9748
:10B5B00040050035E07F40B91F00166BE0979F1AE9
:10B5C000E06F00B9E08340B91F00166BE06F40B92F
:10B5D000F9279F1A1900192AB9020034E2031BAA9D
:10B5E000E00317AAE11F80527AC6FF97E08740B9AF
:10B5F0001F000071E06F40B90018407A410000540C
:10B60000B9000034E20315AAE0031AAAE11F805230
:10B6100070C6FF97E04740F9F7021B8B5A03158B62
:10B62000D60600119402008BC4FFFF17830B43F969
:10B63000E20317AAE10314AAE00313AA60003FD6AD
:10B64000EBFFFF17437860B885686038000400910D
:10B6500025682338C0FFFF17F35341A9F55B42A9C2
:10B66000F76343A9F96B44A9FB7345A9FD7BC9A8FE
:10B67000C0035FD6FD7BBAA9FD030091F35301A976
:10B68000F30301AAF40302AAF55B02A9F50300AAD9
:10B69000F76303A9F96B04A9FB7305A93ADC45B963
:10B6A000393843F93BE085B95C7F409337D845B9D9
:10B6B000F80319AA36FC42F937020035D612009178
:10B6C000000080D262E645B961DE42F95F00006B9E
:10B6D000CC030054A21E40B9E00313AAF35341A9BE
:10B6E00003008052F55B42A9F76343A9F96B44A9B3
:10B6F000FB7345A9FD7BC6A84CFEFF17620643F904
:10B70000E00315AA2100805240003FD6E2031A2A26
:10B71000E10314AAE00313AA0300805243FEFF973B
:10B72000E0010035630A43F9E20318AAE10314AA11
:10B73000E00315AAF706005194021C8B18031B8B1B
:10B7400060003FD6DDFFFF17C27A60B8236B603818
:10B750000004009123682238DBFFFF17F35341A94F
:10B76000F55B42A9F76343A9F96B44A9FB7345A9AB
:10B77000FD7BC6A8C0035FD6FD7BBDA9FD0300917C
:10B78000F35301A9F30301AAE10302AAF51300F997
:10B79000F40300AAF503032A03008052021440B9FF
:10B7A000E00313AA21FEFF97400100353501003464
:10B7B000821E40B9E00313AAF51340F9030080523A
:10B7C00061DE42F9F35341A9FD7BC3A817FEFF17C1
:10B7D000F35341A9F51340F9FD7BC3A8C0035FD61D
:10B7E000FD7BBDA9FD030091F35301A9F30300AA5A
:10B7F000F51300F9F503012A002441F9200200B4F1
:10B80000200A0094E20300AA632641F9E103152A05
:10B81000E00313AA60003FD6F403002A200100349D
:10B82000800000D0009C28912ACBFF97E003142AC7
:10B83000F35341A9F51340F9FD7BC3A8C0035FD6BC
:10B8400062F240F9E103152AE00313AA40003FD653
:10B85000E00313AA6CFBFF9762F240F9F403002A9D
:10B8600001008012E00313AA40003FD614FEFF350A
:10B8700062F240F9E103152AE00313AA40003FD623
:10B88000E103152AE00313AA5BF4FF97F403002AEF
:10B8900062F240F9E00313AA0100801240003FD693
:10B8A000E3FFFF17FD7BBDA9FD030091F55B02A936
:10B8B000F50302AAF35301A9F40301AAA30240B9B4
:10B8C000028443297F040071A32A40B92100821A0F
:10B8D000A20E40F94240238B5FC021EB8808005440
:10B8E0007F00016B42080054247C4093F30300AABC
:10B8F000010440F93F0014EBA9070054035C42B96E
:10B900002124C39A832AC39A210003CB217C049B60
:10B910005F0001EBC8060054166842B9962AD69A11
:10B92000E103162AAFFFFF9762F240F9E00313AA82
:10B93000E103162A40003FD6605E42B9942AC09ABD
:10B94000E00313AA3FFAFF976001003462F240F966
:10B95000E00313AA01008012B403801240003FD616
:10B96000E003142AF35341A9F55B42A9FD7BC3A868
:10B97000C0035FD6607E42B91F00146B61000054A3
:10B9800000008012607E02B9A20E40F9E30315AAFE
:10B99000A11E40F9E00313AACFF5FF97A00240B91A
:10B9A000627A42B91F080071E1010054632A43F929
:10B9B0004200140AE10313AAE00313AA60003FD671
:10B9C000F403002A62F240F9E00313AA0100801296
:10B9D00040003FD674FCFF35A00E40F9A01200F9DC
:10B9E000E0FFFF17633643F9F2FFFF17B40280123E
:10B9F000DCFFFF17FD7BB8A9020880D2FD03009190
:10BA0000F35301A9F30300AAF40301AAE063228B14
:10BA100001008052F55B02A9FF7300796DC5FF97A5
:10BA2000E0E30091615642B9E03F00F9609642B907
:10BA3000E06B00B9E103083600781F12E06B00B933
:10BA4000400080D2E02700F9E02F00F9605A42B9A7
:10BA5000FF4300B980008036600642290000014B98
:10BA60009402008B5600805215008052E10314AA04
:10BA7000E2030191E00313AA8BFFFF97BF0200715D
:10BA8000B512801A601640B99402008B605A42B910
:10BA900060007836DF06007101010054E003152ACA
:10BAA000F35341A9F55B42A9FD7BC8A8C0035FD64B
:10BAB000200080D2E4FFFF1736008052ECFFFF1712
:10BAC000FD7BBEA9FD030091F35301A9F40300AA75
:10BAD000401840F95F0800F9C00000B4400440F984
:10BAE000830640F92000008B1F0003EBC8020054BE
:10BAF000E000805280B605B9400040B91F080071CF
:10BB0000E8010054401840F9400100B5E00314AAD0
:10BB100065FFFF97F303002AE00314AA66F3FF977B
:10BB2000E003132AF35341A9FD7BC2A8C0035FD6EB
:10BB3000E00314AAD1F9FF97F7FFFF1773418012B2
:10BB4000F6FFFF17B3028012F6FFFF17FD7BBBA9BC
:10BB5000EA0300AAEB03012AFD030091F35301A9B4
:10BB6000F55B02A9F60304AAF76303A9F80302AA86
:10BB7000F703052AE203062AF92300F9F903032A49
:10BB8000FAF4FF97F303002AC003F8374200004B92
:10BB9000E103192AE00318AAF4F4FF97F403002A3A
:10BBA000E003F8374200004BE103172AE00316AA2E
:10BBB000EEF4FF97F503002A6003F837B300003472
:10BBC000627D4093E0030AAAE11F805201C5FF97FE
:10BBD000B4000034227F4093E00318AAE11F805292
:10BBE000FCC4FF97B5000034E27E4093E00316AA40
:10BBF000E11F8052F7C4FF977402140B9302150BD8
:10BC0000E003132AF35341A9F55B42A9F76343A963
:10BC1000F92340F9FD7BC5A8C0035FD6F303002AD2
:10BC2000F8FFFF17F303002AF6FFFF17FD7BB8A903
:10BC3000FD030091F35301A9F40302AA22A0179176
:10BC4000F55B02A9F30301AA16008052F76303A96A
:10BC5000F96B04A9FB7305A9FB0300AA59E07E292F
:10BC60005580402937D845B93C7F40931503150BC3
:10BC7000B502000B007F40933ADC42F9E03700F94F
:10BC8000A07E4093E03B00F9D701003560DE42F929
:10BC9000621F40B9400300CB4200006BA10A005470
:10BCA000E003162AF35341A9F55B42A9F76343A9C0
:10BCB000F96B44A9FB7345A9FD7BC8A8C0035FD6F7
:10BCC000620643F9E0031BAA0100805240003FD600
:10BCD000E203192AE10314AAE00313AA0300805225
:10BCE00053FAFF9700FEFF3562EE45B902010034BA
:10BCF000E1031AAAE00313AA030080524CFAFF974B
:10BD000020FDFF3560EE85B95A03008B620643F9CA
:10BD1000E0031BAA4100805240003FD6E203182AEC
:10BD2000E1031AAAE00313AA0300805240FAFF9726
:10BD3000A0FBFF35640E43F9E2031AAAE10314AA3B
:10BD4000E0031BAA030080D280003FD6E403002A50
:10BD500062F245B9E03740F95A03008B42010034E2
:10BD6000E1031AAAE00313AA03008052E47F00B99A
:10BD70002FFAFF9780F9FF3560F285B9E47F40B96B
:10BD80005A03008B9F2801316102005460F645B9C7
:10BD9000E0000037602741B900040011602701B9B5
:10BDA000F706005194021C8BB8FFFF1761DE45B9FE
:10BDB000040080D266EA45B9E303152AE03B40F966
:10BDC00005008052420300CBE00314AA60FFFF97F6
:10BDD000E403002A04FEFF37602341B9DF02046B4D
:10BDE000D622841A0000040B602301B9EDFFFF176F
:10BDF000E1031AAAE00313AA030080520CFAFF978A
:10BE000000F5FF34A8FFFF17FD7BB9A9FD030091E2
:10BE1000F35301A9F30301AAF55B02A9F76303A990
:10BE2000F80304AAF96B04A9FB7305A9FC0300AA93
:10BE300034DC45B9355442B937E045B939FC42F9EB
:10BE4000610400512100020BB50641D35B08D41AEE
:10BE5000B50600112108D41A21001B4B3A04001129
:10BE60003650141B947E1B1BD4000034640641F929
:10BE7000E203142A03008012A100805280003FD602
:10BE800014C3348BE203162AE10314AAE00313AAB5
:10BE900003008052E6F9FF97F603002A800500357B
:10BEA000F87E1A1BE10314AA030080527F00186B6E
:10BEB000CB050054F77E1B1B24130091050700518E
:10BEC0000000805239CB378BE37E7E93E10319AAC1
:10BED000BF00006B6C060054816863B8E003154B2B
:10BEE000B50600510000010A3F00156A61E245B93C
:10BEF0000307981A62DE42F95A5F011B42C0208B89
:10BF000081D87AB804008052BF02016A811740B913
:10BF10006304831A0100010BE00313AA6DF7FF9776
:10BF200060010035000080D2E103002A0004009186
:10BF3000020400511F03026B2C04005415008052B0
:10BF4000DF02186BAB040054E003152AF35341A938
:10BF5000F55B42A9F76343A9F96B44A9FB7345A9B3
:10BF6000FD7BC7A8C0035FD6640A43F9E0031CAA9F
:10BF7000623A43F9E13300F9E36F00B942C0238B21
:10BF800080003FD660E245B9E36F40B9E13340F944
:10BF90006300000B60DE85B92100008BC4FFFF1732
:10BFA000224C40B842040011260440B95F00066BE1
:10BFB000E105005400040011C6FFFF17633A43F97E
:10BFC000227B60B864DE42F961C0218B82686238EE
:10BFD00022001A39D5FFFF17640E43F9C37E409340
:10BFE000623A43F977001A91E10314AAE0031CAA0C
:10BFF0004300038B4200178B80003FD61F2801317E
:10C000008102005460F645B920010037802741B90C
:10C0100000040011802701B960E245B9D602000B87
:10C0200060DE85B99402008BC6FFFF1761DE45B95B
:10C03000E00314AA63E245B90500805266EA45B9F7
:10C04000040080D2623A43F94200178BC0FEFF978A
:10C05000E0FDFF37812341B9BF02006BB522801A92
:10C060002100000B812301B9ECFFFF17811740B9B4
:10C0700004008052831F40B962DE42F9A7FFFF1718
:10C08000FD7BB9A9FD030091F35301A9F30301AAB4
:10C09000F55B02A9F60302AAF76303A9F96B04A9E9
:10C0A000FB7305A9FB0300AAFC0302AA38E045B90B
:10C0B000353843F937DC45B9197F40933AD845B94B
:10C0C000F40315AA20FC42F9E03300F9E07E409326
:10C0D000E03700F95A030035621F40B9E00313AAA4
:10C0E00061DE42F90300805251F9FF97A00100354B
:10C0F000E13340F9B5021A91000080D2341000916A
:10C1000061E645B93F00006B2C0400547CDA45B968
:10C11000FA7E4093140080527C040035E003142A18
:10C12000F35341A9F55B42A9F76343A9F96B44A90D
:10C13000FB7345A9FD7BC7A8C0035FD6620643F920
:10C14000E0031BAA0100805240003FD6E203172AF9
:10C15000E1031CAAE00313AA0300805234F9FF97FD
:10C1600000FEFF35630A43F9E20314AAE1031CAAA7
:10C17000E0031BAA5A0700519402198B60003FD6B6
:10C18000E03740F99C03008BD3FFFF17817A60B83A
:10C1900062DE42F941686138A16A203800040091EA
:10C1A000D8FFFF17640E43F9A3021AD1E20315AAC0
:10C1B000E10316AAE0031BAA80003FD61F28013125
:10C1C0004102005460F645B900010037602741B9CB
:10C1D00000040011602701B99C070051D6021A8B98
:10C1E000B502198BCDFFFF1766EA45B9E303182A9C
:10C1F000E20315AAE103172AE00316AA05008052FC
:10C20000040080D252FEFF9720FEFF37612341B920
:10C210009F02006B9422801A2100000B612301B958
:10C22000EEFFFF17FD7BB9A9FD030091F35301A9B0
:10C23000F30301AAF40302AAF55B02A902008052EB
:10C24000F76303A9F96B04A9FA03042AFB7305A990
:10C25000FC0300AA041C40B9E00301AA23DC42F954
:10C2600037D845B938DC45B939E045B936FC42F92B
:10C27000353843F9E1031A2ABAF6FF976002003510
:10C28000E1031A2AE00313AA04008052030080D2BB
:10C2900002008052DEF4FF9780010035D612009133
:10C2A000A2021A91000080D261E645B93F00006BFE
:10C2B000AC0100543A7F40931B7F4093160080529C
:10C2C000F7010035E003162AF35341A9F55B42A9B3
:10C2D000F76343A9F96B44A9FB7345A9FD7BC7A884
:10C2E000C0035FD6C17A60B863DE42F96168613825
:10C2F0004168203800040091ECFFFF17620643F903
:10C30000E0031CAA0100805240003FD6E203182A35
:10C31000E10314AAE00313AA03008052C4F8FF97B4
:10C3200040FDFF35630A43F9E20315AAE10314AAAD
:10C33000E0031CAA60003FD6640E43F9A2021A91E2
:10C34000E10314AAE0031CAA030080D2E23700F93B
:10C3500080003FD61F280131E23740F92102005406
:10C3600060F645B900010037802741B9000400118B
:10C37000802701B9F706005194021B8BB5021A8B76
:10C38000D0FFFF1766EA45B9E303192AE103182A2B
:10C39000E00314AA05008052040080D2ECFDFF9750
:10C3A00040FEFF37812341B9DF02006BD622801A9D
:10C3B0002100000B812301B9EFFFFF17FD7BBAA914
:10C3C000FD030091F35301A9F40301AAF55B02A94F
:10C3D000F76303A918008092F96B04A9FB7305A900
:10C3E000248C40A9A1028012166042B90223D69A79
:10C3F0009F0022EA35109F1A7F0022EAA10D005407
:10C40000950D00358100805201B405B9016842B92B
:10C41000F30300AA950640F902F040F9A126C19A5B
:10C42000175C42B9F903012A40003FD6E00313AA82
:10C4300084F7FF97800000340002805280020139A7
:10C4400024000014D602174BB526D79A3700805225
:10C4500040008052F722D61A3A00E8D2960A40F9F4
:10C460003B0080D280020139760000B50001805285
:10C47000F3FFFF17D3A6FF97805240B9E0040035C1
:10C48000602A41F9615E42B91F001AEA8100005436
:10C49000605642B900000232605602B9604643F964
:10C4A000C00300B562F640F9BC7E4093E00313AAD6
:10C4B0008123C19A40003FD600030034000280521D
:10C4C00080020139605E42B99C23C09A9C0E00F93B
:10C4D000800241390100801262F240F91F20007190
:10C4E00095008012E00313AAF503951A40003FD689
:10C4F000E00313AAF0F0FF97E003152AF35341A9D4
:10C50000F55B42A9F76343A9F96B44A9FB7345A9FD
:10C51000FD7BC6A8C0035FD6607E42B91F00156BC5
:10C52000AB000054A102170B1F00016B4A0000541E
:10C53000787E02B9620E41F9E00313AA617A42B92A
:10C54000A102010A40003FD60001003600028052DD
:10C5500080020139B57E4093605E42B9B522C09A2F
:10C56000950E00F9DBFFFF17606242B9B502170BA9
:10C570006023C09AD60200EBA0F7FF54607A42B95C
:10C58000BF02006A21F7FF5462F240F9E00313AAE8
:10C59000010080123907001140003FD662F240F9D5
:10C5A000E103192AE00313AA40003FD6AFFFFF17AB
:10C5B000F503012AD1FFFF17FD7BB8A9FD03009108
:10C5C000F35301A9F40300AAF30301AA83F3FF972D
:10C5D000E00000341F00007113D09F1AE003132AFB
:10C5E000F35341A9FD7BC8A8C0035FD6805A42B966
:10C5F000C0009836802A41B913008052000400110F
:10C60000802A01B9F6FFFF17020B80D20100805289
:10C61000E0A300916FC2FF97816242B9200080D2EF
:10C6200002008052F4CF02A90020C19AE1A3009138
:10C63000E01F00F9E00314AA61FFFF9782FA40F9B6
:10C64000E10313AAE000805280B605B9E00314AA02
:10C6500040003FD6F303002AE00314AA96F0FF97A8
:10C66000B3FCFF34DEFFFF170200805254FFFF17B8
:10C6700001484639034C4639210C42D3620400126A
:10C680002104001101200A3901808052640842D33C
:10C690002120C21A02018052011400B9217C0953E1
:10C6A0004220C41A417C011B621444D3011C00B90E
:10C6B0002100A0522120C21A011000B98300303697
:10C6C000015442B921001F32015402B9C0035FD6A0
:10C6D000FD7BBAA9FD030091F35301A9F30300AA5E
:10C6E000F40303AAF55B02A9F76303A9F70301AA00
:10C6F000F80302AA01008052F92300F939FCFF97E0
:10C70000F603002AA003003562F240F9E00313AA01
:10C71000010080527542069140003FD6E20315AAFF
:10C72000E00313AA430080520100805292F6FF9763
:10C73000F603002A2002003560424639E20315AABA
:10C74000E00200B903018052010080526046463980
:10C75000000300B9E00313AA87F6FF97F603002A47
:10C76000C000003561424639E00240B93F00006B2D
:10C770002001005456028012E003162AF35341A907
:10C78000F55B42A9F76343A9F92340F9FD7BC6A8ED
:10C79000C0035FD661464639000340B93F00006BD5
:10C7A000A1FEFF54E00080D2A16A6038E403002AB1
:10C7B00081030035000400D11F0400B161FFFF5464
:10C7C00003008052639A01B9A10000D021C02291D8
:10C7D000020080D2E5024039040380D2437C049BEE
:10C7E000E003022A236863B823030035000080D2E7
:10C7F0001C0000144200008BA76A6138A6686238EA
:10C80000FF00066B80010054000400911F2000F11E
:10C81000A10000549F1C00710304841AEAFFFF1753
:10C82000200080D2E303002AA50200CB010080D2C1
:10C830000200018B5F1C0071EDFDFF54210400918B
:10C840001F00016B6CFFFF54DFFFFF1742040091D4
:10C850007F00056B41FCFF54007C249B0000018B92
:10C86000605E03F9740000B5B40000B094C220917A
:10C87000605642B917001F1200781E12605602B9A6
:10C88000800240F9E00F00B482424079220F003468
:10C89000423C4092E10315AA8022009182C1FF9799
:10C8A0006000003494C20091F6FFFF17801240B977
:10C8B000601600B9801A40B9601200B9804640790C
:10C8C000601E00B9604A4639000C42D300040011D2
:10C8D00060220A39801640B900AC6CD3603A01F985
:10C8E000605642B9811E40B90000012A605602B963
:10C8F000804A407960160579804E4079601A057942
:10C90000802A40B9609202B9601E40F9600000B50B
:10C91000800240F9601E00F9615642B920001F12E2
:10C92000E136983620010034630000F0810000B049
:10C93000800000B0635C129121F4249100A02D913D
:10C9400082258252E3C6FF97605642B9E103172A57
:10C950000000172A605602B9E00313AA1AF1FF97E4
:10C96000631640B97F00087128350054605642B9FB
:10C970001F007FF2A0008052E013801A609602B977
:10C980006000C05A7F0000710010C05A613A41F93E
:10C99000E007801A02040051625E02B92024C29AA4
:10C9A00000040051607A02B9601240B91F000071A2
:10C9B0000000C05A0010C05AE007801A000400515D
:10C9C000606202B9606602B9613200343F000071F2
:10C9D0002100C05A2110C05AE107811A21040051D8
:10C9E000616A02B92100024B3F4000718D00005482
:10C9F000605642B900001232605602B900018052FE
:10CA0000609A02B9E0FFFFD000C01791600E01F9F3
:10CA10007F00087129010054610641F9E0FFFFD051
:10CA200000D02C913F0000EB81000054E0FFFFD0CC
:10CA300000103591600601F9605E43F9E0E9FFB44A
:10CA4000000840F9A0E9FFB4010440F961E9FFB42E
:10CA5000E00313AAF00301AAF35341A9F55B42A92D
:10CA6000F76343A9F92340F9FD7BC6A800021FD64E
:10CA700080264039010340B93F00006B41F1FF546B
:10CA80007F9E02B9800240F9600000B4801240B974
:10CA900040260035E2630191E00313AA830080522F
:10CAA00001048052B4F5FF97C00E0035810000B03C
:10CAB000E063019121101F91820080D2FAC0FF979C
:10CAC000000E0035E00313AA0100805239F2FF97EF
:10CAD000800D003575920A9179008052E10315AA04
:10CAE000E00313AA2300805202208052D0F6FF9761
:10CAF000F803002A600C0035C11F80D2E00315AA9C
:10CB000019F2FF97A1FE4339A2FA43394120012AC5
:10CB10003F20206BE02A00543907007101FEFF54CA
:10CB2000800000B0002420916AC6FF9755000014D1
:10CB3000E0028052609E02B960120B91810180D2A6
:10CB400074420B9155F1FF97E00314AA810280D241
:10CB500052F1FF97601E40F9400000B5741E00F9C5
:10CB6000A042413904048052A1464139A24E4139C4
:10CB7000012001AAA04A4139204000AA026002AA6D
:10CB8000621600B9A1724139A0764139202000AA6D
:10CB9000A17A4139014001AAA07E4139206000AA52
:10CBA0000110C05A1F0000718100014B21109F1A13
:10CBB000210400514120C11A611200B9A352413928
:10CBC000A05641396020002A601E00B9A382413975
:10CBD000A0864139602000AAA38A4139034003AAF4
:10CBE000A08E4139606000AA600000B40010C05AF5
:10CBF0009800004BA3924139180700512000805241
:10CC00000020D81A007C4093617CA19B639E42B9AE
:10CC1000007C019B603A01F9A09A413960220A39EF
:10CC2000E30700346056457980000036615642B90A
:10CC300021001F32615602B9A1C241393FFC037184
:10CC4000200700540040805261160579601A05796A
:10CC500032FFFF1760001836A0028052B6FFFF17A0
:10CC60006000103680028052B3FFFF176000083664
:10CC700040018052B0FFFF17609E42B9E0F5FF35DA
:10CC8000E2630191E00313AAA300805201088052DD
:10CC900039F5FF9720160035810000B0E06301915F
:10CCA00021381F91A20080D27FC0FF976015003508
:10CCB000E00313AA01088052BEF1FF97E01400358B
:10CCC00075920E9179008052E10315AAE00313AA30
:10CCD000230080520240805255F6FF97F803002A45
:10CCE000C0130035C13F80D2E00315AA9EF1FF9723
:10CCF000A1FE4739A2FA47394120012A3F20206B83
:10CD0000801900543907007101FEFF54800000B003
:10CD100000501F91EFC5FF97900000140000805253
:10CD2000C6FFFF177F5000718DDFFF5460DF3F3675
:10CD30005F00087129010054610641F9E0FFFFD04E
:10CD400000D02C913F0000EB81000054E0FFFFD0A9
:10CD500000103591600601F9A1324039A036403902
:10CD60002020002A01008052186C1C53003C7CD308
:10CD7000EBBFFF97F40300AA00DDFFB4E00313AAA2
:10CD8000010080528BF1FF97A0040035A13A403991
:10CD9000E303182AE20314AAE00313AA2400805232
:10CDA000215C1853CBF3FF97A0030035010B005112
:10CDB000870A0091E00307AA217C40936AF1FF975C
:10CDC00082024039810640394120012A3F20206BF0
:10CDD00061020054810000B0E00307AA21241F91E2
:10CDE000820080D230C0FF97A00100358082009180
:10CDF00081420091E30300AA220040395F080071DC
:10CE0000601200542204403921080091421C7CD356
:10CE10000000028B7F0001EB01FFFF54E00314AA26
:10CE200069A1FF97BDFEFF174001805260A202B9C1
:10CE300060120F91810180D274420F9197F0FF9799
:10CE4000E00314AA810280D294F0FF97601E40F99B
:10CE5000400000B5741E00F9A0424139030480521D
:10CE6000A1464139012001AAA04A4139204000AA27
:10CE7000A14E4139016001AA611600B9A072413981
:10CE8000A2764139022002AAA07A4139404000AA84
:10CE9000A27E4139026002AA4010C05A5F000071B0
:10CEA0006000004B00109F1A000400512120C01A9E
:10CEB000611200B9A2524139A05641394020002ADE
:10CEC000601E00B9A2824139A0864139402000AAE3
:10CED000A28A4139024002AAA08E4139406000AACC
:10CEE000600000B40010C05A7800004BA292413993
:10CEF00018070051200080520020D81A007C40936F
:10CF0000417CA19B007C019B603A01F9A09A4139C8
:10CF100060220A3960A242B9C000003460564779E5
:10CF200080000036605642B900001F32605602B9D8
:10CF300061E251393F20007109CFFF5460DE513961
:10CF400060160579200080520020C11A40FFFF17AB
:10CF500060A242B9E0F6FF35800240F9C0C0FFB4DC
:10CF6000611E40F9410000B5601E00F9801640B90D
:10CF700000AC6CD3603A01F9801240B9E002003590
:10CF8000615E43F9410200B4200840F9000200B498
:10CF9000000040F9C00100B4604A4639000C42D399
:10CFA0000004001160220A39200840F9010040F90C
:10CFB000E00313AA20003FD6605642B9811E40B953
:10CFC0000000012A605602B954FEFF17E00313AABD
:10CFD000A8FDFF97F9FFFF17801A40B9601200B94A
:10CFE000801240B9601600B9007C0553601E00B97C
:10CFF0002000805260220A39F0FFFF17FF02006B09
:10D0000000CBFF54B6028012DCFDFF1700008052F7
:10D010005BFEFF1721FC60D33F0000712100C05A66
:10D020002110C05AE107811A217C00116DFEFF1703
:10D03000A1124039A01640392020002A61EF17378D
:10D0400080F80F362000805279FFFF170104403925
:10D0500061EEFF3401004039611605790104403961
:10D06000200080520020C11A601A05796CFFFF175A
:10D07000A1124039A01640392020002AA1D52F370F
:10D08000A0DE2736C0028052ABFEFF17FD7BBAA997
:10D09000FD030091F35301A9F30300AAF55B02A974
:10D0A000F603012AF76303A9F80302AAF92300F99A
:10D0B00017D840F95712F8B781000090E00317AA7B
:10D0C000218029910200801233D5FF971F40007103
:10D0D00081000054605642B900001F32605602B908
:10D0E00081000090E00317AA21BC2991DFD5FF97AA
:10D0F0001F1C007280000054605642B900000A32C2
:10D10000605602B981000090E00317AA210C2A9111
:10D11000D6D5FF971F1C007280000054605A42B998
:10D1200000000F32605A02B9E00317AA8100009094
:10D1300021542A9152D5FF97F50300AAE00300B4C9
:10D14000810000B021F829914EBFFF97F403002A17
:10D150006003003481000090E00315AA218C2A911D
:10D1600048BFFF978007003481000090E00315AAB4
:10D1700021A02A9143BFFF9720070034810000902F
:10D18000E00315AA21AC2A913EBFFF97C0060034E8
:10D1900081000090E00315AA21DC2A9139BFFF9796
:10D1A0006006003481000090E00315AA21102B9145
:10D1B00034BFFF970006003414008012E00317AA62
:10D1C0008100009021342B912DD5FF97F50300AA03
:10D1D000800600B4810000909F06007121242B91ED
:10D1E000E104005427BFFF97F503002AA00500358E
:10D1F000B400805202008012E00317AA8100009060
:10D20000218C2B91E4D4FF97F903002A8100009030
:10D2100021D42B91E00317AA02008012DED4FF97DD
:10D220002103004A6104F836B402801280000090A5
:10D2300000202C91A7C4FF97E003142AF35341A9BF
:10D24000F55B42A9F76343A9F92340F9FD7BC6A822
:10D25000C0035FD634008052D9FFFF1754008052BC
:10D26000D7FFFF1774008052D5FFFF17940080523C
:10D27000D3FFFF17B4008052D1FFFF1701BFFF9704
:10D2800040010034E00315AA81000090216C2B912D
:10D29000FCBEFF971F000071F5179F1AD6FFFF17FE
:10D2A00015008052D4FFFF1755008052D2FFFF17A0
:10D2B0005500003475D605B99F0600314000005472
:10D2C00074D205B95900F83779EA05B91F00007121
:10D2D0004D00005460DE05B981000090E00317AAFC
:10D2E00021D02C9161D5FF971F1C00728000005443
:10D2F00060F645B900001F3260F605B9615642B9C3
:10D30000E00313AA21001F12AFEEFF97E30318AA50
:10D31000E2730191E1630191EEFCFF97F403002AAF
:10D32000C000003462F240F9E00313AA0100801249
:10D3300040003FD6C1FFFF17602641F9C00400B48A
:10D34000609E42B9A0000034759241F9B5DE68D301
:10D35000BF020171E1000054619242B9C10300347F
:10D36000E00780520000014B15008092B526C09A5C
:10D3700001009052001780D269BEFF9760D602F973
:10D38000800800B495000034B512C05A14048052CD
:10D390009402154B940600519F060031C0010054C1
:10D3A00061D642F9E303142AE00313AA0200805273
:10D3B0000503009400FFFF35632641F9E00313AA3B
:10D3C00062D642F90100801260003FD640FEFF3570
:10D3D000749202B9E00313AA0100805286EDFF9710
:10D3E000F403002AA0F2FF3562F240F9E00313AA29
:10D3F000010080123500805240003FD6BF02166BFC
:10D400002A030054E103152AE00313AAF5F8FF9755
:10D4100062F240F9E103152AE00313AA40003FD667
:10D42000E243019101008052E00313AA43008052BD
:10D4300051F3FF97E1434139E05B40B962F240F9B3
:10D440003F00006BA1000054E1474139E05F40B963
:10D450003F00006B40010054E00313AA010080125A
:10D4600040003FD6603A41F9756E02B9B57E4093EF
:10D47000007C159B600600F970FFFF17E00313AAFC
:10D4800001008012B506001140003FD6DCFFFF17F7
:10D490007401801269FFFF17FD7BBCA9FD03009199
:10D4A000F35301A9F55B02A9F76303A914DC45B99D
:10D4B00016E845B9420AF836B3028012630000D07C
:10D4C000A2478252633C1691810000908000009038
:10D4D00021F4249100A02D91FEC3FF97E003132AAD
:10D4E000F35341A9F55B42A9F76343A9FD7BC4A8A7
:10D4F000C0035FD6F50300AA250840B9F803022A45
:10D50000000080D2060380D2B71640B9BF00006B7E
:10D510000C010054E203162AE103142A8000009053
:10D5200073418012000C1E91EAC3FF97ECFFFF17B6
:10D53000027C069B240040F98300028B826862B85B
:10D540005F00146BA1000054641040B9020080D247
:10D550009F00026B6C00005400040091ECFFFF1769
:10D56000670440F9E77862B842040091FF00166B47
:10D5700001FFFF54220840F9E003142AE103162AB0
:10D5800040003FD6F303002A4002F83600F75FF070
:10D5900001E8593941FAFF3521008052630000D07B
:10D5A00001E81939633C1691224A825281000090A9
:10D5B0008000009021F4249100A02D91C5C3FF9715
:10D5C000C7FFFF17B3E205B913008052C4FFFF176E
:10D5D000F70AD41AF77E001BFF02186B4DFFFF54A9
:10D5E000E203162AE103142A8000009073038012DC
:10D5F000003C1D91B7C3FF97B9FFFF179F02007151
:10D60000C41A407A81F7FF5493078012B4FFFF17C2
:10D61000FD7BB7A9FD030091F35301A9F30300AA11
:10D62000F55B02A9F76303A9F96B04A9FB7305A9CC
:10D63000E26F00B91A18457919144579E003022AF6
:10D64000E009F836630000D0A24F8252635815916A
:10D65000810000908000009021F4249100A02D9181
:10D660009CC3FF97A0028012F35341A9F55B42A926
:10D67000F76343A9F96B44A9FB7345A9FD7BC9A8CE
:10D68000C0035FD6000380D21B0080D2810240F924
:10D69000807F009B3800008B366860B8001340B96B
:10D6A0001F001B6B6C0000549C070091430000148A
:10D6B000000740F95F03166B01787BB824C3417AF9
:10D6C000EC020054601640B90208D61A4080161BBE
:10D6D000E28F00B940020035830A40F9E003162AC0
:10D6E000E18B00B960003FD6E10B5129C002F8364A
:10D6F000E002403940010035E34340F92000805208
:10D70000810000908253825221F42491E00200397A
:10D710008000009000A02D916EC3FF977B070091C1
:10D72000DFFFFF17E07340B960DE05B9E07740B96D
:10D7300060EA05B9E07B40B960E205B900008052BB
:10D74000CAFFFF17437C001BE46F40B99F00036BC7
:10D750006BFEFF54227C021BE47F40B95F00046B28
:10D76000EBFDFF54BF02036BADFDFF54F503032A2D
:10D77000F6070E29E07B00B9E9FFFF175F03007190
:10D78000241B407A60020054751640B917F75FF009
:10D79000F40301AAF7E61991780000D01C0080D2AA
:10D7A000B50ADA1AA07E191B1500B012E07F00B985
:10D7B000005B1591E04300F9800A40B91F001C6B23
:10D7C0002CF6FF540000B012BF02006BC1FAFF54E8
:10D7D00060418012A5FFFF17FD7BB8A9FD030091F2
:10D7E000F35301A9F40300AAE003022AF55B02A99E
:10D7F000F76303A9F96B04A9FB7305A9E27B00B9E0
:10D80000E008F836630000D0025A825263C81391D0
:10D81000810000908000009021F4249100A02D91BF
:10D820002CC3FF97A0028012F35341A9F55B42A9D4
:10D83000F76343A9F96B44A9FB7345A9FD7BC8A80D
:10D84000C0035FD6000380D2210340F9407F009BD4
:10D850003700008B336860B880DE45B96000003463
:10D860001F00136BC10300541C0080D21900001468
:10D87000801640B91B08D31A6083131B8002003541
:10D88000E00640F9220B40F901787CB8E003132A46
:10D89000E17F00B940003FD6E17F40B98005F8360E
:10D8A000C002403940010035E33B40F9200080527E
:10D8B00081000090825C825221F42491C0020039E0
:10D8C0008000009000A02D9102C3FF979C0700915B
:10D8D000E01240B91F001C6BCCFCFF545A070091AA
:10D8E000200B40B91F001A6BECFAFF54D50200342C
:10D8F000E06F40B980EA05B9E06B40B998DE05B940
:10D9000080E205B900008052C8FFFF17F803132A10
:10D91000F5031B2AE0070D29EDFFFF1716F75FF04F
:10D92000770000D0F90301AAE0CA1391D6E2199159
:10D930001A0080D21800805215008052E03B00F996
:10D94000E8FFFF1760418012B8FFFF17627F001BDE
:10D95000E37B40B95F00036BACFBFF543B7C1B1BBC
:10D96000BF021B6B4BFDFF540003537A0AFBFF54AD
:10D97000F803132AE0070D29D5FFFF17FD7BBEA989
:10D980004101A0D2FD030091F35301A9F40300AAC1
:10D99000002C41F90000018A1F0042F1810100546E
:10D9A000630000D063FC1091626982528100009094
:10D9B00021F42491600000D0007C1991C5C2FF972A
:10D9C000600000D000CC19917BBEFF9780F645B96E
:10D9D0009342179160031036603240F9400200B460
:10D9E000603E40F9000200B4602A40F9C00100B472
:10D9F000602E40F9800100B4805642B96000603664
:10DA0000613640F9010100B4C0014837603A40F97D
:10DA1000800100B5601E40F9400100B4602240F969
:10DA2000000100B48000009000182D91A9C2FF975A
:10DA3000A0028012F35341A9FD7BC2A8C0035FD6A8
:10DA4000805642B9600388370100905200708AD234
:10DA5000B3BCFF97803A03F9813A43F9801640B985
:10DA60002100349182D245B92140208B81DE02F918
:10DA7000611640F9610300B55F1400712003005482
:10DA8000811E40B93F000171C0040054A801005438
:10DA90003F200071000200543F400071C003005459
:10DAA000630000D0826E825263FC1091C0FFFF17AA
:10DAB000803A43F920FDFFB560018012DEFFFF17B9
:10DAC0003F000271E1FEFF54A10000B021602891E7
:10DAD00003000014A10000F021403491611600F908
:10DAE000811641F9810000B5E1FFFF9021603B9173
:10DAF000811601F95F140071A81A0054610000B08A
:10DB000021702791215862786200001041A8218B72
:10DB100020001FD6A10000D021001791F0FFFF17B1
:10DB2000A10000F021A00591EDFFFF17612240F94F
:10DB3000A10000B4612640F9610000B4611E40F903
:10DB4000A10000B5630000D0A270825263FC109166
:10DB500097FFFF17613240F9810000B5E1FFFFF048
:10DB600021900891613200F9613240F9810000B5DD
:10DB7000E1FFFFF021000291613200F9613E40F9BE
:10DB8000810000B5E1FFFFD021D01991613E00F97D
:10DB9000612A40F9810000B5E1FFFFB021003F910B
:10DBA000612A00F9612E40F9810000B5E1FFFFD044
:10DBB00021E01D91612E00F9614A40F9810000B514
:10DBC000E1FFFF9021903791614A00F9614E40F9E1
:10DBD000810000B5E1FFFFB021200391614E00F903
:10DBE000613640F9810000B5E1FFFFD02120389176
:10DBF000613600F9613A40F9010100B5611E40F952
:10DC0000C10000B4612240F9810000B4E1FFFFD0FF
:10DC100021E01291613A00F9622240F9613240F943
:10DC2000A20000B4622640F9620000B4621E40F90E
:10DC3000020200B5610100B4E2FFFFF04200029170
:10DC40003F0002EBE0000054623E40F9A20000B445
:10DC5000E1FFFFD021D019915F0001EBC101005419
:10DC6000630000D08274825263FC109150FFFF1752
:10DC7000810000B5E1FFFFD021B03091613200F9A1
:10DC8000613E40F9810000B5E1FFFFD021B00D9168
:10DC9000613E00F9612A40F9810000B5E1FFFFB063
:10DCA00021702391612A00F9612E40F9810000B5AD
:10DCB000E1FFFFD021000991612E00F9614A40F98E
:10DCC000810000B5E1FFFFB021001E91614A00F91B
:10DCD000614E40F9810000B5E1FFFFD02180029143
:10DCE000614E00F9610E40B91F00016BE300005462
:10DCF000611A40B941050035630000D0E2768252D6
:10DD000063FC10912AFFFF172100805281D205B9D0
:10DD1000C1FFFFF021801991612200F9C1FFFFF0DE
:10DD200021E01D91612600F9C1FFFFF021102A9129
:10DD3000613200F9E1FFFFD021203891613600F90E
:10DD4000C1FFFFF021F02E91613E00F9E1FFFFB02D
:10DD500021003F91612A00F9E1FFFFD021E01D91F0
:10DD6000612E00F9E1FFFF9021903791614A00F99F
:10DD7000E1FFFFB021200391614E00F9610E40B92F
:10DD80006100003501208052610E00B961008052AF
:10DD9000611200B921008052611A00B9614640F950
:10DDA000610000B5614A40F9614600F9614240F9FD
:10DDB000610000B5614E40F9614200F99F2200B94F
:10DDC000641640F9840000B483B02A91628440B89C
:10DDD00062040035630E40B90108C31A627C011B5E
:10DDE000610A00B91F00026B20040054630000D0D8
:10DDF000C283825263FC1091EDFEFF17630000D0D6
:10DE0000427A825263FC1091E9FEFF17E1FFFFD0D6
:10DE100021E01D91E2FFFFB0E3FFFF9042003F9140
:10DE20006390379160FE01297F1A00B9620605A947
:10DE3000623200F9613E00F9E1FFFFB02120039159
:10DE4000634A00F9614E00F9D5FFFF17630000D067
:10DE5000E27F825263FC1091D5FEFF17812240B908
:10DE60002100020B812200B9D9FFFF17621240B9CD
:10DE7000427C011B621600B9825642B985224A399A
:10DE800002014837BF040071C10000543F10007107
:10DE900000090054680800543F080071000900544C
:10DEA000813241B99FB605B90124C11A818602B9F0
:10DEB00001008012817E02B981D245B921781D12FC
:10DEC0003F040071C1000054815E42B93F240071DB
:10DED0006D00005442001432825602B981DA40F9D2
:10DEE000BF0400710201805281AA00F981008052B2
:10DEF0002100821A81020039815642B9801A00B984
:10DF0000210075D2842A00F99F7E0EA9212C4BD3C3
:10DF100021541653810600B9E1FFFFF021A01991A9
:10DF2000813A00F9E1FFFFB021202891814A00F9F0
:10DF3000E1FFFF9021601A91814E00F9E1FFFFD0CF
:10DF400021002B91815200F9C1FFFFF02160329135
:10DF5000816E00F9C1FFFFF021B02791817E00F9A9
:10DF6000E1FFFF9021600F91818200F9E1FFFFF056
:10DF700021E01691818600F9813640B9601A40B9D6
:10DF800083020B29A1000035000400110004000BDE
:10DF9000007C0253803600B900008052A6FEFF17B5
:10DFA0003F200071600000543F400071A1F7FF5412
:10DFB00041008052813201B9BAFFFF17853201B9A1
:10DFC000B8FFFF17A20500357F14007168050054E3
:10DFD000E40301AA637C40936100009021403491E6
:10DFE000021780D2FD7BBEA96104029BFD03009154
:10DFF000F30B00F9F30300AAE00304AA11BCFF9796
:10E00000E40300AA609E42B92003003462A64C39A2
:10E0100060AA4C39402000AA024888D2E201A0F24E
:10E02000007C029B800C00F963AE4C3960B24C3925
:10E03000602000AA007C029B800400F963B64C3982
:10E0400060BA4C39602000AA007C029B801000F965
:10E0500062BE4C3960C24C394020002A027D805299
:10E06000007C021B801000B900008052F30B40F9C5
:10E07000FD7BC2A8C0035FD6A0028012C0035FD69A
:10E08000400000F000403491C0035FD601204A39BF
:10E090003F04007181000054015842B9210011323F
:10E0A000015802B900008052C0035FD6FD7BBEA9B3
:10E0B000FD030091F30B00F9F30300AA6DF9FF973C
:10E0C00060524639C001003460CA40F91F3C58F222
:10E0D00061010054605E463920010035601640B988
:10E0E0001F000871C1000054614E46394000A05223
:10E0F00021041F530020C11A601200B9F30B40F92C
:10E10000FD7BC2A8C0035FD6015842B903204A393B
:10E1100022001032210011327F0400712100821A86
:10E12000015802B900008052C0035FD6019841B97E
:10E130003F1800716106005401204A393F04007104
:10E1400000060054014C4639050081522204001299
:10E15000237C045364001E12A520C21A220C42D351
:10E160004200042A5F140071880300546400009088
:10E170008420259184486238620000104488248BF2
:10E1800080001FD602108052217C055363040012C8
:10E1900021001E12051400B92100032A021C00B937
:10E1A0003F0800712C0200544200A0524120C11AC5
:10E1B000011000B9C0035FD602388052F3FFFF1789
:10E1C00002088052F1FFFF1702048052EFFFFF1791
:10E1D00002028052EDFFFF1702508052EBFFFF1743
:10E1E000021C8052E9FFFF173F0C00712200A05271
:10E1F0004220C11A8101A0522100821AEDFFFF17AF
:10E200001CF9FF173F2C00F10901005400F09E5249
:10E210007F000029800180D27F0800B9400000F90A
:10E2200000008052C0035FD6A0028012FEFFFF17DD
:10E23000C00B8012C0035FD6FD7BBEA9FD03009119
:10E24000F35301A9F30300AA00204A391F04007107
:10E2500081000054605A42B900001132605A02B97C
:10E26000609E42B9E0030034605A4579A00310363D
:10E2700074420B91610000F0E00314AA21D41291C2
:10E2800000BBFF9760010034610000F0E00314AAB6
:10E2900021081391FBBAFF97C0000034610000F021
:10E2A000E00314AA213C1391F6BAFF97A0010035B0
:10E2B0000000009000100891605E00F900000090DE
:10E2C00000D01291606200F90000009000B012913D
:10E2D000606600F90000009000C00891606A00F9D3
:10E2E00000008052F35341A9FD7BC2A8C0035FD652
:10E2F000FD7BB9A9FD030091F35301A9F40302AA20
:10E30000F30300AAF55B02A9F60303AAB51C0012E9
:10E31000F76303A9F70304AAF80301AAF96B04A998
:10E3200001008052FB2B00F902F040F940003FD67B
:10E33000FF6B00B9641A41F920008052E0A3013953
:10E34000E3A30191E10313AAE00313AA021280528E
:10E3500080003FD6800900351B0881D2190080D289
:10E360001A0BDB9A42E31B9B3F0314EB423B5DFA23
:10E3700089040054D90200F9641A41F9FF6B00B90D
:10E38000E3A30191E10313AAE00313AA021280524E
:10E3900080003FD6F403002AC001003461A640F992
:10E3A000600000B0007C1891810500B4BF020071CC
:10E3B000620000B0630000B042D4179163BC1791B3
:10E3C0006310829A240840A9810040F941C0FF9758
:10E3D00062F240F9E00313AA0100801240003FD628
:10E3E000E003142AF35341A9F55B42A9F76343A95B
:10E3F000F96B44A9FB2B40F9FD7BC7A8C0035FD68E
:10E40000600302CB980219CB1F0300EB410B0011F4
:10E410001893809AE302198BE403182AE00313AAE5
:10E4200015010034FBEEFF97E303002AE0020035FC
:10E430003903188B5A070091020080D2CBFFFF17D7
:10E4400073ECFF97F9FFFF17240840A9810040F9FA
:10E4500020C0FF97C9FFFF17BF020071610000B025
:10E46000630000B021D4179163BC1791620000F0E3
:10E470006310819A42D01891610000F021FC18913C
:10E48000D3FFFF17E303002A61A640F9600000B044
:10E4900000E81791A1FDFFB5620000F0610000F0F7
:10E4A00042D0189121FC1891EAFFFF1725008052F5
:10E4B00090FFFF17050080528EFFFF17FD7BBEA95E
:10E4C00022118052FD030091051841F9E1630039E2
:10E4D000FF670039E3630091FF6B0039E10300AA95
:10E4E000FF6F0039A0003FD6FD7BC2A8C0035FD6F6
:10E4F000019C42B94101003402204D3901244D39BB
:10E500004120012AC100003401604D3901B005B934
:10E510000100009021F01291012001F9011440B98D
:10E520003F00207181000054015842B9210011328E
:10E53000015802B900008052C0035FD6011440B9EF
:10E540003F00087189000054015442B921001D3276
:10E55000015402B9015842B903204A39220010324D
:10E56000210011327F0400712100821A015802B982
:10E5700000008052C0035FD6FD7BBDA9FD03009162
:10E58000F35301A9F30300AAF51300F9009841B968
:10E590001F1800710109005460224A391F040071DC
:10E5A000A00800546056463960080034744E46395D
:10E5B0000000815281060012957E04530020C11A8A
:10E5C000A1021E12601600B9800E42D30000012A7B
:10E5D000000400511F140071A80400546100009051
:10E5E00021A0279121486038600000100188218B0C
:10E5F00020001FD600108052947E0553B5060012ED
:10E6000094021E12601E00B99402152A4000A05206
:10E610000020D41A601200B960524639001844D361
:10E620001F1000712803005401408052611A0579BF
:10E63000210080522020C01A60160579F35341A9A9
:10E64000F51340F9FD7BC3A8C0035FD600328052AA
:10E65000EAFFFF1780368052E8FFFF170040805224
:10E66000E6FFFF1700508052E4FFFF17600000F044
:10E670000034379197BFFF9700808052DFFFFF176C
:10E68000401B8052DDFFFF1701808052611A05791F
:10E690001F180071C00000541F1C007181078052B8
:10E6A000000380520010811AE4FFFF17000580521A
:10E6B000E2FFFF17E00313AAF35341A9F51340F952
:10E6C000FD7BC3A8EBF7FF1701204A393F04007117
:10E6D00081000054015842B921001132015802B999
:10E6E00000008052C0035FD6FD7BBEA9FD030091F0
:10E6F000F30B00F9F30300AADEF7FF97609A41B924
:10E700001F1400714D03005460224A391F04007128
:10E71000E102005460564639010800123F180071AA
:10E72000C10000546152C6398100F837611640B902
:10E73000216844D3611E00B90140805200080012D4
:10E74000611A05791F140071610000548000805225
:10E75000060000141F180071000100541F10007102
:10E76000010100542000805260160579F30B40F936
:10E77000FD7BC2A8C0035FD600018052FBFFFF17DC
:10E78000800000D000D4289152BFFF977F1A0579EE
:10E79000F7FFFF17FD7BBAA9FD030091F35301A911
:10E7A000F55B02A9F76303A9F96B04A9FA03012A2F
:10E7B0005F030071FA7F05A9441840FAC0080054AD
:10E7C000F603002A800000F0F70302AA002848B9E7
:10E7D000B2E6FF97F50300AA400000B54AB9FF97DB
:10E7E000011440B9200400511F00166A200600548D
:10E7F000E103012A000880D221FC009121687A926D
:10E800003C9DFF97F80300AAA00600B4E50300AA08
:10E81000A01640B9A40640F9E103002AE12B00F953
:10E82000E3630191D90AC01AE2430191217F001BE1
:10E83000E00315AAF90301AA0DE7FF97F403002AE4
:10E8400040010034E00318AADF9AFF97E003142A7E
:10E85000F35341A9F55B42A9F76343A9F96B44A9B6
:10E86000FD7BC6A8C0035FD6E22B40F9C102194B5D
:10E87000E00317AA420001CB0103018B5F001AEBF2
:10E8800042909A9AE22B00F9EEB9FF97E00318AA9A
:10E89000CD9AFF97E02B40F95303006B80FDFF54A6
:10E8A000D602000BF702008BF303132AF32B00F9B7
:10E8B000A40640F9E50317AAE3630191E24301913D
:10E8C000E103162AE00315AAE9E6FF97F403002AFC
:10E8D000DFFFFF17B4028012DDFFFF177401801203
:10E8E000DBFFFF17FD7BBDA9FD030091F35301A9D9
:10E8F000F303002A800000F0F403012AF55B02A96B
:10E90000002848B965E6FF97400000B5FEB8FF97BC
:10E91000F50300AA001040B9E003004B1600130AEB
:10E920007302140B7302000ADF02136BC900005458
:10E93000E003142AF35341A9F55B42A9FD7BC3A868
:10E94000C0035FD6E103162AE00315AA0EE6FF977F
:10E95000A11240B9600000349402010B7302010B54
:10E96000D602010BF1FFFF17C0035FD6E30300AA35
:10E97000E003012A0101003561B45B39410000B9AF
:10E9800064B45B3961E046B92100044B410400B92D
:10E99000C0035FD620048012FEFFFF17E30300AA26
:10E9A000E003012AC100003561E046B9410000B929
:10E9B00061E445B9410400B9C0035FD62004801268
:10E9C000FEFFFF1780018052207C001B0101805256
:10E9D000001C0011000CC11A0004001100781F1265
:10E9E000C0035FD6FD7BBEA9820180D201008052A8
:10E9F000FD030091F30B00F9F30300AA00D002918C
:10EA000074B9FF9760020391820180D2F30B40F941
:10EA100001008052FD7BC2A86EB9FF17FD7BBCA927
:10EA2000FD030091F35301A9F30300AAF40302AA22
:10EA3000000080D2F55B02A9F50301AAF71B00F9DB
:10EA4000F74788D2D5B9FF97F603002AF701A0F25D
:10EA5000E00316AAD1B9FF971F0017EBE904005491
:10EA6000610640F9600000B000D03F91610800B439
:10EA7000230840A9610040F996BEFF97610640F95E
:10EA8000600000D0830A40B900380091A40A40B960
:10EA9000E10700B4250840A9A10040F98DBEFF9709
:10EAA000610640F9600000D0830240B900C80091BF
:10EAB000A40240B9610700B4250840A9A10040F9AB
:10EAC00084BEFF97610640F9600000D0830640B91C
:10EAD00000940191A40640B9E10600B4250840A9BC
:10EAE000A10040F9F35341A9F55B42A9F71B40F996
:10EAF000FD7BC4A877BEFF17614E40F9241041B9D1
:10EB0000233841B9222841B98000032A0000022A93
:10EB100080000035200080D2D9B9FF97CDFFFF17C4
:10EB2000241001B9604E40F9033801B9604E40F934
:10EB3000022801B961025729F55B42A90000042AA5
:10EB40002100022AF71B40F96102172960B640B97B
:10EB50000000032A60B600B9800200B960BA40B96B
:10EB6000800600B960BE40B9800A00B9F35341A9DC
:10EB7000FD7BC4A8C0035FD6620000F0610000F016
:10EB800042D0189121FC1891BCFFFF17620000F0E1
:10EB9000610000F042D0189121FC1891C0FFFF17CE
:10EBA000620000F0610000F042D0189121FC189141
:10EBB000C4FFFF17620000F0610000F042D018911E
:10EBC00021FC1891C8FFFF1703404239221C001294
:10EBD0007F00216BC0000054034C40F9612844B908
:10EBE00041081833612804B902400239C0035FD6D6
:10EBF000FD7BBBA9FD030091F35301A9F40300AA17
:10EC0000F55B02A9F603022A351C0012F76303A97B
:10EC1000020880D2F80303AAF92300F9F70304AA33
:10EC2000B93C001201008052132840F9E00313AAF6
:10EC3000E8B8FF97760A00B9809241391F30007119
:10EC400089020054751A0079602A407901A0805227
:10EC5000792200790000012A602A0079780E00F9F3
:10EC6000010880D27F2200B97F1600F97F3200B9F7
:10EC7000771E00F9F55B42A9F76343A9F92340F930
:10EC8000802A40F9F35341A9FD7BC5A8CD8AFF171F
:10EC9000D562152A750A00B9ECFFFF17FD7BBDA9E7
:10ECA000FD030091F35301A9F51300F9F50300AA40
:10ECB000142840F981020191E00314AABF8AFF974A
:10ECC000812240B981057036410458376104083704
:10ECD00061030036A10640F9600000B000742F9176
:10ECE000410200B4230840A9610040F9530080525A
:10ECF000F8BDFF97A10640F9600000B0832240B93B
:10ED000000143091E10200B4240840A9810040F9C8
:10ED1000F0BDFF97E003132AF35341A9F51340F91F
:10ED2000FD7BC3A8C0035FD6620000F0610000F065
:10ED300042D0189121FC1891EDFFFF173F1C7EF285
:10ED400053008052C00080527302801AEAFFFF17FE
:10ED5000B3008052E8FFFF1773008052E6FFFF17F1
:10ED6000620000F0610000F042D0189121FC18917F
:10ED7000E8FFFF17C1007836802A4079F3008052FF
:10ED80001F0077F2F303931AE3FFFF17F31F80527C
:10ED9000E1FFFF1705E042F9A23841B95F00016BBE
:10EDA000E003005426080051038000D1620447B9F3
:10EDB000DF0C0071880400546400009084B020913E
:10EDC0008448663866000010C488248B80001FD6F3
:10EDD000660047B9640847B9E303022A000080527D
:10EDE000841C0012633C00128040002A6240022A08
:10EDF000A44C40F9800004B9A04C40F9020404B9C5
:10EE0000A0884139A0000034A24C40F9409444B994
:10EE1000C03C0033409404B9A13801B9C0035FD6A7
:10EE2000600047B906008052640847B9E303022A2C
:10EE30004200000BEAFFFF17021440B9001C40B962
:10EE40004200000B060080522400805200008052D5
:10EE50000700001462305C3906008052001440B98B
:10EE6000240080524000000B0201805203008052B7
:10EE7000DCFFFF171F0000712418407AE0000054E7
:10EE80000208C11A4180011B400400513F0000717B
:10EE90000000821AC0035FD600008052FEFFFF17F9
:10EEA000FD7BBAA9FD030091F35301A9140082D29E
:10EEB000B494BAF2F55B02A9168000D1141DC0F219
:10EEC000F76303A9F96B04A9F90300AAFB2B00F966
:10EED00017E042F9580040B9E06A41B9FA6E41B909
:10EEE000940AC09AE02E40F9150040B95B03154B17
:10EEF00098010035532000917F0640B1690100540C
:10EF0000E003132AF35341A9F55B42A9F76343A930
:10EF1000F96B44A9FB2B40F9FD7BC6A8C0035FD663
:10EF2000B3028092F7FFFF17E00316AA020480D213
:10EF30000100805227B8FF97E88E4139662A4D2993
:10EF4000080500114901150B850AC81A29011A0B79
:10EF5000DF00146BE8140054618640B9807E0153D1
:10EF60003F00006B68140054617240B91F00016BD0
:10EF700003140054617640B90000010B5F01006B7F
:10EF8000E012005400001B0B1F00096B49170054CE
:10EF90000108C51A06008052030080522080051B1C
:10EFA0001F000071EA179F1A817E01535F010071F3
:10EFB0008712811A607640B96BB2532900001B0B8F
:10EFC000671C071BE700000B60AA40B9A002000BFA
:10EFD0007F01146BC80000543F00006B8300005495
:10EFE0008201150B3F00026B42170054E103142A03
:10EFF000A1FFFF970150141BE403002A602A40B9C7
:10F00000A002000B3F00006B82000054E103142AB1
:10F0100099FFFF97E403002A8050141BE103142A90
:10F020006B01004B7F010C6B6B218C1A6001150B7F
:10F030002B00805290FFFF97C61068D3001078D342
:10F04000631070D3841000126300062A8400002A23
:10F050008400032A24031EB8E103142A602640B961
:10F06000A002000B84FFFF97E403002A600A40B966
:10F07000E103142AA002000B7FFFFF97E303002A9D
:10F0800060A640B9E103142AA002000B7AFFFF97A3
:10F09000E603002A607A40B9E103142AA002000BBB
:10F0A00075FFFF97817C68D3647C70D3221C10327B
:10F0B0009F5C68F22340032AC61C78D3001C001210
:10F0C0006300821A0000062AE103142A0000032AC2
:10F0D000C00600B9607E40B967FFFF9703040011C6
:10F0E000609A40B9E103142A4003000B62FFFF97C6
:10F0F00004200011A0EA4111E103142A0080041148
:10F100005DFFFF97001C00120360032A801C70D370
:10F110006300002AC30A00B9E103142A605E40B903
:10F1200055FFFF971F00046B0320841A603640B917
:10F13000E103142A632470D34FFFFF97E403002AEE
:10F14000605240B9E103142A841478D3A002000B62
:10F1500049FFFF97001400120000042A0000032A50
:10F16000C00E00B9E08E4139400100347F010071CA
:10F170000020A0524120A0520000811A4A00003411
:10F1800000001032E1E080520000012AC01200B9F4
:10F19000E108C51AE38E4139279C051BFF00007169
:10F1A000E2179F1A2200024BA57C021B3F01056B50
:10F1B000A20800544008C81A8206003667000035CD
:10F1C0002108C81A200400514300003500040051F2
:10F1D000980080523802A0722F0000142301050B02
:10F1E000060080526308D41A2A0080526FFFFF176E
:10F1F000608640B9E103142A1FFFFF970450141BD7
:10F20000E303002A07040011607240B9C600044BF2
:10F21000E103142A1F00066B4302005416FFFF97F8
:10F22000E603002A607640B98400000B5F01046B9E
:10F23000C00100546403040B8008C51A007C051B40
:10F240001F00096BE90100549F00006BE1FCFF54B3
:10F250000000054B3F01006B6330871AE3FFFF1787
:10F26000E003062AEEFFFF172301050B6308D41AFB
:10F27000DEFFFF170600805203008052DBFFFF17FE
:10F28000E303072AD9FFFF179800805200040051BA
:10F290001802A072010C001100147CD37F000071D1
:10F2A000020012320000821AC01600B9E08E413905
:10F2B0006000003421146DD3D80603290000805269
:10F2C00011FFFF170100805200008052F3FFFF176B
:10F2D0000B008052040080520000805257FFFF173D
:10F2E000210400113F040071C9010054FD7BBFA936
:10F2F00063000090610000906338119121403F91BC
:10F3000062F48052FD03009160000090007C19912E
:10F3100070BCFF976000009000CC199126B8FF9751
:10F32000C0035FD6FD7BBCA9FD030091F35301A987
:10F33000F303022AF55B02A9F50300AA761C00126A
:10F34000F76303A9F803012AA3B7FF9717D04391E6
:10F35000F40318AAF7020991A04E40F9006878B8A2
:10F36000BF3F03D51F00136AE0179F1A1F00166BDB
:10F37000E100005400008052F35341A9F55B42A91B
:10F38000F76343A9FD7BC4A8C0035FD692B7FF977C
:10F39000FF0200EB85020054A04E40F9006878B8E7
:10F3A000BF3F03D57F02006AE0179F1A1F00166B4C
:10F3B00020FEFF54A10640F9600000B0005C0291FD
:10F3C000810100B4260840A9E503162AE403132AA4
:10F3D000E303142AC10040F93EBCFF97A00D801240
:10F3E000E6FFFF17400180D2A5B7FF97DBFFFF17AD
:10F3F000620000D0610000D0E503162AE403132A5E
:10F40000E303142A42D0189121FC1891F3FFFF174F
:10F41000FD7BBBA9230080D24200B052FD030091C6
:10F42000F35301A97420C19AF30300AAF55B02A962
:10F43000361C00124100A052E13B00B9014C40F9DA
:10F44000F4530629FF2300F9FF4B00B9221401B938
:10F45000E203142A014C40F9343001B901248052EE
:10F46000B1FFFF9740060035E00313AA5EFDFF974A
:10F47000604E40F9613640F9010800B9604E40F92C
:10F480001F0C00B9C00E68D3614E40F9200000B9CE
:10F4900051B7FF9715D04391B5020991604E40F9DD
:10F4A000003841B9BF3F03D51F00146A6002005401
:10F4B000E00313AAE2030191E1C3009158FDFF9715
:10F4C000E04B40B9C0030034E13B40B90000016AA1
:10F4D000E0020054610640F9600000900064319140
:10F4E000E10400B4230840A9610040F9F9BBFF978B
:10F4F000800080120E00001437B7FF97BF0200EBA8
:10F50000E5FCFF54604E40F9003841B9BF3F03D5D8
:10F51000E003002A0024D69AC0FC07376000009060
:10F5200000703091EBBBFF97A00D8012F35341A9FF
:10F53000F55B42A9FD7BC5A8C0035FD6E10B482956
:10F540002100022A41FFFF35610640F9600000906A
:10F5500000F03091A10000B4230840A9610040F9F7
:10F56000DCBBFF97F1FFFF17620000D0610000D005
:10F5700042D0189121FC1891FAFFFF17620000D0C9
:10F58000610000D042D0189121FC1891D8FFFF17DC
:10F59000FD7BBEA905008252040080D2FD030091CC
:10F5A000F35301A9030080D202A886B913E042F9FF
:10F5B0000000028BE203012A14BC5B39E00313AAAA
:10F5C000E103142A8BFDFF97E103142AE00313AA39
:10F5D00090FFFF9720020034610640F96000009020
:10F5E000002C3D91010100B4230840A9610040F9BD
:10F5F000B8BBFF9780008012F35341A9FD7BC2A8DE
:10F60000C0035FD6620000D0610000D042D01891E4
:10F6100021FC1891F7FFFF17E00313AAF35341A948
:10F62000FD7BC2A89EFDFF17FD7BBDA9210C78D3F1
:10F6300023008052FD030091F35301A9F30300AAB4
:10F64000F55B02A9360002AA55FC60D30123805263
:10F650000220805234FFFF9720020035F403002A75
:10F66000E00313AAE0FCFF97604E40F90100B85296
:10F67000160800B9604E40F9150C00B9604E40F90B
:10F68000010000B97F8E00B9E003142AF35341A9A9
:10F69000F55B42A9FD7BC3A8C0035FD6B40D801201
:10F6A000FAFFFF17FD7BBDA9FD030091F35301A9EC
:10F6B000F303012AF51300F9621E70D342007AB2F7
:10F6C00001A886B915E042F90000018B01BC5B3945
:10F6D000E00315AAD5FFFF97F403002A20010034A8
:10F6E000A10640F96000009000B43291410100B4DD
:10F6F000240840A9E303132A810040F975BBFF9752
:10F70000E003142AF35341A9F51340F9FD7BC3A884
:10F71000C0035FD6620000D0610000D0E303132A6B
:10F7200042D0189121FC1891F5FFFF17FD7BBEA96F
:10F730005F1C0072430881D2FD030091F30B00F9B6
:10F74000420880D24200839A03A886B942A001AA47
:10F75000420060B20300038B00E042F961BC5B39F8
:10F76000B2FFFF97F303002A80000034600000908E
:10F77000003C329157BBFF97E003132AF30B40F98B
:10F78000FD7BC2A8C0035FD6FD7BBEA9220880D244
:10F79000FD030091F35301A93400403901A886B953
:10F7A0000100018B424014AA00E042F921BC5B3900
:10F7B0009EFFFF97F303002AA00000346000009032
:10F7C000E10314AA00D4319142BBFF97E003132A4E
:10F7D000F35341A9FD7BC2A8C0035FD6FD7BBFA93F
:10F7E0002300805202208052FD03009100E042F984
:10F7F00001238052CCFEFF971F000071A10D8012E3
:10F800000000811AFD7BC1A8C0035FD6E00301AAF6
:10F8100021A886B9220080D2030080520100018B0A
:10F8200000E042F921BC5B394220C19A810082523A
:10F83000BDFEFF17FD7BBDA9FD030091F35301A998
:10F84000341C0012F303022A01238052022080524A
:10F85000F55B02A9F603032AF50300AA23008052F0
:10F86000B1FEFF9780010035A14E40F9DF02007123
:10F8700094129F1A73129F1A735E0012200C50B9D3
:10F88000005C18129402002A340C10B9A04E40F902
:10F89000131010B9F35341A9F55B42A9FD7BC3A82E
:10F8A000C0035FD6FD7BBAA9FF080071FD0300917C
:10F8B000F55B02A9F60300AA00208452F503062A8C
:10F8C000F35301A9F40304AAF303052AF76303A978
:10F8D000F70303AAF803072AF96B04A9F98341394E
:10F8E000FA03022AFB7305A91B4084523C1C001238
:10F8F0007B03801A9084FF971F1C0072C101005483
:10F90000E00316AA23008052022080520123805275
:10F9100085FEFF9700010035C14E40F93F0300719D
:10F92000202844B90200003200781F120000821A19
:10F93000202804B973FE0091E00317AA73E67A92B7
:10F94000F302138BE10313AA1F0B0071010600548D
:10F950009A87FF979F0200F1F9079F1ABF02007173
:10F96000E0079F1A3903006AA0050054E103152A35
:10F97000E00314AA21FC009121E47A928102018B18
:10F980001F0B0071810400548C87FF97E2031A2A31
:10F99000E5031B2AE40314AAE30317AAE1031C2AC4
:10F9A000E00316AA93FCFF97E1031C2AE00316AAC2
:10F9B00098FEFF97FA03002A1F07007160010054A8
:10F9C000E10313AAE00317AA7C87FF97F90000342C
:10F9D000E103152AE00314AA21FC009121E47A92A4
:10F9E0002100148B7587FF97FA010035E00316AAF2
:10F9F000F35341A9F55B42A9F76343A9F96B44A905
:10FA0000FB7345A9FD7BC6A8A5FCFF176C87FF9774
:10FA1000D1FFFF176A87FF97DDFFFF17140080D221
:10FA2000DBFFFF17E0031A2AF35341A9F55B42A954
:10FA3000F76343A9F96B44A9FB7345A9FD7BC6A8ED
:10FA4000C0035FD6FD7BBEA9FD030091F35301A95E
:10FA5000F40300AA13E042F960BA40F91F0014EB66
:10FA600000090054E00313AA2300805202208052B0
:10FA7000012380522CFEFF97E403002A6008003522
:10FA8000604E40F9818200D182025EB8021C10B93A
:10FA9000604E40F9220440B9022410B9604E40F98A
:10FAA000220840B9022810B9604E40F9220C40B932
:10FAB000022C10B9608E413980000034604E40F94C
:10FAC000221040B9023410B9604E40F9221440B9F6
:10FAD00000404091028020B9608E4139E00200343C
:10FAE000604E40F942008052004040911F8420B98E
:10FAF000604E40F900404091020020B9604E40F94C
:10FB0000221840B900404091020420B9604E40F9EB
:10FB1000221C40B900404091020820B90210A052B6
:10FB2000604E40F900404091020C20B9604E40F90F
:10FB3000004040911F1020B921385C39E00313AA1E
:10FB400022FCFF97634E40F981EA45B9622844B927
:10FB5000211C001242001F32622804B9624E40F993
:10FB6000412C04B901008012613A01B974BA00F95C
:10FB7000E003042AF35341A9FD7BC2A8C0035FD66A
:10FB800004008052FBFFFF17A40D8012F9FFFF173E
:10FB9000FD7BBCA9FD030091F35301A9F30300AA67
:10FBA000F51300F914E042F9812202393FB00371E4
:10FBB000E0080054F503012A880300543FC0017196
:10FBC000400600543F400271E0060054000080529D
:10FBD000812242393FFC0371410A0054E00313AA19
:10FBE00099FFFF97000A0034810640F960000090F9
:10FBF00000203391C10800B4230840A9610040F9F6
:10FC000034BAFF978222423961000090F35341A930
:10FC1000212C1391F51340F960000090FD7BC4A8DE
:10FC200000C033912BBAFF173FBC0371E8010054A9
:10FC30003FB40371C0FCFF54E2FF00399AFEFF9706
:10FC400080FCFF35E1FF0091E00313AACFFEFF9790
:10FC500000FCFF35BFBA03716105005402008052F9
:10FC6000810080520D0000143FFC037101FBFF5422
:10FC70008DFEFF97E0FAFF35E10313AAE00313AA14
:10FC8000E3FEFF97D3FFFF1787FEFF9720FAFF35AC
:10FC90000200805221008052E00313AAA4FEFF97C5
:10FCA000CCFFFF17E2FF00397FFEFF9720F9FF35F9
:10FCB000E1FF0091E00313AAB4FEFF97A0F8FF351F
:10FCC0000200805201018052F4FFFF17E2FF003969
:10FCD00075FEFF97E0F7FF35E1FF0091E00313AAFF
:10FCE000AAFEFF9760F7FF35E10313AAE00313AA0A
:10FCF000C7FEFF97E0F6FF350200805201408052B8
:10FD0000E6FFFF1722008052D6FFFF17620000D0E7
:10FD1000610000D042D0189121FC1891B9FFFF1763
:10FD200020F7FF35F35341A9F51340F9FD7BC4A833
:10FD3000C0035FD6FFC302D1FD7B01A9FD43009143
:10FD4000F35302A9F40301AAF55B03A9F60300AA81
:10FD5000F76304A9F96B05A93A8000D1FB7306A9E2
:10FD6000FC0302AA1B1440B9021C40B920E042F96E
:10FD7000E03F00F920D845B9E08300B9E03F40F901
:10FD8000E28F102933DC45B938E045B9193840F91C
:10FD9000E4A300B920B45B39E07700B9E00301AA1D
:10FDA00029FFFF97F503002A600A0035E2835029F6
:10FDB0009F0300F1F7031B2A0418407AC100005486
:10FDC00042001B0BE00319AAE11F8052427C4093C2
:10FDD00080B4FF97E03F40F9030080520200805258
:10FDE0000100805294FEFF979C0100B46002180B42
:10FDF000E08700B9E0D34139060080520400805208
:10FE000000C03B8B2003008BE04B00F9E08340B93E
:10FE1000DF00006B2B080054E08B40B96004003415
:10FE2000400747B9E47E4093E17740B982E245B9A3
:10FE3000430B47B90200020B2000000B6304005182
:10FE4000E5D341399BDE42F9E59308A96300021B23
:10FE5000E1031BAAE20305AA20C3378BE38700B99D
:10FE600078B4FF97E38740B9E1031BAA420347B97F
:10FE70002043238B73B4FF97E59348A9400347B908
:10FE80006103008B6002180BE08700B9E08340B982
:10FE90009B00058B3B031B8B1C040051E08340B986
:10FEA000BF02006B6B080054E00316AA6100805289
:10FEB000B9FBFF97FF030039E2A340B92700805246
:10FEC000C11E40B906008052C51640B9040080D258
:10FED00080AA86B9A500010BE13F40F94003008BE1
:10FEE000233840F9013C5C39E03F40F96EFEFF9752
:10FEF000F503002AE003152AFD7B41A9F35342A92B
:10FF0000F55B43A9F76344A9F96B45A9FB7346A9BF
:10FF1000FFC30291C0035FD6E003042AFF02046B13
:10FF20000C040054E07740B9E303132A0000040BEB
:10FF3000627C4093E1031CAA20C3208BE24F00F9AE
:10FF4000E39B1429E4AF00B93EB4FF97E39B542927
:10FF5000E24F40F97F00136BE4AF40B99C03028B82
:10FF60006A010054E04B40F96202034BE1031CAA12
:10FF7000E6931429427C4093E24F00F931B4FF9795
:10FF8000E24F40F9E69354299C03028BE08740B985
:10FF9000C60400118400000B7B03004B9CFFFF177D
:10FFA0006102040BFF02016B63A29B1AE1FFFF17C2
:10FFB0009F03156BA1030054400347B96002000B77
:10FFC0001F00176B6B030054E27740B9E303182A54
:10FFD0000000020B627C409320C3208BE18B08A9B8
:10FFE000E39B00B917B4FF97E18B48A9E39B40B9A5
:10FFF0002100028B7F00186B0A0100540203034B9F
:020000022000DC
:10000000E0031BAA427C4093E18B08A90DB4FF9743
:10001000E18B48A92100028BE08740B9B5060011A9
:100020007302000B9EFFFF17E003132AE5FFFF1783
:100030000200180BE302004B5F00176B63C0981AB5
:10004000E5FFFF17E403022A23008052020080D25A
:1000500039FFFF17FF8302D1FD7B01A9FD4300910A
:10006000F35302A9F40300AAF55B03A9F60302AA5D
:10007000F76304A9388000D1F96B05A9FB7306A9C1
:10008000FB0301AA3CE042F9E47B00B91A1440B931
:1000900020D845B939B45B3933DC45B935E045B9C9
:1000A000E00F1029E00301AA973B40F966FEFF9795
:1000B000E07700B9E003002A6004003503008052B5
:1000C00002008052E0031CAA01008052DAFDFF9773
:1000D000E00314AA610080522FFBFF97811E40B9F4
:1000E00060AB86B947008052851640B90600805241
:1000F0000003008BFF030039A500010BE27B40B930
:10010000833B40F9040080D2013C5C39E0031CAA27
:10011000E5FDFF97400300341F14007100030054F5
:10012000810740F9400000F000CC3E91E10100B4AD
:10013000230840A9610040F9E6B8FF9780008012CB
:10014000E07700B9E07740B9FD7B41A9F35342A9BC
:10015000F55B43A9F76344A9F96B45A9FB7346A96D
:10016000FF830291C0035FD6620000B0610000B05F
:1001700042D0189121FC1891F0FFFF17F4031A2ABE
:10018000960100B46002150BE07B00B9201F40927D
:100190001C00805200C03A8B04008052E002008BA9
:1001A000E04700F9E08340B99F03006B4B0800541F
:1001B000E08740B980FCFF34000747B99A7E40933E
:1001C00062E345B97602150B010B47B90200020B39
:1001D0002003000B210400517CDF42F92100021BA7
:1001E000020347B9E0031CAAE102018B95B3FF9714
:1001F000221F4092E0031CAAE1C2348BE23F00F9C7
:1002000090B3FF97000347B9E603132AE23F40F992
:100210009C03008BE08340B9130080525A03028B89
:100220001B040051FA021A8BE08340B97F02006B75
:10023000AAF8FF547F021B6B41080054010347B921
:10024000C100010B3F00146B0B0800542100190B77
:10025000E303152A627C4093E0031CAAE1C2218BD0
:10026000E23F00F9E39B102976B3FF97E39B502907
:10027000E23F40F97F00156B9C03028B6A0100543A
:10028000A202034BE0031CAAE1031AAAE68700B905
:10029000427C4093E23F00F96AB3FF97E23F40F9A6
:1002A000E68740B99C03028B73060011C600160B4B
:1002B000DEFFFF17E103042A9F02046BAC03005426
:1002C0002103040BE303132A627C4093E00316AA84
:1002D000E1C2218BE24B00F9E313132959B3FF97D5
:1002E000E3135329E24B40F97F00136BD602028BD4
:1002F0006A010054E14740F96202034BE00316AA89
:10030000E49B00B9427C4093E24B00F94DB3FF9768
:10031000E24B40F9E49B40B9D602028BE07B40B946
:100320009C0700118400000B5A03004B9EFFFF172F
:100330006002040B9F02006B63A29A1AE3FFFF178F
:10034000E103062AC0FFFF172000150B8302014BB3
:100350001F00146B63C0951ABFFFFF17E403022A46
:1003600023008052020080D23BFFFF17FF8301D1A0
:10037000FD7B01A9FD430091F35302A9F40301AAF7
:10038000F55B03A9F60300AAE00301AAF76304A939
:10039000F70302AAF803032AF96B05A9F903042A53
:1003A00033E042F9A8FDFF97A007003581B65B391D
:1003B000958200D1C01640B92300805282B25B39C9
:1003C0004200000BE00313AA1BFDFF9778070034DF
:1003D000A0325C3981DE42F93A686078E00313AA02
:1003E000230080520220805201238052CEFBFF97CF
:1003F000C0000035614E40F9200C50B9003C00129D
:100400001A401A2A3A0C10B9E00316AAA100805229
:1004100061FAFF97C51640B9170700B460864139E5
:10042000000400D1FF0200EA81060054BF0840F238
:1004300041060054608A413900060034805642B9B2
:10044000C005A037B804003484DE42F92100805290
:10045000E1030039E30317AAE203192A27008052B7
:1004600080AA86B9A60247B9A002008B013C5C397C
:10047000E00313AA0CFDFF9720010034610640F948
:1004800060000090008C0491E10200B4230840A9B0
:10049000610040F90FB8FF9780008012FD7B41A9F1
:1004A000F35342A9F55B43A9F76344A9F96B45A946
:1004B000FF830191C0035FD6A20247B9E11F8052BA
:1004C000633A40F9FAFF9F52C01640B96000008BB2
:1004D000C0B2FF97C2FFFF17643A40F98440258BF2
:1004E000DBFFFF17620000B0610000B042D018913E
:1004F00021FC1891E8FFFF17D8000034A20247B989
:10050000603A40F981DE42F90040258BCDB2FF9779
:10051000C21640B9E10317AA603A40F9C9B2FF9781
:1005200041008052E00316AA1BFAFF9781AA86B900
:10053000A00247B9E203192AB502018B21008052BB
:10054000E10300392700805206008052040080D267
:10055000A13E5C39633A40F9C51640B9A500000BCD
:10056000E00313AAD0FCFF97CDFFFF17FD7BBDA9C9
:10057000FD030091F35301A9F40301AAF30300AAB8
:10058000F55B02A9F503022AE11F805296E242F9C7
:10059000021440B9C03A40F98EB2FF97E403152A1D
:1005A000E10314AAE00313AA23008052F35341A9E4
:1005B000C23A40F9F55B42A9FD7BC3A86CFFFF1767
:1005C000FD7BBBA9FD030091F35301A9F40301AA2C
:1005D000010DA052F51300F9F50302AAE13B00B9A1
:1005E000020DB052014C40F9F30300AAFF1B00F9C1
:1005F000221401B9E2030191014C40F93F3001B9E5
:10060000E1C3009106F9FF97E34B40B9430200357F
:10061000610640F96000009000640391210100B47C
:10062000230840A9610040F9AAB7FF97A00D8012E6
:10063000F35341A9F51340F9FD7BC5A8C0035FD66C
:10064000620000B0610000B042D0189121FC189106
:10065000F6FFFF174301A836604E40F9004044B949
:10066000A00200B9604E40F9004444B900080012ED
:100670008002003900008052EEFFFF17610640F94A
:100680006000009000000491C10000B4240840A95B
:10069000810040F98FB7FF9780008012E5FFFF17B8
:1006A000620000B0610000B042D0189121FC1891A6
:1006B000F9FFFF17FD7BBCA9FD030091F35301A9CE
:1006C000F403022AE2F30091F55B02A9F50301AA03
:1006D000E1EF009113E042F9FFEF0039E00313AAC4
:1006E000B8FFFF97C0000034E103002A400000F08B
:1006F00000A83D9177B7FF9783B1FF97602E40F92F
:100700000010403940030037967E02131601003472
:10071000625240F9000080D2410040F9A17A20F8ED
:1007200000040091DF02006B81FFFF54E03F40B9FD
:100730001F00146BC9010054603A40F981761E1203
:1007400082064092A1C2218B3EB2FF97E03F40B9A2
:10075000010080D2633A40F9007C0253625240F9B2
:100760000000164B3F0000EBA1000054F35341A9D9
:10077000F55B42A9FD7BC4A8C0035FD6440040B925
:10078000647821B821040091F7FFFF17FD7BBEA913
:10079000FD030091F30B00F913E042F9618E40B9BB
:1007A00061010035612242393F400271000200546C
:1007B0003FB00371000200543FB8037182008052C1
:1007C00042049F1A613A40F9BBFFFF97618E40B91E
:1007D000603A40F90048613821040011618E00B987
:1007E000F30B40F9FD7BC2A8C0035FD60201805223
:1007F000F5FFFF1702408052F3FFFF17FD7BBCA9F6
:10080000FD030091F35301A9F403022AE2F30091DE
:10081000F55B02A9F50301AAE1EF009113E042F9AB
:10082000FFEF0039E00313AA66FFFF97C000003412
:10083000E103002A400000F000A83D9125B7FF9792
:1008400031B1FF97602E40F9001040394003003766
:10085000967E021316010034615240F9000080D2E6
:10086000A27A60F800040091220000F9DF02006B18
:1008700081FFFF54E03F40B91F00146BC9010054D1
:10088000603A40F981761E1282064092A1C2218B05
:10089000ECB1FF97E03F40B9010080D2633A40F9E4
:1008A000007C0253625240F90000164B3F0000EBFF
:1008B000A1000054F35341A9F55B42A9FD7BC4A8F4
:1008C000C0035FD6647861B821040091440000B988
:1008D000F7FFFF17FD7BBEA922008052FD030091A8
:1008E000E17F0039E17F0091C5FFFF97FD7BC2A842
:1008F000C0035FD6FFC301D1FD7B01A9FD43009179
:10090000F35302A9F30300AAF40301AAF55B03A9B8
:10091000E00301AAF76304A9F96B05A9F903032A07
:10092000FA03042AFB3300F9FB0302AA36E042F97A
:1009300045FCFF97F503002A0011003581B65B39AD
:1009400023008052601640B9988200D182B25B3990
:100950004200000BE00316AAB7FBFF97681640B9E8
:100960001B0900B4C0864139000400D17F0300EAAE
:10097000810800541F0940F241080054C08A4139DF
:1009800000080034805642B9C007A037590300342C
:1009900088DE42F9A1008052E00313AAFEF8FF9717
:1009A00021008052E1030039E40308AAE3031BAAF3
:1009B00080AA86B9E2031A2A651640B94700805218
:1009C0000003008B060347B9013C5C39E00316AA1B
:1009D000B5FBFF971F180071080B0054410000D0B1
:1009E00021C0209121486038600000100188218BCF
:1009F00020001FD6C03A40F90840288BE6FFFF17B9
:100A0000602641B93500805200040011602601B90A
:100A1000590A003496E242F9E00313AA8100805299
:100A200097DE42F9DCF8FF97E00316AA0300805234
:100A300002008052010080527FFBFF97FF030039C4
:100A4000E2031A2A4700805280AA86B90600805223
:100A5000651E40B9040080D20003008BC33A40F900
:100A6000013C5C39E00316AA8FFBFF972009003494
:100A7000400000F0006C3E91C10640F932000014C5
:100A800041008052E00313AAC3F8FF97E703012A4D
:100A900080AA86B923008052020347B9060080521B
:100AA0000003008B651640B9E3030039040080D2CF
:100AB000A500020BE2031A2A013C5C39E00316AAE6
:100AC000C33A40F978FBFF97F703002A621640B952
:100AD000E0031BAAC13A40F95AB1FF97B9060034A6
:100AE000C13A40F9601640B9621E40B92100008B3E
:100AF00080DE42F953B1FF97FF1A0071E8010054FC
:100B0000400000D000E020910048773877000010C6
:100B1000E08A208B00001FD6C02A40F9612241B92B
:100B2000002040B9002442D3F503002A2000000B26
:100B3000602201B9B7FFFF17C10640F9400000F07D
:100B400000083E91C10100B4230840A9610040F9AA
:100B5000950080125FB6FF97E003152AFD7B41A93F
:100B6000F35342A9F55B43A9F76344A9F96B45A97F
:100B7000FB3340F9FFC30191C0035FD6620000B0B0
:100B8000610000B042D0189121FC1891F1FFFF17CD
:100B900002375C39C13A40F900335C39E002008B1E
:100BA00028B1FF97EDFFFF1715008052EBFFFF17ED
:100BB000FF1A007128FCFF54400000D00000219172
:100BC0000048773877000010E08A208B00001FD69D
:100BD00025E042F9E403022A23008052A23840F9BA
:100BE00045FFFF17206C1C5301018052001C0011AF
:100BF000000CC11A0004001100781F12C0035FD658
:100C0000E0018052207C001B01018052001C001179
:100C1000000CC11A0004001100781F12C0035FD637
:100C2000C0018052207C001B01018052001C001179
:100C3000000CC11A0004001100781F12C0035FD617
:100C4000A0018052207C001B01018052001C001179
:100C5000000CC11A0004001100781F12C0035FD6F7
:100C6000FD7BB4A9FD030091F35301A9F40300AA8D
:100C7000F55B02A9F76303A9F96B04A9FB7305A946
:100C80006BC1FF97F45300B4F30300AA400000B017
:100C90007602059101008052002843F9740600F99C
:100CA000602E00F9E20316AAE00314AA9BBBFF978B
:100CB000F503002A20020035E00316AA68BCFF975E
:100CC00001980011F503002A3F980071C8000054F4
:100CD00020008092E07FBFF2E0F7DFF20028C19AA7
:100CE000C0010036800A40A9010040F9400000F030
:100CF000001C3491F7B5FF97E003152AF35341A97F
:100D0000F55B42A9F76343A9F96B44A9FB7345A9B5
:100D1000FD7BCCA8C0035FD6E00316AA81BBFF977A
:100D2000606A01B975420091E20315AAE00314AAB2
:100D300021008052261B009460000035E00315AAB4
:100D4000871B009475C20091E00314AAE20315AA60
:100D5000010080521E1B009460000035E00315AABC
:100D60007F1B0094804A40F9790000D0394B1691DE
:100D7000E2230291E10319AA0AC7FF97F503002AAB
:100D8000C0FBFF35E04740F9604E00F9E2230291D5
:100D9000410000F0804A40F92198349101C7FF9743
:100DA000F503002AA0FAFF35E04740F960020AA9DE
:100DB000410000F0801A40F9E2F3019121AC349136
:100DC000004840F9E8C5FF9760000034C05B8252DC
:100DD000E07F00B9E07F40B9010880D2606E01B9C0
:100DE000E00301AAC393FF97602A00F9603600F977
:100DF000C04800B400008852607A00B901008052F7
:100E0000000088D2C6AFFF97603A00F9604700B48F
:100E1000E00313AA03008052024080520123805253
:100E200041F9FF97F503002A00050035604E40F9AF
:100E30002300805284008052010048B96192013938
:100E40001F3404B901008012604E40F91F3804B904
:100E5000604E40F9011001B9614E40F9200448B9D3
:100E6000026458D31F006BF26220C21A62820139F9
:100E7000020180524210841A6286013940005036C5
:100E8000638A01391F0405726000005420008052FB
:100E9000608E0139204448B9005C50D36042063965
:100EA0001F0C007168020054610640F9400000F018
:100EB00000FC3491410100B4230840A9610040F9CD
:100EC00084B5FF9795008012603A40F93E91FF97F4
:100ED000602A40F93C91FF9788FFFF17620000B03D
:100EE000610000B042D0189121FC1891F5FFFF1766
:100EF000203848B9021C001262CE00B9023C48D327
:100F000062D200B9025C50D3007C185362821A2965
:100F1000203C48B9021C001262DE00B9023C48D3F2
:100F200062E200B9025C50D3007C185362821C2933
:100F300062B20391204048B961320391E40301AAEF
:100F4000033C001263F200B9007C1053600A01B93F
:100F5000254440B8BF000071B506951A5F0001EB4B
:100F600081FFFF54628204917F000071647E00F96A
:100F7000E1079F1A750201B9410800B9648A00F9B6
:100F8000751A01B96000003421040011410800B94C
:100F90007F00006B63A0801A60C20391609200F929
:100FA0007F00107140030054AC0100547F000471B5
:100FB000400800547F00087160080054610640F941
:100FC000400000F000D83591810100B4240840A908
:100FD000810040F93FB5FF97BBFFFF177F002071ED
:100FE000800700547F044071A1FEFF540000009070
:100FF00000902F9108000014620000B0610000B062
:1010000042D0189121FC1891F3FFFF17E0FFFFF089
:1010100000803091400800F923008052E00313AAB9
:101020000123805202208052BFF8FF97F503002A67
:1010300000360035614E40F9200850B9007817128B
:10104000200810B90000801260420239600640F9A1
:1010500074824139164840F9400A40F9E103162AE2
:1010600032ACFF97E303002A9F02006B4A0400544E
:10107000610640F9400000D000A03691010300B4A1
:10108000250840A9E403142AA10040F9B502801202
:1010900010B5FF97610640F9400000D000A03C91D8
:1010A000C13100B4240840A9E303152A810040F9A6
:1010B00008B5FF9785FFFF17E0FFFFB000102791ED
:1010C000D5FFFF17E0FFFFF000003191D2FFFF17BF
:1010D000E0FFFFF000003091CFFFFF1762000090AB
:1010E00061000090E403142A42D0189121FC189169
:1010F000E7FFFF17400A40F9E103162A1C4080521F
:101100003B0080D21C02A07228A7FF971F0000712D
:1011100000A09F5A177C4093FF0600B14101005484
:10112000603A40F9A890FF97607A40B90100905268
:10113000FBAEFF97603A00F900DEFFB57501801243
:1011400062FFFF17E2030291E10319AAE00317AA65
:10115000B9C5FF97E02D00B4E38380B963FC42D3A7
:10116000E38300B97F0000710C020054610640F96E
:10117000400000D000583791E10000B4240840A995
:10118000810040F9B6028012D2B4FF97F503162A07
:10119000C1FFFF17620000906100009042D01891DB
:1011A00021FC1891F8FFFF17607C409301009052DA
:1011B00000401C91DAAEFF97F80300AAE00100B5E9
:1011C000610640F9400000D000EC3791C10000B446
:1011D000230840A9610040F976018012BDB4FF9751
:1011E000EBFFFF17620000906100009042D0189161
:1011F00021FC1891F9FFFF1705381C917AE205913F
:10120000E08340B9140080D200A31B39E08340B9C9
:101210001F00146B4C06005417EB00F91483009167
:1012200093E202F9020080D221008052600640F968
:1012300080A600F9805642B900000D32805602B9EE
:10124000E0FFFFD000800B9180F200F9E0FFFFD0BB
:1012500000402E91800601F9E0FFFFD000701F9141
:10126000800201F9E0FFFFF000301E9180DE00F9FE
:10127000E0FFFFF00050239180E600F9E0FFFFD08F
:1012800000302091800A01F9E0FFFFF000D01A91B0
:1012900080EE00F9E0FFFFF000F01F9180EA00F916
:1012A000E0FFFFB000803A91802601F9E00314AA24
:1012B00077EFFF97F603002A60090034610640F9D2
:1012C000400000D000703A91A11E00B4230840A94C
:1012D000610040F97FB4FF971F000014E3130291EF
:1012E000E203142AE10319AAE00317AAE53700F97B
:1012F00081C4FF97F603002AE53740F94001003426
:10130000610640F9400000D000943891A11D00B45E
:10131000240840A9E303162A810040F96DB4FF9721
:101320000D00001464824139E38740B99F00036BCC
:1013300028020054610640F9400000D00044399171
:10134000010100B4250840A9A10040F961B4FF974C
:10135000B6028012E00318AA1B90FF978CFFFF17BC
:10136000620000906100009042D0189121FC189119
:10137000F7FFFF1722423BD5DF4303D56123C39A12
:10138000637C0613637C7D93406B63F8240000AAA2
:10139000446B23F822421BD5E38740B994060091A1
:1013A0003F0000EAC0010054610640F9400000D04F
:1013B00000F43991A10000B4240840A9810040F94B
:1013C00044B4FF97E3FFFF176200009061000090B4
:1013D00042D0189121FC1891FAFFFF17A368343806
:1013E0008BFFFF17805642B99AE242F96001083636
:1013F000E0031AAA23008052022080520123805267
:10140000C9F7FF9780190035414F40F9200850B9BE
:1014100000001832200810B9805642B9815A42B9EA
:1014200000001C2A805602B9809642B921040F326E
:10143000815A02B96100805200781F1281D205B929
:1014400000331C394000805200371C3980DE45B91A
:1014500096E242F9821E40B9D682049142080051B8
:101460006002003480EA45B920020034E10316AA84
:10147000E00314AA09F0FF97F603002A00030034E2
:10148000410740F9400000D000003B91810600B4C4
:10149000230840A9610040F90EB4FF97400000D036
:1014A00000843B91610640F988FFFF1780F645B93B
:1014B000A0000836E10316AAE00314AAC7F0FF97BC
:1014C000EEFFFF17E10316AAE00314AAE26B00B9CE
:1014D00050F0FF97E26B40B9E0FEFF3580DE45B982
:1014E000000707B9811640B92108C01A010B07B9D6
:1014F00080E245B9831E40B9217C001B6200014B8C
:10150000020307B9404346391F00026B0090821A5C
:1015100002375C39000307B94100010B2100000BC1
:101520007F00016B6200005400100051000307B9F6
:1015300082A2573941330391000080D2237860B8EA
:101540007F00026BA00E0054000400911F2000F1E8
:1015500061FFFF54B6028012D1FFFF1762000090B6
:101560006100009042D0189121FC1891CBFFFF1729
:10157000013B5C39E0031AAA94F5FF9780EA45B96C
:10158000424F40F9001C0012412844B921001F328B
:10159000412804B9414F40F9202C04B980F645B9DF
:1015A000811E40B900001E3280F605B9E0FFFFF051
:1015B00000D02391801A03F9E0FFFFF00050019161
:1015C000801203F9E0FFFFF000B00D91802603F9CF
:1015D000E0FFFFD000D03491801603F9E0FFFFF068
:1015E00000402F91803203F9E0FFFFF000B0159129
:1015F000803603F9E0FFFFF000700D91802E03F9B3
:10160000E0FFFFF000100191802A03F9E0FFFFD016
:1016100000401691800E01F9801640B90000010BC0
:10162000417B40B91F00016B49000054407B00B969
:101630004000009000A01991802600F9E0F65FF0CC
:1016400001F01991010F03F9020346B9027C06B9B2
:10165000E00314AACAF0FF97F603002A80010035C0
:10166000E10314AA17DBFF97F603002A20020035D6
:10167000400A40F9E103172AD9A5FF971F0000711E
:1016800000A09F5A177C4093A4FEFF17400000D093
:10169000000C3C91610640F90CFFFF1762000090BE
:1016A0006100009042D0189121FC18910AFFFF17A9
:1016B000400000D000A03C91610640F914FFFF17E4
:1016C0006200009061000090E303162A42D0189156
:1016D00021FC189112FFFF1762000090610000903A
:1016E000E303152A42D0189121FC189171FEFF17CF
:1016F000B50D8012F5FDFF1775018012F5FDFF177E
:10170000B50280127DFDFF17750180127BFDFF176A
:10171000560280129EFEFF17003B1C3923008052A8
:10172000E0031AAA0220805201238052FEF6FF979E
:1017300000F2FF34B60D801259FFFF17FD7BBEA9E2
:10174000C10000B060098052FD030091E263009186
:1017500021E024915CC2FF971F0000710418533AE6
:10176000A0000054E103002A400000D000642D9145
:1017700058B3FF97FD7BC2A8C0035FD6000080521C
:10178000C0035FD6040040F9843440F9840040F976
:10179000F00304AA00021FD6FD7BBAA9E403012AC4
:1017A000FD030091F55B02A9F503022AF603032A63
:1017B000620000B0E303002A42681791F35301A9C5
:1017C000F403012AC10380D2F303002AE00301914C
:1017D000EFB2FF97E0030191EBADFF97640000B01B
:1017E000E50300AAE7C30091E6E3009184A81791FE
:1017F000E303162AE203152AE103142AE003132A5D
:10180000FB07009400010035E01B40F9000040F99F
:101810008ABEFF97F35341A9F55B42A9FD7BC6A899
:10182000C0035FD6000080D2FBFFFF17FD7BBCA981
:10183000FD030091F35301A9F303012AF40302AA63
:10184000F51300F9F50303AA7CBEFF97054440F9A0
:10185000E40315AAE3E30091E20314AAE103132AC7
:10186000A0003FD6F35341A9F51340F9FD7BC4A86E
:10187000C0035FD6FD7BBCA9FD030091F35301A912
:10188000F303012AF40302AAF51300F9F50303AAEE
:101890006ABEFF97054040F9E40315AAE3E300910F
:1018A000E20314AAE103132AA0003FD6F35341A98F
:1018B000F51340F9FD7BC4A8C0035FD6FD7BBDA92D
:1018C000FD030091F35301A9F30300AAF51300F9F6
:1018D0005DBEFF97F40300AAE00313AA57BEFF976B
:1018E000135019A9540100B553028012600000B0D2
:1018F00000E01791F7B2FF97E003132AF35341A9D1
:10190000F51340F9FD7BC3A8C0035FD6F50300AA19
:10191000E00314AA72070094F303002AE0FEFF35E7
:10192000E00315AAB3000094F303002A80000035F9
:10193000E00315AAFE010094F303002AE00314AAB1
:1019400069070094EDFFFF17FD7BBFA9FD03009120
:101950003ABEFF97FD7BC1A8F3010014FD7BB7A938
:10196000FD030091F35301A9F303012AF51300F9D4
:10197000F50302AA31BEFF97011040B9C10200343D
:10198000F40300AA600AC11A00CC011B4002003512
:10199000E103012AA00AC19A00D4019BC00100B54D
:1019A000020B80D201008052E0E3009189ADFF97E5
:1019B000823A40F9F35704A9E1E30091E00314AA45
:1019C00040003FD6F35341A9F51340F9FD7BC9A868
:1019D000C0035FD6A0028012FBFFFF17FD7BBFA9EB
:1019E000FD03009115BEFF97D201009400008052C4
:1019F000FD7BC1A8C0035FD660418012C0035FD6E3
:101A000060418012C0035FD6FD7BB6A9FD03009143
:101A1000F35301A9F30302AAF47F40B2F55B02A9D4
:101A20003500805236008052F76303A9F80301AAFB
:101A3000F96B04A9F90304AAFB2B00F9FB0303AA21
:101A4000179C40F9330100B500008052F35341A9BF
:101A5000F55B42A9F76343A9F96B44A9FB2B40F955
:101A6000FD7BCAA8C0035FD6E2BE41B9FA0313AA40
:101A7000E0DA4639FFFF06A9417C1053E0DB00792C
:101A8000E0D24639E0C30139E0DE4639E1A7013949
:101A9000413C48D3F8FF07A9007C011BFF4700F930
:101AA000F5A30139E1C70139007C0313E0030239D2
:101AB000E1070239E2230239F68F00B9FF6709A96D
:101AC0005F0314EB4093949AE09300B9E0CE40F9A1
:101AD000E1A30191000F0094A0010034057C409324
:101AE000E003052ABF000071050300340BFBFF541F
:101AF000610340F939C3258B18C3258B73C225CBED
:101B000021C0258B610300F9CFFFFF17E0CE40F91C
:101B1000E1A30191860E009420FEFF35E13F40F9DC
:101B2000E09340B92100008BE13F00F9E14F40F91B
:101B30005A0300EB2100008BE14F00F921FCFF5418
:101B4000E50313AAE7FFFF1780008012C0FFFF170D
:101B5000FD7BBBA9211C001224208052FD030091B3
:101B600000CC40F9FFFF01A9E13B00792100805240
:101B7000FFFF03A9E1E3003921008052E43300793B
:101B8000FFFF02A9E13F00B9E1630091E34300B91F
:101B9000E22700F9660E0094FD7BC5A8C0035FD65E
:101BA000FD7BBBA9211C001224208052FD03009163
:101BB00000CC40F9FFFF01A9E13B007921008052F0
:101BC000FFFF03A9E1E3003941008052E4330079CB
:101BD000FFFF02A9E13F00B9E1630091E34300B9CF
:101BE000E22700F9520E0094FD7BC5A8C0035FD622
:101BF000FD7BADA9222080522200A072FD0300913E
:101C0000F35301A9C3008052F30300AAF55B02A9B4
:101C1000F71B00F902BC01B9222080D22200A0F2F9
:101C200001CC40F92220C0F22200E0F202E000F9EB
:101C300062008052210C40B93F0073F26110805263
:101C40003510821AE2430191010C8012C1FFFF9707
:101C50002016F836147C40939F0640B12814005497
:101C600020008052E06700B960008052E0AB01398B
:101C700020208052FFD300792000A072E06F00B9CD
:101C8000811640B94102183762008052E26700B9FC
:101C900002008152E2E3007962018052E2CB013915
:101CA000E07700B9800240391FD000710101005473
:101CB0008006403900A80051001C00121F0400716A
:101CC0006800005400018052E0C3013961013036E0
:101CD000E06740B900001932E06700B900008152A6
:101CE000E0430179600D8052E08B02398020805200
:101CF0002000A072E0A700B9600000B00090199128
:101D0000601E00F960CA40F960A600F960008052C8
:101D10006002003920008052601600B900808152B4
:101D2000600600B9739E00F9801A4079810A40B9B3
:101D3000017C011B610600F9618A02B90100009073
:101D400021E02791613A00F90100009021202891BB
:101D5000614200F90100009021002891614600F9DC
:101D6000801640B98000383660CE41B9000000329C
:101D700060CE01B9801640B98000703660CE41B99E
:101D800000001B3260CE01B9801640B980001836C1
:101D9000E06740B900781E12E06700B9E06740B91B
:101DA000E2630191E3670191A102000A200441D39B
:101DB0003F0079F2E10080520000811AE16B01914D
:101DC000007C40930008009100F07DD321686038CA
:101DD00061DA0639E173019142686038216860B8C0
:101DE0006068603861BE01B9211C00124000000B20
:101DF00060DE06393F100071410E00548002403908
:101E00001F800071E00D00541FB00071A00D005440
:101E1000E2230191E00313AA23008052A10680521D
:101E20004CFFFF97C00BF837E0234139A00C08376F
:101E300000001F32E21F019123008052A100805256
:101E4000E0270139E00313AA42FFFF97800AF83721
:101E5000E01F413903008052020080D2C10080524D
:101E6000E0230139E00313AA4EFFFF97E22301911B
:101E7000E00313AA430080522100805249FFFF97DC
:101E8000E008F837000080D2C4ACFF97F50300AA41
:101E9000F78793D2E00315AAC0ACFF971F0017EB9A
:101EA0000904005461CA40F9600000B000B81991FB
:101EB000E10700B4230840A9610040F985B1FF970C
:101EC000A00D801208000014821A4039620100350A
:101ED00094620091800A40B980FFFF35740F8092B0
:101EE000E003142AF35341A9F55B42A9F71B40F91B
:101EF000FD7BD3A8C0035FD6421C4092E143019111
:101F0000E00314AA82ACFF9740FEFF35B4FEFFB495
:101F100052FFFF17540000B094222991EEFFFF17E3
:101F2000E21F0191E00313AA23008052A100805216
:101F300008FFFF9780FDFF3760CE41B9F61F41399A
:101F4000F603362A00030036E21F0191E00313AACC
:101F500023008052010E8052FEFEFF9740FCFF37A7
:101F6000E11F4139210019123F000071E0079F1A5B
:101F7000DF02006A00F9FF54E21F0191E00313AA97
:101F800023008052A1068052F2FEFF978000F837AE
:101F9000E01F41394000003440010837A0028012A0
:101FA000D1FFFF1721008052F0FFFF176200009061
:101FB0006100009042D0189121FC1891C0FFFF17DA
:101FC00060D2463920030035802240796000003419
:101FD00060D2063915000014610640F90020A0D235
:101FE0003F0000EBA90300548000805260D2063904
:101FF000800240391F04007160000054801640B90F
:102000004001583661DA463960000090006019914D
:10201000020080D2030040397F00016B410100546F
:102020000104403961DA063960D246391F10007167
:1020300068FBFF5474D200F9400100540000805244
:10204000A9FFFF1742040091000800915F1800F1FA
:1020500021FEFF54F4FFFF1760008052DDFFFF17E1
:10206000800240391F040071A0FEFF54801640B961
:1020700060FE5F3760CE41B980003036600000906E
:1020800000401A9113B1FF9760D240F90000403927
:102090001FB0007140020054280100541F800071DD
:1020A000E0010054E00F8012624207912300805249
:1020B000E102805260420739180000141F080371C2
:1020C000A00000541FBC0371600000541F74027113
:1020D000A1FEFF5414008052070000143400805207
:1020E000E00313AA03008052020080D2C100805294
:1020F000ACFEFF97E00313AA03008052020080D2D7
:1021000001098012A7FEFF97B4F9FF340300805243
:10211000020080D281008052E00313AAA1FEFF9743
:10212000C7FFFF1760418012C0035FD6C2D7FF17F9
:102130005DD7FF17200300B4FD7BBEA9FD0300910E
:10214000F30B00F9F30300AA000040F9200100B4EA
:102150003ABCFF97E20300AA010040F9204000D1F9
:10216000E10300AA230C41F85F0001EBA100005439
:10217000000080D2F30B40F9FD7BC2A8C0035FD6FC
:10218000040040F9610640F99F0001EB40FFFF5455
:10219000604000D1F3FFFF17000080D2C0035FD67C
:1021A000FD7BBFA9FD03009124BCFF97000000A99F
:1021B00000008052FD7BC1A8C0035FD6FD7BBEA995
:1021C000FD030091F35301A91CBCFF97F40300AA7F
:1021D000000040F913045FF8734200D10140009100
:1021E0009F0201EBA100005400008052F35341A96B
:1021F000FD7BC2A8C0035FD6738CFF97610A40F9CC
:10220000E00313AA334000D1F5FFFF17FD7BB7A908
:10221000E403012A03008052FD030091F35301A956
:10222000E5030191F30302AAF51300F9410000D080
:102230005F0000F921983791420000D0426C37913D
:102240004FC1FF97F403002A80070035E12340F9CE
:10225000E2E30091200B805202C0FF97E0020034BD
:10226000E02340F927C1FF97E10300AAE2E30091D0
:10227000200B8052FBBFFF9780080035E04B40B930
:10228000E1030191E203002A21C8208B211000D133
:102290005F000071CC05005400040011E04B00B950
:1022A000E02340F90200801261000090214816915D
:1022B000B0C0FF97E04F00B9E01F40F9600200F99D
:1022C000000040F9003440F9020040F9820400B4F3
:1022D000E1030191E00313AA40003FD64005003519
:1022E000D30200B4600240F9800200B4E00313AAF4
:1022F00091FFFF97200200B5600240F9CFBBFF9726
:10230000F50300AA01009052000580D284AAFF972D
:10231000E10300AAE00300B4600640F9207C00A9B4
:10232000204000913F1000F9A20240F9400400F95A
:10233000225401A9A00200F9E003142AF35341A991
:10234000F51340F9FD7BC9A8C0035FD6230C40B943
:1023500042040051231000B9CDFFFF17E04B40B9F4
:102360001F040071EC00005480000034E04F40B9BD
:10237000600600F9DBFFFF177F0600F9D9FFFF17A2
:10238000A00280127F0200F9F403002AEBFFFF177E
:1023900060018012FCFFFF17004840F99CFFFF1707
:1023A000FD7BBEA9FD030091F35301A9F30300AA2D
:1023B000F40302AA5F0000F9E20301AA410000F061
:1023C00021083991004840F9DDC0FF97E000F83757
:1023D000E103002AE20314AAE00313AAF35341A97C
:1023E000FD7BC2A8EDFFFF17F35341A9FD7BC2A8F7
:1023F000C0035FD6FD7BBDA9FD030091F35301A986
:10240000F51300F9600100B4010040F9F40300AADB
:10241000010100B448FFFF97F50300AA000C40B982
:102420001F000071AD00005400040011A00E00B99F
:102430001300805214000014800240F9000040F99B
:10244000003440F9010440F9610300B4E00314AA28
:1024500020003FD6F303002AE0020034810240F955
:10246000400000D000AC3791810100B4230440F952
:10247000E403132A210040F9E20303AA210040F9F2
:1024800014B0FF97E003132AF35341A9F51340F961
:10249000FD7BC3A8C0035FD6420000F0E403132A0B
:1024A00042D01891230440F9410000F021FC18911A
:1024B000F4FFFF1720008052DDFFFF17200100B45A
:1024C000020040F9E20000B4420040F9423440F911
:1024D000421840F9620000B4F00302AA00021FD6BD
:1024E00000008052C0035FD6FD7BBFA9FD030091B1
:1024F000000040F94EBBFF97010840F9A10000B46D
:10250000FD7BC1A80040009121008052E4C2FF176A
:1025100000008052FD7BC1A8C0035FD6FD7BBEA931
:10252000FD030091F35301A9000040F940BBFF9760
:10253000F40300AA57B6FF97F303002A40010035C1
:10254000810A40F980420091E10000B4010080520C
:10255000D3C2FF97F303002A60000034E00314AAFB
:10256000BEB6FF97E003132AF35341A9FD7BC2A82F
:10257000C0035FD6FD7BBDA9FD030091F35301A904
:10258000F40300AAF51300F929BBFF97F50300AA8D
:10259000E10300AAE00314AA7CB6FF978002F83694
:1025A000F303002A400000F0009C2E91540100B477
:1025B000810A40A9E303132A210040F9C5AFFF9720
:1025C000E003132AF35341A9F51340F9FD7BC3A897
:1025D000C0035FD6420000F0410000F0E303132A7D
:1025E00042D0189121FC1891F5FFFF17A3420091EA
:1025F000E00314AA4400805202008052410000F01F
:1026000021142F915EC3FF97F303002A1F080031A6
:1026100081FDFF5413008052EAFFFF17E30300AA75
:10262000020080D200008052880180D2671040B939
:10263000FF00026B48000054C0035FD6447C089B37
:10264000660C40F9C500048BC46864B89F00016B38
:1026500081000054A49840298420C61A0000042A4E
:1026600042040091F3FFFF1700008052C0035FD6C1
:1026700000008052C0035FD6FD7BBBA9FD03009123
:10268000F55B02A9F60300AAF35301A9F76303A9B6
:10269000F96B04A9DDBAFF97F50300AAC04A40F917
:1026A00022008052410000D021800E91B1BFFF97DF
:1026B000A00200B901008052E00316AA88BBFF9770
:1026C000A00600F9A2820091E00316AA610000D0E2
:1026D00021E82791E7140094F703002AC000003492
:1026E000C10640F9E203002A400000F000303991B1
:1026F00078AFFF97DA9240B954000090590A40F938
:1027000094E20B91130080D21800805260EE7CD3CB
:10271000E1031A2A030080D273060091026874F85C
:10272000E00319AA07A3FF971F0000F11807981AE2
:102730007F9200F1C1FEFF54F80300348001805203
:1027400001009052007FA09B75A9FF97A00E00F991
:10275000F30300AAE00300B4B81200B9580A40F924
:10276000D99240B916008052820240F9E103192A39
:10277000E00318AA030080D2F2A2FF97200100B460
:10278000810A40B97332009161421FB8000040B91C
:102790000008C05A60821FB8800E40B960C21FB8DE
:1027A000A01240B9D606001194420091DF02006BDE
:1027B000C3FDFF54E003172AF35341A9F55B42A977
:1027C000F76343A9F96B44A9FD7BC5A8C0035FD695
:1027D00077018012F8FFFF17FD7BBEA9FD03009172
:1027E000F35301A9F30300AA000080D26BAAFF975C
:1027F000F40300AA602642B9BF3F03D52001803709
:10280000E00314AA65AAFF971F2800F1A80000544E
:10281000200080D29AAAFF97EA8DFF97F6FFFF1754
:10282000BF3F03D500608052602A02B9BF3F03D585
:1028300001408052612A02B9BF3F03D5602A02B924
:10284000BF3F03D57F2E02B9BF3F03D52020805262
:10285000C001A072602E02B9000080D24FAAFF977B
:10286000F40300AA602E42B9BF3F03D52001083708
:10287000E00314AA49AAFF971F2800F1A8000054FA
:10288000200080D27EAAFF97CE8DFF97F6FFFF171C
:10289000602640B9BF3F03D500781F12BF3F03D564
:1028A000602600B9602640B9BF3F03D500001D3245
:1028B000BF3F03D5602600B9602640B9BF3F03D5AE
:1028C00000000032BF3F03D5602600B9602640B942
:1028D000BF3F03D500041132BF3F03D5602600B9C6
:1028E000000080D22DAAFF97F40300AA602640B909
:1028F000BF3F03D520010837E00314AA27AAFF979A
:102900001F2800F1A8000054200080D25CAAFF9785
:10291000AC8DFF97F6FFFF17BF3F03D5A020805275
:10292000C001A072602E02B9BF3F03D50000801223
:10293000603602B9F35341A9FD7BC2A8C0035FD63C
:10294000BF3F03D5601000B9601440B9BF3F03D545
:102950000200220A4100012ABF3F03D5611400B9D9
:10296000C0035FD6FD7BBDA9FD030091F35301A910
:10297000F51300F9000040F924BAFF971580009183
:10298000F40300AAE00315AA5A1400946001F83673
:10299000F303002A400000D0E103132A00E00D9168
:1029A000CCAEFF97E003132AF35341A9F51340F986
:1029B000FD7BC3A8C0035FD6E00315AA681400948A
:1029C000F303002A80FEFF37950240B9BF0600716D
:1029D000C10F0054BF3F03D57E76FF9715FC00B9A9
:1029E0007F76FF97134440B9BF3F03D573760E122D
:1029F000BF3F03D57A76FF97134400B9BF3F03D595
:102A0000003284D261068052201AA2F2010000B97D
:102A1000930640F9BF3F03D5750200B9000080D28C
:102A2000DEA9FF97F40300AA600240B9BF3F03D5B7
:102A300020010036E00314AAD8A9FF971F2800F14F
:102A4000A8000054200080D20DAAFF975D8DFF974B
:102A5000F6FFFF17602640B9BF3F03D500781F126D
:102A6000BF3F03D5602600B9E30313AA020FA052AB
:102A700080008452E103022AB2FFFF9702088052CD
:102A800001088052823FB2728134B07200018452D8
:102A9000ACFFFF97E21F805281008052021EA0729D
:102AA0000114A07280018452A6FFFF970140995241
:102AB000020080124119A07200028452A1FFFF9708
:102AC000027E805201008052001084529DFFFF97C9
:102AD000602640B9BF3F03D500000032BF3F03D599
:102AE000602600B9000080D2ACA9FF97F40300AAC9
:102AF000602640B9BF3F03D520010837E00314AA80
:102B0000A6A9FF971F2800F1A8000054200080D23A
:102B1000DBA9FF972B8DFF97F6FFFF17BF3F03D56C
:102B200000008452601200B9611640B9BF3F03D55E
:102B3000E2008052214C1D1224008052E30313AAAC
:102B400002E0B7720400A5722100042A7DFFFF97FE
:102B5000602640B9BF3F03D5810190522100A07289
:102B60000000012ABF3F03D5602600B9602A40B9A2
:102B7000BF3F03D5006C0C12BF3F03D5602A00B9DC
:102B8000604240B9BF3F03D5000C10122120805293
:102B90000000012ABF3F03D5604200B9601E40B962
:102BA000BF3F03D500A80B122101A0520000012A4B
:102BB000BF3F03D5601C00B913008052E00303AA95
:102BC00006FFFF9778FFFF17BF020071B302801264
:102BD000F303931A74FFFF17FD7BBDA9FD0300915A
:102BE000F35301A9F51300F9000040F987B9FF97E5
:102BF000F40300AA130440F9612640B9BF3F03D58E
:102C000021781F12BF3F03D5612600B9810084528D
:102C100083FEFF97E203002AE30313AAE103002ADD
:102C20008000845247FFFF97E00314AA01018452F9
:102C30007BFEFF97E103002AE30313AA02088052F8
:102C4000823FB272000184523EFFFF97E00314AA54
:102C50008101845272FEFF97E103002AE30313AA65
:102C6000E21F8052021EA0728001845235FFFF973E
:102C7000E00314AA0102845269FEFF97E103002ACF
:102C8000E30313AA02008012000284522DFFFF9773
:102C9000602640B9BF3F03D500000032BF3F03D5D7
:102CA000602600B9000080D23CA9FF97F50300AA76
:102CB000602640B9BF3F03D520010837E00315AABD
:102CC00036A9FF971F2800F1A8000054200080D2E9
:102CD0006BA9FF97BB8CFF97F6FFFF17BF3F03D58C
:102CE00009008452691200B96A1640B9BF3F03D582
:102CF000E103092AE00314AA49FEFF974A4D1D1279
:102D0000E20080524101002AE30313AAE003092AEA
:102D100002E0B7720BFFFF97692640B9BF3F03D5AA
:102D200060FE8F5281048052C0FFBF722901000AE9
:102D3000E00314AA3AFEFF972901002ABF3F03D5FA
:102D4000692600B9692A40B9BF3F03D5296D0C1225
:102D5000E00314AA0105805231FEFF972901002AE1
:102D6000BF3F03D5692A00B9E00314AA01088052C5
:102D70002BFEFF97BF3F03D5604200B9810380520D
:102D8000E00314AA26FEFF97BF3F03D5601E00B9DB
:102D9000E00313AA91FEFF9700008052F35341A96C
:102DA000F51340F9FD7BC3A8C0035FD60000805235
:102DB000C0035FD600008052C0035FD6FD7BBDA973
:102DC000FD030091F35301A9341C0012F30300AA80
:102DD000F51300F9010040F9353440F99F2A0071DC
:102DE00061000054A1018052F5FFFF97A20A40F94B
:102DF000E103142AE00313AA40003FD61F2C003140
:102E000060FFFF54F35341A9F51340F9FD7BC3A8BC
:102E1000C0035FD6010040F9213440F9220040F997
:102E2000820000B4417640B9F00302AA00021FD626
:102E300000008052C0035FD600008052C0035FD6FE
:102E4000011C0012400E40F9600000B4400E40F931
:102E5000DBFFFF17C0035FD6410E40F9E10100B46C
:102E6000FD7BBEA9FD030091F35301A9F30300AA62
:102E7000540E40F96102403981000035F35341A9F5
:102E8000FD7BC2A8C0035FD673060091E00314AABD
:102E9000CBFFFF97F8FFFF17C0035FD6400E40F946
:102EA000400100B4400E40F9000040F9003440F900
:102EB000020040F9A20000B4400E40F9F00302AA5B
:102EC000417640B900021FD6C0035FD6FD7BBDA985
:102ED000FD030091F35301A9540A40F9940700B48B
:102EE000E00314AA6100009021F010914FA5FF9714
:102EF000F30300AAA00200B5E00314AA6100009049
:102F00002120119195A1FF97F303002AE2A30091DC
:102F1000E103132AA00D8052C4BCFF9720030035A3
:102F2000E11740F9410E00F9401A40F9000078B26B
:102F3000401A00F9DAFFFF9700008052F35341A9CD
:102F4000FD7BC3A8C0035FD641078052E3A7FF976C
:102F5000000100B40200134BE10313AAE00314AA1A
:102F600042A1FF97F303002A20FDFF36E3FFFF177E
:102F7000E00313AAE3A7FF97E203002AF7FFFF1776
:102F80007F020071ED010054407640F9E2A3009108
:102F9000617E409304008052030080D2DEB9FF9727
:102FA00000010035E01740F9D3B8FF971FB4017155
:102FB00081000054E01740F95AB8FF9720FBFF3416
:102FC0006000009000401191F5A8FF97E2A30091E6
:102FD00001008052A00D805286BCFF9720FAFF347A
:102FE000E2A3009101008052A00D805265BCFF97C2
:102FF00080F9FF34E1A30091A00D8052B7BCFF9788
:10300000EFFFFF17FD7BBFA9FD03009188B8FF9775
:10301000A0048012FD7BC1A8C0035FD6FD7BBAA9C6
:10302000FD030091F35301A9F40300AAF51300F97D
:1030300076B8FF97F30300AAE00314AAACB8FF9791
:10304000F50300AAE00314AA23B9FF971F0400B1F7
:1030500000080054607E00A902008052410000D0A8
:10306000804A40F921442F9142BDFF97601A00B970
:1030700002008052410000D0804A40F921702F9117
:103080003CBDFF97601600B922008052410000D07D
:10309000804A40F921982F9136BDFF97601200B900
:1030A000601E40B9E0020035804A40F902008052BB
:1030B000410000B021940F912EBDFF97601E00B912
:1030C00000020035E2E30091E00314AA01008052FF
:1030D00092B2FF97E0010035E0E3009191B2FF97D3
:1030E0001F04403148000054601E00B9601E40B902
:1030F0008000003500209C52A0BEA072601E00B966
:10310000BF060071E0010054E00080520E00001480
:10311000029800115F900071C80000542100809255
:10312000E1FEBFF2E1FDDFF22128C29A01FE07367F
:10313000F35341A9F51340F9FD7BC6A8C0035FD640
:10314000E0028052602200B900008052F9FFFF17B0
:10315000A0028012F7FFFF17021880B9030040F9A0
:10316000001440B94200038B2120C01A217C4093F7
:10317000406861B8C0035FD6FD7BBFA9FD03009125
:103180002BB8FF97040C40F9A1008052E00304AA79
:10319000F2FFFF97A0000036FD7BC1A8E00304AA60
:1031A00001008052EDFFFF1740018012FD7BC1A896
:1031B000C0035FD6FD7BBEA9FD030091F30B00F9B0
:1031C000331C00121AB8FF97A1008052000C40F97E
:1031D000D3000034E1FFFF9700000012F30B40F929
:1031E000FD7BC2A8C0035FD6DCFFFF971F007BF208
:1031F000E0179F1AFAFFFF17031880B9040040F97F
:10320000001440B96300048B2120C01A217C409334
:10321000626821B8C0035FD6FD7BBEA9FD030091A3
:10322000F30B00F9331C001201B8FF97040C40F9AE
:10323000A1008052E00304AAC8FFFF97400128368E
:10324000E203132AE00304AA01008052EBFFFF9778
:103250007F2A0071410000545A8BFF970000805272
:103260000200001440018012F30B40F9FD7BC2A85C
:10327000C0035FD6FD7BBEA9FD030091F30B00F9EF
:10328000F303012AEAB7FF97620E42D361060012E8
:103290005F0C0071731644D3600A417AA101005497
:1032A0003F0C0071600100544200009042380D91C3
:1032B000000C40F94268E13861008052CFFFFF976F
:1032C00000008052F30B40F9FD7BC2A8C0035FD61B
:1032D00060418012FCFFFF17FD7BBFA9E50300AA38
:1032E000E603012AFD030091040C40F961008052BD
:1032F000E00304AA99FFFF97610080520778181233
:1033000002001932E00304AABCFFFF97C21C00129E
:10331000A00C40F901008052B8FFFF97C23C48D38F
:10332000A00C40F921008052B4FFFF97E203072A66
:10333000FD7BC1A861008052A00C40F9AFFFFF17D0
:10334000FD7BBEA9FD030091F30B00F9F303012AF5
:10335000B7B7FF97020C40F9616E1C53736E1D5393
:10336000421C40B97302020B610AC11ADBFFFF97CE
:1033700000008052F30B40F9FD7BC2A8C0035FD66A
:10338000E50300AAE603012AFD7BBFA9FD03009126
:10339000A40C40F9A1008052E00304AA6FFFFF973C
:1033A00080FF3736E00304AA0200805221008052D9
:1033B00092FFFF97A00C40F962008052810080527A
:1033C0008EFFFF97A00C40F941008052022040B9C7
:1033D0008AFFFF9762008052A00C40F9E103022AA5
:1033E00086FFFF97DF040031A0000054FD7BC1A8D9
:1033F000E103062AE00305AAB8FFFF17FD7BC1A879
:10340000C0035FD6FD7BBDA9FD030091F35301A965
:10341000F30300AA7DB7FF97E00313AA84B7FF97D1
:10342000E1830091F40300AAE00313AA321200948E
:1034300060000035E0830091D2110094E00313AAEC
:1034400072B7FF97800E00F901008012E00314AA02
:10345000CCFFFF9700008052F35341A9FD7BC3A826
:10346000C0035FD6FD7BBDA9FD030091F35301A905
:10347000F40300AAF55B02A9F503022A020040F951
:10348000563440F9C21640F9020200B440003FD65B
:10349000F303002AE0010034400000F000801B919B
:1034A000140300B4810A40A9E303132A210040F960
:1034B00008ACFF97E003132AF35341A9F55B42A937
:1034C000FD7BC3A8C0035FD6B3028012F3FFFF17D2
:1034D000C21A40F9220100B4E103152AE00314AA3C
:1034E00040003FD6F303002A60FEFF34400000F0A6
:1034F00000081C91EBFFFF17B3028012FCFFFF17BF
:10350000420000D0410000D0E303132A42D01891BA
:1035100021FC1891E7FFFF17FD7BBEA9FD03009179
:10352000F35301A9F40300AA3BB7FF97F30300AAE2
:10353000E00314AA44B7FF97140000F9610A40B9E8
:10354000010800B9610E40B9010C00B901018052B7
:10355000011000B900008052F35341A9FD7BC2A8BD
:10356000C0035FD6FD7BBEA9FD030091F35301A903
:10357000F40300AA31B7FF97F30300AA02008052B8
:10358000804A40F9410000F021381B91F9BBFF97B8
:10359000600200B900008052F35341A9FD7BC2A82C
:1035A000C0035FD6FD7BBCA9FD030091F35301A9C5
:1035B000F55B02A9F50300AAF76303A9181840F9FF
:1035C000000340F9163440F9E00318AA1BB7FF972F
:1035D000F40300AAE00315AA1BB7FF97135C412967
:1035E000800240B920030034B30300347F02006B33
:1035F0007392801A800640B91F00136B810000543B
:10360000800A40B91F00176BE0000054E203172A3C
:10361000E103132AE00318AA93FFFF976002003525
:1036200093DE0029C10240F9E10100B4E00315AACC
:10363000F00301AAF35341A9F55B42A9F76343A93B
:10364000FD7BC4A800021FD67F02007100D49052F7
:103650002000A0727312801AE7FFFF17F303002AFD
:10366000E5FFFF1700008052F35341A9F55B42A923
:10367000F76343A9FD7BC4A8C0035FD6011840F9D6
:10368000210040F9213440F9210440F9610000B4DF
:10369000F00301AA00021FD6C0035FD6051840F947
:1036A000A60040F9A52040F9C63440F9A50440F928
:1036B000A50840B9BFC80171A1000054C50C40F96C
:1036C000A50000B4F00305AA00021FD6C00B8012AB
:1036D000C0035FD6A0048012FEFFFF17000040F970
:1036E000B1FFFF17000040F9E5FFFF17000040F9A8
:1036F000EBFFFF17FD7BBFA9FD030091C6B6FF9747
:10370000800000B4000040B9FD7BC1A8C0035FD6B3
:1037100020008012FDFFFF17FD7BBCA9FD03009177
:10372000F35301A9F40300AAF55B02A9F60302AA68
:10373000F503012A020040F9423440F9431C40F9E4
:10374000230300B4E2C3009160003FD6F303002AD4
:10375000A0020034400000F000EC1691740100B4A7
:10376000810A40A9E403132AE303152A210040F942
:1037700058ABFF97E003132AF35341A9F55B42A925
:10378000FD7BC4A8C0035FD6420000D0410000D03A
:10379000E403132AE303152A42D0189121FC18915F
:1037A000F4FFFF17E1E30091E00314AAA9B6FF9725
:1037B000E01F40F9600000B553028012EEFFFF17D2
:1037C00095B6FF97000040B91F00156BA10000548B
:1037D000E01F40F913008052C00200F9E6FFFF1716
:1037E000E0E30091A3B6FF97F2FFFF17FD7BB9A9B5
:1037F000FD030091F35301A9F55B02A9F503022A29
:10380000F60307AAE2830191F76303A9F803032AE9
:10381000F70306AAF96B04A9F903012AFA0304AA1B
:10382000E103002AFB7305A9FC03002AFB0305AA98
:10383000400E80526FBAFF97E0010034F303002A74
:10384000E203002AE1031C2A400000F00050189116
:1038500020ABFF97E003132AF35341A9F55B42A97C
:10386000F76343A9F96B44A9FB7345A9FD7BC7A87E
:10387000C0035FD6E03340F9E2A30191E103192AC6
:10388000A6FFFF97F303002A5F0300F10018533AE5
:10389000A1050054E03340F9E3A30191E2031BAA20
:1038A000E1031AAA99B7FF97F303002A40FDFF35F9
:1038B000E03740F958B6FF97F40300AABF02007141
:1038C00000D490522000A072A012801A990200B970
:1038D00080620129E03740F9018840B901010037D1
:1038E00010B6FF97F303002A60FBFF35E03740F97D
:1038F00055B6FF97E13740F9010000F9E03740F98C
:1039000051B6FF97F90300AAE03340F94BB6FF9791
:10391000FA0300AA000440B98004003415050035FC
:10392000940000B4800E40B91F00186B01050054CC
:10393000E03340F9E00200F913008052D90200F9A7
:10394000C5FFFF1780020034E13340F9400000F06A
:1039500000B41891010100B4260840A9E503132A18
:10396000E403192AE3031C2AC10040F9D9AAFF97EE
:10397000B9FFFF17420000D0410000D0E503132A31
:10398000E403192AE3031C2A42D0189121FC189160
:10399000F7FFFF17E03740F9E0F9FFB41EB6FF97D5
:1039A000F40300AACCFFFF17E00319AA4CFFFF970E
:1039B000F303002A40FBFF34A7FFFF17400740B97D
:1039C00000FBFF341F00156BC0FAFF54E03340F9D1
:1039D000E203182AE103152AA3FEFF97F303002A46
:1039E00080FAFF34E00319AA3FFFFF979AFFFF1701
:1039F000FD7BBDA902008012FD030091F35301A9D4
:103A0000F40300AAF51300F9F50301AA410000F040
:103A100021481691004840F9D6BAFF97A00200B994
:103A200002D49052410000F0804A40F921381B91A5
:103A30002200A072CFBAFF97A00A00B9410000F09F
:103A4000218C1C91804A40F988BBFF97131C1F539F
:103A5000804A40F9410000F021B01C9183BBFF97E0
:103A60001F1C00724000005473020032804A40F96B
:103A7000410000F021D41C917CBBFF971F1C0072F9
:103A80004000005473021E32804A40F9410000F0A9
:103A900021041D9175BBFF971F1C0072400000544C
:103AA00073021C32804A40F9410000F0212C1D9124
:103AB0006EBBFF971F1C0072400000547302193246
:103AC000804A40F9410000F022008052216C1D9193
:103AD000A8BAFF971F100071000300541F20007147
:103AE000000300541F080071410000547302173294
:103AF000804A40F9410000F02200805221B01D911F
:103B00009CBAFF971F100071000200541F20007123
:103B1000000200541F080071410000547302143267
:103B2000B30E00B900008052F35341A9F51340F9D8
:103B3000FD7BC3A8C0035FD673021632EDFFFF17EB
:103B400073021232EBFFFF1773021332F5FFFF17F8
:103B500073021132F3FFFF17FD7BBEA9FD03009135
:103B6000F30B00F9F30300AAABB5FF97E10300AA3A
:103B7000604A40F9A000F8B7E00313AAF30B40F93C
:103B8000FD7BC2A89BFFFF1700008052F30B40F99A
:103B9000FD7BC2A8C0035FD6FD7BBEA9FD030091DB
:103BA000F35301A9F403012AA1B5FF97F30300AA77
:103BB000000440F992020094600640F9E103142ADF
:103BC000BE0200946086423960000034600640F90D
:103BD00091020094600640F9830200940000805234
:103BE000F35341A9FD7BC2A8C0035FD62408403926
:103BF000E30300AAE20301AAE401003620204039D1
:103C000060000034202840392001003640604039EF
:103C10006000003440684039A0000036402840B9B8
:103C20008001003440844039400100370000805258
:103C3000C0035FD623284039A3FF073723684039E4
:103C400063FF07372284403922FF07371B06001421
:103C5000E10302AAE00303AAFB050014FD7BBFA950
:103C6000FD03009172B5FF97003C40F9A00000B43D
:103C7000FD7BC1A8010840B9000040F9D30F001432
:103C800000008052FD7BC1A8C0035FD6FD7BBAA9AE
:103C9000222080D2E213C0F2FD030091E2FF02A9CC
:103CA000E20300B2E22700F962008052FF0705A993
:103CB000E1A30091F30B00F9F30300AAFFFF03A9AE
:103CC000E25300B90D03009480000035E1A3009198
:103CD000E00313AA1F030094F30B40F9FD7BC6A871
:103CE000C0035FD6FD7BBEA9FD030091F35301A97C
:103CF000F403012A4EB5FF97F30300AA010040B96F
:103D0000000440F9E203142A58020094610240B909
:103D1000E203142A63125129651A5229600640F9F8
:103D2000F35341A9FD7BC2A88A020014FD7BB9A907
:103D3000FD030091F35301A9F403012AF55B02A9E5
:103D4000F60300AAF76303A9F96B04A9FB2B00F99A
:103D500037B5FF97F30300AA000440B9740000349C
:103D60001F00146B42000054F403002A600640F95F
:103D700023020094607640B98001F837E103142AE9
:103D8000E00316AAD8FFFF97627640B9210080525F
:103D9000600640F926020094600640F91500805242
:103DA000110200941B000014606E40B91F00146BD8
:103DB00000040054E00316AA1DB5FF97F80300AAFB
:103DC00001488852E00316AAE101A072FF7F0D2985
:103DD000190740F9C4FFFF9702008052210080526A
:103DE000E00319AA12020094E00319AAFE0100944C
:103DF000E1A30191E00318AAA5FFFF97F503002AAC
:103E0000A0020034400000B000D40C910885FF9758
:103E1000E003152AF35341A9F55B42A9F76343A9CF
:103E2000F96B44A9FB2B40F9FD7BC7A8C0035FD603
:103E3000606640B91F00146BE1FBFF54756A40B91E
:103E4000E00316AA2CFEFF97BF02006B41FBFF5454
:103E5000D2FFFF171B008012FA031B2A17008052A3
:103E6000E103142AE00316AA9FFFFF97E00319AAB3
:103E7000E3010094E203172A21008052E00319AA0B
:103E8000EB010094E00319AAD7010094E1B301917A
:103E9000E00318AA7EFFFF97F503002A40FBFF35D9
:103EA000E0074D295F070031C10100543F00006B5E
:103EB0007B03971AFA029A1AF7060011FF42007163
:103EC00061FDFF545F07003121010054400000B044
:103ED00000500D91D684FF97746E00B9AFFFFF17A5
:103EE0003F00006BE0010054FB060051E00319AAFB
:103EF0005A031B0BC201009442008052E00319AA2E
:103F000021008052420FC21AC9010094146700B9FF
:103F1000E00316AAF8FDFF97006B00B9EFFFFF174B
:103F2000FB03172AE5FFFF1700008052C0035FD68E
:103F3000FD7BBDA9FD030091F35301A9F30301AA81
:103F4000F55B02A9F50300AA000040F9001840F94A
:103F5000B7B4FF97F40300AA160440F9A00240F991
:103F6000E5FDFF97E103002A82824239E00316AAA9
:103F7000E3010094602640B91F04007160224039BB
:103F800021020054611A40F9E10100B40004003438
:103F9000602A40B91F20007168000054809A40B91F
:103FA00060030036E10313AAE00314AAFE020094A2
:103FB00060050034F35341A9F55B42A9FD7BC3A81A
:103FC000C0035FD680030034601A40F9400300B498
:103FD000602A40B91F20007168000054809A40B9DF
:103FE000A0020036E10313AAE00314AACD03009453
:103FF00020FEFF35E10313AAE00314AAF35341A9FD
:10400000F55B42A9FD7BC3A805040014E10313AAD4
:10401000E00314AA39020094E0FCFF35E10313AA7F
:10402000E00314AAF35341A9F55B42A9FD7BC3A8A1
:1040300048020014E10313AAE00314AA95020094B5
:10404000A0FBFF35E10313AAE00314AAF35341A92F
:10405000F55B42A9FD7BC3A88F020014808A423918
:10406000E10313AAC0000034E00314AAF35341A9EA
:10407000F55B42A9FD7BC3A8ACFFFF17E00314AAC0
:10408000F35341A9F55B42A9FD7BC3A800030014CB
:1040900000008052C0035FD6FD7BBAA9FD030091EA
:1040A000F35301A9F51300F9F50300AA57B4FF97DC
:1040B000F40300AAE00315AA5DB4FF97F30300AA76
:1040C000800640F9600600F9800A40F9600A00F9AC
:1040D00080524139608A02398062403960820239F7
:1040E000801E40B9601A00B9802240B9601E00B934
:1040F000802640B9602200B9803640B9607600B9A8
:10410000801640F9601600F9800240B9600600B9D7
:10411000803A40B9608200B9803E40B9608600B9FB
:10412000804240B9608A00B9804640B9608E00B9CB
:10413000804A40B9609200B9804E40B9609600B99B
:10414000805240B9609A00B9600240B90001003560
:10415000E2E30091E00315AA010080526FAEFF97E1
:10416000800300345570FF97600200B9E00315AA80
:10417000FF0E0094603E00F9400000B4810E0094F0
:10418000606240B9A0000035E00313AA9A010094D0
:1041900020008052606200B9600240B9E13F99D2CC
:1041A0004173A7F20100018B2108C09A400680529A
:1041B000217C001BE00315AA617200B9B5FFFF97CF
:1041C000F35341A9F51340F9FD7BC6A8C0035FD6A0
:1041D000E0E3009153AEFF97E4FFFF17FD7BBFA91B
:1041E000FD030091019040B9400A40F9EF9AFF9712
:1041F0001F00007100A09F5AFD7BC1A8007C409366
:10420000C0035FD6FD7BBDA9FD030091F35301A957
:10421000F40300AAF51300F9FCB3FF97F30300AA17
:10422000E00314AA02B4FF97F50300AA010080522C
:10423000E00314AAB4B4FF97600600F962A20091EB
:1042400021008052E00314AA9BB4FF97600A00F992
:104250004100009021540991804A40F983B9FF97A9
:10426000606200390210805241000090804A40F99B
:1042700021A00991BFB8FF97601E00B9820080524B
:1042800041000090804A40F921E00991B9B8FF97B8
:10429000602200B90200805241000090804A40F93B
:1042A00021200A91B3B8FF97602600B9611640F942
:1042B000E05B40B23F0000EB6900005420008052F8
:1042C000A0860239804A40F94100009021740A9189
:1042D00066B9FF9760520139E00314AAC0FFFF9747
:1042E000F50300AA2001F8B64000009000A40A914E
:1042F00078A8FF9740028012F35341A9F51340F9C3
:10430000FD7BC3A8C0035FD602249452410000D0B5
:10431000E200A07221381B9196B8FF97600200B9A5
:1043200002208052E00315AA4100009021600B9109
:1043300090B8FF97603A00B902028052E00315AAD4
:104340004100009021880B918AB8FF97603E00B928
:1043500002198052E00315AA4100009021B40B918C
:1043600084B8FF97604200B9E21F8052E00315AAAB
:104370004100009021EC0B917EB8FF97604600B998
:1043800082028052E00315AA4100009021240C9182
:1043900078B8FF97604A00B982028052E00315AAFC
:1043A00041000090215C0C9172B8FF97604E00B9FB
:1043B0004100009021940C9102008012E00315AAA4
:1043C00075B8FF97603600B9E00314AAC8B3FF9729
:1043D000000440B9605200B900008052C7FFFF17C7
:1043E00002604039211C001222010034036440396C
:1043F000E3000034000180520008C31A007C021B55
:1044000041000034007C0153C0035FD6000080529D
:10441000FEFFFF17040440F9631C0012840040B93A
:10442000BF3F03D5E30200340320A8528400032ACF
:10443000230040397F080071A1020054030440F9B1
:104440002110403965E040B9BF3F03D5E31F8052DA
:104450002120C21A6320C21AA300230A2100032AC2
:10446000BF3F03D5020440F941E000B9BF3F03D587
:10447000000440F9040000B900008052C0035FD678
:104480000120A8128400010AF9FFFF17A002801280
:10449000FBFFFF17FD7BBDA9FD030091F35301A9AD
:1044A00013008052F55B02A9F50300AA000080D238
:1044B0003AA3FF97F403002AF67082D2E00314AA0D
:1044C00036A3FF971F0016EB490100540171825279
:1044D0004000009000940891FEA7FF9700008052D2
:1044E000F35341A9F55B42A9FD7BC3A8C0035FD686
:1044F000B486FF97A00240B9BF3F03D5C000F8368D
:10450000730600117F0E0071A1FDFF542000805240
:10451000F4FFFF1713008052E9FFFF17421C1053EE
:10452000211C14532100022A001C18532000002AC9
:10453000C0035FD6E20300AA20084039E00100363C
:1045400020204039600000342028403960010036C6
:10455000202840B960010034208440390000001256
:1045600040980239200440391F200071E9000054AE
:1045700060418012C0035FD600008052F9FFFF1730
:1045800020008052F7FFFF17001C4092230000F02C
:10459000637004916078E078E0FEFF37408C023968
:1045A000202440391F20007148FEFF54001C409217
:1045B0006078E07800FEFF37409002392080403973
:1045C0001F20007168FDFF54001C40926078E07865
:1045D00020FDFF374094023900008052E6FFFF17AC
:1045E000C0035FD6010040B9BF3F03D521000032B0
:1045F000BF3F03D5010000B9C0035FD6010040B939
:10460000BF3F03D521781F12BF3F03D5010000B97A
:10461000C0035FD6010040B9BF3F03D52100193266
:10462000BF3F03D5010000B9C0035FD6FD7BBFA922
:10463000E503012AFD030091F1FFFF97031040B944
:10464000BF3F03D561000032BF00007163781F12C5
:104650006300811A430C1F33BF3F03D5FD7BC1A804
:10466000031000B9E0FFFF17FD7BBFA9E303012A98
:10467000FD030091E2FFFF97050040B9BF3F03D55E
:104680006304005146781F536104020BE20180521B
:10469000A56C09122108C61A210400513F3C007183
:1046A0002190821AA14C012ABF3F03D5FD7BC1A8EE
:1046B000010000B9CCFFFF17FD7BBFA9E403012A6D
:1046C000E30300AAFD030091CDFFFF97020040B96C
:1046D000BF3F03D542741D124400083642001F320A
:1046E0004400003642001E32BF3F03D5FD7BC1A807
:1046F000620000B9E00303AABBFFFF17FD7BBFA95F
:10470000E503012AE40300AAFD030091BCFFFF9723
:10471000030040B9BF3F03D50201003462001732E5
:10472000A20C1633BF3F03D5FD7BC1A8820000B9A0
:10473000E00304AAACFFFF17200080526278161233
:104740000020C51AE003202A050C0012F5FFFF1710
:10475000FD7BBFA9E903012AE73F9952FD030091C0
:104760004773A772E80300AAA5FFFF972001070B74
:104770004700070B0008C91AE208C21A4200000BE2
:104780005F00036B480000546300024B4204000BBF
:104790005F00056B48000054A500024B0104005166
:1047A000C6040051A500010B6300010B81040051F8
:1047B000C600000B2100000BA508C01A2108C01A72
:1047C000C608C01AA51C18536308C01A211C105330
:1047D000C61C00122100062AA360032A2100032A16
:1047E000BF3F03D5FD7BC1A8010D00B9E00308AAB6
:1047F0007DFFFF17FD7BBFA9E20300AAFD03009127
:10480000000440F97EFFFF97400440F9011440B9CD
:10481000BF3F03D5400C502921340A12633C10538A
:104820006010002A0000012ABF3F03D5410440F96F
:10483000201400B9BF3F03D5400440F91F2400B93C
:10484000401840B9007C0153BF3F03D5410440F9F3
:10485000201800B9BF3F03D5400440F91F4400B9F8
:10486000FD7BC1A8400440F95FFFFF17FD7BBEA997
:10487000FD030091F35301A9F30300AABF3F03D541
:10488000019000B921000032BF3F03D514E28452E9
:10489000019000B9940600519F0600314101005477
:1048A000E00313AAFCFEFF9740020034BF3F03D58C
:1048B000000080527F9200B9F35341A9FD7BC2A84A
:1048C000C0035FD6609240B9BF3F03D5A000083651
:1048D000200080D26AA2FF97BA85FF97EEFFFF17EC
:1048E00014FEFF354000009000F40491F9A6FF97F4
:1048F00080008012F1FFFF17FD7BBFA9E60300AA2D
:10490000FD0300910CFFFF97E303002AC00100356F
:10491000C3984239E00306AA02008052BEFEFF9708
:10492000E303002A00010035C2944239C1904239A4
:10493000C08C4239FAFEFF97BF3F03D5C10440F94E
:10494000200400B9E003032AFD7BC1A8C0035FD6A1
:10495000FD7BBBA9E50301AAE60300AAFD030091C4
:10496000F35301A9F55B02A9F76303A92208407973
:10497000352840B9341840F901984239130440F9F8
:10498000A1070034427C0853441C0853E00305AAE5
:10499000E44F00B993FEFF971F7C00716807005435
:1049A00060000034811C002AE14F00B9A1060051CB
:1049B000E04F40B921080C532100002AA0204039C3
:1049C00021000932E14F00B980010034A10840F90B
:1049D000BF3F03D5C00440F9019400B9E14F40B98D
:1049E000A020403900040051000410530000012AA7
:1049F00000000D32E04F00B9E14F40B9E00313AAC7
:104A00009BFFFF97F603002AA002003560A240B981
:104A1000BF3F03D597008052BF02176BB892971A19
:104A2000B792971AE20317AAE1330191E04F00B958
:104A3000E00314AA83A1FF97BF120071090100547B
:104A400060A640B9BF3F03D5A202184BE1330191E4
:104A5000E04F00B98002178B7AA1FF97E003162A76
:104A6000F35341A9F55B42A9F76343A9FD7BC5A8B0
:104A7000C0035FD6421C0012800180525FF00171BA
:104A80004210801AC1FFFF1776418012F4FFFF1712
:104A90009AFFFF17FD7BBBA9E20300AAE00301AA6E
:104AA000FD030091F35301A9F55B02A9F76303A984
:104AB0004398423933104039342840B97F0000719F
:104AC000361840F921144039550440F97302811A0F
:104AD00001204039731E085341010034030840F996
:104AE000BF3F03D5410440F9239400B90120403968
:104AF00021040051210410533300132A73020D3294
:104B00004198423937FEFF971F7C0071880400549A
:104B100040000034731E002A340300349700805292
:104B2000800600519F02176BE10316AA9892971A0C
:104B3000000814539792971A1300132AE20317AA36
:104B4000E03301913FA1FF9773021132E04F40B96A
:104B5000BF3F03D5A0AA00B99F12007109010054FC
:104B60008202184BC102178BE033019135A1FF97E8
:104B7000E04F40B9BF3F03D5A0AE00B9E103132A0F
:104B8000E00315AA3AFFFF97F35341A9F55B42A949
:104B9000F76343A9FD7BC5A8C0035FD6C00B801295
:104BA000FAFFFF17FD7BBFA9E60300AAFD030091F2
:104BB0002860403960FEFF97E403002AA005003515
:104BC000C3984239E70301AAE00306AA0203805210
:104BD00011FEFF97E403002AC0040035C12040B94C
:104BE000BF3F03D5C00440F9011C00B9C098423949
:104BF00060040034E5144039C1904239C29442390E
:104C0000C08C423946FEFF97A500002AE10840F912
:104C1000BF3F03D5C00440F9016800B90801003462
:104C2000C1984239E00307AAEEFDFF971F7C00718F
:104C3000A802005440000034A560002ABF3F03D5FD
:104C4000C00440F9050400B9C00440F9011440B99A
:104C5000BF3F03D5E0204039216C1C1200040051F5
:104C60000000012ABF3F03D5C10440F9201400B958
:104C7000E003042AFD7BC1A8C0035FD6E5104039DC
:104C8000DEFFFF1764418012FAFFFF17FD7BBCA90E
:104C9000FD030091F35301A9F30300AA2000805201
:104CA000F55B02A9F76303A9362840B9380840F933
:104CB000351840F94BFEFF9760864239C005003435
:104CC000611640F90043368BF703162A1F0001EBEB
:104CD00022050054740A40F99402188B770000B43E
:104CE0009F0A40F2E1010054B872FF97800300353B
:104CF000000080D2FF0200EB61030054600640F91F
:104D0000E5FDFF97C00D003580008012F35341A9E7
:104D1000F55B42A9F76343A9FD7BC4A8C0035FD636
:104D200080164038F70600D1A0160038ECFFFF17B8
:104D3000816A60F8A16A20F800200091E10200CBAE
:104D40003F1C00F168FFFF54E0F27D929402008B5B
:104D5000B502008BF70200CBE6FFFF17000080D200
:104D6000F7FFFF17816A6038A16A203800040091BC
:104D7000E1FFFF17BF3F03D5600640F9166C00B98D
:104D8000BF3F03D5600640F921008052016000B9A1
:104D900096040035000080D2750640F9FFA0FF9709
:104DA000F40300AAA06240B9BF3F03D540092837E9
:104DB000E00314AAF9A0FF971F2800F14808005447
:104DC000200080D22EA1FF977E84FF97F6FFFF1769
:104DD000600640F9142C40B9BF3F03D5943E0072E1
:104DE00041020054200080D225A1FF977584FF97CF
:104DF000F7060071E1FEFF5440000090009005911D
:104E0000A10D8012B3A5FF97BF3F03D5600640F9FF
:104E100041008052016000B9A00D8012BCFFFF1755
:104E200037E28452F3FFFF17601E40B9620A40F96F
:104E3000807E001B1F00166B0090961AA10640F2A0
:104E4000610000541F0440F240020054E303002AB2
:104E5000010080D27F0001EB41010054B542208B5C
:104E6000D602004B600640F9142C40B9BF3F03D571
:104E7000943E00125384FF9794FDFF35C5FFFF1742
:104E800044004039A46A213821040091F2FFFF1741
:104E9000037C02537F0001EB20FEFF54440040B925
:104EA000A47A21B821040091FBFFFF174000009075
:104EB000A10D8012000C0691D3FFFF170000805255
:104EC00093FFFF1740000090A10D801200B80691DB
:104ED000CDFFFF17BF3F03D5600640F901048052A4
:104EE000016000B9000080D2750640F9ABA0FF97C1
:104EF000F40300AAA06240B9BF3F03D500F02F36EB
:104F0000E00314AAA5A0FF971F2800F108FDFF5495
:104F1000200080D2DAA0FF972A84FF97F6FFFF17C0
:104F2000FD7BBFA9E60300AAFD03009182FDFF9768
:104F3000E303002AA0060035C3984239E70301AA1B
:104F4000E00306AA0202805233FDFF97E303002A22
:104F5000C0050035C12040B9BF3F03D5C00440F9AA
:104F6000011C00B9C098423960050034E214403990
:104F7000C1904239C0944239214C14532040002A38
:104F80000000022ABF3F03D5C10440F9200800B940
:104F9000C2944239C1904239C08C423960FDFF97BA
:104FA000BF3F03D5C10440F9200400B9E10840F92E
:104FB000BF3F03D5C00440F9017800B9C098423919
:104FC00000010034C00440F9003840B9BF3F03D5A8
:104FD00000001232BF3F03D5C10440F9203800B9A8
:104FE000C00440F9011440B9BF3F03D5E020403967
:104FF000216C1C12000400510000012ABF3F03D5A0
:10500000C10440F9201400B9E003032AFD7BC1A8C4
:10501000C0035FD6E2104039D6FFFF17FD7BBBA966
:10502000FD030091F35301A9F30300AA200080526D
:10503000F55B02A9F76303A9F96B04A9372840B906
:10504000360840F9F503172A341840F965FDFF9733
:10505000609A42392006003560864239E005003406
:10506000611640F9C07E4092B642368BDF0201EBFA
:1050700042050054760A40F9D602008B750000B450
:10508000DF0A40F201020054D071FF97A0030035FF
:10509000000080D2BF0200EB81030054600640F99B
:1050A000FDFCFF97C00D003400008052F35341A96E
:1050B000F55B42A9F76343A9F96B44A9FD7BC5A839
:1050C000C0035FD680164038B50600D1C016003840
:1050D000EBFFFF17816A60F8C16A20F80020009199
:1050E000A10200CB3F1C00F168FFFF54A0F27D92AB
:1050F000D602008B9402008BB50200CBE5FFFF17B0
:10510000000080D2F7FFFF17816A6038C16A20383B
:1051100000040091E0FFFF17798240B99F0640F23A
:10512000A0040054E00315AA2E81FF97F60300AAFD
:10513000A00900B4E10314AAF40316AAE20315AA15
:10514000C09FFF97BF3F03D5600640F9177C00B9A9
:10515000BF3F03D5600640F921008052017000B9BD
:10516000017D80D2607240B9009C0F910008C19A05
:1051700043A0FF9757020035000080D2750640F922
:1051800006A0FF97F40300AAA07240B9BF3F03D561
:10519000000A2837E00314AA00A0FF971F2800F197
:1051A000E80B0054200080D235A0FF978583FF973D
:1051B000F6FFFF17160080D2E3FFFF173F03176BC0
:1051C000000080D23593971A620A40F9A17E0253FB
:1051D0001F0001EB61020054A1060072A1020054FD
:1051E000000080D27A0640F9EC9FFF97F80300AAEE
:1051F000402F40B9BF3F03D51F3C1072200500541B
:10520000E00318AAE59FFF971F2800F10803005448
:10521000200080D21AA0FF976A83FF97F5FFFF173F
:10522000837A60B800040091430000B9E9FFFF17DA
:10523000A2767E92217C4093630A40F98202028B1F
:10524000000080D23F0000EBC0FCFF54446860388F
:105250000004009164000039FBFFFF1780008012FA
:1052600093FFFF176001801291FFFF17200000F0ED
:1052700000900591A10D801296A4FF97BF3F03D522
:10528000600640F941008052017000B9760000B418
:10529000E00316AA4C80FF97A00D801284FFFF1731
:1052A0009442358BF702154B4683FF97B2FFFF17E9
:1052B000200000F0A10D8012004C0791EFFFFF17B6
:1052C000F6EEFFB4E00316AA3F80FF9774FFFF17C6
:1052D000BF3F03D5600640F901048052017000B958
:1052E000000080D2750640F9AC9FFF97F40300AA36
:1052F000A07240B9BF3F03D540FE2F36E00314AA89
:10530000A69FFF971F2800F148FDFF54200080D280
:10531000DB9FFF972B83FF97F6FFFF17200000F01E
:10532000A10D801200FC0791D4FFFF17211C001271
:10533000421C0012210400513F1C0071E80000547F
:10534000230000B0630029916348613861000010B8
:105350002388238B60001FD660418012C0035FD674
:10536000A20000341F0417726041801200009F1ACF
:10537000FBFFFF171F041472FCFFFF1762000034CD
:105380001F0076F2F9FFFF171F0073F2F7FFFF17F8
:10539000620000341F0072F2F4FFFF171F0071F269
:1053A000F2FFFF1700008052EDFFFF17FD7BBFA942
:1053B000E40301AA22008052FD0300912104403938
:1053C000050C40B9E003052AD9FFFF9740030035DB
:1053D00080204039C000003481244039E003052A90
:1053E00022008052D2FFFF97600200358060403972
:1053F000C000003481644039E003052A2200805255
:10540000CBFFFF9780010035802440B98001003434
:10541000818040391F080071E2179F1AE003052AB6
:10542000C3FFFF971F000071E0179F1AFD7BC1A803
:10543000C0035FD600008052FDFFFF17200080529E
:10544000FBFFFF17220040F923E09FD24200038AAE
:105450005F0420F1E002005422204039A200003411
:10546000220440F94200038A5F0420F12002005424
:1054700022604039C2000034220C40F923E09FD260
:105480004200038A5F0420F140010054222440B905
:105490005F040071C9000054228040395F20007110
:1054A00061000054222840B942000037C0FFFF17B6
:1054B00000008052C0035FD62308403963010037E3
:1054C000232840392301003723684039E30000379F
:1054D00023844039A3000037220040395F04007163
:1054E00041000054B2FFFF1700008052C0035FD696
:1054F000040040F9E20300AAE30301AA841840F97A
:10550000840040F9843440F9841040F9A40000B4C8
:10551000840440F9640000B4F00304AA00021FD61A
:10552000E10303AAE00302AAE4FFFF17FD7BBBA986
:10553000FD030091F35301A9F40301AAF55B02A94D
:10554000F50300AAF76303A9F92300F9020040F963
:10555000421840F9420040F9563440F9E5FFFF9700
:105560001F1C0072400B0054E00315AA5CF8FF9763
:10557000F303002AA001F837C01240F9600200B41A
:10558000020840F9220200B4E10314AAE00315AABC
:1055900040003FD6F303002A1F3008316001005459
:1055A000E00315AA50F8FF97BF030091E003132A08
:1055B000F35341A9F55B42A9F76343A9F92340F9E5
:1055C000FD7BC5A8C0035FD6802A40B940070034E0
:1055D000802640B9961A40F91F0400710107005453
:1055E000F70316AA160080D2802240399302403970
:1055F000826240397302000B7302020B617E40939A
:10560000213C009121187C92FF6321CB810A4079D3
:10561000F9030091E10300396005003401040051F1
:10562000E3070091850A40F921701D53A424C19A13
:1056300021200051641400383F20003181FFFF54C5
:1056400000040011A2000034421C40922003008B91
:10565000E11F80525F9EFF97D80217AA6400805214
:105660001F0300F161721D5384049F1AE20319AAFB
:1056700084044092E00315AA030080D21CF8FF972F
:10568000F303002A20F9FF35D8F8FFB4812A40B986
:10569000E30317AAE20316AAE00315AA440080D286
:1056A00021701D5312F8FF97C0F7FF34F303002A4F
:1056B000BEFFFF17170080D2CBFFFF17170080D265
:1056C000CAFFFF17200080D2DFFFFF17734180124F
:1056D000B6FFFF17030040F9E40300AAE20301AAA2
:1056E000631840F9630040F9633440F9631040F9EE
:1056F000E30000B4650040F9650000B4F00305AABA
:1057000000021FD6600840F9C00200B540204039B1
:1057100043004039811840B96300000B40604039B4
:105720006300000BA10000343F00036B62000054D3
:10573000A0028012C0035FD6409444291F04007168
:1057400041010054801440B9800000341F00056BF3
:105750000090851A402800B9402840B9A0FEFF34C7
:1057600000008052F4FFFF1781FFFF342100034B3C
:105770003F00056B2190851A412800B9F7FFFF17FC
:10578000202C40F9020080121F0800B9202C40F99B
:10579000020000B9202C40F9000040B91F0C40F273
:1057A000000100540000009000202C910202805261
:1057B000202800F900008052229400B9C0035FD66F
:1057C000000000900204805200502B91F9FFFF1757
:1057D000E2038052229000B9EAFFFF1700048052D2
:1057E000209400B90000009000802A91202800F940
:1057F00000008052C0035FD6010C47A9049840B94D
:10580000064040F9847C0313029040B9630001CB49
:10581000012C40F9847C4093252040B9014440F993
:10582000210006CB210003CB630CC49A210CC49A3F
:105830004100014B4200054B5F00036B4230831A6D
:10584000030080123F00026B2190821A2104005154
:105850003F04003141000054C0035FD6043C40F9CE
:10586000029C80B99F0002EBC0000054039840B92D
:10587000023840F97F200071410100544300403953
:10588000022C40F9436000B9029840B9043840F94D
:10589000427C031382C0228B023800F9ECFFFF1711
:1058A00043004079F7FFFF17030848A9012C40F98E
:1058B000420003CB039840B9212440B9637C031311
:1058C000637C4093420CC39A3F00026B2130821AE2
:1058D000210400513F04003141000054C0035FD651
:1058E000022C40F9044440F9436040B9029C80B95D
:1058F0009F0002EBC0000054049840B9024040F9F8
:105900009F2000710101005443000039029840B902
:10591000034040F9427C031362C0228B024000F92D
:10592000ECFFFF1743000079F9FFFF17202840B96B
:105930002200A0521F4040710090821A202800B916
:1059400000008052C0035FD6FD7BBEA9FD0300911D
:10595000F30B00F9F303012A35AEFF97136C00B97E
:1059600000008052F30B40F9FD7BC2A8C0035FD654
:10597000FD7BBDA9FD030091F35301A9F303012AA7
:10598000F51300F9F50300AA20AEFF97F40300AA6F
:10599000E00315AA26AEFF97012C40F9820240B918
:1059A0003F0800B95F00136B4390931A4290931A1B
:1059B000013040F92108C29A022C40F9210400115B
:1059C00021381F12411400B922008052012C40F9E5
:1059D000220800B9036800B900008052F35341A9BE
:1059E000F51340F9FD7BC3A8C0035FD6FD7BBEA9BC
:1059F000FD030091F35301A9F30300AA03AEFF973F
:105A0000F40300AAE00313AABDAEFF97800600F9D5
:105A1000000200B4604A40F902249452E200A072ED
:105A2000410000B021381B91D2B2FF97800200B92B
:105A3000210000F021541691604A40F98BB3FF9782
:105A4000E103002A000080523F1C00724000005415
:105A5000A0028012F35341A9FD7BC2A8C0035FD608
:105A6000FD7BBEA9FD030091F30B00F9F0ADFF979C
:105A7000013040B9F30300AA001440F95308009420
:105A8000A0000035E00313AAF30B40F9FD7BC2A888
:105A900018A9FF17F30B40F9FD7BC2A8C0035FD61E
:105AA00002844239019840B921040051420476D35E
:105AB000211000122100022A02884239006C40B9EC
:105AC00042047AD3000478D34000002A2000002A40
:105AD000C0035FD6019840B90284423921040051C5
:105AE000420478D3211070D32100022A028842395F
:105AF000006C40B942047CD300047AD34000002AF1
:105B00002000002AC0035FD602844239019840B9C0
:105B100021040051420478D3210C00122100022AF2
:105B200002884239006C40B942047CD300047AD325
:105B30004000002A2000002AC0035FD6FD7BBDA9DB
:105B4000FD030091F35301A9F30300AAF51300F933
:105B5000F50301AAB6ADFF97E20300AAF40300AA79
:105B600001008052E00313AAECA7FF97F303002A79
:105B700000020035E00314AAB9A8FF971F000071C6
:105B8000A10480120410417A600000541F300831D3
:105B9000A1010054E00314AAE2A7FF97A00200F9B4
:105BA000800000B5B3028012E00314AAD1A8FF97C9
:105BB000E003132AF35341A9F51340F9FD7BC3A871
:105BC000C0035FD6F303002AFAFFFF17FD7BBBA9D2
:105BD000FD030091F35301A9F55B02A9F50300AAA7
:105BE000F76303A9C2ADFF97F60300AAE00315AA65
:105BF00086ADFF97F30300AAE00315AA8CADFF97CB
:105C0000F40300AA00018052E04F00B9600640F999
:105C1000802E00F981820191600240B9806A00B94A
:105C2000E00315AAC6FFFF97F303002AA001003581
:105C3000E00315AA7EADFF9718A00091F70300AA14
:105C4000E10318AAE00315AA2B080094F303002A25
:105C5000400100341F3008310418423A80030054D8
:105C6000E003132AF35341A9F55B42A9F76343A963
:105C7000FD7BC5A8C0035FD6E00318AAC107009446
:105C8000F303002A40020034010B40B9E01640F94A
:105C9000CE070094200000F0007C1691D50000B4DF
:105CA000A10A40A9E303132A210040F909A2FF97A2
:105CB000ECFFFF174200009041000090E303132A1D
:105CC00042D0189121FC1891F9FFFF17960600B4F5
:105CD000E10314AAE00315AAC0023FD6F303002A89
:105CE00000FCFF35802E40F9210000F0E2330191E5
:105CF00021501791005C40B9A04A40F91AB2FF97B1
:105D000080010035E14F40B93F0C0071890000541B
:105D1000809640B93F00006BC9000054200000F09D
:105D200000881791EBA1FF9700018052E04F00B966
:105D3000E04F40B9809A00B9802E40F99F86023921
:105D40001F0800B9802E40F91F2C00B92000805296
:105D5000812E40F9200800B9819240B921F8FF3521
:105D6000812E40F9201800B9812E40F9221840B93F
:105D70005F00006BE1000054000400111F0004717B
:105D800001FFFF54809200B93F1800B9B5FFFF171B
:105D90001F04007100109F1AFBFFFF17B30280124F
:105DA000B0FFFF17C0035FD6FD7BBBA9FD030091C9
:105DB000F35301A9F40301AAF55B02A9F60300AAB3
:105DC000F76303A9F92300F9000040F9382440B92A
:105DD000191840F9E00319AA15ADFF97812240393F
:105DE0001F07007195024039F30300AAB502010BA9
:105DF00081624039B502010BB51E4092A13E00916F
:105E000021107C92FF6321CB6100805221049F1AF4
:105E100001840239012840F9F703009120003FD6A0
:105E2000612E40F93F0800B9612E40F9200000B909
:105E30001F070071A1000054612E40F9802A40B96B
:105E400000040051200400B9612E40F92000805266
:105E5000200800B9810A4079E102003981224039E5
:105E6000E100003420701D53E30600910020005132
:105E70001F20003161040054200400118262403967
:105E8000A2000034421C4092E0C2208BE11F8052ED
:105E9000509CFF97C00240F901008052C2FFFF975B
:105EA000773A00F9F702158B773E00F97F7E08A953
:105EB000610247A93F0000EBC1020054951A40F966
:105EC0001F07007181060054754200F9802A40B90D
:105ED000A002008B604600F9C00240F906F6FF9769
:105EE0001823C01A602E40F9181000B9610248A9A1
:105EF0003F0000EB4101005414008052490000149F
:105F0000820A40F94224C09A62140038D8FFFF1771
:105F1000E00313AA39FEFF97E6FFFF17E00313AA79
:105F200062FEFF97604240F91F0015EB0103005429
:105F3000602E40F9003440B9A0FD1F36200000F06B
:105F400000E41591B90100B4210B40A9210040F9EA
:105F5000940080125FA1FF97BF030091E003142A11
:105F6000F35341A9F55B42A9F76343A9F92340F92B
:105F7000FD7BC5A8C0035FD64200009041000090A1
:105F800042D0189121FC1891F2FFFF17F50300AAE7
:105F9000D7FFFF17753A00F9802A40B9B502008B88
:105FA000753E00F9E00313AA14FEFF97C00240F902
:105FB000D1F5FF97210080522120C01A602E40F9B0
:105FC000011000B9610247A93F0000EB61030054D2
:105FD000819CFF9714D0439194020991B50080529F
:105FE000602E40F9002840B9BF3F03D50000150AD4
:105FF0001F10007120F8FF54779CFF979F0200EB61
:1060000005FFFF54602E40F9002840B9BF3F03D57B
:106010000000150AB40D80121F100071E0F6FF5445
:10602000602E40F9210080521F1000B9C00240F9D3
:106030005DFFFF97C9FFFF17E00313AAEFFDFF976E
:10604000E1FFFF17FD7BBCA9FD030091F35301A9FC
:10605000F403012AF55B02A9F50300AAF60303AADB
:10606000F76303A9F70302AAF80304AA001840F98A
:106070006FACFF979F0A40F260020054200000D0EE
:1060800000141891750100B4A10A40A9210040F93B
:10609000130080120FA1FF97E003132AF35341A9C5
:1060A000F55B42A9F76343A9FD7BC4A8C0035FD693
:1060B000220000F0210000F042D0189121FC18913C
:1060C000F4FFFF17F30300AA98000036E00315AAB7
:1060D0000100805234FFFF97DF0200F1E41A40FA1A
:1060E000A1060054DF0200F1E0079F1A00781F5359
:1060F000612A40F960860239E00313AA947E0353B3
:1061000020003FD6773A00F9612E40F9F702148B50
:10611000773E00F9764200F9D602148B764600F9F4
:10612000749E00B93F0800B9612E40F9220040B9C1
:106130001F00026B40000054200000B9E00315AAC4
:106140006DF5FF97622E40F9210080522020C01A81
:10615000401000B9602E40F9010800B9E00313AA0D
:10616000A6FDFF97D1FDFF97600648A93F0000EB11
:1061700068FFFF54189CFF9714D043919402099133
:10618000B6008052602E40F9002840B9BF3F03D5C9
:106190000000160A1F1000712101005413008052E4
:1061A000D8F70F36E00315AA21008052FEFEFF97B4
:1061B000BAFFFF1700008052CEFFFF17069CFF9723
:1061C0009F0200EB05FEFF54602E40F9002840B905
:1061D000BF3F03D50000160A1F10007100FEFF54D8
:1061E000B30D8012EFFFFF17050040F9A53440F909
:1061F000A50040F9650000B4F00305AA00021FD60F
:10620000A0048012C0035FD6E00301AAE103022AC2
:10621000E20303AAE30304AA5E82FF17FD7BBEA983
:10622000FD030091F30B00F9F30301AA00ACFF9703
:10623000010040F9610200F9000440F9600600F92C
:1062400000008052F30B40F9FD7BC2A8C0035FD66B
:10625000FD7BBEA9FD030091F35301A9F40300AA3D
:10626000EAABFF9701008052F30300AAE00314AAEF
:1062700060ACFF971F0400B1C0000054600200F939
:1062800000008052F35341A9FD7BC2A8C0035FD632
:10629000A0028012FCFFFF17FD7BBDA9FD0300914A
:1062A000F35301A9F30300AAF51300F9E0ABFF973C
:1062B00015400091F40300AAE10315AAE00313AA14
:1062C0008D06009440020034E303002A200000B051
:1062D000000C1F91330100B4610A40A9210040F96C
:1062E0007CA0FF9740028012F35341A9F51340F9B7
:1062F000FD7BC3A8C0035FD6220000F0210000F0A0
:1063000042D0189121FC1891F6FFFF17E00315AA5F
:106310001C060094E00313AA9B00009460FEFF3467
:10632000200000B0007C1F91C17BFF97A10A40B9FB
:10633000800A40F925060094EBFFFF17FD7BBCA9FE
:10634000FD030091F35301A91300029114C00291BF
:10635000F55B02A9160080D2F76303A91700A8D243
:10636000150080D278827FA9610240F93F0015EBC9
:106370006801005473420091D602158B9F0213EB03
:1063800001FFFF54401240F91F0016EBE0020054D9
:106390004000009000741091120000141F0017EBD1
:1063A0000190979A400100B4200400D11F0001EA37
:1063B000E1000054A002188B2580FF97B502008BE6
:1063C000600240F9000015CBE8FFFF174000009085
:1063D00000940F91967BFF9740000090002C109145
:1063E000937BFF97489AFF97F35341A9F55B42A926
:1063F000F76343A9FD7BC4A8C0035FD600E0019109
:10640000010281D2870081D2884081D2E40300AAB0
:106410000100A3F203008052260080D20700A3F2FD
:106420000800A3F2820440F9220600B4820040F979
:106430004300003542004491BF3F03D5220000B91C
:10644000BF3F03D5459C60D3220002B9BF3F03D5AF
:10645000250400B9BF3F03D5250402B9BF3F03D5CA
:10646000228000B9BF3F03D5228002B9BF3F03D5C8
:10647000258400B9BF3F03D5258402B9821440A901
:106480004200058B420400D1BF3F03D5220800B96A
:10649000BF3F03D5459C60D3220802B9BF3F03D557
:1064A000250C00B9BF3F03D5250C02B9BF3F03D56A
:1064B000228800B9BF3F03D5228802B9BF3F03D568
:1064C000258C00B9BF3F03D562200011258C02B98D
:1064D000C520C39AC220C29A4200052ABF3F03D5F5
:1064E000E20000B9BF3F03D5020100B96304001107
:1064F00084400091214000917F0C007141F9FF54CC
:10650000028281D2858081D20200A3F203008052F0
:10651000240080D20500A3F2010440F9810200B4F6
:10652000010040F94300003521004491BF3F03D5ED
:10653000410000B9219C60D3BF3F03D5410400B99D
:10654000011840A92100068B210400D1BF3F03D5CB
:10655000410800B9219C60D3BF3F03D5410C00B96D
:106560008120C39ABF3F03D5A10000B96304001185
:1065700000400091424000917F0C0071E1FCFF540B
:10658000C0035FD6FD7BB9A9FD030091F35301A9B8
:10659000F55B02A9F50300AAF76303A9F96B04A947
:1065A0001AABFF97E00315AA21ABFF97F60300AAE9
:1065B000000E80D20B7CFF97F40300AA8567FF973B
:1065C000170C42B9BF3F03D58267FF97185842B9ED
:1065D000BF3F03D57F67FF97135842B97D67FF9789
:1065E000FA03009173020032135802B9F30312AA9E
:1065F000001580D2FB7BFF97021580D201008052EC
:10660000600200F9400240F9729AFF97E00315AA70
:10661000FEAAFF97F30300AA80C69ED2A163019150
:10662000A2008052E000A0F2F36AFF977F220039B7
:106630002000805280A60139A06B40B900040153AC
:10664000602600390004001180020039A0D740798B
:10665000000C409280AA01397922403973264039D2
:106660005C67FF97000C42B900740312196C192A79
:106670003373132A5767FF97130C02B9800240390E
:1066800020010034610000F022E02491219C44F9B3
:10669000811200F91F04007160000054400440F9A9
:1066A000802600F9E00315AA5F030091D7AAFF979F
:1066B00001204039C1000034020A82D20200A3F254
:1066C000410040B921001C32410000B9002440398A
:1066D000000200343F67FF97132842B93D67FF97D8
:1066E00073021E32132802B93A67FF97132842B982
:1066F0003867FF97010A82D2730218320100A3F2B1
:10670000132802B9200040B900001B32200000B954
:10671000E00315AAB52F00F9BCAAFF970010407935
:10672000A2630191600100B4410000902130029108
:10673000A0098052A1AEFF97E103002A00010034B6
:106740004000009000340391629FFF97970000146F
:106750004100009021B00291F6FFFF172000805207
:1067600080A20139E00314AA3E0200944000009088
:1067700000FC0391579FFF97E00314AAB401009413
:10678000E00314AAE7020094F303002AA0000034F7
:1067900040000090006404914E9FFF971800001481
:1067A000E00314AA1C030094F303002A80000034C1
:1067B0004000009000D80491F8FFFF17E40312AAEC
:1067C00093264079400A40F9030080D2850442F8BC
:1067D0007A8662D302008052010080D2739265D320
:1067E0005598FF97F903002AC0010034B3008012C6
:1067F00040000090004C05918D7AFF97E00314AAA9
:10680000F17AFF97E003132AF35341A9F55B42A9FC
:10681000F76343A9F96B44A9FD7BC7A8C0035FD602
:10682000411240F93F0013EBC9010054411240F9F5
:106830004000009000D8059121FC54D3259FFF977C
:1068400041FF57D34000009000CC0691219FFF9755
:106850004000009000E807911E9FFF975F1200F92B
:10686000411240F9A10100B4411240F93F0013EB7D
:1068700040010054411240F94000009000A80891E6
:1068800021FC54D3139FFF974000009041FF57D342
:10689000007C09910F9FFF97431240F9E20312AA6F
:1068A000A30200B55F1F00F169020054600000F010
:1068B00000202491E70300AA050440F9640203CBF9
:1068C000217F4093BF0004EB03030054430040F9D1
:1068D000201C009121EC7CD36310008BE16861F8EF
:1068E000610400F9410040F92010008B040800F910
:1068F000531000F9421040F940000090810640F921
:1069000000300A9142FC54D3F29EFF97E00314AA90
:10691000F6020094F303002A800200344000009045
:1069200000680A919DFFFF17440040F9211C009167
:10693000060441F8390700118410018B860400F920
:10694000440040F98410018B850800F9440040F9A7
:106950008110018B210840F96300018B3F0F00710A
:10696000C1FAFF54E3FFFF1780424039E0040034CE
:10697000E00314AA150300941F1C007200020054C7
:106980004000009000040B91D29EFF97A1630191FB
:106990004011805251AEFF97A0000034400000909B
:1069A000008C0B91CB9EFF97D798FF97A02F40F9B3
:1069B000010080D28C060094FCFFFF178566FF97CC
:1069C000000C42B9BF3F03D5C0000037B800003704
:1069D000F77E1D53F7060051FF06007109010054B0
:1069E000E00314AA63030094F303002A8000003438
:1069F0004000009000280C9168FFFF1740000090B5
:106A000000D80C91B39EFF97400240F94CFEFF97CF
:106A10004000009000580D91AE9EFF97400240F953
:106A200077FEFF97B52F00F9A26301914100009016
:106A3000A009805221BC0D91E0ADFF97F303002A1D
:106A4000A0000034E103002A40000090001C0E91D9
:106A50003EFFFF174000009000D80E919D9EFF97CB
:106A6000410240F9213C40F9C10200F9401240F9CD
:106A7000C00600F95766FF97155842B95566FF974B
:106A8000B57A1F12155802B94000009000480F91C6
:106A900042FFFF17FD7BB7A9FD030091F35301A946
:106AA000F30300AAF55B02A9F76303A9F96B04A934
:106AB000FB7305A9200040B9E06F00B9200440B97C
:106AC000E08300B9200840B9E07300B9200C40B958
:106AD000E08B00B9E28F00B939684229355C43295F
:106AE000386C44293C2840B9E31A00B47F0000B94F
:106AF00076F21091F40303AA000080D2A799FF97C1
:106B0000E03F00F9C00240B9BF3F03D52004003484
:106B1000E03F40F9A199FF9701989AD22100A0F295
:106B20001F0001EBA8000054200080D2D499FF97E9
:106B3000247DFF97F4FFFF17E20316AA040080529A
:106B400003008012210000B0200000F02174179192
:106B5000000C07915F9EFF97210000B0200000F01D
:106B60002128129100B407915A9EFF97B60D80120A
:106B7000E003162AF35341A9F55B42A9F76343A941
:106B8000F96B44A9FB7345A9FD7BC9A8C0035FD677
:106B900021000090639210912140259164B21091E0
:106BA00065D2109100008052020400515F14007100
:106BB000A80000542248623866000010C288228B68
:106BC00040001FD679000034BF3F03D5793A04B99D
:106BD000000400111F1C007181FEFF54E04340F9C6
:106BE000E16F40B9021068D3E03B40F9001C70D35C
:106BF0004200002AE08B40B9003C00120074012AD8
:106C00004200002ABF3F03D5350000B0B52A1291DB
:106C1000E30316AAE10315AA623E04B9200000F0BE
:106C200000A4089117989AD22A9EFF977872119122
:106C3000000080D25999FF97F60300AA3700A0F20E
:106C4000000340B9BF3F03D500090037E00316AA8F
:106C50005299FF971F0017EBA8030054200080D221
:106C60008799FF97D77CFF97F6FFFF173AFBFF3412
:106C7000BF3F03D5BA0000B9D6FFFF17B5FAFF34FE
:106C8000BF3F03D5753204B9D2FFFF1737FAFF347F
:106C9000BF3F03D5970000B9CEFFFF17B8F9FF3407
:106CA000BF3F03D5782A04B9CAFFFF173BF9FF3469
:106CB000BF3F03D57B0000B9C6FFFF17BCF8FF3408
:106CC000BF3F03D57C2204B9C2FFFF17B60D801267
:106CD00024008052E20318AAE303042A210000B032
:106CE000200000F021741791000C0791F99DFF9787
:106CF000635E44B9BF3F03D5830200B9200000F0B2
:106D0000E20318AAE10315AA00600991F19DFF971B
:106D100016030035FC8F40B9390000F03A0000F04E
:106D20007B52119139470C915A130D91170080D263
:106D3000E003172AFF021CEBE1030054605E44B934
:106D400000781F12605E04B9635E44B9BF3F03D58B
:106D5000200000F0E20318AAE10315AA00480E91F2
:106D6000DC9DFF9783FFFF1716008052E1FFFF179E
:106D7000E10315AA200000F000F80991D59DFF97C6
:106D8000820240B9E10315AA200000F0005C0A91DC
:106D9000421041D3CF9DFF97820240B9E10315AA6B
:106DA000200000F000E00A91421C45D3C99DFF97E6
:106DB0006FFFFF17FF0600F1C00100541F080071AC
:106DC000600200542003003562621191635A44B995
:106DD000BF3F03D5200000F0E10315AA00780B9116
:106DE000830600B9BB9DFF97F7060091D1FFFF17FF
:106DF000630340B9BF3F03D5E2031BAAE10315AA11
:106E0000E00319AA830A00B9F7FFFF17635244B9D8
:106E100062421191BF3F03D5E10315AAE0031AAA0C
:106E2000830E00B9F0FFFF1780120091E10315AA4D
:106E30001F7837B8200000F000DC0D91A59DFF976A
:106E4000EAFFFF17B60280124AFFFF17FD7BBAA9BF
:106E5000FD030091F35301A9F30300AA140080522B
:106E6000F55B02A9350000B0B5FA1691F76303A9E6
:106E7000F60300AAE10315AAF96B04A9390000F092
:106E80003A0000F0FB2B00F9394704915AD30491E2
:106E900002004039200000F000F003918D9DFF9723
:106EA000C00240391F00146B0C010054F35341A978
:106EB000F55B42A9F76343A9F96B44A9FB2B40F9A1
:106EC000FD7BC6A8C0035FD6E203142AE10315AA1E
:106ED000E00319AA7F9DFF97601240F97F2E00B949
:106EE000000042B9BF3F03D5611240F9218042B989
:106EF000BF3F03D53B0000F0027C1D53F80313AAEB
:106F0000007058D37B9B059117008052623200B904
:106F1000603A00B9207C1D53217058D3603600B907
:106F2000613E00B9043340B9E4010034602E40B939
:106F3000E303172AE203142AE10315AA000400114F
:106F4000602E00B9E0031AAA629DFF97043B40B986
:106F5000E303172AE203142AE10315AAE0031BAA9C
:106F60005C9DFF971813009157010034632E40B9C0
:106F7000E203142AE10315AA200000F09406001190
:106F80000070069173A20091529DFF97C5FFFF17F5
:106F900037008052E4FFFF17FD7BBCA9FD03009181
:106FA000F35301A913001091000080D2F55B02A9F0
:106FB000F71B00F97998FF97F603002A174C9DD22A
:106FC000E00316AA7598FF971F0017EB09010054FC
:106FD000E20313AA210000B0218C1691200000F0DA
:106FE000001402913B9DFF974797FF97200080D2A6
:106FF000A398FF97F37BFF97740240B9BF3F03D577
:10700000750240B9BF3F03D5B5021F1294020012AA
:107010008002152A60FDFF34E00316AA5F98FF97EF
:10702000E20313AAE30300AA21000090200000D08D
:10703000218C169100FC0291269DFF97BF020071E2
:10704000E0179F1A0000140A00040051F35341A9ED
:10705000F55B42A9F71B40F9FD7BC4A8C0035FD6CE
:10706000FD7BB6A9FD030091F35301A9F30300AA28
:10707000F55B02A9F76303A9F96B04A9FB7305A9E2
:107080001F04003900A04139A00F0034200000B0D7
:1070900000003D91E04300F9200000B000403D9128
:1070A000E04700F9200000B000803D91E04B00F97E
:1070B000200000B000C03D91E04F00F9200080D2D8
:1070C00079AA41394000C0F2E03B00F9800080D24B
:1070D0001A989AD20001C0F238000090F7C30191CB
:1070E000F5030291F6A3019118A71591E03F00F96D
:1070F0002000A0D24000E0F2140080523A00A0F23A
:10710000E03700F9E00240B93F03006A200600546E
:10711000DC0240B9000080D22098FF97FB0300AA50
:10712000801384D2201AA2F2000040B9BF3F03D5D9
:107130009F03206A40040054E0031BAA1798FF979E
:107140001F001AEBE8000054200080D24C98FF97F3
:107150009C7BFF97F3FFFF1734008052EAFFFF1775
:10716000821384D2E3031C2A221AA2F22400805242
:1071700021000090200000D021741791000C07918D
:10718000D49CFF97947E7C93E0030291026874F88C
:1071900021000090200000B021A4159100003E9134
:1071A000CC9CFF9721000090200000B02108169190
:1071B00000243F91C79CFF97D396FF97A20240F906
:1071C000200000B0E10318AA00883E91C19CFF97FF
:1071D000E00640B93F03006AA0040054DB0240B956
:1071E000000080D2ED97FF97FC0300AA001484D220
:1071F000201AA2F2000040B9BF3F03D57F03206AE6
:10720000C0020054E0031CAAE497FF971F001AEB8A
:10721000A8000054200080D21998FF97697BFF973F
:10722000F3FFFF17021484D2E3031B2A221AA2F2EF
:107230002400805221000090200000D0217417917A
:10724000000C0791A39CFF97E083029114D0348B2C
:1072500082825EF8CFFFFF17A20640F9200000B03F
:10726000E10318AA00883E919A9CFF97F7220091AB
:10727000B5420091D612009114F7FF34350000900A
:10728000370000D076820091B50A1691F7920091EE
:107290001400805238008052600240391F00146B85
:1072A0006C010054610000542000805260060039D7
:1072B000F35341A9F55B42A9F76343A9F96B44A9CC
:1072C000FB7345A9FD7BCAA8C0035FD6C08642F800
:1072D00032FFFF97E303002A60010034807E409371
:1072E000010580D2E203142A004C019BE10315AA98
:1072F0001FA00039200000B000D03F91759CFF977F
:10730000AEFFFF17D8021E38E203142AE10315AAC4
:10731000E00317AA940600116E9CFF97DFFFFF178A
:10732000FD7BBAA9FD030091F35301A9F30300AA61
:10733000004280D2F55B02A9768200910052C0F231
:10734000F76303A9180000D018232191F96B04A951
:10735000FA630191370000B015008052F7A638910A
:10736000770600F9E02F00F9600240391F00156B25
:10737000EC040054000080521F000014417B79B8D7
:10738000C00240F9236860B8BF3F03D5600640F9EA
:1073900074080012E10317AABA96FF97837E409300
:1073A00040010035007B63F8600600F93907009161
:1073B000C00E40B91F00196B28FEFF54B50600111E
:1073C000D6A20091E9FFFF17017B63F8600640F940
:1073D0003F0000EBC0FEFF54E203152A210000909D
:1073E000200000B021AC149100C43891399CFF9763
:1073F000A0028012F35341A9F55B42A9F76343A9A8
:10740000F96B44A9FD7BC6A8C0035FD6190080D2E2
:10741000E8FFFF17FD7BBDA903008052FD0300912B
:10742000F35301A9F40300AA804680D28056C0F22B
:10743000E4A30091E01700F98062009113008052EC
:10744000810240393F00036BCC030054B304003584
:1074500021000090200000B02110149100503991BB
:107460001C9CFF97A0028012932600791200001442
:10747000867862B8050440F9C56865B8BF3F03D592
:107480002100250B42040091213C0012051440B953
:10749000BF00026BE8FEFF54A101003521000090FF
:1074A000200000B02110149100503991099CFF97E1
:1074B000A0028012F35341A9FD7BC3A8C0035FD68D
:1074C000020080D201008052F1FFFF173300130B3E
:1074D00063040011733E001201840278D9FFFF1784
:1074E00000008052E1FFFF17FD7BBEA9014880D25A
:1074F0000158C0F2FD030091E6630091E10F00F92D
:107500000180009104008052020080521F40003927
:10751000030040397F00026B8C0400540240403964
:1075200021000090200000B0218013910054199197
:10753000E89BFF97000080521A000014C77863B8D8
:10754000250040F9E56865B8BF3F03D5BF0440F2A8
:10755000E5079F1A44010035054000396304009196
:1075600024008052250C40B9BF00036B88FEFF54F5
:107570004204001121A00091E6FFFF1704404039AA
:107580009F00056BC0FEFF5421000090200000B05A
:107590002180139100B01891CE9BFF97A00280121A
:1075A000FD7BC2A8C0035FD6030080D2EEFFFF17A9
:1075B000818186D21F3800712124C09A21000012D7
:1075C00020309F1AC0035FD6FD7BB8A9250000902C
:1075D000FD030091F55B02A9B69C11911500805244
:1075E000F76303A9370000B0F77E1A91FB7305A972
:1075F0001C800091F35301A914008052F96B04A977
:10760000E03700F9E03740F9000040391F00146B03
:10761000EC010054D500003421000090200000B09F
:10762000219C119100F81D91AA9BFF97E003152A58
:10763000F35341A9F55B42A9F76343A9F96B44A948
:10764000FB7345A9FD7BC8A8C0035FD6800340F942
:10765000130043B9BF3F03D57A3E0012200000B0AB
:10766000E3031A2AE203142AE10316AA00C01991BF
:10767000989BFF977F3E007240010054930340F9AE
:10768000380000B0183F1B910300805273420C91E8
:107690005F03036B6D0000547F4000718100005454
:1076A000940600119CA30091D7FFFF17660240B912
:1076B000E37F00B9BF3F03D5670640B9F903062A47
:1076C000DB2446D3E79B0E29BF3F03D5E203142AF0
:1076D000E10316AAE00317AA7E9BFF97E10313AA12
:1076E000E00318AA7B9BFF97732200912163165336
:1076F000200000B000B41B91769BFF9721571153D7
:10770000200000B000081C91729BFF9721430A5390
:10771000200000B0006C1C916E9BFF97E1031B2AB8
:10772000200000B000C81C916A9BFF97E67B40B91F
:10773000200000B000101D91C1140012659BFF973E
:10774000E77740B9200000B000841D91E103072ACB
:10775000609BFF97E0031B2A96FFFF97E37F40B9EA
:10776000001C0072B502801A63040011C9FFFF17E4
:10777000FD7BB2A9FD030091F55B02A9F50300AA08
:10778000004C80D2F35301A9F40315AA005CC0F2A7
:10779000F76303A9980080D213008052F96B04A903
:1077A00019989AD27860C0F23900A0F2FB7305A94B
:1077B000E04F00F9A00240391F00136B0C0B00547E
:1077C0000000805221000014E03240B9E1C3029170
:1077D000E0B300B9820580D2E03A40B9E0B700B921
:1077E000E0830191F8EB0BA9FFFF0CA9FFDB00B9C7
:1077F0001496FF97801240F9E3830291E18301918F
:1078000002008052A4FCFF9700020035FBA340B9A0
:10781000BB0280373400009094A20F91E203132A38
:10782000E10314AA2000009000CC1F91299BFF9730
:10783000621F45D3E10314AA20000090008020912C
:10784000249BFF97A0028012F35341A9F55B42A944
:10785000F76343A9F96B44A9FB7345A9FD7BCEA847
:10786000C0035FD6000080D2FC6302914B96FF9765
:10787000FB03002A200080D28196FF97817B76B897
:10788000801240F9206860B8BF3F03D501000012A4
:1078900080020037E0031BAA4096FF971F0019EBF8
:1078A000A9FEFF543400009094A20F91E203132A22
:1078B000E10314AA2000009000282191059BFF9766
:1078C000E2A340B9E10314AA2000009000D4219162
:1078D000421C45D3FF9AFF97A00D8012DBFFFF17D4
:1078E000A1FCFF34D6060091F7120091802E40B91A
:1078F0001F00166BA8F6FF54E203132A2100009024
:107900002000009021A00F910080229173060011A9
:1079100094A20091EF9AFF97A7FFFF17F70314AA0D
:10792000160080D21A0880D2F1FFFF17FD7BBCA998
:10793000FD030091F35301A9F40301AAE2E30091CE
:10794000F55B02A9F50300AA010040F9C00C8052C2
:1079500044AAFF97F303002A80010035E01F40F995
:10796000010040F9363440F9800200F9C20240F9C2
:10797000620100B4E10315AAE00314AA40003FD657
:1079800080010034F303002AE003132AF35341A9D2
:10799000F55B42A9FD7BC4A8C0035FD6A00A40B92D
:1079A0001F04007101010054A00E40B9800600F9C7
:1079B000C10640F9A1FEFFB4E00314AA20003FD69F
:1079C000F1FFFF17B3028012F0FFFF17FD7BB9A98B
:1079D000E403012A03008052FD030091F30B00F938
:1079E000F30302AAE5830091210000D0004840F98A
:1079F00021103591220000D042DC349160ABFF971A
:107A00007F0200F980000035E10313AAE0830091B2
:107A1000C7FFFF97F30B40F9FD7BC7A8C0035FD6F4
:107A2000FD7BB9A9E403012A03008052FD03009104
:107A3000F30B00F9F30302AAE5830091210000D0C3
:107A4000220000D02110359142DC34914CABFF97DD
:107A50007F0200F980000035E10313AAE083009162
:107A6000B3FFFF97F30B40F9FD7BC7A8C0035FD6B8
:107A7000FD7BBEA9FD030091F35301A9F30300AA06
:107A8000F40302AA5F0000F9610100B4004840F964
:107A9000E20301AA210000D0212C359128ABFF97E9
:107AA000E103002AA000F836F35341A9FD7BC2A8E8
:107AB000C0035FD601008052E20314AAE00313AAB8
:107AC000F35341A9FD7BC2A8C1FFFF17010040F994
:107AD000210040F9213440F9210840F9610000B447
:107AE000F00301AA00021FD600008052C0035FD637
:107AF000010040F9210040F9213440F9210C40F9FE
:107B0000610000B4F00301AA00021FD600008052F9
:107B1000C0035FD6FD7BBEA9FD030091F35301A90D
:107B2000F40300AA130080D2800A40B91F00136B2F
:107B3000680000540000805206000014800240F9E2
:107B40000014138B73060091EAFFFF97E0FEFF36E7
:107B5000F35341A9FD7BC2A8C0035FD6010040F9E1
:107B6000210040F9213440F9211040F9610000B4AE
:107B7000F00301AA00021FD600008052C0035FD6A6
:107B8000FD7BBEA9FD030091F35301A9F40300AAF4
:107B9000130080D2800A40B91F00136B68000054A4
:107BA0000000805206000014800240F90014138B7C
:107BB00073060091EAFFFF97E0FEFF36F35341A9F9
:107BC000FD7BC2A8C0035FD6FD7BBDA9FD0300916C
:107BD000F35301A9F403012AF30300AAF51300F9F2
:107BE00015008052BF02146B6B00005400008052DD
:107BF0000C000014600240F9800000B5B5060011C9
:107C000073820091F8FFFF17E00313AAB9FFFF97F3
:107C100080000035E00313AAADFFFF9700FFFF349B
:107C2000F35341A9F51340F9FD7BC3A8C0035FD608
:107C3000FD7BBCA903008052220000D0FD0300910F
:107C4000F35301A942DC3491F40301AAF55B02A9C4
:107C5000F71B00F9F70300AA3F0800B9210000D084
:107C600021103591E2AAFF97F303002A1F0000714B
:107C70002D020054007C7B93010090522894FF97C2
:107C8000800200F9400300B4150080D2820240F95E
:107C9000E103152AE00317AA4214158B61FFFF9731
:107CA0006001F836F303002A810A40B9800240F9E6
:107CB000C6FFFF97E003132AF35341A9F55B42A9DE
:107CC000F71B40F9FD7BC4A8C0035FD6800A40B90A
:107CD000B506009100040011800A00B97F02156BFF
:107CE0006CFDFF5413008052F3FFFF1773018012E5
:107CF000F1FFFF17004840F9CEFFFF17FD7BBEA93B
:107D0000000280D2FD030091F35301A9F40301AAFC
:107D1000010090520294FF97600100B4F30300AA9F
:107D2000E10300AAE00314AAC2FFFF974000003459
:107D3000137C4093E00313AAF35341A9FD7BC2A82F
:107D4000C0035FD673018092FBFFFF17FD7BBFA9C5
:107D5000FD030091EAFFFF971F0440B14900005462
:107D6000000080D2FD7BC1A8C0035FD6014840F966
:107D7000F7FFFF17FD7BBEA9FD030091F30B00F990
:107D8000F30300AA000040F929A5FF97630640F914
:107D900001048052020040F9200080D2610CC11A17
:107DA0000020C31A21741E53217C4093446861B89B
:107DB0000000042A406821B800008052F30B40F90B
:107DC000FD7BC2A8C0035FD6FD7BBDA9FD0300916A
:107DD000F35301A9F30300AAF51300F9000040F9D9
:107DE00013A5FF97620640F901048052040040F990
:107DF00043100012410CC11A220080D24220C39AC3
:107E0000F503022A21741E53217C4093856861B8D2
:107E1000A200220A826821B8130040F9000080D233
:107E20007302018BDD94FF97F40300AA600240B94E
:107E3000BF3F03D51F00156A20010054E00314AAB8
:107E4000D694FF971FD007F148010054200080D23C
:107E50000B95FF975B78FF97F5FFFF1700008052A7
:107E6000F35341A9F51340F9FD7BC3A8C0035FD6C6
:107E7000A00D8012FBFFFF17FD7BBEA9FD03009143
:107E8000F30B00F9EAA4FF974F61FF97132440B961
:107E90004D61FF97E1F99F52C11FA0727302010A61
:107EA000132400B900008052F30B40F9FD7BC2A8F7
:107EB000C0035FD6FD7BBDA9FD030091F35301A96B
:107EC000F30300AAF51300F9D9A4FF97F40300AA5D
:107ED000E00313AA8AA5FF97F50300AA604A40F9B8
:107EE00002028052210000F021201591A1A9FF97E4
:107EF000A042208B800200F900008052F35341A978
:107F0000F51340F9FD7BC3A8C0035FD6FD7BBEA976
:107F10004200009041000090FD030091034840F9A9
:107F2000E4630091424C1691212C1691DDA5FF9738
:107F300000008052FD7BC2A8C0035FD6FD7BBFA9B5
:107F4000FD030091BAA4FF97000040F9010040B979
:107F5000BF3F03D581000036BF3F03D5C10E80521D
:107F6000010C00B900008052FD7BC1A8C0035FD6A0
:107F7000FD7BBDA9FD030091F35301A9F40300AA01
:107F8000ABA4FF97F30300AAE00314AAECFFFF974A
:107F9000BF3F03D5600240F9210000D0E2B3009159
:107FA000211035911F0000B9804A40F9A1A9FF971F
:107FB000600100B473420091E00313AAD6FEFF975C
:107FC000E02F00B960000035E00313AAEDFEFF9733
:107FD000F35341A9FD7BC3A8C0035FD600008052C4
:107FE000FCFFFF17FD7BBBA9FD030091F35301A923
:107FF000F40300AA8EA4FF97F30300AAE00314AAD7
:1080000042A5FF97600200F9A00000B5A00280120F
:10801000F35341A9FD7BC5A8C0035FD6E2A300913D
:10802000E00314AA01008052BC9EFF97E02700B92C
:1080300000FFFF35E0A30091899FFF97E02700B97B
:1080400080FEFF35E0A30091B69EFF97017D80D2B0
:108050000008C19A600A00B9A0FDFF34804A40F9C7
:10806000210000B0E29300912110359171A9FF9792
:10807000800000B5E00314AABEFFFF97E5FFFF17DD
:1080800073420091E00314AAE10313AA1AFFFF97B9
:10809000E02700B9E0FBFF35E00313AAB9FEFF9724
:1080A000E02700B980FEFF34DAFFFF17FD7BBDA992
:1080B000FD030091F35301A9F40300AAF51300F99D
:1080C000F50301AA5AA4FF97F30300AAE00314AA38
:1080D000A8FFFF9701048052620A40B9600240F98C
:1080E000427C151B420400714310C05AE2018052C9
:1080F0002100034B21109F1A2140007121509F1A2B
:108100003F3C007121D0821A2110012ABF3F03D5C4
:10811000010400B9600240F9BF3F03D5210080523D
:10812000010000B9E00314AAF35341A9F51340F983
:10813000FD7BC3A882FFFF17FD7BBCA942018052D3
:1081400041000090FD030091F35301A9F30300AA3D
:1081500021582991F55B02A9F71B00F9004840F965
:1081600004A9FF97F703002A604A40F902F48152FC
:108170004100009021882991FEA8FF97810080523C
:10818000150CC11A41000090604A40F921BC2991A8
:10819000B57E4093B5A9FF971F1C0072C102005421
:1081A000604A40F94100009021082A91AFA9FF9749
:1081B000161C0012E00313AA20A4FF97F40300AAE0
:1081C00016840039000080D2930200F9970A00B9A2
:1081D000950A00F9F193FF97800E00F90000805294
:1081E000F35341A9F55B42A9F71B40F9FD7BC4A8F5
:1081F000C0035FD616008052EFFFFF17FD7BBBA9BF
:10820000FD030091F35301A9F55B02A9F76303A9EC
:10821000030040F9633440F9630040F9030600B4F9
:10822000F40300AAF60301AA60003FD6F503002A72
:10823000A0040035E00314AA00A4FF97F30300AAEA
:10824000020280D2E0030191010080526193FF9706
:1082500078A200916082403960000034E00318AADF
:108260004F77FF97620A40F9177D80D2830640F965
:10827000E00318AA427C179B0100009021100F9187
:108280002B77FF97630A40F9010280D2E003019146
:1082900042000090424C2A913D98FF972000805266
:1082A00060820039C40AD79A220000B0810640F9E2
:1082B00040000090E303019142FC2D91007C2A9143
:1082C0008498FF97E003152AF35341A9F55B42A96F
:1082D000F76343A9FD7BC5A8C0035FD6B504801230
:1082E000F9FFFF17FD7BBCA940118052FD030091EF
:1082F000E1E30091F35301A9F55B02A940A6FF97C2
:10830000C0010035E01F40F9340000B0350000B076
:1083100094AA0191B54A0191167D8052130840F943
:10832000736201D1E11F40F9626201912140009125
:108330005F0001EBC100005400008052F35341A9DB
:10834000F55B42A9FD7BC4A8C0035FD6E00313AA76
:1083500074A3FF9700010035E00313AAB7A3FF97AA
:1083600001844039E1000035610640F9E00315AAB7
:108370005898FF97732E40F9736201D1EAFFFF17F7
:10838000010840B9020080D2E00313AA217C161B29
:108390009BFFFF9700FFFF34E00314AA610640F93A
:1083A000F4FFFF17010040F9213440F9210840F99A
:1083B000610000B4F00301AA00021FD6A0048012DD
:1083C000C0035FD601A000D100805DF8028840B9EB
:1083D000820000362180403941000034F2FFFF174F
:1083E000C0035FD6030040F9633440F9630C40F9E1
:1083F000630000B4F00303AA00021FD6FD7BBFA9EF
:10840000E20301AA210080D2FD0300917CFFFF97C7
:108410004000F8373C92FF97FD7BC1A8C0035FD6B0
:10842000040000F084E01991030080D202686338F0
:10843000620000343F0003EB41000054C0035FD6EC
:1084400085C862386500003642800011421C001267
:108450000268233863040091F5FFFF17E403002A44
:10846000C0F65FB0001441F9E00000B500008012D2
:10847000C0035FD600008012F35341A9FD7BC2A860
:10848000C0035FD6FD7BBEA9E30302AAFD030091F2
:10849000F35301A9F403012AF303012AC1F65FB0E3
:1084A000E20314AA211841F92140248BB69BFF97BF
:1084B0009F0200EB01FEFF54E003132AEFFFFF17BA
:1084C000FD7BBDA9FD030091F35301A9F51300F94C
:1084D0003F04007129010054F40300AA000840B9C8
:1084E0001F800071600300541F4000718008005419
:1084F0003FBC3F71C900005420000090003C3891FF
:10850000F497FF97000080520B0000141F30007199
:10851000A1FFFF548032407915741E533508D51AD7
:10852000007C151B3308004B13000014800240F937
:10853000005873B8F35341A9F51340F9FD7BC3A864
:10854000C0035FD6800240F900587378FAFFFF1726
:10855000E05F1C323F00006B02FDFF548032407927
:10856000C2008052007C021B007C02133508C01A36
:10857000B386001B802240B91F00156BC001005458
:10858000C1008052820E40B9A07E011B0300010B86
:108590004400004B7F00026B83224079820240F945
:1085A0008180811A6000000BADFFFF97C0FAFF3792
:1085B000952200B9800A40B91F40007140FCFF5469
:1085C0001F80007140FBFF541F300071C1F9FF5440
:1085D0006106130B820240F9217C01532004001133
:1085E00041686138406860382020000B5300003635
:1085F000007C0453002C0012CFFFFF17E0FD9F52B8
:108600003F00006BA8F7FF54803240791504000B3F
:108610003508D51A007C151B0004000B3300004BF5
:10862000D5FFFF17FD7BBBA9FD030091F35301A903
:10863000F40303AAF55B02A9F50300AAF60302AA54
:10864000F76303A9F92300F9410500341734407991
:10865000001C40B9F702011BA4324079DF1640F23A
:10866000E007005484FC0091F803009184E47A92BE
:108670008438019184347C92FF6324CBF3FF009112
:1086800073E67A92A03240791F0014EB690300541C
:108690001F030091B40200B4A0324079F8030091A6
:1086A0002100805200FC009100E47A920038019190
:1086B00000347C92FF6320CBE003172AF3FF009184
:1086C00073E67A92E20313AA65FFFF971F04007115
:1086D00021020054E20314AAE10313AAE00316AA3C
:1086E0005892FF971F030091000080520C00001465
:1086F000171440B9D9FFFF17F9060011E20313AAB6
:10870000E003172A2100805255FFFF971F040071D4
:10871000400100541F03009100008012BF0300912C
:10872000F35341A9F55B42A9F76343A9F92340F943
:10873000FD7BC5A8C0035FD6A2324079E00316AA2C
:10874000E10313AAF703192A3E92FF97A03240795A
:10875000D602008B940200CBCBFFFF179F0014EBD7
:10876000A8F9FF54930AC49AE20316AAE003172A51
:10877000E103132A3AFFFF971F00136BE1FCFF543C
:10878000A1324079F702000B207C001BD602008B3F
:10879000940200CBC0FFFF17FD7BBCA9FD03009135
:1087A000F35301A9F30300AAC0F65FB0F55B02A979
:1087B000001441F9F71B00F9000100B51400801204
:1087C000E003142AF35341A9F55B42A9F71B40F9D2
:1087D000FD7BC4A8C0035FD6F50301AAF60302AA75
:1087E000011040F9000880D221FC009121E47A9226
:1087F0004075FF97F70300AA20FEFFB4E20300AA2A
:10880000210080520000805215FFFF97A000F8362B
:1088100014008012E00317AAEB72FF97E9FFFF171D
:10882000E10317AAE00313AA020880D20592FF977A
:10883000651E4079602E403974324039642E40798B
:108840001420142A65FEFF346042403920FEFF34B4
:1088500061564039021E80523FDC03712490427AF7
:1088600081FDFF5481020851823E4092213C00125A
:108870003F003871E8FCFF54410400D13F0002EA98
:1088800081FCFF54613640396636403921FCFFB423
:10889000230400D17F0001EAC1FBFF5464000035CE
:1088A000612640B961FBFF3461464039947E05532F
:1088B000634A4039940600512320032A9402036A34
:1088C00081FAFF5444010035612640B901010034AA
:1088D000E102019100048052C00200B9420380D23B
:1088E000E00315AAD791FF97CBFFFF17633C7BD31B
:1088F0000014041B619200916308C29A624E4039D1
:108900000000030B635240394320032A4300003523
:10891000632240B96300004B820180520002805202
:108920006308C61A7FD03F710080821AEBFFFF17E1
:10893000FD7BB7A922200091FD030091F35301A90B
:10894000F40300AAF30301AAE0430191E1C30091FB
:10895000F51300F991FFFF9720050035650A40B92E
:10896000C2F65FB0F503002A42C00891BF800071D3
:1089700021010054E07740B9600E00B9E07340B9BE
:10898000602E00B940010035400440F9602E00B966
:1089900007000014E0CF4079600E00B9E03340F9E1
:1089A000009C58D3602E00B9A0FEFF34E1BF40798F
:1089B000E0834139630E40B9603200B96122007929
:1089C000420840F90004031BE3774139633600791C
:1089D000E12F40F9601600B9249C58D36432007925
:1089E000E10304AA873C40925F2024EB400100543D
:1089F0002000009000981E91B696FF97B500801257
:108A0000E003152AF35341A9F51340F9FD7BC9A8EA
:108A1000C0035FD6A30000352000009000441F91E2
:108A2000AC96FF97F6FFFF17647C041B9F404071D4
:108A3000E9000054E103042A2200A0522000009023
:108A400000AC1F91A396FF97EDFFFF1763781F53AC
:108A5000BF800071210300540000034B601E00B969
:108A6000E07F40B9602A00B900008012602200B99E
:108A7000C00080527F4A0039217C001B000880D250
:108A800021FC001121347A929A74FF97600200F958
:108A900060FBFFB4930200F9602A40B9800201290B
:108AA000602A40B9807E0229200080D2800E00F921
:108AB0009F1200F9D3FFFF17E23340F9425C48D31D
:108AC00042E87BD34208C79A622600B94200034BB2
:108AD0004200000B00008052621E00B9E2FFFF1747
:108AE000FD7BBDA9FD030091F35301A9F51300F926
:108AF000D5F65FB0021040F9A01601F9C0F65FB0DC
:108B000000C0089142FC009142E47A924200019137
:108B1000FF6322CB020C80D2F3FF00914991FF97B3
:108B200073E67A9221008052E20313AA0000805279
:108B30004BFEFF971F04007120010054BF1601F97E
:108B400014008012BF030091E003142AF35341A9DB
:108B5000F51340F9FD7BC3A8C0035FD660FA079107
:108B6000420080D221000090218821916891FF97D6
:108B7000F403002A40FEFF354100009060DA0091C6
:108B800021AC2891620080D26191FF97C0FDFF3433
:108B900041000090604A019121BC2891A20080D23E
:108BA0005B91FF9700FDFF34E5FFFF17FD7BB8A940
:108BB000C2F65FB0FD0300915F1401F9E2830091FA
:108BC000F35301A9F30300AAF403012A3B97FF978B
:108BD0004002003454010034620640B9E103142A13
:108BE0002000009000FC20913A96FF970000801230
:108BF000F35341A9FD7BC8A8C0035FD6600E40F9BE
:108C0000FF0302A9601240F9E01B00F9FFE30039FD
:108C1000FF630139FF7B00B9E1830091E00313AAF0
:108C2000B0FFFF97F3FFFF17FD7BBDA9FD03009188
:108C3000F35301A9F30300AAF55B02A9001440B99C
:108C4000E0000034150080D2E00315AAF35341A9D7
:108C5000F55B42A9FD7BC3A8C0035FD6630240F960
:108C6000F60301AA621240B9601A40B9743440791F
:108C7000827E021BA0040034600840B91F8000718E
:108C800040040054601440B9632440B94000000B14
:108C90006200024B9F02026B9492821A7502069147
:108CA000E103142AE20315AAEDFDFF97C0FCFF378C
:108CB000600240F900304079007C141BC00200B90A
:108CC000601A40B9611240B9610E00B94002003427
:108CD000620240F9400840B91F800071C001005491
:108CE00021040011611200B940344079007C011B5D
:108CF000412440B91F00016B83FAFF5420008052C9
:108D0000601600B9D1FFFF17601C40B94000000B8E
:108D1000E3FFFF17600240F9EAFDFF97601200B918
:108D20001F040071C9FEFF54610240F9210840B9D7
:108D30003F800071C00000543F40007102FE9F520E
:108D400001FE81522110821AEBFFFF17E15F1C32F6
:108D5000E9FFFF17FD7BBDA9FD030091F30B00F9AF
:108D6000F30300AA011C40B941020035E1B30091B0
:108D7000AEFFFF97A00000B57F1200F9F30B40F99A
:108D8000FD7BC3A8C0035FD6E12F40B9217C05530A
:108D900021040051611E00B9601200F9601240F90F
:108DA000010040393F00007100109F9AF4FFFF1747
:108DB000001040F921040051611E00B900800091AB
:108DC000F6FFFF17FD7BBAA9FD030091F35301A93C
:108DD000F30300AAF55B02A9F643019115E00091A7
:108DE000F76303A91FA400F9F92300F9E00313AA0C
:108DF000D9FFFF97F40300AA200100B500008052BC
:108E00007F1A00F9F35341A9F55B42A9F76343A91F
:108E1000F92340F9FD7BC6A8C0035FD6601E40B9A8
:108E2000610E40B960060529601240F9601A00F928
:108E3000820240395F940371A0FDFF54812E4039B6
:108E400041041836210C00123F3C007101FDFF5413
:108E5000E2FC373617004039F40300AA19344039D0
:108E6000020080D2F77A1912F7060051FF0600318E
:108E7000C1080054800240391F9403710418457AD8
:108E800060FBFF5462C2228B010080D2000080523E
:108E90005FE00039026019534004402A826A613859
:108EA000210400914000200B001C00123F2C00F117
:108EB00021FFFF543F03006BA1F9FF5494F9FFB465
:108EC00060E2009160A600F976E20491E10314AA41
:108ED000F50316AAE00316AA020180D25990FF9763
:108EE0007F020539A1024039E01B80523F00006A31
:108EF000010B00548032403980001836A102164B15
:108F0000E00316AA47FDFF9781224039E01B8052FB
:108F10003F00006A60020054F70315AAC0058052A2
:108F200081220091620080D2E0160038E00317AA87
:108F30004490FF978032403980002036E00317AA22
:108F4000610080D237FDFF97BF120039F50317AAE1
:108F5000A1024039E01B80523F00006AE107005443
:108F6000BF02003960E244391F940371A107005425
:108F70007FE2043960A640F9400000B576A600F90A
:108F800020008052A0FFFF1784060091030080D2CA
:108F900061F87FD3E003032A81686138616836385D
:108FA0002103003461040011630400917F1400F177
:108FB00001FFFF54217C4093833A0091856A009120
:108FC00060004039E403012AC06A2138E00300341C
:108FD000630800912004001121040091BF0003EBFD
:108FE00001FFFF5481724039C1CA2038C1000034EA
:108FF00080080011817A4039C1CA2038410000340C
:10900000800C00115800000B1FFF03710CEFFF5480
:10901000147C4093E10315AAA0C2208B2490FF97F3
:10902000E20314AAE10316AAE00315AA0590FF972C
:10903000E00313AA48FFFF97F40300AA80EDFFB4F2
:10904000027F409389FFFF17E003012AEEFFFF171D
:10905000B5060091A4FFFF17B5060091BDFFFF17ED
:109060001F14007181F8FF544003801260E204393C
:10907000C1FFFF17FD7BBBA9FD030091F35301A9BD
:10908000F30300AAF55B02A9F50301AAF76303A99C
:10909000F703022AF96B04A91AE00491990B805294
:1090A000F40315AA80024039800000341FBC00710F
:1090B0000410597A80010054E00314AA918FFF979D
:1090C000C00400B5570C083600008052F35341A984
:1090D000F55B42A9F76343A9F96B44A9FD7BC5A8D9
:1090E000C0035FD694060091EFFFFF17B50600910D
:1090F000A0024039800000341FBC00710410597A6E
:1091000061FFFF54601A40B9A0090034A20214CBD9
:109110005F0400F161020054010000F021901E91F3
:10912000E00314AA608FFF97A0080035600240F9A1
:10913000012840B961860129002840B9600A00B9B8
:109140007F1600B97F1E00B97F1200F9A0024039D6
:1091500080FAFF35DCFFFF17F50314AAE5FFFF17C0
:109160005F0800F1C1060054010000F0218C1E913F
:10917000ECFFFF1760A640F9628FFF971F0300EB1B
:1091800061A640F90023809A167C4092E00314AA5D
:10919000E20316AA168FFF972001003460A640F95B
:1091A0001F001AEBE0040054E20316AAE1031AAA16
:1091B000E00314AA0E8FFF9740040035611240F9B6
:1091C000202C403920032036620240F920344079B7
:1091D000430840B97F800071810100542128407903
:1091E000213C10530000010B600A00B9200100343B
:1091F00060820129000080527F8202297F1E00B90F
:109200007F1200F9A7FFFF1701008052F6FFFF173A
:10921000402840B960820129402840B9600A00B95D
:1092200020008052F5FFFF17A002403900010035F1
:10923000D7F4073760028012A5FFFF17B80214CBDE
:10924000E00313AAE0FEFF9760F9FF3520008012CB
:109250009FFFFF17FD7BB5A9FD030091F76303A9ED
:10926000F80301AA013080D2F70302AA2100A0F27C
:10927000F35301A9F30300AA000880D2F55B02A909
:10928000F96B04A9FA0303AAF90304AAFB7305A95D
:109290009872FF97801800B4FB0300AAE1E30191E4
:1092A000A4FDFF97F403002AA00F0035E10313AAE1
:1092B000E0031BAA220080526FFFFF97F403002AED
:1092C000A00E0035611340F9E28340B9F6274179D9
:1092D000202840795F800071351C40B933344079D3
:1092E000003C10533F0300F9E123417900009F1A2D
:1092F000FF0215EB0A0D00545F0300F18D000054CE
:10930000FA021A8BBF021AEBB5D29A9AD67E011BCB
:109310007302000B1CFE8152D67E4093FA0316AAFC
:10932000FF021AEB4A0300545A0316CBB5021ACBBC
:10933000F7021AEB00090054DF0215EB000880D297
:10934000DAD2959A41FF009121E47A926972FF97EF
:10935000FC0300AA800100B4E20300AAE3031AAAF6
:10936000E103132AE0E30191AFFCFF97C00300344F
:10937000000000F000A020915694FF97E0031CAA83
:109380001170FF971400801243000014E103132AA8
:10939000E0E301914BFCFF97F303002A1F040071E7
:1093A00002FE9F52A8000054000000F000542091DB
:1093B0004894FF97F4FFFF17E08340B91F800071C6
:1093C000E00000541F4000718013821A7F02006B7E
:1093D000C2FEFF545A03168BD2FFFF17E05F1C3208
:1093E000FBFFFF17B5021ACB5A0317CBE2031AAAE9
:1093F0008103178BE00318AA128FFF97E0031CAAC2
:10940000F16FFF97200340F900001A8B200300F949
:10941000350400B4E103132AE0E3019118031A8B29
:1094200028FCFF97F303002A1F040071E9FBFF5497
:10943000E08340B91F800071600400541F40007138
:1094400001FE9F5200FE81520010811A7F02006BC4
:10945000C2FAFF54FA0316AAFC03132A14FE81521F
:1094600017FE9F525F0315EB2B030054A37E40931E
:10947000E20318AAE103132AE0E301916AFCFF97D3
:10948000F403002A00040035200340F90000158B86
:10949000200300F9E03F40F9CB6FFF97E0031BAAE0
:1094A000C96FFF97E003142AF35341A9F55B42A962
:1094B000F76343A9F96B44A9FB7345A9FD7BCBA8CE
:1094C000C0035FD6E05F1C32E1FFFF17E1031C2AF7
:1094D000E0E30191FBFBFF97010400519F03016B47
:1094E00080010054437F4093E20318AAE103132A4A
:1094F000E0E30191E33700F94BFCFF97E33740F9D4
:1095000040020034000000F000A02091A9FFFF17E6
:109510001F040071A9F4FF54E18340B93F8000713A
:10952000000100543F4000718112971A1F00016B27
:10953000C2F3FF545A03168BFC03002ACAFFFF171D
:10954000E15F1C32FAFFFF17200340F9E1031C2AF8
:10955000B5021ACB18031A8B0000038B200300F905
:10956000E0E30191D7FBFF97F303002A1F0400718A
:10957000C9F1FF54E08340B91F800071000100541D
:109580001F4000718012971A7F02006BE2F0FF54B7
:10959000FA0316AAE003132AE8FFFF17E05F1C3264
:1095A000FAFFFF1774018012BFFFFF1700000000D1
:1095B0006E09030000000000000000000000000031
:1095C0007F09030000000000000000000000000010
:1095D00094090300000000000000000000000000EB
:1095E000A6090300000000000000000000000000C9
:1095F000BC090300000000000000000000000000A3
:10960000000000000000000000000000000000005A
:10961000ACE00100000000008CE001000000000050
:109620002CEA00000000000018EB00000000000021
:10963000ACEA000000000000000000000000000094
:1096400000000000000000008B0303000000000089
:1096500024A802000000000000000000000000003C
:1096600000000000000000009CE901000000000074
:109670006CE9010000000000E907030000000000A1
:1096800048A8020000000000F707030000000000E7
:1096900000000000000000000000000000000000CA
:1096A00000000000000000000000000000000000BA
:1096B000EC3B020000000000303F02000000000010
:1096C000000000000000000000000000000000009A
:1096D000000000000000000000000000000000008A
:1096E000000000000000000000000000000000007A
:1096F000000000000000000000000000000000006A
:10970000A8960200000000002C3D020000000000AE
:10971000983B020000000000000000000000000074
:109720000000000000000000CB0303000000000068
:109730000000000000000000000000000000000029
:109740000000000000000000E8F40200000000003B
:109750000000000000000000000000000000000009
:1097600000000000000000000000000000000000F9
:1097700000000000000000000000000000000000E9
:109780006401010000000000000000000000000073
:1097900000000000000000000000000000000000C9
:1097A0000000000000000000C9F4020000000000FA
:1097B00000000000000000000000000000000000A9
:1097C0000000000000000000000000000000000099
:1097D0000000000000000000000000000000000089
:1097E000C8000100000000000000000000000000B0
:1097F0000000000000000000B800010000000000B0
:10980000B80001000000000000000000000000009F
:109810000000000000000000000000000000000048
:10982000C000010000000000000000000000000077
:109830000000000000000000000000000000000028
:109840000000000000000000E0090300000000002C
:10985000E709030000000000D30903000000000036
:10986000DE09030000000000E5090300000000001D
:10987000EC0903000000000029CE020000000000F7
:109880000F0A0300000000000000000000000000BC
:1098900000000000000000000000000000000000C8
:1098A000AC80020000000000707F02000000000099
:1098B0003C7F0200000000000000000000000000EB
:1098C0000000000000000000000000000000000098
:1098D000FC600100000000007C620100000000004C
:1098E0000000000000000000000000000000000078
:1098F0000000000000000000000000000000000068
:109900000000000000000000000000000000000057
:109910000C08030000000000805702000000000057
:109920001C08030000000000805702000000000037
:109930003208030000000000805702000000000011
:1099400048080300000000008057020000000000EB
:109950005E080300000000008057020000000000C5
:10996000740803000000000080570200000000009F
:109970008908030000000000DC570200000000001E
:109980009C08030000000000805702000000000057
:10999000AD08030000000000805702000000000036
:1099A000C608030000000000D057020000000000BD
:1099B000D608030000000000DC5702000000000091
:1099C000E6080300000000008057020000000000CD
:1099D000FA080300000000008057020000000000A9
:1099E0000B09030000000000805702000000000087
:1099F0001B09030000000000805702000000000067
:109A00002C09030000000000805702000000000045
:109A10003C09030000000000805702000000000025
:109A20000000000000000000000000000000000036
:109A30002C5902000000000000000000000000009F
:109A4000A85D02000000000000000000000000000F
:109A50000000000000000000000000000000000006
:109A600000000000000000000000000000000000F6
:109A700000000000000000000000000000000000E6
:109A80004460020000000000309A02000000000064
:109A90007059020000000000485902000000000058
:109AA00000000000000000000000000000000000B6
:109AB000D1D30200000000002CCC02000000000006
:109AC0001ECC02000000000012CC020000000000CA
:109AD0000000000000000000D7F2020000000000BB
:109AE000E8F2020000000000F7F2020000000000AF
:109AF00007F302000000000019F30200000000005C
:109B000029F30200000000003CF302000000000006
:109B10004DF30200000000005FF3020000000000AF
:109B200070F302000000000083F302000000000058
:109B300098F3020000000000AAF3020000000000F9
:109B4000BBF3020000000000CDF3020000000000A3
:109B5000DEF3020000000000F1F30200000000004C
:109B600004F402000000000027F5020000000000DD
:109B7000000000000000000032F5020000000000BC
:109B800000000000000000000000000000000000D5
:109B900000000000000000002CE1010000000000B7
:109BA00008E10100000000007CF402000000000059
:109BB00000000000000000000000000000000000A5
:109BC0000000000000000000000000000000000095
:109BD00038E201000000000000000000000000006A
:109BE000F0E4010000000000803D010000000000E2
:109BF0000000000000000000000000000000000065
:109C0000B05601000000000000000000000000004D
:109C1000086202000000000096F40200000000004C
:109C20000000000000000000000000000000000034
:109C30000000000000000000B50303000000000069
:109C40000000000000000000BD0303000000000051
:109C50000000000000000000000000000000000004
:109C60000000000000000000770703000000000073
:109C700000000000000000007F070300000000005B
:109C80000000000000000000880703000000000042
:109C900001000000000000009C070300000000001D
:109CA0000000000000000000B007030000000000FA
:109CB00000000000000000000000000000000000A4
:109CC000000000000000000040330200000000001F
:109CD000783102000000000018320200000000008D
:109CE0000000000000000000B4310200000000008D
:109CF0000000000000000000000000000000000064
:109D00007432020000000000043002000000000075
:109D10000000000000000000000000000000000043
:109D200020A107000000000000000000000000006B
:109D300000C2EB0B00000000204E0000801A06005D
:109D400050C30000A8610000A0860100204E000062
:109D5000204E0000A0860100204E0000204E000092
:109D600050C300000000000070110100204E0000F0
:109D7000409C000040420F001027000040420F00AE
:109D8000A0860100409C000030750000000000002B
:109D9000400D0300400D03000000000050C3000010
:109DA000409C000000000000004429353A000000FB
:109DB000400D0300A086010030750000C0D40100F2
:109DC00050C30000A0860100000000000000000059
:109DD000000000000000000020A1070000000000BB
:109DE000000000000000000000C2EB0B00000000BB
:109DF00010270000801A0600A8610000102700004C
:109E0000C8AF0000204E00001027000050C3000023
:109E10001027000010270000A8610000983A0000F9
:109E2000B888000010270000204E000040420F00BC
:109E30000000000040420F0050C3000030750000D9
:109E4000983A0000983A0000A0860100A086010020
:109E500000000000A8610000204E0000000000008B
:109E60000065CD1D00000000A0860100C8AF000005
:109E7000983A000080380100A8610000A086010027
:109E800000000000000000000000000000000000D2
:109E900020A10700000000000000000000000000FA
:109EA00000C2EB0B0000000010270000801A060023
:109EB000983A00001027000030750000204E000086
:109EC0001027000050C300001027000010270000DA
:109ED000983A0000983A0000A8610000881300003A
:109EE000983A000040420F000000000040420F007E
:109EF000B8880000A8610000983A0000983A000075
:109F0000A0860100A0860100000000006842000059
:109F1000204E0000000000000065CD1D0000000084
:109F2000A0860100B8880000983A0000803801003F
:109F300068420000A0860100000000000000000050
:109F4000000000000000000020A107000000000049
:109F5000000000000000000000C2EB0B0000000049
:109F600088130000801A0600102700001027000048
:109F7000A8610000204E00008813000050C30000BC
:109F8000881300001027000010270000983A0000F6
:109F9000A8610000881300001027000040420F0055
:109FA0000000000040420F0030750000204E00000D
:109FB00010270000983A0000A0860100A08601004A
:109FC00000000000983A0000204E00000000000051
:109FD0000065CD1D00000000A08601003075000066
:109FE0001027000080380100983A0000A086010088
:109FF0000000000000000000000000000000000061
:10A0000020A1070000000000000000000000000088
:10A0100000C2EB0B0000000088130000801A06004D
:10A020001027000010270000A8610000204E00004B
:10A03000881300003075000088130000102700000E
:10A0400010270000983A0000204E000088130000FE
:10A050001027000040420F000000000040420F00A7
:10A06000A8610000204E000010270000983A000070
:10A07000A0860100A086010088130000E02E0000E9
:10A08000204E0000000000000065CD1D0000000013
:10A09000A0860100A86100001027000080380100A0
:10A0A000E02E0000A086010000000000000000007B
:10A0B000000000000000000020A1070000000000D8
:10A0C000000000000000000000C2EB0B00000000D8
:10A0D00088130000801A06001027000010270000D7
:10A0E000A8610000204E00008813000030750000B9
:10A0F000881300001027000010270000983A000085
:10A10000983A000088130000581B000040420F00DE
:10A110000000000040420F00204E0000803E000082
:10A12000581B0000983A0000A0860100A08601009C
:10A130008813000010270000204E000000000000DF
:10A140000065CD1D00000000A0860100204E00002B
:10A15000581B00008038010010270000A086010075
:10A160000000000000000000642902000000000060
:10A170000000000000000000702602000000000047
:10A180006826020000000000B42D0200000000005C
:10A19000D82B0200000000000000000000000000BA
:10A1A000000000000000000078E501000000000051
:10A1B0003CE5010000000000CAF5020000000000BC
:10A1C0000000000000000000E3F5020000000000B5
:10A1D0000000000000000000D1DE020000000000CE
:10A1E000000000000000000000000000000000006F
:10A1F000000000000000000000000000000000005F
:10A200004477010000000000000000000000000092
:10A21000000000000000000000000000000000003E
:10A22000000000000000000000000000000000002E
:10A23000000000000000000000000000000000001E
:10A240000000000000000000EEF502000000000029
:10A25000000000000000000010F6020000000000F6
:10A2600001000000000000002CF6020000000000C9
:10A2700002000000000000004EF602000000000096
:10A28000030000000000000070F602000000000063
:10A29000040000000000000092F602000000000030
:10A2A0000500000000000000B4F6020000000000FD
:10A2B0000700000000000000D7F6020000000000C8
:10A2C0000800000000000000F4F60200000000009A
:10A2D0000B000000000000000DF70200000000006D
:10A2E0000C000000000000002CF70200000000003D
:10A2F0000D00000000000000D90303000000000072
:10A300000420000016000000F3030300000000001A
:10A3100004200000150000000904030000000000F4
:10A3200004200000140000002004030000000000CE
:10A3300004200000130000003B04030000000000A4
:10A34000002000001F000000560403000000000071
:10A35000002000001B0000006B0403000000000050
:10A36000002000001800000082040300000000002C
:10A3700000200000000000009E0403000000000018
:10A38000082000001F000000B304030000000000CC
:10A39000082000001C000000D004030000000000A2
:10A3A0000820000013000000E40403000000000087
:10A3B0000820000012000000FF040300000000005D
:10A3C00008200000060000001B050300000000003C
:10A3D0000C200000170000003A05030000000000F8
:10A3E0000C200000140000005A05030000000000CB
:10A3F0000C200000000000007905030000000000B0
:10A400001020000018000000950503000000000067
:10A410001020000010000000AE0503000000000046
:10A420001020000008000000C40503000000000028
:10A430001020000000000000DC0503000000000008
:10A440008020000004000000F6050300000000006A
:10A4500024000000100000000B06030000000000B4
:10A46000240000000F0000001F0603000000000091
:10A4700024000000030000003B0603000000000071
:10A480002400000002000000570603000000000046
:10A4900028000000100000006D060300000000000E
:10A4A000400000001C0000008A06030000000000BD
:10A4B0004000000018000000A70603000000000094
:10A4C0004000000014000000C3060300000000006C
:10A4D0004000000010000000DF0603000000000044
:10A4E000400000000C000000F60603000000000021
:10A4F00040000000080000000D07030000000000FD
:10A5000040000000040000002307030000000000DA
:10A5100040000000000000003907030000000000B8
:10A520001C000000100000005207030000000000A3
:10A530001C00000000000000C067010000000000D7
:10A540000000000000000000F468010000000000AE
:10A55000D8710100000000007068010000000000D8
:10A560000000000000000000F8670100000000008B
:10A5700000000000000000000000000000000000DB
:10A58000000000000000000033E5020000000000B1
:10A5900000000000000000000000000000000000BB
:10A5A000000000000000000077F50200000000003D
:10A5B000000000000000000000000000000000009B
:10A5C0000000000000000000AAF5020000000000EA
:10A5D000000000000000000000000000000000007B
:10A5E000000000000000000019E50200000000006B
:10A5F000000000000000000000000000000000005B
:10A60000000000000000000000000000000000004A
:10A61000000000000000000000000000000000003A
:10A62000747D020000000000C87D020000000000F0
:10A63000000000000000000062F5020000000000C1
:10A64000000000000000000000000000000000000A
:10A6500000000000000000009F0303000000000055
:10A6600000000000000000000000000000000000EA
:10A67000000000000000000074180200000000004C
:10A680002C180200000000005C190200000000000D
:10A690004819020000000000E8E601000000000088
:10A6A000C8E60100000000000000000000000000FB
:10A6B00040EC0200000000006EF00200000000000C
:10A6C000190000000000000079F002000000000006
:10A6D0008EF00200000000000500000000000000F5
:10A6E000A3F0020000000000A9F00200000000003A
:10A6F0000200000000000000AFF0020000000000B7
:10A70000B6F002000000000016000000000000008B
:10A71000BDF0020000000000C1F0020000000000D7
:10A720001700000000000000CAF002000000000056
:10A73000D0F0020000000000120000000000000045
:10A74000D7F0020000000000DDF002000000000071
:10A750001A00000000000000D3EE0200000000001C
:10A76000E3F0020000000000110000000000000003
:10A7700087EA02000000000001F102000000000072
:10A780000E0000000000000008F1020000000000C0
:10A7900010F10200000000001000000000000000A6
:10A7A00018F10200000000001CF10200000000008F
:10A7B0001B0000000000000020F10200000000006B
:10A7C00028F10200000000001C0000000000000052
:10A7D00037F10200000000003BF102000000000021
:10A7E0001D0000000000000048F102000000000011
:10A7F0004CF1020000000000FFFFFFFF000000001E
:10A800007FDB0200000000007FDB02000000000090
:10A81000EFBEADDEEFBEADDEEFBEADDEEFBEADDE58
:10A82000EFBEADDE0000000000000000141A2100A1
:10A830000751510351074900BF0808BA08BF00007B
:10A84000F6DADA8CDAF6D20000000000010000002F
:10A85000000E16191B000000880000000000000018
:10A860008C00000090000000940000000000000038
:10A870009800000000000000880000008C0000002C
:10A880009000000094000000980000009C00000070
:10A89000A0000000A4000000000000400100000033
:10A8A000060000000000002001000000050000007C
:10A8B0000000004000000000020000000000002036
:10A8C0000000000001000000000000100000000077
:10A8D0000000000010270000A086010040420F0089
:10A8E00080969800000000000000000000000000BA
:10A8F0000000000025005B00020022004C004C001C
:10A900004C004C00A900000000080E08171717178C
:10A910000800000040787D0180BA8C0180F0FA02C6
:10A92000007519030075190340787D0180F0FA0263
:10A9300000E1F50580F0FA0200D4650C00C2EB0BD3
:10A9400000C2EB0B00C2EB0B00170D0F1113000040
:10A950002A2E32363A3E0000B3000000010000000B
:10A9600001000000E60000000100000001000000FE
:10A97000030000004A0000007F0000000700000004
:10A980004A0000007F000000A000A200A500A70070
:10A9900004000000000000600300000000000070E0
:10A9A00001000000000000700000000000000070C6
:10A9B000000B0B0D0F0F0F0F0000044000010440AF
:10A9C0000002044000030440000404400104044069
:10A9D000000504400000054000010540BE007F0066
:10A9E000150041000600BA00002316181A1C0000CA
:10A9F00002000000000000300000000000000030F5
:10AA000067009200000058005D00620000007F00B7
:10AA100017007C0025007F007F007F007F007F0003
:10AA200036003600360036007F002E007F007F00A3
:10AA30002E007F007C007C0013242D2F31000000AD
:10AA4000130200090000000E20BB150000000300E7
:10AA50000000010020000001000000004100000093
:10AA600020BA1600000003000000010040000001B1
:10AA7000000000004000000020BB160000000300A2
:10AA80000000010040000001000000004000000044
:10AA900020BA170000000300000001008000000140
:10AAA000000000004100000020BB17000000030070
:10AAB00000000100800000010000000041000000D3
:10AAC00020BB18000000030000000100000100018D
:10AAD000000000004100000020BA18000000030040
:10AAE0000000010000010001000000004100000022
:10AAF00020BA191044000600000001000002000105
:10AB000000000000E108000020BA19000000030066
:10AB1000000001000002000100000000E100000050
:10AB200020BB1910440006000000010000020001D3
:10AB300000000000C108000020BB19000000030055
:10AB4000000001000002000100000000C100000040
:10AB500020BB1800000003000000010000010001FC
:10AB600000000000C100000020BB201044000600CF
:10AB7000000001000004000100000000E1080000E6
:10AB800020BB2000000003000000010000040001C1
:10AB900000000000C100000020BA201044000600A0
:10ABA000000001000004000100000000C1080000D6
:10ABB00020BA200000000300000001000004000192
:10ABC00000000000C100000020BA210000000300C6
:10ABD000000001000008000100000000C11000009A
:10ABE00020BB21000000030000000100000800015C
:10ABF00000000000C110000021BA20000000030086
:10AC0000000001000008000100000000C110000069
:10AC100020BB2110440006000000010000080001D4
:10AC200000000000C118000020BB2200000003004B
:10AC3000000001000010000100000000C110000031
:10AC400020BA2200000003000000010000100001F3
:10AC500000000000C11800002C5B1B104100060022
:10AC60000000020000040001000000008008010054
:10AC70002C5B1C0000000300000002000008000123
:10AC800000000000800801000102154D00000500D1
:10AC90000000010040000001000000006000000012
:10ACA0000102164D000005000000010080000001B7
:10ACB00000000000600000000102194D0080060045
:10ACC000000004008000000100000000604000005F
:10ACD0000102194D01800600000001000002000180
:10ACE00000000000604000000102204D00800600CE
:10ACF00000000400000100010000000060400000AE
:10AD00000102174D018106000000010080000001D2
:10AD100000000000604000000120184D0181060085
:10AD20000000010000010001000000006040000080
:10AD30000102194D0181060000000100000200011E
:10AD400000000000604000000102204D008106006C
:10AD5000000004000001000100000000604000004D
:10AD60000102204D00000500000004000001000168
:10AD700000000000604000000102204D01000500BD
:10AD8000000001000004000100000000604000001D
:10AD90000102204F00000500000004000001000136
:10ADA00000000000604000000102214D000005008D
:10ADB000000004000002000100000000600000002C
:10ADC00001201803000005000000040040000001FD
:10ADD0000000000000000000012018030100050031
:10ADE0000000010000010001000000000000000060
:10ADF0000120184D01800600000001000001000143
:10AE000000000000604000000120184D0000050017
:10AE1000000004004000000100000000604000004D
:10AE20000120184D01000500000001000001000193
:10AE30000000000060400000010213000000030059
:10AE400000000100100000010000000000000000F0
:10AE500001021400000003000000010020000001B6
:10AE600000000000000000000102150000000300C7
:10AE70000000010040000001000000000000000090
:10AE80000102160000000300000001008000000124
:10AE90000000000000000000014015000000030059
:10AEA000000001002000000100000000610000001F
:10AEB00001401700000003000000010080000001B5
:10AEC0000000000001000000014014000000030029
:10AED000000001001000000100000000210000003F
:10AEE0000160170000000300000001008000000165
:10AEF000000000006108000001601800000003006D
:10AF000000000100000100010000000061080000D5
:10AF100001601900000003000000010000020001B0
:10AF20000000000061080000342A1A0F0390060098
:10AF30000000040000010001000000006048000063
:10AF4000342A1B0F039006000000040000020001D9
:10AF50000000000060480000342A1C0F009006002A
:10AF60000000040000040001000000006018000060
:10AF7000342B1A0F039006000000040000010001AA
:10AF80000000000060480000342B1B0F03900600F7
:10AF90000000040000020001000000006048000002
:10AFA000342B1C0F00900600000004000004000178
:10AFB0000000000060180000342B190F08900600F4
:10AFC0000000020000010001000000004008000035
:10AFD0002020110000000300008000000400000198
:10AFE000000000000000000020201200000003000C
:10AFF000000001000400000100000000000000004B
:10B0000020201300000003000000010008000001E0
:10B0100000000000000000002020140000000300D9
:10B02000000001001000000100000000000000000E
:10B030002020150000000300000001002000000196
:10B0400000000000000000002020160000000300A7
:10B0500000000100400000010000000000000000AE
:10B060002020170000000300000001008000000104
:10B070000000000000000000202018000000030075
:10B08000000004004000000100000000000000007B
:10B0900020801500000003000000010020000001D6
:10B0A00000000000010000002071150000000300F6
:10B0B000000001002000000100000000610000000D
:10B0C0002071170000000300000001008000000153
:10B0D0000000000000000000000000000000000070
:10B0E0000000000000000000000000000000000060
:10B0F00014004201D0FFD0FFD0FFD0FF4701D0FFA6
:10B10000D0FFD0FFD0FF160100006700D0FFD0FFB6
:10B110004E00D0FF4801D0FFD0FF3F0100000000EB
:10B120000100F4FD0200F4FDF4FDF4FD0300000055
:10B130002110422063308440A550C660E77008812A
:10B1400029914AA16BB18CC1ADD1CEE1EFF13112A1
:10B15000100273325222B5529442F772D66239937A
:10B1600018837BB35AA3BDD39CC3FFF3DEE36224F1
:10B17000433420040114E664C774A44485546AA5CA
:10B180004BB528850995EEE5CFF5ACC58DD5533681
:10B19000722611163006D776F6669556B4465BB71A
:10B1A0007AA719973887DFF7FEE79DD7BCC7C44851
:10B1B000E5588668A7784008611802282338CCC96A
:10B1C000EDD98EE9AFF9488969990AA92BB9F55AE1
:10B1D000D44AB77A966A711A500A333A122AFDDBBA
:10B1E000DCCBBFFB9EEB799B588B3BBB1AABA66CB1
:10B1F000877CE44CC55C222C033C600C411CAEED0A
:10B200008FFDECCDCDDD2AAD0BBD688D499D977EC0
:10B21000B66ED55EF44E133E322E511E700E9FFF59
:10B22000BEEFDDDFFCCF1BBF3AAF599F788F88910F
:10B23000A981CAB1EBA10CD12DC14EF16FE18010F3
:10B24000A100C230E3200450254046706760B983F6
:10B250009893FBA3DAB33DC31CD37FE35EF3B10243
:10B260009012F322D2323542145277625672EAB506
:10B27000CBA5A89589856EF54FE52CD50DC5E23493
:10B28000C324A01481046674476424540544DBA7D6
:10B29000FAB79987B8975FE77EF71DC73CD7D326E3
:10B2A000F2369106B01657667676154634564CD966
:10B2B0006DC90EF92FE9C899E9898AB9ABA9445833
:10B2C000654806782768C018E1088238A3287DCB36
:10B2D0005CDB3FEB1EFBF98BD89BBBAB9ABB754A83
:10B2E000545A376A167AF10AD01AB32A923A2EFDC6
:10B2F0000FED6CDD4DCDAABD8BADE89DC98D267CD3
:10B30000076C645C454CA23C832CE01CC10C1FEF15
:10B310003EFF5DCF7CDF9BAFBABFD98FF89F176E22
:10B32000367E554E745E932EB23ED10EF01E000155
:10B3300002030405060708090A0B0C0D0E0F030291
:10B3400001000504070608090A0B0C0D0E0F030B7C
:10B350001B6664745F66697875705F6D656D6F728A
:10B36000795F62616E6B730073706C5F6E6F6465A2
:10B370005F746F5F626F6F745F64657669636500A9
:10B3800073706C5F72656769737465725F66617410
:10B390005F646576696365006669745F66696E649B
:10B3A0005F636F6E6669675F6E6F646500736F637E
:10B3B000667067615F7365637265675F70726F6205
:10B3C0006500736F63667067615F64747265675F61
:10B3D00070726F6265006E616E645F7472616E732D
:10B3E0006665725F6F6F6200626973745F6D656D31
:10B3F0005F696E69745F737461727400626F617209
:10B40000645F626F6F745F6F72646572006C6F610E
:10B41000645F73696D706C655F6669740073706CEE
:10B420005F6C6F61645F696D6167655F6661740021
:10B430006164645F6D74645F646576696365006E02
:10B44000616E645F7363616E5F7461696C006361F8
:10B4500064656E63655F6E616E645F73656C656382
:10B46000745F63686970006563635F696E746572B9
:10B47000727570745F737461747573006E616E645D
:10B480005F66696C6C5F6F6F6200696F3936625F0F
:10B490006D625F726571006E616E645F6465746594
:10B4A00063740073706C5F6C6F61645F73696D705F
:10B4B0006C655F666974006664745F7265636F7261
:10B4C000645F6C6F616461626C6500636164656E8A
:10B4D00063655F6E616E645F636D6466756E630065
:10B4E0006563635F656E61626C655F7374617475DB
:10B4F00073006E616E645F6D6178696D697A655F16
:10B50000656363006765745F6D656D5F776964741B
:10B51000685F696E666F006770696F5F686F675F0D
:10B520006F665F746F5F706C6174006765745F6DE8
:10B53000656D5F746563686E6F6C6F6779006664D4
:10B54000745F66696E645F6F725F6164645F737578
:10B55000626E6F6465006E616E645F6D61746368D6
:10B560005F6563635F7265710069735F6464725FD6
:10B570006373725F636C6B67656E5F6C6F636B6543
:10B580006400696E69745F6D656D5F63616C006E08
:10B59000616E645F636865636B5F6563635F63616E
:10B5A000707300696F3936625F63616C5F737461D9
:10B5B000747573006E616E645F7761697400696FA2
:10B5C0003936625F6D625F696E6974006E616E64C8
:10B5D0005F73656C6563745F636869700077616948
:10B5E000745F666F725F6269745F6C653332007797
:10B5F0007269746500726561640025732025733A71
:10B60000206661696C656420746F20706572666F76
:10B61000726D204F545020494F3A2025690A002569
:10B62000732025733A206661696C656420746F200D
:10B630006C65617665204F5450206D6F64652061A4
:10B64000667465722025730A006472697665727388
:10B650002F6D74642F6D7464636F72652E63004286
:10B6600055472061742025733A25642F25732829B6
:10B67000210A004255472100080808080808080860
:10B68000082828282828080808080808080808089A
:10B690000808080808080808A0101010101010105A
:10B6A00010101010101010100404040404040404FA
:10B6B000040410101010101010414141414141018B
:10B6C000010101010101010101010101010101016A
:10B6D0000101011010101010104242424242420279
:10B6E000020202020202020202020202020202023A
:10B6F00002020210101010080000000000000000FC
:10B700000000000000000000000000000000000039
:10B710000000000000000000A01010101010101019
:10B720001010101010101010101010101010101019
:10B730001010101010101010010101010101010181
:10B7400001010101010101010101010101010110DA
:10B7500001010101010101020202020202020202D0
:10B7600002020202020202020202020202020210AB
:10B770000202020202020202236770696F2D6365F2
:10B780006C6C730025733A20756E6C6F636B20666A
:10B7900061696C65642C20777269746573206D61D2
:10B7A00079206E6F7420776F726B0A00616C6C6F1A
:10B7B0006320737061636520657868617573746573
:10B7C000640A0025732025733A2043616E27742094
:10B7D0006765742072657365743A2025640A0053A6
:10B7E0004452414D20696E6974206661696C6564DC
:10B7F0002E0A0025733A204661696C656420746FD7
:10B8000020696E697469616C697A65206D656D6F18
:10B810007279206F6E20494F3936425F25640A00E5
:10B8200025733A20424953545F4D454D5F494E4977
:10B83000545F5354415254204572726F7220636FAB
:10B840006465203078256C780A0025733A205469A5
:10B850006D656F757420696E697469616C697A656C
:10B86000206D656D6F7279206F6E20494F393642B9
:10B870005F25640A0025733A20424953545F4D45C1
:10B880004D5F494E49545F535441545553204572BE
:10B89000726F7220636F6465203078256C780A00BF
:10B8A00025733A204D656D6F727920696E697469F0
:10B8B000616C697A6564207375636365737366751B
:10B8C0006C6C79206F6E20494F3936425F25640ACF
:10B8D0000025732E25730025733A2564004661699F
:10B8E0006C656420746F20616C6C6F63617465209B
:10B8F00025782062797465730A0055736564207336
:10B90000697A653D25782C20746F74616C207369A9
:10B910007A653D25780A00436865636B73756D2011
:10B92000257820213D2025780A00426C6F626C69E1
:10B93000737420617420256C78206E6F7420666F9C
:10B94000756E6420286572723D2564290A0025738E
:10B950003A202F63686F73656E206E6F7420666F78
:10B96000756E642C207573696E67206465666175F9
:10B970006C740A0025733A206C696D697420256423
:10B9800020746F2073706C5F626F6F745F6C69738B
:10B99000742065786365656465640A00646576692A
:10B9A00063655F747970650025733A20756E6B6E00
:10B9B0006F776E206465766963655F747970652062
:10B9C00025730A00752D626F6F742C73706C2D6275
:10B9D0006F6F742D6F726465720025733A207370F7
:10B9E0006C2D626F6F742D6F7264657220696E7654
:10B9F000616C69642C207573696E6720646566618B
:10BA0000756C740A0025733A206E6F2076616C693C
:10BA10006420656C656D656E742073706C2D626F4B
:10BA20006F742D6F72646572206C6973740A0062A2
:10BA30006F6172645F2575004669726577616C6C31
:10BA40002026207365637572652073657474696E52
:10BA5000677320696E6974206661696C65643A2059
:10BA600025640A0053504C3A2043616E6E6F742077
:10BA700073657420757020626C6F626C6973740AF0
:10BA80000053504C3A2043616E6E6F74207365749E
:10BA90002075702053504C2068616E646F66660A92
:10BAA00000547279696E6720746F20626F6F742022
:10BAB00066726F6D2025730A0053504C3A20556E04
:10BAC000737570706F7274656420426F6F74204478
:10BAD0006576696365210A0053504C3A2053504CF7
:10BAE0002068616E642D6F666620777269746520C8
:10BAF0006661696C656420286572723D2564290A57
:10BB0000005761726E696E673A204661696C6564C0
:10BB100020746F2066696E69736820626C6F626C56
:10BB200069737420287265743D2564290A00535096
:10BB30004C3A206661696C656420746F20626F6F97
:10BB4000742066726F6D20616C6C20626F6F742060
:10BB5000646576696365730A004661696C65642093
:10BB6000746F20696E697469616C697A65204361DC
:10BB700064656E6365204E414E4420636F6E74723F
:10BB80006F6C6C65722E20286572726F722025644E
:10BB9000290A00436F756C64206E6F7420676574AA
:10BBA0002046495420627566666572206F662025BE
:10BBB0006C752062797465730A0009636865636B4C
:10BBC00020434F4E4649475F53504C5F5359535F94
:10BBD0004D414C4C4F435F53495A450A0025732051
:10BBE00025733A203A43444D4120646573632065D0
:10BBF00072726F7220666C6167206465746563742D
:10BC000065642E0A0025732025733A203A43444D7B
:10BC100041206572726F722025780A00636D64207E
:10BC200074687265616420636F6D706C6574696FB0
:10BC30006E2074696D656F7574210A002573202567
:10BC4000733A2043444D4120636F6D6D616E6420F3
:10BC500074696D656F75740A0025732025733A2029
:10BC600043444D4120636F6D6D616E642066616970
:10BC70006C65640A0073656E642061646472657348
:10BC80007320256C6C78206661696C65640A0073AA
:10BC9000656E642067656E657269632064617461B6
:10BCA00020636D64206661696C65640A00257320F9
:10BCB00025733A2073656E6420636D6420257820B7
:10BCC0006661696C65640A0025732025733A204318
:10BCD0006869702073656C656374206661696C7552
:10BCE00072652061667465722072657365740A00FE
:10BCF0004552524F523A25733A636F6D6D616E64CF
:10BD00003A307825780A0025732025733A20666139
:10BD1000696C656420746F20656E61626C65206378
:10BD20006C6F636B0A0073646D610063646E732CE7
:10BD3000626F6172642D64656C61792D707300258A
:10BD4000732025733A20447269766572206E6565AA
:10BD50006473206174206C6561737420342062798F
:10BD6000746573206F6620424348206D65746120BE
:10BD7000646174610A0025732025733A20556E733F
:10BD80007570706F7274656420736563746F722070
:10BD900073697A65286563632073746570207369BD
:10BDA0007A65292025640A0025732025733A2074BA
:10BDB0006F6F206D616E79204E414E44206368693B
:10BDC00070733A20256420286D6178203D20256419
:10BDD000204353290A0025732025733A20696E7683
:10BDE000616C6964207265672070726F706572742F
:10BDF000792073697A652025640A002573202573EC
:10BE00003A20636F756C64206E6F7420616C6C6F88
:10BE100063617465206368697020737472756374FC
:10BE20007572650A0025732025733A20636F756C5F
:10BE300064206E6F74207265747269657665207215
:10BE400065672070726F70657274793A2025640A94
:10BE50000025732025733A20696E76616C69642031
:10BE60007265672076616C75653A20257520286DAE
:10BE70006178204353203D202564290A0025732042
:10BE800025733A20435320256420616C72656164F8
:10BE9000792061737369676E65640A0025732025D4
:10BEA000733A2043686970206964656E74696669D5
:10BEB000636174696F6E206661696C7572650A00F2
:10BEC00025732025733A2045434320636F6E6669CE
:10BED0006775726174696F6E206661696C65640A6A
:10BEE0000025732025733A2043686970206E6F74B3
:10BEF0002061626C6520746F206174746163686591
:10BF0000640A0025732025733A20636F756C6420E2
:10BF10006E6F74207363616E20746865206E616E4D
:10BF20006420636869700A0025732025733A2046EF
:10BF300061696C656420746F2072656769737465EC
:10BF400072204D54443A2025640A0025732025733D
:10BF50003A206572617365206F7065726174696FF4
:10BF60006E206661696C65640A0057616974206FB0
:10BF70006E2073646D61206661696C65643A257832
:10BF80000A0025732025733A207265616420706170
:10BF90006765206661696C65640A002573202573F6
:10BFA0003A20726561642042424D206661696C6589
:10BFB000640A0025732025733A207265616420723B
:10BFC00061772070616765206661696C65640A004D
:10BFD000647269766572732F6D74642F6E616E641E
:10BFE0002F7261772F636164656E63655F6E616E4A
:10BFF000642E630025732025733A2074696D656F84
:10C000007574206F636375727265643A0A002573F4
:10C010002025733A2009737461747573203D2030B4
:10C020007825782C206D61736B203D203078257841
:10C030000A0025732025733A20097472645F7374B3
:10C0400061747573203D20307825782C20747264DB
:10C050005F737461747573206D61736B203D203064
:10C060007825780A0025732025733A2009207472F8
:10C07000645F6572726F72203D20307825782C20C5
:10C080007472645F6572726F72206D61736B203DB4
:10C0900020307825780A0025732025733A205469CA
:10C0A0006D656F7574207768696C65207761697458
:10C0B000696E6720666F7220726567202578207729
:10C0C000697468206D61736B202578206973206323
:10C0D0006C6561722025640A0025732025733A205F
:10C0E00054696D656F7574207768696C6520776138
:10C0F0006974696E6720666F722053444D410A006F
:10C1000025732025733A2053444D41206572726F88
:10C1100072202D206972715F7374617475732025AC
:10C12000780A0025732025733A2077726974652098
:10C1300070616765206661696C65640A00515350DF
:10C14000493A20666C61736820636F6D6D616E643F
:10C1500020657865637574696F6E2074696D656FAD
:10C1600075740A00496E6469726563742077726938
:10C1700074652074696D6564206F75742028256965
:10C18000290A00496E64697265637420726561648E
:10C1900020636C65617220636F6D706C6574696F8C
:10C1A0006E206572726F7220282569290A00496E17
:10C1B000646972656374207265616420636F6D7079
:10C1C0006C6574696F6E206572726F7220282569C4
:10C1D000290A00496E646972656374207772697414
:10C1E0006520636C65617220636F6D706C65746946
:10C1F0006F6E206572726F7220282569290A0049C6
:10C200006E64697265637420777269746520636F08
:10C210006D706C6574696F6E206572726F72202824
:10C220002569290A00515350493A20515350492059
:10C230006973207374696C6C206275737920616610
:10C2400074657220706F6C6C20666F72202564209C
:10C250006D732E0A0063646E732C69732D646563BD
:10C260006F6465642D63730063646E732C66696626
:10C270006F2D64657074680063646E732C66696604
:10C280006F2D77696474680063646E732C747269CF
:10C29000676765722D616464726573730063646EB1
:10C2A000732C69732D646D61004572726F723A2050
:10C2B0007375626E6F6465207769746820535049A6
:10C2C00020666C61736820636F6E666967206D69B4
:10C2D0007373696E67210A00706167652D73697AEF
:10C2E0006500626C6F636B2D73697A650063646EC1
:10C2F000732C747368736C2D6E730063646E732C8F
:10C3000074736432642D6E730063646E732C746393
:10C310006873682D6E730063646E732C74736C6342
:10C32000682D6E730063646E732C726561642D6496
:10C33000656C61790053463A2043616C69627261B1
:10C3400074696F6E206661696C656420287265612E
:10C3500064290A0053463A2043616C696272617431
:10C36000696F6E206661696C656420286C6F772048
:10C3700072616E6765290A00434F4D424F5048591C
:10C3800020736F66742072657365742064656173D1
:10C3900073657274206661696C65643A2025640077
:10C3A0007068792D747970650025733A2025733A89
:10C3B000206572726F723A206770696F202573254D
:10C3C00064206E6F742072657365727665640A000E
:10C3D000636C6F636B2D64697600636C6F636B2DA8
:10C3E0006D756C7400636C6F636B2D66726571752F
:10C3F000656E63790023636C6F636B2D63656C6C92
:10C40000730061737369676E65642D636C6F636B32
:10C410002D706172656E74730061737369676E6508
:10C42000642D636C6F636B730061737369676E6512
:10C43000642D636C6F636B2D7261746573004D5076
:10C44000552020202020202025313064206B487A80
:10C450000A004C34204D61696E09202020202538C7
:10C4600064206B487A0A004C34207379732066721A
:10C47000656520253864206B487A0A004C34204DCD
:10C480005020202020202020253864206B487A0A64
:10C49000004C3420535020202020202020253864B8
:10C4A000206B487A0A0053444D4D43202020202021
:10C4B0002020253864206B487A0A00515350493AAD
:10C4C000205265666572656E636520636C6F636B91
:10C4D000206174202564206B487A0A0052656D6FD4
:10C4E00076696E67204D54442064657669636520E3
:10C4F00023256420282573292077697468207573A3
:10C500006520636F756E742025640A004572726F32
:10C5100072207768656E2064656C6574696E67204B
:10C52000706172746974696F6E20222573222028ED
:10C530002564290A003031323334353637383941F1
:10C5400042434445462F636C6F636B73002F6669EB
:10C55000726D77617265007365745F6469725F669E
:10C560006C616773006765745F76616C75650073F5
:10C5700065745F76616C75650025732025733A20BC
:10C580004649464F206F766572666C6F77206F6EF6
:10C590002052780A007370692D736C6176650025EE
:10C5A000732025733A204661696C656420746F209E
:10C5B00064652D6173736572742072657365742090
:10C5C000666F722053504920286572726F72202561
:10C5D00064290A00626974732D7065722D776F7219
:10C5E000640069676E6F72696E6720696E76616C50
:10C5F000696420626974732D7065722D776F72643F
:10C600002025640A0025732025733A204E6F6E2082
:10C610006279746520616C69676E65642053504966
:10C62000207472616E736665722E0A0025733A205B
:10C630004D69736D617463682044445220454343DF
:10C6400020737461747573206F6E20494F393642C0
:10C650005F25640A0025733A2045434320656E61D7
:10C66000626C65207374617475733A2025640A00E6
:10C6700025733A20454343206572726F72206E75B0
:10C680006D626572206465746563746564206F6EA5
:10C6900020494F3936425F25643A2025640A002537
:10C6A000733A2045434320646F75626C652D62695F
:10C6B00074206572726F722064657465637465645A
:10C6C000206F6E20494F3936425F25643A0A002DAB
:10C6D000206572726F7220696E666F206164647289
:10C6E000657373203A3078256C6C780A002D2065CC
:10C6F00072726F7220697020747970653A202564B7
:10C700000A002D206572726F7220696E7374616EFB
:10C7100063652069643A2025640A002D20657272E1
:10C720006F7220736F757263652069643A202564A7
:10C730000A002D206572726F7220747970653A203C
:10C7400025640A002D206572726F72206164647224
:10C750006573732075707065723A20307825780A99
:10C76000002D206572726F7220616464726573734C
:10C77000206C6F7765723A20307825780A000A2598
:10C78000733A2045434320646F75626C652D62697E
:10C7900074206572726F7220646574656374656479
:10C7A000210A002E2E0046415420736563746F7277
:10C7B0002073697A65206D69736D617463682028E0
:10C7C00066733D25752C206465763D256C75290AB8
:10C7D0000046415420636C75737465722073697AE6
:10C7E00065206E6F74207365740A0046415420639F
:10C7F0006C75737465722073697A6520746F6F202D
:10C80000626967202863733D25752C206D61783D32
:10C810002575290A00496E76616C69642046415489
:10C8200020656E7472790A004572726F72207265AB
:10C830006164696E6720636C75737465720A005079
:10C840006172746974696F6E20256420696E766107
:10C850006C6964206F6E2064657669636520256469
:10C860000A0055AA0023616464726573732D6365C1
:10C870006C6C730025733A2025733A2025730A00E7
:10C8800025733A206E756D2062616E6B732025648E
:10C8900020657863656564732068617264636F64A2
:10C8A0006564206C696D69742025642E205265636F
:10C8B0006F6D70696C652077697468206869676856
:10C8C0006572204D454D4F52595F42414E4B535F6B
:10C8D0004D41583F0A005741524E494E473A206356
:10C8E0006F756C64206E6F742073657420257320DF
:10C8F00025732E0A002F616C6961736573006C6982
:10C900006E75782C7068616E646C6500636F6D7015
:10C91000617469626C6500656E7472790023736975
:10C920007A652D63656C6C73003C76616C6964207C
:10C930006F66667365742F6C656E6774683E003C45
:10C940006E6F206572726F723E003C756E6B6E6F1B
:10C95000776E206572726F723E002F72657365721A
:10C960007665642D6D656D6F72790072616E6765B5
:10C97000730025734025782C257800257340257891
:10C98000006E6F2D6D6170006D617463682D6D6157
:10C99000736B006D617463682D76616C7565006101
:10C9A00075746F2D73697A650073746174757300A3
:10C9B0006F6B6179004D697373696E6720445442EF
:10C9C0000A002F6D656D6F7279004D4D43204465EF
:10C9D00076696365202564206E6F7420666F756EBE
:10C9E000640A006861736865642D6E6F6465730026
:10C9F00043616E277420676574206861736865649D
:10CA00002D6E6F6465732070726F7065727479003B
:10CA10006861736865642D6E6F6465732070726FF2
:10CA20007065727479206D757374206265206E75FF
:10CA30006C6C2D7465726D696E61746564004E7501
:10CA40006D626572206F6620686173686564206E30
:10CA50006F6465732065786365656473206D6178C4
:10CA6000696D756D002F636F6E66696775726174AD
:10CA7000696F6E730053656C656374656420636FE2
:10CA80006E666967206E6F7420696E2068617368D6
:10CA90006564206E6F646573004661696C6564202F
:10CAA000746F206861736820636F6E666967757262
:10CAB0006174696F6E004E6F206461746120746FE1
:10CAC000206861736800546F6F206D616E79206813
:10CAD00061736820726567696F6E7300686173685F
:10CAE00065642D737472696E67730056657269664A
:10CAF00069636174696F6E206661696C6564004387
:10CB00006F6E66696775726174696F6E206E6F64AF
:10CB100065202725732720636F6E7461696E73200B
:10CB20002740270A0072657175697265642D6D6F03
:10CB3000646500636F6E66004E6F20277369676ED1
:10CB4000617475726527207375626E6F6465206607
:10CB50006F756E6400206572726F72210A257320F2
:10CB6000666F7220272573272068617368206E6FB7
:10CB7000646520696E202725732720636F6E6669C0
:10CB800067206E6F64650A004661696C6564207495
:10CB90006F207665726966792027616E7927206F2C
:10CBA00066207468652072657175697265642073AA
:10CBB00069676E61747572652873290A0064656619
:10CBC00061756C74006465736372697074696F6E0B
:10CBD0000025733A204D697373696E67204644548B
:10CBE000206465736372697074696F6E20696E206A
:10CBF0004454420A00556E737570706F72746564A8
:10CC000020257320616464726573732073697A658B
:10CC10000A00646174612D6F6666736574006461F7
:10CC200074612D706F736974696F6E0064617461F3
:10CC30002D73697A6500706B63732D312E35005446
:10CC40006F74616C2073697A6520746F6F206C61FA
:10CC50007267650070616464696E67006B65792D49
:10CC60006E616D652D68696E740025733A257300D9
:10CC7000556E6B6E6F776E207369676E6174757237
:10CC80006520616C676F726974686D004E6F6465D2
:10CC9000206E616D6520636F6E7461696E732040F4
:10CCA000007265717569726564004661696C6564DE
:10CCB00020746F2076657269667920726571756976
:10CCC000726564207369676E6174757265202725CB
:10CCD00073270A00556E61626C6520746F2076655B
:10CCE000726966792072657175697265642073690D
:10CCF000676E61747572650043616E2774206765A5
:10CD000074206861736820616C676F2070726F7047
:10CD1000657274790075626F6F742D69676E6F72DA
:10CD200065002D736B6970706564200043616E2728
:10CD3000742067657420686173682076616C75651E
:10CD40002070726F706572747900556E73757070B3
:10CD50006F72746564206861736820616C676F72BC
:10CD60006974686D0042616420686173682076614F
:10CD70006C7565206C656E00426164206861736843
:10CD80002076616C7565002B20002D2000436F72AA
:10CD9000727570746564206F72207472756E636151
:10CDA000746564207472656500206572726F72210B
:10CDB0000A257320666F7220272573272068617308
:10CDC00068206E6F646520696E20272573272069AF
:10CDD0006D616765206E6F64650A00237068792D48
:10CDE00063656C6C7300706879730025732025731C
:10CDF0003A205048593A204661696C656420746F46
:10CE000020696E69742025733A2025642E0A004932
:10CE10006E76616C69642046415420656E74727947
:10CE20003A2025233038780A00554E4B4E4F574E46
:10CE30000025733A204D69736D6174636820444422
:10CE4000522074797065206F6E20494F3936425FE9
:10CE500025640A0025733A204661696C6564207474
:10CE60006F206765742076616C6964206D656D6FF5
:10CE700072792073697A650A00696E707574006F43
:10CE800075747075742D68696768006F7574707556
:10CE9000742D6C6F770025733A206D697373696E1A
:10CEA00067206770696F2D686F67207374617465A0
:10CEB0002E0A0025733A2077726F6E6720677069BB
:10CEC0006F732070726F70657274792C20322076C7
:10CED000616C756573206E65656465642025640A00
:10CEE000006C696E652D6E616D65006770696F2DF0
:10CEF000686F67006770696F5F686F670025732EE2
:10CF00002573256400232323204552524F522023AA
:10CF1000232320506C65617365205245534554208E
:10CF200074686520626F617264202323230A0030D5
:10CF300031323334353637383961626364656600BF
:10CF4000696F3936625F3020636C6B67656E4100D4
:10CF5000696F3936625F3020636C6B67656E4200C3
:10CF6000696F3936625F3120636C6B67656E4100B3
:10CF7000696F3936625F3120636C6B67656E4200A2
:10CF800025733A2064647220637372202573206CC9
:10CF90006F636B65642069732074696D656F757468
:10CFA0000A0025733A20646472206373722025732B
:10CFB000206973207375636365737366756C6C7930
:10CFC000206C6F636B65640A0025733A20696F7388
:10CFD000736D20494F39364220636B67656E615F20
:10CFE0006C6F636B206973206E6F74206C6F636B62
:10CFF00065640A0025733A20496E697469616C2082
:10D000004444522063616C6962726174696F6E207E
:10D01000494F3936425F2564206661696C6564203A
:10D0200025640A0025733A20496E697469616C2091
:10D030004444522063616C6962726174696F6E204E
:10D04000494F3936425F25642073756363656564B3
:10D050000A005744543A2020204E6F7420737461A4
:10D060007274696E672025730A005744543A202071
:10D07000204661696C656420746F207374617274FA
:10D080002025730A0025733A20534452414D2063F2
:10D09000616C6962726174696F6E20666F7220499B
:10D0A0004F39364220696E7374616E636520307843
:10D0B000256C6C782074696D656F7574210A002584
:10D0C000733A2043616C6962726174696F6E2066A5
:10D0D0006F7220494F39364220696E7374616E63F6
:10D0E00065203078256C6C7820646F6E65206174E3
:10D0F00020256C64206D736563210A0025733A2036
:10D100006E756D5F696E7374616E63652025640A68
:10D110000025733A20676574206D656D6F72792004
:10D12000696E7465726661636520494F39364220C5
:10D1300025640A0025733A20494F39364220256478
:10D14000206D656D5F696E7465726661636520252B
:10D15000643A2069705F747970655F7265743A2013
:10D16000307825780A0025733A20494F3936422015
:10D170002564206D656D5F696E74657266616365B7
:10D180002025643A20696E7374616E63655F69641B
:10D190005F7265743A20307825780A0025733A204A
:10D1A000494F3936422025643A206E756D5F6D65B2
:10D1B0006D5F696E746572666163653A20307825CB
:10D1C000780A0025733A2054696D656F75742028BC
:10D1D0007265673D2570206D61736B3D2578207702
:10D1E0006169745F7365743D2569290A0025733A86
:10D1F0002054696D656F7574206F6620776169745E
:10D20000696E6720444452206D61696C626F7820BA
:10D21000726561647920746F2062652066756E6343
:10D2200074696F6E6564210A0025733A205772692C
:10D230007465203078257820746F20494F53534D02
:10D240005F434D445F5245515F4F4646534554201E
:10D250003078256C6C780A0025733A20434D445F82
:10D26000524553504F4E53455F53544154555320EC
:10D270003078256C6C783A20307825780A00257350
:10D280003A20434D445F524553504F4E534520453D
:10D2900052524F523A0A0025733A20535441545582
:10D2A000535F47454E4552414C5F4552524F523AAB
:10D2B000203078256C780A0025733A205354415465
:10D2C00055535F434D445F524553504F4E53455F56
:10D2D0004552524F523A203078256C780A00257317
:10D2E0003A20494F53534D5F434D445F524553508D
:10D2F0004F4E53455F444154415F305F4F46465364
:10D300004554203078256C6C783A20307825780A9E
:10D310000025733A20494F53534D5F434D445F52AC
:10D320004553504F4E53455F444154415F315F4F29
:10D330004646534554203078256C6C783A20307836
:10D3400025780A0025733A20494F53534D5F434DCA
:10D35000445F524553504F4E53455F444154415FE3
:10D36000325F4F4646534554203078256C6C783AEE
:10D3700020307825780A0025733A20496E76616C52
:10D38000696420726573706F6E7365206461746187
:10D390000A0025733A20416674657220636C6561EA
:10D3A0007220434D445F524553504F4E53455F5298
:10D3B00045414459206269743A203078256C6C7874
:10D3C0003A20307825780A00707265666574636863
:10D3D0002D646174610070726566657463682D699F
:10D3E0006E7374720061726D2C7368617265642D66
:10D3F0006F766572726964650061726D2C74616725
:10D400002D6C6174656E63790061726D2C6461745A
:10D41000612D6C6174656E63790043616E277420C1
:10D420006C6F61642025733A204E6F206C6F6164CD
:10D43000206164647265737320616E64206E6F2076
:10D440006275666665720A0025733A20536B6970CF
:10D45000206C6F616420272573273A20696D61670E
:10D46000652073697A652069732030210A00436161
:10D470006E6E6F742067657420696D6167652064E6
:10D480006174612F73697A650A00232320436865FC
:10D49000636B696E6720686173682865732920660D
:10D4A0006F7220496D616765202573202E2E2E2016
:10D4B000004F4B0A004D5833304C4631473138410C
:10D4C00043004D5833304C46324731384143004DCC
:10D4D0005833304C46344731384143006D6D635FFB
:10D4E000626C6B004D4D433A20626C6F636B206E33
:10D4F000756D626572203078256C7820657863657B
:10D50000656473206D6178283078256C78290A006D
:10D510006D6D63206661696C20746F2073656E6445
:10D520002073746F7020636D640A0043617264201D
:10D53000646964206E6F7420726573706F6E64200E
:10D54000746F20766F6C746167652073656C6563BA
:10D550007421203A2025640A00756E61626C652092
:10D56000746F2073656C6563742061206D6F6465F2
:10D570000A004E6F206578745F63736420666F7570
:10D580006E64210A0053656C65637420485334301F
:10D5900030206661696C65642025640A0053656CFF
:10D5A0006563742048533430304553206661696C9C
:10D5B00065642025640A00756E61626C6520746F75
:10D5C0002073656C6563742061206D6F64653A201B
:10D5D00025640A004D616E202530367820536E7226
:10D5E0002025303478253034780025632563256381
:10D5F0002563256325630025642E2564006361701F
:10D600002D73642D686967687370656564002573A0
:10D610002025733A20496E76616C69642022627518
:10D62000732D7769647468222076616C7565202596
:10D6300075210A0075646576696365202A290028CA
:10D640004E554C4C006361702D6D6D632D6869679C
:10D650006873706565640073642D7568732D7364F9
:10D6600072313034006D6D632D6464722D315F381A
:10D6700076006D6D632D6464722D315F3276006DBE
:10D680006D632D68733230302D315F3876006D6DEB
:10D69000632D68733230302D315F3276006D6D63EB
:10D6A0002D68733430302D315F3876006D6D632D09
:10D6B00068733430302D315F3276006D6D632D68C4
:10D6C000733430302D656E68616E6365642D7374DC
:10D6D000726F6265006E6F2D6D6D632D68733430EF
:10D6E00030006E6F6E2D72656D6F7661626C6500D5
:10D6F00063642D696E7665727465640062726F6B27
:10D70000656E2D6364006E6F2D312D382D76004DC2
:10D710004D433A206E6F20636172642070726573AE
:10D72000656E740A005741524E494E473A204D4D9E
:10D7300055206E6F7420656E61626C65640A00002E
:10D740000A0C0D0F14191E23282D32373C46504564
:10D7500043432028737465702C20737472656E6760
:10D76000746829203D202825642C20256429206404
:10D770006F6573206E6F742066697420696E204F28
:10D780004F42004543432028737465702C20737406
:10D7900072656E67746829203D202825642C202539
:10D7A0006429206E6F7420737570706F7274656475
:10D7B000206F6E207468697320636F6E74726F6C73
:10D7C0006C6572004F4E46490045505053004A4523
:10D7D00044454300436F756C64206E6F7420666926
:10D7E0006E642076616C6964204A4544454320702C
:10D7F0006172616D6574657220706167653B20615F
:10D80000626F7274696E670A00436F756C64206E94
:10D810006F742066696E642076616C6964204F4E77
:10D82000464920706172616D657465722070616730
:10D83000653B2061626F7274696E670A000055561D
:10D8400003590C0F5A5A0F0C5903565500653033C3
:10D85000663C696A3F3F6A693C66333065663330CF
:10D86000653F6A693C3C696A3F65303366035655DB
:10D87000005A0F0C59590C0F5A00555603693C3F7A
:10D880006A30656633336665306A3F3C690C595AC5
:10D890000F55000356560300550F5A590C0F5A598D
:10D8A0000C56030055550003560C595A0F6A3F3C5D
:10D8B000693366653030656633693C3F6A6A3F3C70
:10D8C000693366653030656633693C3F6A0F5A5983
:10D8D0000C56030055550003560C595A0F0C595A53
:10D8E0000F55000356560300550F5A590C693C3F1B
:10D8F0006A30656633336665306A3F3C6903565566
:10D90000005A0F0C59590C0F5A0055560366333004
:10D91000653F6A693C3C696A3F6530336665303310
:10D92000663C696A3F3F6A693C663330650055561C
:10D9300003590C0F5A5A0F0C59035655006472695B
:10D94000766572732F6D74642F6E616E642F7261D1
:10D95000772F6E616E645F626173652E6300417440
:10D9600074656D707420746F2072656164206E6FD1
:10D970006E20706167652D616C69676E65642064F7
:10D980006174610A00417474656D707420746F2055
:10D9900072656164206F757473696465207468656D
:10D9A00020666C61736820617265610A0053697A50
:10D9B00065206F66207265616420657863656564C3
:10D9C0007320706172746974696F6E206F72206465
:10D9D0006576696365206C696D69740A004E414E15
:10D9E0004420726561642066726F6D206F66667395
:10D9F000657420256C6C78206661696C65642025EF
:10DA0000640A00536B697070696E672062616420FC
:10DA1000626C6F636B2030782530386C6C780A004C
:10DA20006E616E642564004661696C656420746F84
:10DA300020636F6E6669677572652064617461202A
:10DA4000696E7465726661636520746F2053445219
:10DA50002074696D696E67206D6F646520300A00FF
:10DA60006E616E642D6275732D7769647468006EE3
:10DA7000616E642D69732D626F6F742D6D656469BD
:10DA8000756D006E616E642D6F6E2D666C617368CE
:10DA90002D626274006E616E642D6563632D6D6F1F
:10DAA000646500736F66740068770068775F7379E8
:10DAB0006E64726F6D650068775F6F6F625F666935
:10DAC00072737400736F66745F626368006E616E78
:10DAD000642D6563632D616C676F0068616D6D69AE
:10DAE0006E67006E616E642D6563632D737472657D
:10DAF0006E677468006E616E642D6563632D737468
:10DB000065702D73697A65006D7573742073657423
:10DB100020626F746820737472656E677468206128
:10DB20006E6420737465702073697A6520696E2055
:10DB300044540A006E616E642D6563632D6D6178D7
:10DB4000696D697A6500496E76616C696420454348
:10DB5000432070616765206163636573736F7273DF
:10DB60002073657475700A005741524E494E472024
:10DB700061742025733A25642F25732829210A0012
:10DB80004343553A204469726563746F7279206922
:10DB90006E697469616C697A6174696F6E2066611F
:10DBA000696C6564210A0025732025733A2046615B
:10DBB000696C656420746F2067657420636C6B3AD0
:10DBC0002025640A0072657365742D6770696F7330
:10DBD000007265672D6F6666736574007265672DE8
:10DBE0007368696674007265672D696F2D77696463
:10DBF0007468002F636F6E666967007265672D6ECB
:10DC0000616D6573002A2A204E6573746564204433
:10DC10004F5320706172746974696F6E732064650C
:10DC20007465637465642C2073746F7070696E67BB
:10DC3000202A2A0A002A2A2043616E27742072654E
:10DC4000616420706172746974696F6E20746162BE
:10DC50006C65206F6E2025643A256C75202A2A0A8F
:10DC600000626164204D425220736563746F7220BC
:10DC70007369676E6174757265203078253032780B
:10DC8000253032780A0057686F6C65204469736BE1
:10DC90000068640075736264006D6D63736400787E
:10DCA0007800257325632564000A552D426F6F7433
:10DCB0002053504C20323032352E30312D676430B5
:10DCC0006638383133666436626620284A756E20BD
:10DCD00032372032303235202D2030393A34343A40
:10DCE0003132202B30383030290A005761726D20D4
:10DCF000005B66726F6D2053444D5D2000436F6C76
:10DD000064005761746368646F67004D505500523A
:10DD1000657365742073746174653A202573257387
:10DD200000285472696767657265642062792025EE
:10DD300073202564290A002372657365742D636559
:10DD40006C6C7300726573657473007265736574CF
:10DD50002D6E616D6573006B65792D25730072738F
:10DD6000612C6E756D2D62697473007273612C6E17
:10DD7000302D696E7665727365007273612C6578FB
:10DD8000706F6E656E74007273612C6D6F64756C6C
:10DD90007573007273612C722D7371756172656495
:10DDA000005253413A2043616E27742066696E64C5
:10DDB000204D6F64756C61722045787020696D70BC
:10DDC0006C656D656E746174696F6E0A00496E767C
:10DDD000616C6964204F4F422073697A65207661D7
:10DDE0006C7565006379636C69632066756E637436
:10DDF000696F6E20257320746F6F6B20746F6F20B6
:10DE00006C6F6E673A20256C6C6475732076732096
:10DE100025647573206D61780A0073646863695FB7
:10DE200063646E73365F72657365745F70687920C2
:10DE30006973206E6F7420636F6D706C65746564B8
:10DE40000A007068792D6E616D65730063616E27DD
:10DE5000742067657420736F6674207265736574CF
:10DE600020666F7220257320282564290053444DB5
:10DE70004D4320736F66742072657365742064650A
:10DE8000617373657274206661696C65643A2025FC
:10DE90006400636F6D626F2D70687900436F6D620F
:10DEA0006F5048592070726F6265206661696C65B9
:10DEB000643A2025640A00436F6D626F5048592010
:10DEC000696E6974206661696C65643A2025640A2C
:10DED0000063646E732C73643668630063642D673B
:10DEE00070696F7300416C69676E65642062756666
:10DEF00066657220616C6C6F63206661696C656435
:10DF00000A00526573657420252378206E65766556
:10DF10007220636F6D706C657465640A006D6D636B
:10DF200025642062757379200074696D656F75745E
:10DF300020696E6372656173696E6720746F3A2041
:10DF40002575206D730A0054696D656F75742066C0
:10DF50006F72207374617475732075706461746579
:10DF60003A202530387820253038780A00547261FC
:10DF70006E7366657220646174612074696D656F8B
:10DF800075740A0054696D656F75742077616974E2
:10DF9000696E6720666F7220636D6420262064615D
:10DFA000746120696E68696269740A004572726FF3
:10DFB00072207768696C652073657474696E672078
:10DFC0007461702064656C61790A004572726F72C9
:10DFD00020636F6E6669677572696E6720646C6C2A
:10DFE0000A004572726F72207768696C6520636FF2
:10DFF0006E6669677572696E6720646C6C0A0049A9
:10E000006E7465726E616C20636C6F636B206E65FD
:10E010007665722073746162696C697365642E0A37
:10E020000073646863692D636170732D6D61736B38
:10E030000073646863692D6361707300436F6E746D
:10E04000726F6C6C657220646F65736E27742073D9
:10E050007570706F72742041444D410A00486172BE
:10E06000647761726520646F65736E2774207370C6
:10E070006563696679206261736520636C6F636BA9
:10E08000206672657175656E63790A00736F6366E9
:10E090007067612D6363752D6464722D696E74659C
:10E0A000726C656176696E672D6F6E00736F636663
:10E0B0007067612D6363752D6464722D696E74657C
:10E0C000726C656176696E672D6F666600696E7445
:10E0D00065726C656176696E67206F6E2F6F66661C
:10E0E000206363752073657474696E677320696E4D
:10E0F0006974206661696C65643A2025640A00448D
:10E1000044523A2043616C6962726174696F6E2097
:10E11000737563636573730A004444523A20466121
:10E12000696C656420746F206765742044445220D4
:10E13000747970650A004444523A204661696C65FE
:10E140006420746F20676574204444522073697A98
:10E15000650A004444523A204661696C6564207443
:10E160006F206465636F6465206D656D6F727920E3
:10E170006E6F64650A004444523A205761726E69BA
:10E180006E673A204452414D2073697A6520667269
:10E190006F6D2064657669636520747265652028FB
:10E1A000256C6C64204D694229206578636565643F
:10E1B000730A00207468652061637475616C20685F
:10E1C00061726477617265206361706163697479FB
:10E1D00028256C6C64204D6942292E204D656D6F99
:10E1E000727920636F6E66696775726174696F6EAC
:10E1F0002077696C6C2062650A002061646A75731F
:10E2000074656420746F206D617463682074686540
:10E210002064657465637465642068617264776105
:10E2200072652073697A652E0A004444523A205779
:10E2300061726E696E673A204452414D2073697A6B
:10E24000652066726F6D20646576696365207472FF
:10E2500065652028256C6C64204D6942290A0020E0
:10E260006D69736D61746368207769746820686193
:10E270007264776172652063617061636974792883
:10E28000256C6C64204D6942292E0A0025733A20C2
:10E29000256C6C64204D69420A004444523A204681
:10E2A00061696C656420746F206765742045434321
:10E2B00020656E61626C6564207374617475730AA5
:10E2C000004444523A20454343206572726F7220E5
:10E2D0007265636F766572207374617274206E6FFD
:10E2E000770A004444523A204661696C65642074A0
:10E2F0006F20747269676765722077617463686400
:10E300006F672072657365740A004444523A204670
:10E3100061696C656420746F2066756C6C79206926
:10E320006E697469616C697A6520444452206D6538
:10E330006D6F72790A00534452414D2D4543433A63
:10E3400020496E697469616C697A656420737563CC
:10E35000636573730A004444523A2073697A6520F6
:10E36000636865636B20737563636573730A007319
:10E370006F63667067612D6E6F632D66772D6D70AC
:10E3800066652D637372004669726577616C6C20F7
:10E3900073657474696E6720666F72204D504645D0
:10E3A0002043535220696E6974206661696C65640C
:10E3B0003A2025640A004444523A2066697265771F
:10E3C000616C6C20696E6974207375636365737327
:10E3D0000A004444523A20696E697420737563637D
:10E3E0006573730A004444523A204D656D6F72792B
:10E3F000207465737420726571756972657320533A
:10E400004452414D2073697A652000696E20706F17
:10E41000776572206F662074776F210A004444523A
:10E420003A20534452414D2073697A6520636865F0
:10E43000636B206661696C6564210A007374646FA4
:10E4400075742D7061746800636F6E736F6C650016
:10E450004E6F2073657269616C20647269766572B3
:10E4600020666F756E64003021300906052B0E039F
:10E47000021A0500041480000000000000000000E3
:10E48000000000000000000000000000000000008C
:10E49000000000000000000000000000000000007C
:10E4A000000000000000000000000000000000006C
:10E4B0000000000000003031300D06096086480180
:10E4C00065030402010500042044574D4D433A20E2
:10E4D00043616E277420676574204649464F206467
:10E4E000657074680A0064727673656C00736D7091
:10E4F0006C73656C006669666F2D6D6F64650044B2
:10E50000574D4D433A204D4D4320636C6F636B2054
:10E510006973207A65726F2100616C74722C72735A
:10E52000742D6D677200616C74722C7379732D6D2C
:10E53000677200696E74656C2C6167696C6578350B
:10E540002D636C6B6D677200616C74722C6D6F64FF
:10E550007273742D6F666673657400696E74656C92
:10E560002C6F66667365742D73657474696E67735A
:10E570000025733A204F766572666C6F7720617361
:10E58000206F6666736574203078256C6C78206F18
:10E590007220726567002077726974652069732044
:10E5A0006D6F7265207468616E20626C6F636B20A2
:10E5B00073697A6520307825780A002573202573E1
:10E5C0003A20496E76616C6964206373202564206B
:10E5D000286572723D2564290A007370695F666C54
:10E5E0006173684025643A2564006A656465635F09
:10E5F0007370695F6E6F720053463A204661696CB2
:10E60000656420746F2073657420757020736C616D
:10E6100076650A00496E76616C69642062757320C4
:10E62000256420286572723D2564290A002573201F
:10E6300025733A20496E76616C696420636869705D
:10E640002073656C6563742025643A256420286511
:10E6500072723D2564290A0003130B0C3B3CBBBCC2
:10E660006B6CEBEC7370692D666C617368002573DD
:10E670002025733A20666C617368206F7065726143
:10E6800074696F6E2074696D6564206F75740A001B
:10E69000656E61626C696E6720726573657420686F
:10E6A00061636B3B206D6179206E6F7420726563CE
:10E6B0006F7665722066726F6D20756E6578706515
:10E6C00063746564207265626F6F74730A0073709F
:10E6D000692D6D61782D6672657175656E6379005F
:10E6E00025732025733A2043616E6E6F7420736525
:10E6F0007420737065656420286572723D256429F5
:10E700000A0025732025733A2043616E6E6F7420D2
:10E71000736574206D6F646520286572723D256491
:10E72000290A007370692D63706F6C007370692D16
:10E7300063706861007370692D63732D6869676821
:10E74000007370692D3377697265007370692D6885
:10E75000616C662D6475706C6578007370692D74DA
:10E76000782D6275732D7769647468007370692DF4
:10E7700072782D6275732D7769647468002F6368F1
:10E780006F73656E00752D626F6F742C626F6F749E
:10E7900030006664740063616E6E6F742066696E2B
:10E7A0006420696D616765206E6F6465202725733D
:10E7B000273A2025640A002F6669742D696D616708
:10E7C0006573006664745F726F6F743A2025730A14
:10E7D0000053504C3A206664745F736872696E6BC4
:10E7E0005F746F5F6D696E696D756D206572722003
:10E7F0002D2025640A0053504C3A20617263685FF3
:10E8000066697875705F66647420657272202D2069
:10E8100025640A0025733A20666174207265676971
:10E820007374657220657272202D2025640A00259C
:10E83000733A206572726F722072656164696E67E7
:10E8400020696D6167652025732C20657272202D0B
:10E850002025640A00232320436865636B696E6783
:10E8600020686173682865732920666F7220636F62
:10E870006E666967202573202E2E2E20002F696D6D
:10E8800061676573006C6F616461626C657300251C
:10E89000733A2063616E2774206C6F616420696D28
:10E8A000616765206C6F616461626C657320696E7D
:10E8B0006465782025642028726574203D202564D5
:10E8C000290A00617263680073706C3A20756E7378
:10E8D0007570706F72746564206D6D6320626F6F08
:10E8E00074206465766963652E0A0073706C3A2043
:10E8F000636F756C64206E6F7420696E69746961F2
:10E900006C697A65206D6D632E206572726F723A44
:10E910002025640A0073706C3A20636F756C642064
:10E920006E6F742066696E64206D6D632064657619
:10E930006963652025642E206572726F723A202506
:10E94000640A0073706C3A206D6D6320696E69749F
:10E95000206661696C6564207769746820657272ED
:10E960006F723A2025640A0073706C3A206D6D63F3
:10E9700020706172746974696F6E20737769746353
:10E9800068206661696C65640A006D6D635F6C6F19
:10E9900061645F696D6167655F7261775F7365630D
:10E9A000746F723A206D6D6320626C6F636B2072BE
:10E9B000656164206572726F720A0073706C3A2030
:10E9C0006D6D633A2077726F6E6720626F6F74208F
:10E9D0006D6F64650A00752D626F6F742E697462C5
:10E9E000005350492070726F6265206661696C65E2
:10E9F000642E0A00752D626F6F742C73706C2D700D
:10EA000061796C6F61642D6F6666736574004E4149
:10EA10004E44004D4D43325F32004D4D4332004D68
:10EA20004D4331005350490052414D0061726368BB
:10EA3000697465637475726500636F6D7072657378
:10EA400073696F6E006F7065726174696E672073B1
:10EA5000797374656D00696D61676520747970659F
:10EA600000627A69703200677A6970006C7A6D6151
:10EA7000006C7A6F006C7A34007A737464006E6F85
:10EA80006E6500616E7900752D626F6F7400552D93
:10EA9000426F6F742070686173650053504C205052
:10EAA0006861736500756E636F6D70726573736511
:10EAB0006400627A69703220636F6D70726573737F
:10EAC000656400677A697020636F6D707265737337
:10EAD0006564006C7A6D6120636F6D70726573732D
:10EAE0006564006C7A6F20636F6D70726573736517
:10EAF00064006C7A3420636F6D7072657373656443
:10EB0000007A73746420636F6D70726573736564EB
:10EB100000616973696D61676500446176696E6360
:10EB2000692041495320696D6167650066696C65BC
:10EB300073797374656D0046696C65737973746578
:10EB40006D20496D61676500666C61745F64740077
:10EB5000466C61742044657669636520547265650E
:10EB6000006770696D616765005449204B65797372
:10EB7000746F6E652053504C20496D616765006B62
:10EB800065726E656C004B65726E656C20496D61D7
:10EB90006765006B65726E656C5F6E6F6C6F61644C
:10EBA000004B65726E656C20496D61676520286E4B
:10EBB0006F206C6F6164696E6720646F6E652900F9
:10EBC0006B7762696D616765004B69726B776F6F18
:10EBD0006420426F6F7420496D61676500696D78CC
:10EBE000696D61676500467265657363616C652078
:10EBF000692E4D5820426F6F7420496D6167650022
:10EC0000696D7838696D616765004E585020692ECE
:10EC10004D583820426F6F7420496D6167650069F7
:10EC20006D78386D696D616765004E585020692EAA
:10EC30004D58384D20426F6F7420496D61676500F3
:10EC4000696E76616C696400496E76616C696420F6
:10EC5000496D616765006D756C7469004D756C7404
:10EC6000692D46696C6520496D616765006F6D614E
:10EC700070696D616765005449204F4D41502053C4
:10EC8000504C2057697468204750204348007062F8
:10EC90006C696D61676500467265657363616C657B
:10ECA0002050424C20426F6F7420496D61676500AF
:10ECB00072616D6469736B0052414D4469736B20DE
:10ECC000496D6167650073637269707400536372A4
:10ECD00069707400736F6366706761696D61676501
:10ECE00000416C7465726120536F43465047412068
:10ECF00043562F4156207072656C6F6164657200D7
:10ED0000736F6366706761696D6167655F76310017
:10ED1000416C7465726120536F43465047412041F6
:10ED20003130207072656C6F61646572007374615C
:10ED30006E64616C6F6E65005374616E64616C6FBC
:10ED40006E652050726F6772616D0075626C696DDF
:10ED500061676500446176696E63692055424C20A5
:10ED6000696D616765006D7873696D6167650046FF
:10ED70007265657363616C65204D585320426F6FF7
:10ED80007420496D6167650061746D656C696D61C2
:10ED900067650041544D454C20524F4D2D426F6FD9
:10EDA0007420496D616765007838365F73657475E6
:10EDB00070007838362073657475702E62696E0045
:10EDC0006C706333327878696D616765004C5043CD
:10EDD0003332585820426F6F7420496D6167650067
:10EDE000726B696D61676500526F636B6368697010
:10EDF00020426F6F7420496D61676500726B7364A8
:10EE000000526F636B6368697020534420426F6FD8
:10EE10007420496D61676500726B73706900526F91
:10EE2000636B636869702053504920426F6F742090
:10EE3000496D61676500767962726964696D6167C1
:10EE4000650056796272696420426F6F7420496D63
:10EE5000616765007A796E71696D616765005869EF
:10EE60006C696E78205A796E7120426F6F742049F8
:10EE70006D616765007A796E716D70696D61676546
:10EE80000058696C696E78205A796E714D50204235
:10EE90006F6F7420496D616765007A796E716D706E
:10EEA0006269660058696C696E78205A796E714D96
:10EEB0005020426F6F7420496D6167652028626938
:10EEC00066290066706761004650474120496D61C0
:10EED00067650074656500547275737465642045D8
:10EEE0007865637574696F6E20456E7669726F6EB2
:10EEF0006D656E7420496D616765006669726D7736
:10EF00006172655F697674004669726D77617265DA
:10EF1000207769746820484142763420495654006D
:10EF2000706D6D6300544920506F776572204D619C
:10EF30006E6167656D656E74204D6963726F2D43F8
:10EF40006F6E74726F6C6C6572204669726D77615A
:10EF500072650073746D3332696D61676500535477
:10EF60004D6963726F656C656374726F6E6963730C
:10EF70002053544D333220496D616765006D746BC9
:10EF80005F696D616765004D6564696154656B20FB
:10EF9000426F6F74524F4D206C6F616461626C659B
:10EFA00020496D61676500636F70726F00436F7019
:10EFB000726F636573736F7220496D61676500736B
:10EFC000756E78695F65676F6E00416C6C77696E0E
:10EFD0006E65722065474F4E20426F6F7420496DF9
:10EFE0006167650073756E78695F746F63300041A7
:10EFF0006C6C77696E6E657220544F433020426F9F
:10F000006F7420496D616765006664745F6C656745
:10F01000616379006C656761637920496D6167653B
:10F02000207769746820466C617420446576696352
:10F03000652054726565200073706B67696D616748
:10F04000650052656E657361732053504B472049CC
:10F050006D61676500736673706C0053746172460E
:10F060006976652053504C20496D61676500496E93
:10F0700076616C6964204F530061726D2D747275F6
:10F08000737465642D6669726D77617265004152B3
:10F090004D2054727573746564204669726D776192
:10F0A0007265006C696E7578004C696E7578006EDB
:10F0B0006574627364004E6574425344006F7365F7
:10F0C00000456E6561204F534500706C616E3900DC
:10F0D000506C616E2039007274656D730052544536
:10F0E0004D5300547275737465642045786563757B
:10F0F00074696F6E20456E7669726F6E6D656E74A1
:10F1000000552D426F6F74007678776F726B7300C5
:10F110005678576F726B7300716E7800514E5800BD
:10F120006F70656E73626900524953432D56204FCC
:10F1300070656E5342490065666900454649204640
:10F1400069726D7761726500656C6600454C46209A
:10F15000496D61676500496E76616C696420415252
:10F16000434800616C70686100416C7068610061C7
:10F17000726D0041524D00496E74656C20783836CE
:10F1800000696136340049413634006D36386B0011
:10F190004D36384B006D6963726F626C617A650041
:10F1A0004D6963726F426C617A65006D69707300BE
:10F1B0004D495053006D6970733634004D495053BA
:10F1C00020363420426974006E696F7332004E49F4
:10F1D0004F5320494900706F776572706300506F1C
:10F1E00077657250430070706300733339300049A3
:10F1F000424D2053333930005375706572480073A7
:10F2000070617263005350415243007370617263C6
:10F210003634005350415243203634204269740042
:10F22000626C61636B66696E00426C61636B6669F8
:10F230006E006176723332004156523332006E6492
:10F24000733332004E44533332006F72316B004FD0
:10F2500070656E5249534320313030300073616E17
:10F2600064626F780053616E64626F780061726DE2
:10F270003634004141726368363400414D44207891
:10F2800038365F3634007874656E73610058746583
:10F290006E736100726973637600524953432D5651
:10F2A00000736861310073686132353600637263E0
:10F2B00031362D6363697474006372633332007294
:10F2C0007361343039360072736133303732007213
:10F2D000736132303438004644545F4552525F4EB9
:10F2E0004F54464F554E44004644545F4552525F7A
:10F2F000455849535453004644545F4552525F4E5B
:10F300004F5350414345004644545F4552525F427B
:10F3100041444F4646534554004644545F4552527B
:10F320005F42414450415448004644545F45525264
:10F330005F4241445048414E444C45004644545F6E
:10F340004552525F4241445354415445004644544F
:10F350005F4552525F5452554E4341544544004616
:10F3600044545F4552525F4241444D414749430036
:10F370004644545F4552525F4241445645525349B8
:10F380004F4E004644545F4552525F4241445354ED
:10F3900052554354555245004644545F4552525FBE
:10F3A0004241444C41594F5554004644545F4552E4
:10F3B000525F494E5445524E414C004644545F45BD
:10F3C00052525F4241444E43454C4C5300464454D4
:10F3D0005F4552525F42414456414C5545004644B8
:10F3E000545F4552525F4241444F5645524C415939
:10F3F000004644545F4552525F4E4F5048414E4480
:10F400004C4553004644545F4552525F4241444686
:10F410004C41475300626C6B5F7061727469746930
:10F420006F6E00444F53007363736900757362001D
:10F430007361746100686F7374006E766D65006E41
:10F44000766D786970006566696C6F6164657200DD
:10F4500076697274696F007076626C6F636B0062BC
:10F460006C6B6D617000726B6D7464007562690025
:10F47000706C3331305F63616368650061726D2C5D
:10F48000706C3331302D6361636865006E636F7239
:10F49000655F63637500617274657269732C6E6376
:10F4A0006F72652D6363750066697865645F72616C
:10F4B00074655F7261775F636C6F636B0066697818
:10F4C00065645F636C6F636B0066697865642D6368
:10F4D0006C6F636B0066697865645F666163746F07
:10F4E000725F636C6F636B0066697865642D66613B
:10F4F00063746F722D636C6F636B00636C6B2D6153
:10F5000067696C65783500726F6F7400726F6F7425
:10F510005F647269766572006E6F700073696D70FA
:10F520006C655F6275730073696D706C652D6275D3
:10F53000730073696D706C652D6D6664006770692A
:10F540006F006F757470757400756E757365640007
:10F55000756E6B6E6F776E0066756E63006D6973A6
:10F560006300696E74656C2C736F63667067612DE0
:10F5700073656372656700696E74656C2C736F6385
:10F58000667067612D647472656700736F6366707F
:10F5900067615F737973726573657400736F636617
:10F5A0007067615F64776D6D6300616C74722C735A
:10F5B0006F63667067612D64772D6D736863007388
:10F5C000646863692D63646E7300736F63696F6E43
:10F5D0006578742C756E6970686965722D73643412
:10F5E00068630063646E732C7364346863006364DF
:10F5F0006E732C7068792D696E7075742D64656CEE
:10F6000061792D73642D686967687370656564003E
:10F6100063646E732C7068792D696E7075742D64D7
:10F62000656C61792D6C65676163790063646E73E5
:10F630002C7068792D696E7075742D64656C6179B4
:10F640002D73642D7568732D736472313200636499
:10F650006E732C7068792D696E7075742D64656C8D
:10F6600061792D73642D7568732D73647232350062
:10F6700063646E732C7068792D696E7075742D6477
:10F68000656C61792D73642D7568732D73647235A3
:10F69000300063646E732C7068792D696E707574B8
:10F6A0002D64656C61792D73642D7568732D6464A8
:10F6B0007235300063646E732C7068792D696E70DA
:10F6C00075742D64656C61792D6D6D632D68696746
:10F6D0006873706565640063646E732C7068792D5F
:10F6E000696E7075742D64656C61792D6D6D632D17
:10F6F0006464720063646E732C7068792D646C6C42
:10F700002D64656C61792D7364636C6B0063646E4A
:10F71000732C7068792D646C6C2D64656C61792D27
:10F720007364636C6B2D68736D6D630063646E73DB
:10F730002C7068792D646C6C2D64656C61792D7307
:10F7400074726F62650063646E732C6374726C2DE7
:10F7500068727330392D74696D696E672D64656CDC
:10F7600061792D656D6D632D68733430300063648D
:10F770006E732C6374726C2D68727331302D6C70E3
:10F78000626B5F6374726C2D64656C61792D656D5D
:10F790006D632D68733430300063646E732C637452
:10F7A000726C2D68727331362D736C6176652D63C2
:10F7B00074726C2D656D6D632D6873343030006329
:10F7C000646E732C6374726C2D68727330372D7491
:10F7D000696D696E672D64656C61792D656D6D630A
:10F7E0002D68733430300063646E732C6374726CF4
:10F7F0002D68727330392D74696D696E672D64657B
:10F800006C61792D656D6D632D68733230300063E6
:10F81000646E732C6374726C2D68727331302D6C4E
:10F8200070626B5F6374726C2D64656C61792D65B9
:10F830006D6D632D68733230300063646E732C63BA
:10F8400074726C2D68727331362D736C6176652D10
:10F850006374726C2D656D6D632D6873323030008A
:10F8600063646E732C6374726C2D68727330372D01
:10F8700074696D696E672D64656C61792D656D6D58
:10F88000632D68733230300063646E732C6374725E
:10F890006C2D68727330392D74696D696E672D64D3
:10F8A000656C61792D656D6D632D646472006364B0
:10F8B0006E732C6374726C2D68727331302D6C70A2
:10F8C000626B5F6374726C2D64656C61792D656D1C
:10F8D0006D632D6464720063646E732C6374726C68
:10F8E0002D68727331362D736C6176652D63747279
:10F8F0006C2D656D6D632D6464720063646E732C92
:10F900006374726C2D68727330372D74696D696E13
:10F91000672D64656C61792D656D6D632D6464720E
:10F920000063646E732C6374726C2D68727330396B
:10F930002D74696D696E672D64656C61792D656DD7
:10F940006D632D7364720063646E732C6374726CE8
:10F950002D68727331302D6C70626B5F6374726CE2
:10F960002D64656C61792D656D6D632D7364720016
:10F9700063646E732C6374726C2D68727331362DF0
:10F98000736C6176652D6374726C2D656D6D632D7E
:10F990007364720063646E732C6374726C2D68728E
:10F9A0007330372D74696D696E672D64656C61798C
:10F9B0002D656D6D632D7364720063646E732C63CB
:10F9C00074726C2D68727330392D74696D696E674D
:10F9D0002D64656C61792D73642D64730063646EAE
:10F9E000732C6374726C2D68727331302D6C70627D
:10F9F0006B5F6374726C2D64656C61792D73642D1B
:10FA000064730063646E732C6374726C2D6872731C
:10FA100031362D736C6176652D6374726C2D736451
:10FA20002D64730063646E732C6374726C2D687242
:10FA30007330372D74696D696E672D64656C6179FB
:10FA40002D73642D64730063646E732C7068792D5C
:10FA50006471732D74696D696E672D64656C61796D
:10FA60002D656D6D632D68733430300063646E7383
:10FA70002C7068792D676174652D6C70626B5F63A3
:10FA800074726C2D64656C61792D656D6D632D6884
:10FA9000733430300063646E732C7068792D646C3D
:10FAA0006C2D736C6176652D6374726C2D656D6D54
:10FAB000632D68733430300063646E732C70687922
:10FAC0002D64712D74696D696E672D64656C617943
:10FAD0002D656D6D632D68733430300063646E7313
:10FAE0002C7068792D6471732D74696D696E672D42
:10FAF00064656C61792D656D6D632D68733230308E
:10FB00000063646E732C7068792D676174652D6C69
:10FB100070626B5F6374726C2D64656C61792D65C6
:10FB20006D6D632D68733230300063646E732C70BA
:10FB300068792D646C6C2D736C6176652D637472BD
:10FB40006C2D656D6D632D68733230300063646EAB
:10FB5000732C7068792D64712D74696D696E672DD1
:10FB600064656C61792D656D6D632D68733230301D
:10FB70000063646E732C7068792D6471732D7469E1
:10FB80006D696E672D64656C61792D656D6D632D92
:10FB90006464720063646E732C7068792D6761749D
:10FBA000652D6C70626B5F6374726C2D64656C6143
:10FBB000792D656D6D632D6464720063646E732CC2
:10FBC0007068792D646C6C2D736C6176652D63742F
:10FBD000726C2D656D6D632D6464720063646E7369
:10FBE0002C7068792D64712D74696D696E672D6450
:10FBF000656C61792D656D6D632D6464720063645D
:10FC00006E732C7068792D6471732D74696D696ED3
:10FC1000672D64656C61792D73656D6D632D7364FB
:10FC2000720063646E732C7068792D676174652D42
:10FC30006C70626B5F6374726C2D64656C61792D9E
:10FC4000656D6D632D7364720063646E732C7068F0
:10FC5000792D646C6C2D736C6176652D6374726C98
:10FC60002D656D6D632D7364720063646E732C700B
:10FC700068792D64712D74696D696E672D64656C8A
:10FC800061792D656D6D632D7364720063646E73AD
:10FC90002C7068792D6471732D74696D696E672D90
:10FCA00064656C61792D73642D64730063646E7395
:10FCB0002C7068792D676174652D6C70626B5F6361
:10FCC00074726C2D64656C61792D73642D6473009E
:10FCD00063646E732C7068792D646C6C2D736C6129
:10FCE00076652D6374726C2D73642D647300636488
:10FCF0006E732C7068792D64712D74696D696E67EF
:10FD00002D64656C61792D73642D6473004D5444CA
:10FD100000546F73686962610053616D73756E673B
:10FD20000046756A69747375004E6174696F6E611F
:10FD30006C0052656E65736173005354204D6963A6
:10FD4000726F0048796E6978004D6963726F6E005A
:10FD5000414D442F5370616E73696F6E004D616346
:10FD6000726F6E697800456F6E0053616E446973FF
:10FD70006B00496E74656C0041544F00556E6B6E9C
:10FD80006F776E00544335384E5647305333452015
:10FD9000314720332E335620382D62697400544386
:10FDA00035384E56473253304620344720332E33B1
:10FDB0005620382D62697400544335384E56473208
:10FDC00053304820344720332E335620382D626973
:10FDD0007400544335384E56473353304620384725
:10FDE00020332E335620382D626974005443353841
:10FDF0004E56473544322033324720332E33562077
:10FE0000382D62697400544335384E5647364432B3
:10FE10002036344720332E335620382D6269740043
:10FE20005344544E5147414D412036344720332EE0
:10FE3000335620382D626974005344544E52474162
:10FE40004D412036344720332E335620382D6269F9
:10FE500074004832375542473854324254522D428A
:10FE6000432033324720332E335620382D626974B5
:10FE7000004832375543473854324154522D42439B
:10FE80002036344720332E335620382D62697400D3
:10FE90004832375143473854324535522D42434654
:10FEA0002036344720332E335620382D62697400B3
:10FEB0004E414E4420344D694220355620382D6243
:10FEC0006974004E414E4420344D694220332C3336
:10FED0005620382D626974004E414E4420384D69D9
:10FEE0004220332C335620382D626974004E414E27
:10FEF000442031364D694220312C385620382D624D
:10FF00006974004E414E442031364D694220332CF5
:10FF1000335620382D626974004E414E44203136EC
:10FF20004D694220312C38562031362D62697400DB
:10FF30004E414E442031364D694220332C335620F9
:10FF400031362D626974004E414E442033324D6982
:10FF50004220312C385620382D626974004E414EB3
:10FF6000442033324D694220332C335620382D62E1
:10FF70006974004E414E442033324D694220312C89
:10FF800038562031362D626974004E414E4420337C
:10FF9000324D694220332C33562031362D6269743C
:10FFA000004E414E442036344D694220312C3856A3
:10FFB00020382D626974004E414E442036344D691C
:10FFC0004220332C335620382D626974004E414E46
:10FFD000442036344D694220312C38562031362D9C
:10FFE000626974004E414E442036344D69422033DC
:10FFF0002C33562031362D626974004E414E442018
:020000023000CC
:100000003132384D694220312C385620382D626902
:1000100074004E414E44203132384D694220332C19
:10002000335620382D626974004E414E44203132DF
:10003000384D694220312C38562031362D62697492
:10004000004E414E44203132384D694220332C332A
:10005000562031362D626974004E414E44203235AF
:10006000364D694220332C335620382D6269740096
:100070004E414E44203235364D694220312C38569F
:1000800020382D626974004E414E44203235364D81
:10009000694220312C38562031362D626974004E69
:1000A000414E44203235364D694220332C335620A0
:1000B00031362D626974004E414E44203531324D47
:1000C000694220312C385620382D626974004E4127
:1000D0004E44203531324D694220332C335620387E
:1000E0002D626974004E414E44203531324D6942D3
:1000F00020312C38562031362D626974004E414E25
:1001000044203531324D694220332C33562031366C
:100110002D626974004E414E4420314769422031BE
:100120002C385620382D626974004E414E442031DF
:1001300047694220332C335620382D626974004EB3
:10014000414E44203147694220312C385620313607
:100150002D626974004E414E44203147694220337C
:100160002C33562031362D626974004E414E4420A6
:100170003247694220312C385620382D626974008C
:100180004E414E44203247694220332C33562038AA
:100190002D626974004E414E44203247694220313D
:1001A0002C38562031362D626974004E414E442061
:1001B0003247694220332C33562031362D62697420
:1001C000004E414E44203447694220312C3856209D
:1001D000382D626974004E414E44203447694220F4
:1001E000332C335620382D626974004E414E442022
:1001F0003447694220312C38562031362D626974DB
:10020000004E414E44203447694220332C3356205F
:1002100031362D626974004E414E442038476942A0
:1002200020312C385620382D626974004E414E44DE
:10023000203847694220332C335620382D626974A8
:10024000004E414E44203847694220312C38562018
:1002500031362D626974004E414E44203847694260
:1002600020332C33562031362D626974004E414EB6
:100270004420313647694220312C385620382D62CF
:100280006974004E414E4420313647694220332C78
:10029000335620382D626974004E414E4420313669
:1002A00047694220312C38562031362D626974005E
:1002B0004E414E4420313647694220332C3356207C
:1002C00031362D626974004E414E44203332476905
:1002D0004220312C385620382D626974004E414E30
:1002E0004420333247694220332C335620382D6264
:1002F0006974004E414E4420333247694220312C0C
:1003000038562031362D626974004E414E442033F8
:100310003247694220332C33562031362D626974BE
:10032000004E414E4420363447694220312C385625
:1003300020382D626974004E414E4420363447699E
:100340004220332C335620382D626974004E414EC2
:100350004420363447694220312C38562031362D1E
:10036000626974004E414E4420363447694220335E
:100370002C33562031362D62697400636164656EDA
:1003800063652D6E616E642D64740063646E732CFE
:100390006E616E64007370695F666C617368006A99
:1003A000656465632C7370692D6E6F72006E6F707B
:1003B0005F706879006E6F702D7068790075736278
:1003C0002D6E6F702D78636569760063646E732C93
:1003D000636F6D626F7068790063646E732C706810
:1003E000792D7573652D6578742D6C70626B2D6435
:1003F00071730063646E732C7068792D7573652D4D
:100400006C70626B2D6471730063646E732C706822
:10041000792D7573652D70686F6E792D6471730019
:1004200063646E732C7068792D7573652D70686FB9
:100430006E792D6471732D636D640063646E732C2B
:100440007068792D696F2D6D61736B2D616C7761AB
:1004500079732D6F6E0063646E732C7068792D69EB
:100460006F2D6D61736B2D656E640063646E732C0C
:100470007068792D696F2D6D61736B2D7374617266
:10048000740063646E732C7068792D646174612DDF
:1004900073656C6563742D6F652D656E64006364B0
:1004A0006E732C7068792D73796E632D6D65746829
:1004B0006F640063646E732C7068792D73772D6898
:1004C000616C662D6379636C652D73686966740071
:1004D00063646E732C7068792D72642D64656C2D65
:1004E00073656C0063646E732C7068792D756E642F
:1004F000657272756E2D73757070726573730063BB
:10050000646E732C7068792D676174652D636667FE
:100510002D616C776179732D6F6E0063646E732C3F
:100520007068792D706172616D2D646C6C2D6279CB
:10053000706173732D6D6F64650063646E732C70EE
:1005400068792D706172616D2D70686173652D64BD
:1005500065746563742D73656C0063646E732C70D1
:1005600068792D706172616D2D646C6C2D7374618E
:1005700072742D706F696E740063646E732C706892
:10058000792D726561642D6471732D636D642D64C2
:10059000656C61790063646E732C7068792D636C8F
:1005A0006B2D77726471732D64656C61790063647F
:1005B0006E732C7068792D636C6B2D77722D64656A
:1005C0006C61790063646E732C7068792D7265615B
:1005D000642D6471732D64656C61790063646E735E
:1005E0002C7068792D70686F6E792D6471732D741D
:1005F000696D696E670063646E732C68727330395D
:100600002D7264646174612D656E0063646E732C79
:1006100068727330392D7264636D642D656E00638A
:10062000646E732C68727330392D657874656E64EE
:1006300065642D77722D6D6F64650063646E732C35
:1006400068727330392D657874656E6465642D72D7
:10065000642D6D6F64650063646E732C6872733112
:10066000302D68637364636C6B61646A0063646EED
:10067000732C68727331362D777264617461312D19
:100680007364636C6B2D646C790063646E732C68A7
:10069000727331362D777264617461302D736463C7
:1006A0006C6B2D646C790063646E732C68727331AB
:1006B000362D7772636D64312D7364636C6B2D64BA
:1006C0006C790063646E732C68727331362D7772A7
:1006D000636D64302D7364636C6B2D646C7900639F
:1006E000646E732C68727331362D77726461746135
:1006F000312D646C790063646E732C6872733136CB
:100700002D777264617461302D646C790063646E5E
:10071000732C68727331362D7772636D64312D647A
:100720006C790063646E732C68727331362D777246
:10073000636D64302D646C790063646E732C687231
:100740007330372D72772D636F6D70656E736174C2
:10075000650063646E732C68727330372D6964654D
:100760006C61792D76616C006E7331363535305F92
:1007700073657269616C006E733136353530006EA9
:100780007331363535306100696E67656E69632C8B
:100790006A7A343738302D75617274006E76696408
:1007A00069612C746567726132302D7561727400F5
:1007B000736E70732C64772D6170622D7561727425
:1007C000007370695F67656E657269635F647276F6
:1007D000007370695F67656E657269630063616469
:1007E000656E63655F7370690063646E732C71730B
:1007F00070692D6E6F720074692C616D3635342D01
:100800006F7370690064775F73706900736E7073E3
:100810002C64772D6170622D73736900736E707331
:100820002C64772D6170622D7373692D332E3230F5
:100830006100736E70732C64772D6170622D737319
:10084000692D332E32326100736E70732C64772DF4
:100850006170622D7373692D332E32336100736EB4
:1008600070732C64772D6170622D7373692D342E33
:1008700030306100736E70732C64772D6170622D5F
:100880007373692D342E303100736E70732C64775E
:10089000632D7373692D312E30316100616C747278
:1008A0002C736F63667067612D73706900616C747F
:1008B000722C736F63667067612D6172726961314A
:1008C000302D7370690063616E61616E2C6B323123
:1008D000302D7370690063616E61616E2C6B323113
:1008E000302D73736900696E74656C2C737472615A
:1008F00074697831302D73706900696E74656C2C81
:100900006167696C65782D737069006D7363632C22
:100910006F63656C6F742D737069006D7363632C06
:100920006A6167756172322D73706900736E7073DE
:100930002C6178733130782D73706900736E707329
:100940002C6873646B2D737069007273615F6D6FD7
:10095000645F657870006D6F645F6578705F737752
:1009600000616C74725F7364725F63746C00616CBD
:1009700074722C7364722D63746C2D733130006942
:100980006E74656C2C7364722D63746C2D61676971
:100990006C657800696E74656C2C7364722D637479
:1009A0006C2D6E357800696E74656C2C7364722DD5
:1009B00063746C2D6167696C65783500696E746568
:1009C0006C2C7364722D63746C2D6167696C65782F
:1009D000376D00444452355F5244494D4D004C50F0
:1009E00044445234004C504444523500514452491E
:1009F0005600736F63667067612D7265736574006E
:100A000064657369676E776172655F77647400739C
:100A10006E70732C64772D776474007761746368EB
:100A2000646F67003C4E554C4C3E004641540046B6
:100A30004154333200436F756C64206E6F742067CD
:100A400065742045434320696E666F002530325837
:100A500000253032780074696D656F75742D73658B
:100A6000630068775F6D617267696E5F6D730075B3
:100A70002D626F6F742C6E6F6175746F7374617219
:100A80007400752D626F6F742C6175746F7374616F
:100A9000727400657665727920256C646D730057F9
:100AA00044543A2020205374617274656420257385
:100AB0002077697468257320736572766963696E3F
:100AC0006720257320282564732074696D656F7510
:100AD00074290A000000000000000000000000006F
:100AE0000000000000000000000000000000000006
:100AF00000000000000000000000000000000000F6
:100B000000000000000000000000000000000000E5
:100B100000000000000000000000000000000000D5
:100B200000000000000000000000000000000000C5
:100B300000000000000000000000000000000000B5
:100B400000000000000000000000000000000000A5
:100B50000000000000000000000000000000000095
:100B60000000000000000000000000000000000085
:100B70000000000000000000000000000000000075
:100B80000000000000000000000000000000000065
:100B90000000000000000000000000000000000055
:100BA0000000000000000000000000000000000045
:100BB0000000000000000000A1F2020000000000A0
:100BC000140000000F00000067E4020000000000B5
:100BD000486E000000000000A6F2020000000000C5
:100BE0002000000013000000B6E402000000000036
:100BF000486E00000000000000000000000000003F
:100C00000000000000000000F80B030000000000DE
:100C1000F80B030000000000080C030000000000B7
:100C2000080C030000000000180C03000000000086
:100C3000180C030000000000280C03000000000056
:100C4000280C030000000000380C03000000000026
:100C5000380C030000000000480C030000000000F6
:100C6000480C030000000000580C030000000000C6
:100C7000580C030000000000680C03000000000096
:100C8000680C030000000000780C03000000000066
:100C9000780C030000000000880C03000000000036
:100CA000880C030000000000980C03000000000006
:100CB000980C030000000000A80C030000000000D6
:100CC000A80C030000000000B80C030000000000A6
:100CD000B80C030000000000C80C03000000000076
:100CE000C80C030000000000D80C03000000000046
:100CF000D80C030000000000E80C03000000000016
:100D0000E80C030000000000F80C030000000000E5
:100D1000F80C030000000000080D030000000000B4
:100D2000080D030000000000180D03000000000083
:100D3000180D030000000000280D03000000000053
:100D4000280D030000000000380D03000000000023
:100D5000380D030000000000480D030000000000F3
:100D6000480D030000000000580D030000000000C3
:100D7000580D030000000000680D03000000000093
:100D8000680D030000000000780D03000000000063
:100D9000780D030000000000880D03000000000033
:100DA000880D030000000000980D03000000000003
:100DB000980D030000000000A80D030000000000D3
:100DC000A80D030000000000B80D030000000000A3
:100DD000B80D030000000000C80D03000000000073
:100DE000C80D030000000000D80D03000000000043
:100DF000D80D030000000000E80D03000000000013
:100E0000E80D030000000000F80D030000000000E2
:100E1000F80D030000000000080E030000000000B1
:100E2000080E030000000000180E03000000000080
:100E3000180E030000000000280E03000000000050
:100E4000280E030000000000380E03000000000020
:100E5000380E030000000000480E030000000000F0
:100E6000480E030000000000580E030000000000C0
:100E7000580E030000000000680E03000000000090
:100E8000680E030000000000780E03000000000060
:100E9000780E030000000000880E03000000000030
:100EA000880E030000000000980E03000000000000
:100EB000980E030000000000A80E030000000000D0
:100EC000A80E030000000000B80E030000000000A0
:100ED000B80E030000000000C80E03000000000070
:100EE000C80E030000000000D80E03000000000040
:100EF000D80E030000000000E80E03000000000010
:100F0000E80E030000000000F80E030000000000DF
:100F1000F80E030000000000080F030000000000AE
:100F2000080F030000000000180F0300000000007D
:100F3000180F030000000000280F0300000000004D
:100F4000280F030000000000380F0300000000001D
:100F5000380F030000000000480F030000000000ED
:100F6000480F030000000000580F030000000000BD
:100F7000580F030000000000680F0300000000008D
:100F8000680F030000000000780F0300000000005D
:100F9000780F030000000000880F0300000000002D
:100FA000880F030000000000980F030000000000FD
:100FB000980F030000000000A80F030000000000CD
:100FC000A80F030000000000B80F0300000000009D
:100FD000B80F030000000000C80F0300000000006D
:100FE000C80F030000000000D80F0300000000003D
:100FF000D80F030000000000E80F0300000000000D
:10100000E80F030000000000F80F030000000000DC
:10101000F80F0300000000000810030000000000AB
:10102000081003000000000018100300000000007A
:10103000181003000000000028100300000000004A
:10104000281003000000000038100300000000001A
:1010500038100300000000004810030000000000EA
:1010600048100300000000005810030000000000BA
:10107000581003000000000068100300000000008A
:10108000681003000000000078100300000000005A
:10109000781003000000000088100300000000002A
:1010A00088100300000000009810030000000000FA
:1010B0009810030000000000A810030000000000CA
:1010C000A810030000000000B8100300000000009A
:1010D000B810030000000000C8100300000000006A
:1010E000C810030000000000D8100300000000003A
:1010F000D810030000000000E8100300000000000A
:10110000E810030000000000F810030000000000D9
:10111000F8100300000000000811030000000000A8
:101120000811030000000000181103000000000077
:101130001811030000000000281103000000000047
:101140002811030000000000381103000000000017
:1011500038110300000000004811030000000000E7
:1011600048110300000000005811030000000000B7
:101170005811030000000000681103000000000087
:101180006811030000000000781103000000000057
:101190007811030000000000881103000000000027
:1011A00088110300000000009811030000000000F7
:1011B0009811030000000000A811030000000000C7
:1011C000A811030000000000B81103000000000097
:1011D000B811030000000000C81103000000000067
:1011E000C811030000000000D81103000000000037
:1011F000D811030000000000E81103000000000007
:10120000E811030000000000F811030000000000D6
:10121000F8110300000000000812030000000000A5
:101220000812030000000000181203000000000074
:101230001812030000000000281203000000000044
:101240002812030000000000381203000000000014
:1012500038120300000000004812030000000000E4
:1012600048120300000000005812030000000000B4
:101270005812030000000000681203000000000084
:101280006812030000000000781203000000000054
:101290007812030000000000881203000000000024
:1012A00088120300000000009812030000000000F4
:1012B0009812030000000000A812030000000000C4
:1012C000A812030000000000B81203000000000094
:1012D000B812030000000000C81203000000000064
:1012E000C812030000000000D81203000000000034
:1012F000D812030000000000E81203000000000004
:10130000E812030000000000F812030000000000D3
:10131000F8120300000000000813030000000000A2
:101320000813030000000000181303000000000071
:101330001813030000000000281303000000000041
:101340002813030000000000381303000000000011
:1013500038130300000000004813030000000000E1
:1013600048130300000000005813030000000000B1
:101370005813030000000000681303000000000081
:101380006813030000000000781303000000000051
:101390007813030000000000881303000000000021
:1013A00088130300000000009813030000000000F1
:1013B0009813030000000000A813030000000000C1
:1013C000A813030000000000B81303000000000091
:1013D000B813030000000000C81303000000000061
:1013E000C813030000000000D81303000000000031
:1013F000D813030000000000E81303000000000001
:10140000E813030000000000FFFFFFFFFFFFFFFFE6
:101410000000020000000000A1F202000000000035
:101420001400000000000000A4870000000000007D
:101430000000010000000000F46200000000000055
:10144000D062000000000000886200000000000080
:10145000A6F20200000000002000000000000000D2
:10146000E8AA0000000000000000010000000000E9
:101470005462000000000000306200000000000024
:10148000E861000000000000ADF202000000000072
:101490000200000000000000DCCB000000000000A3
:1014A0000000010000000000846100000000000056
:1014B000B461000000000000E860000000000000CF
:1014C000B9F202000000000004000000000000006B
:1014D000C0CC00000000000000000100000000007F
:1014E00054610000000000002061000000000000C6
:1014F000B06000000000000080000000000000005C
:1015000000000000000000000000000000000000DB
:1015100000000000000000000000000000000000CB
:1015200000000000000000000000000000000000BB
:1015300000000000000000000000000000000000AB
:10154000000000000000000000000000000000009B
:10155000400A010000000000000000000000000040
:1015600000000000000000005C020100000000001C
:1015700000000000000000000CF502000000000068
:1015800000000000000000001C3801000000000006
:10159000000000000000000000000000000000004B
:1015A000640000000000000088F802000000000055
:1015B0000C80010000000000AEF8020000000000F6
:1015C0000000020000000000D7F802000000000048
:1015D0000100001100000000FBF802000000000004
:1015E000010009000000000071FB02000000000083
:1015F000040038000000000094FB0200000000001E
:101600004000A00100000000BBFB02000000000041
:101610000000000000000000DCFB020000000000F1
:101620000100001000000000E7F7020000000000C9
:1016300000800100000000000FF802000000000020
:1016400000000800000000003AF80200000000005E
:10165000000000000000000060F802000000000030
:101660000000090000000000DCFA02000000000099
:10167000040038000000000001FB02000000000030
:101680004000A001000000002AFB02000000000052
:1016900000DADA00000000004DFB0200000000004C
:1016A000010000000000000046F7020000000000FA
:1016B00000800100000000006EF702000000000042
:1016C000000008000000000099F702000000000080
:1016D0000000001100000000BFF702000000000041
:1016E000000008000000000047FA020000000000AF
:1016F00004002800000000006CFA02000000000056
:101700004000A0010000000095FA02000000000067
:1017100000D8DA0000000000B8FA02000000000063
:10172000010000000000000021F90200000000009C
:101730000C8001000000000047F9020000000000DA
:10174000000003000000000070F90200000000002B
:10175000000000000000000094F9020000000000FA
:101760000000080000000000FEFB02000000000076
:10177000040038000000000022FC0200000000000D
:101780004000A0010000000049FC02000000000031
:1017900000000000000000006AFC020000000000E1
:1017A0000100000000000000BAF902000000000083
:1017B0000C80010000000000DDF9020000000000C4
:1017C000000002000000000003FA02000000000018
:1017D000000000000000000024FA020000000000E9
:1017E00000000800000000008CFC02000000000067
:1017F0000400380000000000ACFC02000000000003
:101800004000A00100000000D0FC02000000000029
:101810000000000000000000EEFC020000000000DC
:101820000100000000000000FFFFFFFF00000000BB
:1018300084FD02000000000098D19015761401008C
:10184000000800008000000000000200000000000E
:10185000080040000100000202000000000000003B
:101860009EFD02000000000098DC9026761501081D
:101870000010000000020000000004000000000052
:101880000800E0000400000200000000000000006A
:10189000B8FD02000000000098DC902676160800D3
:1018A0000010000000020000000004000000000022
:1018B0000800000108000002000000000000000015
:1018C000D2FD02000000000098D390267615020891
:1018D00000100000000400000000040000000000F0
:1018E0000800E80004000002000000000000000002
:1018F000ECFD02000000000098D7943276560900F3
:101900000020000000100000000010000000000097
:101910000800800228000004000000000000000011
:1019200006FE02000000000098DE94827656042035
:101930000020000000200000000020000000000047
:1019400008008002280000040000000000000000E1
:1019500020FE02000000000045DE94937657000050
:1019600000400000002000000000400000000000D7
:101970000600000528000004000000000000000030
:1019800039FE02000000000045DE9493765000000E
:1019900000400000002000000000400000000000A7
:1019A0000600000528000004000000000000000000
:1019B00052FE020000000000ADD794DA74C30000AC
:1019C00000200000001000000000200000200000A7
:1019D0000600800228000004000000000000000053
:1019E00071FE020000000000ADDE94DA74C4000055
:1019F0000020000000200000000020000020000067
:101A0000060080022800000404000000000000001E
:101A100090FE020000000000ADDE14A7424A000064
:101A200000400000002000000000400000200000F6
:101A300006008006380000040100000000000000DD
:101A4000B0FE020000000000006B0000000000007B
:101A5000000200000400000000200000000100005F
:101A60000000000000000000000000000000000076
:101A7000C3FE02000000000000E3000000000000C0
:101A8000000200000400000000200000000100002F
:101A90000000000000000000000000000000000046
:101AA000C3FE02000000000000E50000000000008E
:101AB00000020000040000000020000000010000FF
:101AC0000000000000000000000000000000000016
:101AD000D8FE02000000000000D600000000000058
:101AE00000020000080000000020000000010000CB
:101AF00000000000000000000000000000000000E6
:101B0000D8FE02000000000000E600000000000017
:101B1000000200000800000000200000000100009A
:101B200000000000000000000000000000000000B5
:101B3000EDFE020000000000003300000000000085
:101B40000002000010000000004000000001000042
:101B50000000000000000000000000000000000085
:101B600003FF0200000000000073000000000000FE
:101B70000002000010000000004000000001000012
:101B80000000000000000000000000000000000055
:101B900019FF0200000000000043000000000000E8
:101BA00000020000100000000040000002010000E0
:101BB0000000000000000000000000000000000025
:101BC00030FF020000000000005300000000000091
:101BD00000020000100000000040000002010000B0
:101BE00000000000000000000000000000000000F5
:101BF00047FF020000000000003500000000000068
:101C00000002000020000000004000000001000071
:101C100000000000000000000000000000000000C4
:101C20005DFF0200000000000075000000000000E1
:101C30000002000020000000004000000001000041
:101C40000000000000000000000000000000000094
:101C500073FF0200000000000045000000000000CB
:101C6000000200002000000000400000020100000F
:101C70000000000000000000000000000000000064
:101C80008AFF020000000000005500000000000074
:101C900000020000200000000040000002010000DF
:101CA0000000000000000000000000000000000034
:101CB000A1FF02000000000000360000000000004C
:101CC0000002000040000000004000000001000091
:101CD0000000000000000000000000000000000004
:101CE000B7FF0200000000000076000000000000C6
:101CF0000002000040000000004000000001000061
:101D000000000000000000000000000000000000D3
:101D1000CDFF0200000000000046000000000000AF
:101D2000000200004000000000400000020100002E
:101D300000000000000000000000000000000000A3
:101D4000E4FF020000000000005600000000000058
:101D500000020000400000000040000002010000FE
:101D60000000000000000000000000000000000073
:101D7000FBFF0200000000000078000000000000EF
:101D80000002000080000000004000000001000090
:101D90000000000000000000000000000000000043
:101DA000FBFF0200000000000039000000000000FE
:101DB0000002000080000000004000000001000060
:101DC0000000000000000000000000000000000013
:101DD0001200030000000000007900000000000075
:101DE0000002000080000000004000000001000030
:101DF00000000000000000000000000000000000E3
:101E00002900030000000000007200000000000034
:101E100000020000800000000040000002010000FD
:101E200000000000000000000000000000000000B2
:101E3000290003000000000000490000000000002D
:101E400000020000800000000040000002010000CD
:101E50000000000000000000000000000000000082
:101E600041000300000000000074000000000000BA
:101E7000000200008000000000400000020100009D
:101E80000000000000000000000000000000000052
:101E900041000300000000000059000000000000A5
:101EA000000200008000000000400000020100006D
:101EB0000000000000000000000000000000000022
:101EC0005900030000000000007100000000000045
:101ED00000020000000100000040000000010000BE
:101EE00000000000000000000000000000000000F2
:101EF000A1FF02000000000000A20000000000009E
:101F00000000000040000000000000000000000091
:101F100000000000000000000000000000000000C1
:101F2000A1FF02000000000000A00000000000006F
:101F30000000000040000000000000000000000061
:101F40000000000000000000000000000000000091
:101F5000B7FF02000000000000F2000000000000D7
:101F60000000000040000000000000000000000031
:101F70000000000000000000000000000000000061
:101F8000B7FF02000000000000D0000000000000C9
:101F90000000000040000000000000000000000001
:101FA0000000000000000000000000000000000031
:101FB000B7FF02000000000000F000000000000079
:101FC00000000000400000000000000000000000D1
:101FD0000000000000000000000000000000000001
:101FE000CDFF02000000000000B200000000000071
:101FF000000000004000000000000000020000009F
:1020000000000000000000000000000000000000D0
:10201000CDFF02000000000000B000000000000042
:10202000000000004000000000000000020000006E
:1020300000000000000000000000000000000000A0
:10204000E4FF02000000000000C2000000000000E9
:10205000000000004000000000000000020000003E
:102060000000000000000000000000000000000070
:10207000E4FF02000000000000C0000000000000BB
:10208000000000004000000000000000020000000E
:102090000000000000000000000000000000000040
:1020A000FBFF02000000000000A100000000000093
:1020B00000000000800000000000000000000000A0
:1020C0000000000000000000000000000000000010
:1020D000120003000000000000F1000000000000FA
:1020E0000000000080000000000000000000000070
:1020F00000000000000000000000000000000000E0
:10210000120003000000000000D1000000000000E9
:10211000000000008000000000000000000000003F
:1021200000000000000000000000000000000000AF
:10213000290003000000000000B1000000000000C2
:10214000000000008000000000000000020000000D
:10215000000000000000000000000000000000007F
:10216000410003000000000000C10000000000006A
:1021700000000000800000000000000002000000DD
:10218000000000000000000000000000000000004F
:10219000290003000000000000AD00000000000066
:1021A00000000000800000000000000002000000AD
:1021B000000000000000000000000000000000001F
:1021C000700003000000000000AA000000000000F2
:1021D00000000000000100000000000000000000FE
:1021E00000000000000000000000000000000000EF
:1021F000590003000000000000DA000000000000A9
:1022000000000000000100000000000000000000CD
:1022100000000000000000000000000000000000BE
:10222000870003000000000000BA0000000000006A
:10223000000000000001000000000000020000009B
:10224000000000000000000000000000000000008E
:102250009F0003000000000000CA00000000000012
:10226000000000000001000000000000020000006B
:10227000000000000000000000000000000000005E
:10228000B70003000000000000AC000000000000E8
:10229000000000000002000000000000000000003C
:1022A000000000000000000000000000000000002E
:1022B000CE0003000000000000DC00000000000071
:1022C000000000000002000000000000000000000C
:1022D00000000000000000000000000000000000FE
:1022E000E50003000000000000BC0000000000004A
:1022F00000000000000200000000000002000000DA
:1023000000000000000000000000000000000000CD
:10231000FD0003000000000000CC000000000000F1
:1023200000000000000200000000000002000000A9
:10233000000000000000000000000000000000009D
:10234000150103000000000000A3000000000000D1
:102350000000000000040000000000000000000079
:10236000000000000000000000000000000000006D
:102370002A0103000000000000D30000000000005C
:102380000000000000040000000000000000000049
:10239000000000000000000000000000000000003D
:1023A0003F0103000000000000B300000000000037
:1023B0000000000000040000000000000200000017
:1023C000000000000000000000000000000000000D
:1023D000550103000000000000C3000000000000E1
:1023E00000000000000400000000000002000000E7
:1023F00000000000000000000000000000000000DD
:102400006B0103000000000000A5000000000000B8
:1024100000000000000800000000000000000000B4
:1024200000000000000000000000000000000000AC
:10243000800103000000000000D500000000000043
:102440000000000000080000000000000000000084
:10245000000000000000000000000000000000007C
:10246000950103000000000000B50000000000001E
:102470000000000000080000000000000200000052
:10248000000000000000000000000000000000004C
:10249000AB0103000000000000C5000000000000C8
:1024A0000000000000080000000000000200000022
:1024B000000000000000000000000000000000001C
:1024C000C10103000000000000A7000000000000A0
:1024D00000000000001000000000000000000000EC
:1024E00000000000000000000000000000000000EC
:1024F000D60103000000000000D70000000000002B
:1025000000000000001000000000000000000000BB
:1025100000000000000000000000000000000000BB
:10252000EB0103000000000000B700000000000005
:102530000000000000100000000000000200000089
:10254000000000000000000000000000000000008B
:10255000010203000000000000C7000000000000AE
:102560000000000000100000000000000200000059
:10257000000000000000000000000000000000005B
:10258000170203000000000000AE00000000000081
:10259000000000000020000000000000000000001B
:1025A000000000000000000000000000000000002B
:1025B0002C0203000000000000DE0000000000000C
:1025C00000000000002000000000000000000000EB
:1025D00000000000000000000000000000000000FB
:1025E000410203000000000000BE000000000000E7
:1025F00000000000002000000000000002000000B9
:1026000000000000000000000000000000000000CA
:10261000570203000000000000CE00000000000090
:102620000000000000200000000000000200000088
:10263000000000000000000000000000000000009A
:102640006D02030000000000001A000000000000FE
:10265000000000000040000000000000000000003A
:10266000000000000000000000000000000000006A
:102670008302030000000000003A00000000000098
:10268000000000000040000000000000000000000A
:10269000000000000000000000000000000000003A
:1026A0009902030000000000002A00000000000062
:1026B00000000000004000000000000002000000D8
:1026C000000000000000000000000000000000000A
:1026D000B002030000000000004A000000000000FB
:1026E00000000000004000000000000002000000A8
:1026F00000000000000000000000000000000000DA
:10270000C702030000000000001C000000000000E1
:102710000000000000800000000000000000000039
:1027200000000000000000000000000000000000A9
:10273000DD02030000000000003C0000000000007B
:102740000000000000800000000000000000000009
:102750000000000000000000000000000000000079
:10276000F302030000000000002C00000000000045
:1027700000000000008000000000000002000000D7
:102780000000000000000000000000000000000049
:102790000A03030000000000004C000000000000DD
:1027A00000000000008000000000000002000000A7
:1027B0000000000000000000000000000000000019
:1027C0002103030000000000001E000000000000C4
:1027D00000000000000001000000000000000000F8
:1027E00000000000000000000000000000000000E9
:1027F0003703030000000000003E0000000000005E
:1028000000000000000001000000000000000000C7
:1028100000000000000000000000000000000000B8
:102820004D03030000000000002E00000000000027
:102830000000000000000100000000000200000095
:102840000000000000000000000000000000000088
:102850006403030000000000004E000000000000C0
:102860000000000000000100000000000200000065
:102870000000000000000000000000000000000058
:102880000000000000000000000000000000000048
:102890000000000000000000000000000000000038
:1028A0000000000000000000000000000000000028
:1028B000980000000000000011FD02000000000070
:1028C00098A6020000000000EC00000000000000DC
:1028D00019FD020000000000A8A102000000000095
:1028E000040000000000000021FD020000000000C4
:1028F00000000000000000008F0000000000000049
:1029000029FD02000000000000000000000000009F
:10291000070000000000000032FD0200000000007F
:102920000000000000000000200000000000000087
:102930003AFD02000000000000000000000000005E
:10294000AD0000000000000043FD02000000000098
:10295000989B0200000000002C0000000000000016
:1029600049FD020000000000D89B020000000000AA
:10297000010000000000000050FD02000000000007
:102980001096020000000000C200000000000000DD
:102990005DFD020000000000C89B02000000000076
:1029A000920000000000000066FD02000000000030
:1029B00000000000000000004500000000000000D2
:1029C0006AFD02000000000000000000000000009E
:1029D000890000000000000072FD020000000000FD
:1029E00000000000000000009B000000000000004C
:1029F00078FD020000000000000000000000000060
:102A000000000000000000007CFD0200000000004B
:102A10000000000000000000300000005000000036
:102A2000510000005200000053000000540000005C
:102A3000550000005600000057000000580000003C
:102A4000590000005A0000005B0000005C0000001C
:102A50005D0000005E0000005F00000060000000FC
:102A600061000000620000006300000064000000DC
:102A700065000000660000006700000068000000BC
:102A8000690000006A0000006B0000006C0000009C
:102A90006D0000006E0000006F000000700000007C
:102AA000710000007200000073000000740000005C
:102AB000750000007600000077000000780000003C
:102AC000790000007A0000007B0000007C0000001C
:102AD0007D0000007E0000007F000000000000007C
:102AE00000000000000000000000000000000000E6
:102AF00000000000000000000000000000000000D6
:102B000000000000000000000000000000000000C5
:102B100000000000000000000000000000000000B5
:102B200000000000000000000000000000000000A5
:102B30000000000000000000000000000000000095
:102B40000000000000000000000000000000000085
:102B50000000000000000000000000000000000075
:102B60000000000000000000000000000000000065
:102B70000000000000000000000000000000000055
:102B80000000000000000000000000000000000045
:102B90000000000000000000000000000000000035
:102BA0000000000000000000000000000000000025
:102BB0000000000000000000000000000000000015
:102BC0000000000000000000000000000000000005
:102BD00000000000000000000000000000000000F5
:102BE00000000000000000000000000000000000E5
:102BF00000000000000000000000000000000000D5
:102C000000000000000000000000000000000000C4
:102C100000000000000000000000000000000000B4
:102C200000000000000000000000000000000000A4
:102C30000000000000000000000000000000000094
:102C40000000000000000000000000000000000084
:102C50000000000000000000000000000000000074
:102C60000000000000000000000000000000000064
:102C70000000000000000000000000000000000054
:102C80000000000000000000000000000000000044
:102C90000000000000000000000000000000000034
:102CA0000000000000000000000000000000000024
:102CB0000000000000000000000000000000000014
:102CC0000000000000000000000000000000000004
:102CD00000000000000000000000000000000000F4
:102CE00000000000000000000000000000000000E4
:102CF00000000000000000000000000000000000D4
:102D000000000000000000000000000000000000C3
:102D100000000000000000000000000000000000B3
:102D200000000000000000000000000000000000A3
:102D30000000000000000000000000000000000093
:102D40000000000000000000000000000000000083
:102D50000000000000000000000000000000000073
:102D60000000000000000000000000000000000063
:102D70000000000000000000000000000000000053
:102D80000000000000000000000000000000000043
:102D90000000000000000000000000000000000033
:102DA0000000000000000000000000000000000023
:102DB0000000000000000000000000000000000013
:102DC0000000000000000000000000000000000003
:102DD00000000000000000000000000000000000F3
:102DE00000000000000000000000000000000000E3
:102DF00000000000000000000000000000000000D3
:102E000000000000000000000000000000000000C2
:102E100000000000000000000000000000000000B2
:102E200000000000000000000000000000000000A2
:102E30000000000000000000000000000000000092
:102E40000000000000000000000000000000000082
:102E50000000000000000000000000000000000072
:102E60000000000000000000000000000000000062
:102E70000000000000000000000000000000000052
:102E80000000000000000000000000000000000042
:102E90000000000000000000000000000000000032
:102EA0000000000000000000000000000000000022
:102EB0000000000000000000000000000000000012
:102EC0000000000000000000000000000000000002
:102ED00000000000000000000000000000000000F2
:102EE00000000000000000000000000000000000E2
:102EF00000000000000000000000000000000000D2
:102F000000000000000000000000000000000000C1
:102F100000000000000000000000000000000000B1
:102F200000000000000000000000000000000000A1
:102F30000000000000000000000000000000000091
:102F40000000000000000000000000000000000081
:102F50000000000000000000000000000000000071
:102F60000000000000000000000000000000000061
:102F70000000000000000000000000000000000051
:102F80000000000000000000000000000000000041
:102F90000000000000000000000000000000000031
:102FA0000000000000000000000000000000000021
:102FB0000000000000000000000000000000000011
:102FC0000000000000000000000000000000000001
:102FD00000000000000000000000000000000000F1
:102FE00000000000000000000000000000000000E1
:102FF00000000000000000000000000000000000D1
:1030000000000000000000000000000000000000C0
:1030100000000000000000000000000000000000B0
:1030200000000000000000000000000000000000A0
:103030000000000000000000000000000000000090
:103040000000000000000000000000000000000080
:103050000000000000000000000000000000000070
:103060000000000000000000000000000000000060
:103070000000000000000000000000000000000050
:103080000000000000000000000000000000000040
:103090000000000000000000000000000000000030
:1030A0000000000000000000000000000000000020
:1030B0000000000000000000000000000000000010
:1030C0000000000000000000000000000000000000
:1030D00000000000000000000000000000000000F0
:1030E00000000000000000000000000000000000E0
:1030F00000000000000000000000000000000000D0
:1031000000000000000000000000000000000000BF
:1031100000000000000000000000000000000000AF
:10312000000000000000000000000000000000009F
:10313000000000000000000000000000000000008F
:10314000000000000000000000000000000000007F
:10315000000000000000000000000000000000006F
:10316000000000000000000000000000000000005F
:10317000000000000000000000000000000000004F
:10318000000000000000000000000000000000003F
:10319000000000000000000000000000000000002F
:1031A000000000000000000000000000000000001F
:1031B000000000000000000000000000000000000F
:1031C00000000000000000000000000000000000FF
:1031D00000000000000000000000000000000000EF
:1031E00000000000000000000000000000000000DF
:1031F00000000000000000000000000000000000CF
:1032000000000000000000000000000000000000BE
:1032100000000000000000000000000000000000AE
:10322000000000000000000000000000000000009E
:10323000000000000000000000000000000000008E
:10324000000000000000000000000000000000007E
:10325000000000000000000000000000000000006E
:10326000000000000000000000000000000000005E
:10327000000000000000000000000000000000004E
:10328000000000000000000000000000000000003E
:10329000000000000000000000000000000000002E
:1032A000000000000000000000000000000000001E
:1032B000000000000000000000000000000000000E
:1032C00000000000000000000000000000000000FE
:1032D00000000000000000000000000000000000EE
:1032E00000000000000000000000000000000000DE
:1032F00000000000000000000000000000000000CE
:1033000000000000000000000000000000000000BD
:1033100000000000000000000000000000000000AD
:10332000000000000000000000000000000000009D
:10333000000000000000000000000000000000008D
:10334000000000000000000000000000000000007D
:10335000000000000000000000000000000000006D
:10336000000000000000000000000000000000005D
:10337000000000000000000000000000000000004D
:10338000000000000000000000000000000000003D
:10339000000000000000000000000000000000002D
:1033A000000000000000000000000000000000001D
:1033B000000000000000000000000000000000000D
:1033C00000000000000000000000000000000000FD
:1033D00000000000000000000000000000000000ED
:1033E00000000000000000000000000000000000DD
:1033F00000000000000000000000000000000000CD
:1034000000000000000000000000000000000000BC
:1034100000000000000000000000000000000000AC
:10342000000000000000000000000000000000009C
:10343000000000000000000000000000000000008C
:10344000000000000000000000000000000000007C
:10345000000000000000000000000000000000006C
:10346000000000000000000000000000000000005C
:10347000000000000000000000000000000000004C
:10348000000000000000000000000000000000003C
:10349000000000000000000000000000000000002C
:1034A000000000000000000000000000000000001C
:1034B000000000000000000000000000000000000C
:1034C000020000004E0000000000000000000000AC
:1034D00000000000000000000000000000000000EC
:1034E00000000000000000000000000000000000DC
:1034F00000000000000000000000000000000000CC
:1035000000000000000000000000000000000000BB
:1035100000000000000000000000000000000000AB
:10352000000000000000000000000000000000009B
:10353000000000000000000000000000000000008B
:10354000000000000000000000000000000000007B
:10355000000000000000000000000000000000006B
:10356000000000000000000000000000000000005B
:10357000000000000000000000000000000000004B
:10358000000000000000000000000000000000003B
:10359000000000000000000000000000000000002B
:1035A000000000000000000000000000000000001B
:1035B000000000000000000000000000000000000B
:1035C00006000000000000000100000002000000F2
:1035D00003000000060000000700000000000000DB
:1035E00000000000000000000000000000000000DB
:1035F00000000000000000000000000000000000CB
:1036000000000000000000000000000000000000BA
:1036100000000000000000000000000000000000AA
:10362000000000000000000000000000000000009A
:10363000000000000000000000000000000000008A
:10364000000000000000000000000000000000007A
:10365000000000000000000000000000000000006A
:10366000000000000000000000000000000000005A
:10367000000000000000000000000000000000004A
:10368000000000000000000000000000000000003A
:10369000000000000000000000000000000000002A
:1036A000000000000000000000000000000000001A
:1036B000000000000000000000000000000000000A
:1036C00000000000000000000000000000000000FA
:1036D00000000000000000000000000000000000EA
:1036E00000000000000000000000000000000000DA
:1036F00000000000000000000000000000000000CA
:1037000000000000000000000000000000000000B9
:1037100000000000000000000000000000000000A9
:103720000000000000000000000000000000000099
:103730000000000000000000000000000000000089
:103740000000000000000000000000000000000079
:103750000000000000000000000000000000000069
:103760000000000000000000000000000000000059
:103770000000000000000000000000000000000049
:103780000000000000000000000000000000000039
:103790000000000000000000000000000000000029
:1037A0000000000000000000000000000000000019
:1037B0000000000000000000000000000000000009
:1037C00000000000000000000000000000000000F9
:1037D00000000000000000000000000000000000E9
:1037E00000000000000000000000000000000000D9
:1037F00000000000000000000000000000000000C9
:1038000000000000000000000000000000000000B8
:1038100000000000000000000000000000000000A8
:103820000000000000000000000000000000000098
:103830000000000000000000000000000000000088
:103840000000000000000000000000000000000078
:103850000000000000000000000000000000000068
:103860000000000000000000000000000000000058
:103870000000000000000000000000000000000048
:103880000000000000000000000000000000000038
:103890000000000000000000000000000000000028
:1038A0000000000000000000000000000000000018
:1038B0000000000000000000000000000000000008
:1038C00000000000000000000000000000000000F8
:1038D00000000000000000000000000000000000E8
:1038E00000000000000000000000000000000000D8
:1038F00000000000000000000000000000000000C8
:1039000000000000000000000000000000000000B7
:1039100000000000000000000000000000000000A7
:103920000000000000000000000000000000000097
:103930000000000000000000000000000000000087
:103940000000000000000000000000000000000077
:103950000000000000000000000000000000000067
:103960000000000000000000000000000000000057
:103970000000000000000000000000000000000047
:103980000000000000000000000000000000000037
:103990000000000000000000000000000000000027
:1039A0000000000000000000000000000000000017
:1039B0000000000000000000000000000000000007
:1039C00000000000000000000000000000000000F7
:1039D00000000000000000000000000000000000E7
:1039E00000000000000000000000000000000000D7
:1039F00000000000000000000000000000000000C7
:103A000000000000000000000000000000000000B6
:103A100000000000000000000000000000000000A6
:103A20000000000000000000000000000000000096
:103A30000000000000000000000000000000000086
:103A40000000000000000000000000000000000076
:103A50000000000000000000000000000000000066
:103A60000000000000000000000000000000000056
:103A70000000000000000000000000000000000046
:103A80000000000000000000000000000000000036
:103A90000000000000000000000000000000000026
:103AA0000000000000000000000000000000000016
:103AB0000000000000000000000000000000000006
:103AC00000000000000000000000000000000000F6
:103AD00000000000000000000000000000000000E6
:103AE00000000000000000000000000000000000D6
:103AF00000000000000000000000000000000000C6
:103B000000000000000000000000000000000000B5
:103B100000000000000000000000000000000000A5
:103B20000000000000000000000000000000000095
:103B30000000000000000000000000000000000085
:103B40000000000000000000000000000000000075
:103B50000000000000000000000000000000000065
:103B60000000000000000000000000000000000055
:103B70000000000000000000000000000000000045
:103B80000000000000000000000000000000000035
:103B90000000000000000000000000000000000025
:103BA0000000000000000000000000000000000015
:103BB0000000000000000000000000000000000005
:103BC00000000000000000000000000000000000F5
:103BD00000000000000000000000000000000000E5
:103BE00000000000000000000000000000000000D5
:103BF00000000000000000000000000000000000C5
:103C000000000000000000000000000000000000B4
:103C100000000000000000000000000000000000A4
:103C20000000000000000000000000000000000094
:103C30000000000000000000000000000000000084
:103C40000000000000000000000000000000000074
:103C50000000000000000000000000000000000064
:103C60000000000000000000000000000000000054
:103C70000000000000000000000000000000000044
:103C80000000000000000000000000000000000034
:103C90000000000000000000000000000000000024
:103CA0000000000000000000000000000000000014
:103CB0000000000000000000000000000000000004
:103CC00000000000000000000000000000000000F4
:103CD00000000000000000000000000000000000E4
:103CE00000000000000000000000000000000000D4
:103CF00000000000000000000000000000000000C4
:103D000000000000000000000000000000000000B3
:103D100000000000000000000000000000000000A3
:103D20000000000000000000000000000000000093
:103D30000000000000000000000000000000000083
:103D40000000000000000000000000000000000073
:103D50000000000000000000000000000000000063
:103D60000000000000000000000000000000000053
:103D70000000000000000000000000000000000043
:103D80000000000000000000000000000000000033
:103D90000000000000000000000000000000000023
:103DA0000000000000000000000000000000000013
:103DB0000000000000000000000000000000000003
:103DC00000000000000000000000000000000000F3
:103DD00000000000000000000000000000000000E3
:103DE00000000000000000000000000000000000D3
:103DF00000000000000000000000000000000000C3
:103E000000000000000000000000000000000000B2
:103E100000000000000000000000000000000000A2
:103E20000000000000000000000000000000000092
:103E30000000000000000000000000000000000082
:103E40000000000000000000000000000000000072
:103E50000000000000000000000000000000000062
:103E60000000000000000000000000000000000052
:103E70000000000000000000000000000000000042
:103E80000000000000000000000000000000000032
:103E90000000000000000000000000000000000022
:103EA0000000000000000000000000000000000012
:103EB0000000000000000000000000000000000002
:103EC00000000000000000000000000000000000F2
:103ED00000000000000000000000000000000000E2
:103EE00000000000000000000000000000000000D2
:103EF00000000000000000000000000000000000C2
:103F000000000000000000000000000000000000B1
:103F100000000000000000000000000000000000A1
:103F20000000000000000000000000000000000091
:103F30000000000000000000000000000000000081
:103F40000000000000000000000000000000000071
:103F50000000000000000000000000000000000061
:103F60000000000000000000000000000000000051
:103F70000000000000000000000000000000000041
:103F80000000000000000000000000000000000031
:103F90000000000000000000000000000000000021
:103FA0000000000000000000000000000000000011
:103FB0000000000000000000000000000000000001
:103FC00000000000000000000000000000000000F1
:103FD00000000000000000000000000000000000E1
:103FE00000000000000000000000000000000000D1
:103FF00000000000000000000000000000000000C1
:1040000000000000000000000000000000000000B0
:1040100000000000000000000000000000000000A0
:104020000000000000000000000000000000000090
:104030000000000000000000000000000000000080
:104040000000000000000000000000000000000070
:104050000000000000000000000000000000000060
:104060000000000000000000080000000800000040
:104070000000000000000000000000000000000040
:104080000000000000000000000000000000000030
:104090000000000000000000000000000000000020
:1040A0000000000000000000000000000000000010
:1040B0000000000000000000000000000000000000
:1040C00000000000000000000000000000000000F0
:1040D00000000000000000000000000000000000E0
:1040E00000000000000000000000000000000000D0
:1040F00000000000000000000000000000000000C0
:1041000000000000000000000000000000000000AF
:10411000000000000000000000000000000000009F
:10412000000000000000000000000000000000008F
:10413000000000000000000000000000000000007F
:10414000000000000000000000000000000000006F
:10415000000000000000000000000000000000005F
:10416000000000000000000018000000280000000F
:10417000290000002A0000002B0000002C00000095
:104180002D0000002E0000002F0000003000000075
:104190003100000032000000330000003400000055
:1041A0003500000036000000370000003800000035
:1041B000390000003A0000003B0000003C00000015
:1041C0003D0000003E0000003F0000000000000035
:1041D00000000000000000000000000000000000DF
:1041E00000000000000000000000000000000000CF
:1041F00000000000000000000000000000000000BF
:1042000000000000000000000000000000000000AE
:10421000000000000000000000000000000000009E
:10422000000000000000000000000000000000008E
:10423000000000000000000000000000000000007E
:10424000000000000000000000000000000000006E
:10425000000000000000000000000000000000005E
:10426000000000000000000000000000000000004E
:10427000000000000000000000000000000000003E
:10428000000000000000000000000000000000002E
:10429000000000000000000000000000000000001E
:1042A000000000000000000000000000000000000E
:1042B00000000000000000000000000000000000FE
:1042C00000000000000000000000000000000000EE
:1042D00000000000000000000000000000000000DE
:1042E00000000000000000000000000000000000CE
:1042F00000000000000000000000000000000000BE
:1043000000000000000000000000000000000000AD
:10431000000000000000000000000000000000009D
:10432000000000000000000000000000000000008D
:10433000000000000000000000000000000000007D
:10434000000000000000000000000000000000006D
:10435000000000000000000000000000000000005D
:10436000000000000000000000000000000000004D
:10437000000000000000000000000000000000003D
:10438000000000000000000000000000000000002D
:10439000000000000000000000000000000000001D
:1043A000000000000000000000000000000000000D
:1043B00000000000000000000000000000000000FD
:1043C00000000000000000000000000000000000ED
:1043D00000000000000000000000000000000000DD
:1043E00000000000000000000000000000000000CD
:1043F00000000000000000000000000000000000BD
:1044000000000000000000000000000000000000AC
:10441000000000000000000000000000000000009C
:10442000000000000000000000000000000000008C
:10443000000000000000000000000000000000007C
:10444000000000000000000000000000000000006C
:10445000000000000000000000000000000000005C
:10446000000000000000000000000000000000004C
:10447000000000000000000000000000000000003C
:10448000000000000000000000000000000000002C
:10449000000000000000000000000000000000001C
:1044A000000000000000000000000000000000000C
:1044B00000000000000000000000000000000000FC
:1044C00000000000000000000000000000000000EC
:1044D00000000000000000000000000000000000DC
:1044E00000000000000000000000000000000000CC
:1044F00000000000000000000000000000000000BC
:1045000000000000000000000000000000000000AB
:10451000000000000000000000000000000000009B
:10452000000000000000000000000000000000008B
:10453000000000000000000000000000000000007B
:10454000000000000000000000000000000000006B
:10455000000000000000000000000000000000005B
:10456000000000000000000000000000000000004B
:10457000000000000000000000000000000000003B
:10458000000000000000000000000000000000002B
:10459000000000000000000000000000000000001B
:1045A000000000000000000000000000000000000B
:1045B00000000000000000000000000000000000FB
:1045C00000000000000000000000000000000000EB
:1045D00000000000000000000000000000000000DB
:1045E00000000000000000000000000000000000CB
:1045F00000000000000000000000000000000000BB
:1046000000000000000000000000000000000000AA
:10461000000000000000000000000000000000009A
:10462000000000000000000000000000000000008A
:10463000000000000000000000000000000000007A
:10464000000000000000000000000000000000006A
:10465000000000000000000000000000000000005A
:10466000000000000000000000000000000000004A
:10467000000000000000000000000000000000003A
:10468000000000000000000000000000000000002A
:10469000000000000000000000000000000000001A
:1046A000000000000000000000000000000000000A
:1046B00000000000000000000000000000000000FA
:1046C00000000000000000000000000000000000EA
:1046D00000000000000000000000000000000000DA
:1046E00000000000000000000000000000000000CA
:1046F00000000000000000000000000000000000BA
:1047000000000000000000000000000000000000A9
:104710000000000000000000000000000000000099
:104720000000000000000000000000000000000089
:104730000000000000000000000000000000000079
:104740000000000000000000000000000000000069
:104750000000000000000000000000000000000059
:104760000000000000000000000000000000000049
:104770000000000000000000000000000000000039
:104780000000000000000000000000000000000029
:104790000000000000000000000000000000000019
:1047A0000000000000000000000000000000000009
:1047B00000000000000000000000000000000000F9
:1047C00000000000000000000000000000000000E9
:1047D00000000000000000000000000000000000D9
:1047E00000000000000000000000000000000000C9
:1047F00000000000000000000000000000000000B9
:1048000000000000000000000000000000000000A8
:104810000000000000000000000000000000000098
:104820000000000000000000000000000000000088
:104830000000000000000000000000000000000078
:104840000000000000000000000000000000000068
:104850000000000000000000000000000000000058
:104860000000000000000000000000000000000048
:104870000000000000000000000000000000000038
:104880000000000000000000000000000000000028
:104890000000000000000000000000000000000018
:1048A0000000000000000000000000000000000008
:1048B00000000000000000000000000000000000F8
:1048C00000000000000000000000000000000000E8
:1048D00000000000000000000000000000000000D8
:1048E00000000000000000000000000000000000C8
:1048F00000000000000000000000000000000000B8
:1049000000000000000000000000000000000000A7
:104910000000000000000000000000000000000097
:104920000000000000000000000000000000000087
:104930000000000000000000000000000000000077
:104940000000000000000000000000000000000067
:104950000000000000000000000000000000000057
:104960000000000000000000000000000000000047
:104970000000000000000000000000000000000037
:104980000000000000000000000000000000000027
:104990000000000000000000000000000000000017
:1049A0000000000000000000000000000000000007
:1049B00000000000000000000000000000000000F7
:1049C00000000000000000000000000000000000E7
:1049D00000000000000000000000000000000000D7
:1049E00000000000000000000000000000000000C7
:1049F00000000000000000000000000000000000B7
:104A000000000000000000000000000000000000A6
:104A10000000000000000000000000000000000096
:104A20000000000000000000000000000000000086
:104A30000000000000000000000000000000000076
:104A40000000000000000000000000000000000066
:104A50000000000000000000000000000000000056
:104A60000000000000000000000000000000000046
:104A70000000000000000000000000000000000036
:104A80000000000000000000000000000000000026
:104A90000000000000000000000000000000000016
:104AA0000000000000000000000000000000000006
:104AB00000000000000000000000000000000000F6
:104AC00000000000000000000000000000000000E6
:104AD00000000000000000000000000000000000D6
:104AE00000000000000000000000000000000000C6
:104AF00000000000000000000000000000000000B6
:104B000000000000000000000000000000000000A5
:104B10000000000000000000000000000000000095
:104B20000000000000000000000000000000000085
:104B30000000000000000000000000000000000075
:104B40000000000000000000000000000000000065
:104B50000000000000000000000000000000000055
:104B60000000000000000000000000000000000045
:104B70000000000000000000000000000000000035
:104B80000000000000000000000000000000000025
:104B90000000000000000000000000000000000015
:104BA0000000000000000000000000000000000005
:104BB00000000000000000000000000000000000F5
:104BC00000000000000000000000000000000000E5
:104BD00000000000000000000000000000000000D5
:104BE00000000000000000000000000000000000C5
:104BF00000000000000000000000000000000000B5
:104C000000000000000000000000000000000000A4
:104C1000020000002600000000000000000000006C
:104C20000000000000000000000000000000000084
:104C30000000000000000000000000000000000074
:104C40000000000000000000000000000000000064
:104C50000000000000000000000000000000000054
:104C60000000000000000000000000000000000044
:104C70000000000000000000000000000000000034
:104C80000000000000000000000000000000000024
:104C90000000000000000000000000000000000014
:104CA0000000000000000000000000000000000004
:104CB00000000000000000000000000000000000F4
:104CC00000000000000000000000000000000000E4
:104CD00000000000000000000000000000000000D4
:104CE00000000000000000000000000000000000C4
:104CF00000000000000000000000000000000000B4
:104D000000000000000000000000000000000000A3
:104D1000030000000000000001000000020000008D
:104D20000000000000000000000000000000000083
:104D30000000000000000000000000000000000073
:104D40000000000000000000000000000000000063
:104D50000000000000000000000000000000000053
:104D60000000000000000000000000000000000043
:104D70000000000000000000000000000000000033
:104D80000000000000000000000000000000000023
:104D90000000000000000000000000000000000013
:104DA0000000000000000000000000000000000003
:104DB00000000000000000000000000000000000F3
:104DC00000000000000000000000000000000000E3
:104DD00000000000000000000000000000000000D3
:104DE00000000000000000000000000000000000C3
:104DF00000000000000000000000000000000000B3
:104E000000000000000000000000000000000000A2
:104E10000000000000000000000000000000000092
:104E20000000000000000000000000000000000082
:104E30000000000000000000000000000000000072
:104E40000000000000000000000000000000000062
:104E50000000000000000000000000000000000052
:104E60000000000000000000000000000000000042
:104E70000000000000000000000000000000000032
:104E80000000000000000000000000000000000022
:104E90000000000000000000000000000000000012
:104EA0000000000000000000000000000000000002
:104EB00000000000000000000000000000000000F2
:104EC00000000000000000000000000000000000E2
:104ED00000000000000000000000000000000000D2
:104EE00000000000000000000000000000000000C2
:104EF00000000000000000000000000000000000B2
:104F000000000000000000000000000000000000A1
:104F10000000000000000000000000000000000091
:104F20000000000000000000000000000000000081
:104F30000000000000000000000000000000000071
:104F40000000000000000000000000000000000061
:104F50000000000000000000000000000000000051
:104F60000000000000000000000000000000000041
:104F70000000000000000000000000000000000031
:104F80000000000000000000000000000000000021
:104F90000000000000000000000000000000000011
:104FA0000000000000000000000000000000000001
:104FB00000000000000000000000000000000000F1
:104FC00000000000000000000000000000000000E1
:104FD00000000000000000000000000000000000D1
:104FE00000000000000000000000000000000000C1
:104FF00000000000000000000000000000000000B1
:1050000000000000000000000000000000000000A0
:105010000000000000000000000000000000000090
:105020000000000000000000000000000000000080
:105030000000000000000000000000000000000070
:105040000000000000000000000000000000000060
:105050000000000000000000000000000000000050
:105060000000000000000000000000000000000040
:105070000000000000000000000000000000000030
:105080000000000000000000000000000000000020
:105090000000000000000000000000000000000010
:1050A0000000000000000000000000000000000000
:1050B00000000000000000000000000000000000F0
:1050C00000000000000000000000000000000000E0
:1050D00000000000000000000000000000000000D0
:1050E00000000000000000000000000000000000C0
:1050F00000000000000000000000000000000000B0
:10510000000000000000000000000000000000009F
:10511000000000000000000000000000000000008F
:10512000000000000000000000000000000000007F
:10513000000000000000000000000000000000006F
:10514000000000000000000000000000000000005F
:10515000000000000000000000000000000000004F
:10516000000000000000000000000000000000003F
:10517000000000000000000000000000000000002F
:10518000000000000000000000000000000000001F
:10519000000000000000000000000000000000000F
:1051A00000000000000000000000000000000000FF
:1051B00000000000000000000000000000000000EF
:1051C00000000000000000000000000000000000DF
:1051D00000000000000000000000000000000000CF
:1051E00000000000000000000000000000000000BF
:1051F00000000000000000000000000000000000AF
:10520000000000000000000000000000000000009E
:10521000000000000000000000000000000000008E
:10522000000000000000000000000000000000007E
:10523000000000000000000000000000000000006E
:10524000000000000000000000000000000000005E
:10525000000000000000000000000000000000004E
:10526000000000000000000000000000000000003E
:10527000000000000000000000000000000000002E
:10528000000000000000000000000000000000001E
:10529000000000000000000000000000000000000E
:1052A00000000000000000000000000000000000FE
:1052B00000000000000000000000000000000000EE
:1052C00000000000000000000000000000000000DE
:1052D00000000000000000000000000000000000CE
:1052E00000000000000000000000000000000000BE
:1052F00000000000000000000000000000000000AE
:10530000000000000000000000000000000000009D
:10531000000000000000000000000000000000008D
:10532000000000000000000000000000000000007D
:10533000000000000000000000000000000000006D
:10534000000000000000000000000000000000005D
:10535000000000000000000000000000000000004D
:10536000000000000000000000000000000000003D
:10537000000000000000000000000000000000002D
:10538000000000000000000000000000000000001D
:10539000000000000000000000000000000000000D
:1053A00000000000000000000000000000000000FD
:1053B00000000000000000000000000000000000ED
:1053C00000000000000000000000000000000000DD
:1053D00000000000000000000000000000000000CD
:1053E00000000000000000000000000000000000BD
:1053F00000000000000000000000000000000000AD
:10540000000000000000000000000000000000009C
:10541000000000000000000000000000000000008C
:10542000000000000000000000000000000000007C
:10543000000000000000000000000000000000006C
:10544000000000000000000000000000000000005C
:10545000000000000000000000000000000000004C
:10546000000000000000000000000000000000003C
:10547000000000000000000000000000000000002C
:10548000000000000000000000000000000000001C
:10549000000000000000000000000000000000000C
:1054A00000000000000000000000000000000000FC
:1054B00000000000000000000000000000000000EC
:1054C00000000000000000000000000000000000DC
:1054D00000000000000000000000000000000000CC
:1054E00000000000000000000000000000000000BC
:1054F00000000000000000000000000000000000AC
:10550000000000000000000000000000000000009B
:10551000000000000000000000000000000000008B
:10552000000000000000000000000000000000007B
:10553000000000000000000000000000000000006B
:10554000000000000000000000000000000000005B
:10555000000000000000000000000000000000004B
:10556000000000000000000000000000000000003B
:10557000000000000000000000000000000000002B
:10558000000000000000000000000000000000001B
:10559000000000000000000000000000000000000B
:1055A00000000000000000000000000000000000FB
:1055B00000000000000000000000000000000000EB
:1055C00000000000000000000000000000000000DB
:1055D00000000000000000000000000000000000CB
:1055E00000000000000000000000000000000000BB
:1055F00000000000000000000000000000000000AB
:10560000000000000000000000000000000000009A
:10561000000000000000000000000000000000008A
:10562000000000000000000000000000000000007A
:10563000000000000000000000000000000000006A
:10564000000000000000000000000000000000005A
:10565000000000000000000000000000000000004A
:10566000000000000000000000000000000000003A
:10567000000000000000000000000000000000002A
:10568000000000000000000000000000000000001A
:10569000000000000000000000000000000000000A
:1056A00000000000000000000000000000000000FA
:1056B00000000000000000000000000000000000EA
:1056C00000000000000000000000000000000000DA
:1056D00000000000000000000000000000000000CA
:1056E00000000000000000000000000000000000BA
:1056F00000000000000000000000000000000000AA
:105700000000000000000000000000000000000099
:105710000000000000000000000000000000000089
:105720000000000000000000000000000000000079
:105730000000000000000000000000000000000069
:105740000000000000000000000000000000000059
:105750000000000000000000000000000000000049
:105760000000000000000000000000000000000039
:105770000000000000000000000000000000000029
:105780000000000000000000000000000000000019
:105790000000000000000000000000000000000009
:1057A00000000000000000000000000000000000F9
:1057B00000000000000000000300000002000000E4
:1057C00006000000020000000000000000000000D1
:1057D00000000000000000000000000000000000C9
:1057E00000000000000000000000000000000000B9
:1057F00000000000000000000000000000000000A9
:105800000000000000000000000000000000000098
:105810000000000000000000000000000000000088
:105820000000000000000000000000000000000078
:105830000000000000000000000000000000000068
:105840000000000000000000000000000000000058
:105850000000000000000000000000000000000048
:105860000000000000000000000000000000000038
:105870000000000000000000000000000000000028
:105880000000000000000000000000000000000018
:105890000000000000000000000000000000000008
:1058A00000000000000000000000000000000000F8
:1058B00000000000000000000000000000000000E8
:1058C0001C25020000000000000000000000000095
:1058D000E8240200000000000000000000000000BA
:1058E00000000000000000000000000000000000B8
:1058F00000000000000000000000000000000000A8
:105900001C62020000000000000000800000000097
:10591000000000800000000000000080080000007F
:105920000000008007000000000000008800000068
:105930000000000078000000000040180000000097
:1059400000008018000000000000000000000000BF
:105950000000000000000000000000000000000047
:105960000000000000000000000000000000000037
:105970000000000000000000000000000000000027
:105980000000000000000000000000000000000017
:105990000000000000000000000000000000000007
:1059A00000000000000000000000000000000000F7
:1059B00000000000000000000000000000000000E7
:1059C00000000000000000000000000000000000D7
:1059D00000000000000000000000000000000000C7
:1059E00000000000000000000000000000000000B7
:1059F00000000000000000000000000000000000A7
:105A00000000000000000000000000000000000096
:105A10000000000000000000000000000000000086
:105A20000000000000000000000000000000000076
:105A30000000000000000000000000000000000066
:105A40000000000000000000000000000000000056
:105A50000000000000000000000000000000000046
:105A60000000000000000000000000000000000036
:105A70000000000000000000000000000000000026
:105A80000000000000000000000000000000000016
:105A90000000000000000000000000000000000006
:105AA00000000000000000000000000000000000F6
:105AB00000000000000000000000000000000000E6
:105AC00000000000000000000000000000000000D6
:105AD00000000000000000000000000000000000C6
:105AE00000000000000000000000000000000000B6
:105AF00000000000000000000000000000000000A6
:105B00000000000000000000000000000000000095
:105B10000000000000000000000000000000000085
:105B20000000000000000000000000000000000075
:105B30000000000000000000000000000000000065
:105B40000000000000000000000000000000000055
:105B50000000000000000000000000000000000045
:105B60000000000000000000000000000000000035
:105B70000000000000000000000000000000000025
:105B80000000000000000000000000000000000015
:105B90000000000000000000000000000000000005
:105BA00000000000000000000000000000000000F5
:105BB00000000000000000000000000000000000E5
:105BC00000000000000000000000000000000000D5
:105BD00000000000000000000000000000000000C5
:105BE00000000000000000000000000000000000B5
:105BF00000000000000000000000000000000000A5
:105C00000000000000000000000000000000000094
:105C10000000000000000000000000000000000084
:105C20000000000000000000000000000000000074
:105C30000000000000000000000000000000000064
:105C40000000000000000000000000000000000054
:105C50000000000000000000000000000000000044
:105C60000000000000000000000000000000000034
:105C70000000000000000000000000000000000024
:105C80000000000000000000000000000000000014
:105C90000000000000000000000000000000000004
:105CA00000000000000000000000000000000000F4
:105CB00000000000000000000000000000000000E4
:105CC00000000000000000000000000000000000D4
:105CD00000000000000000000000000000000000C4
:105CE00000000000000000000000000000000000B4
:105CF00000000000000000000000000000000000A4
:105D00000000000000000000000000000000000093
:105D10000000000000000000000000000000000083
:105D20000000000000000000000000000000000073
:105D30000000000000000000000000000000000063
:105D40000000000000000000000000000000000053
:105D50000000000000000000000000000000000043
:105D60000000000000000000000000000000000033
:105D70000000000000000000000000000000000023
:105D80000000000000000000000000000000000013
:105D90000000000000000000000000000000000003
:105DA00000000000000000000000000000000000F3
:105DB00000000000000000000000000000000000E3
:105DC00000000000000000000000000000000000D3
:105DD00000000000000000000000000000000000C3
:105DE00000000000000000000000000000000000B3
:105DF00000000000000000000000000000000000A3
:105E00000000000000000000000000000000000092
:105E10000000000000000000000000000000000082
:105E20000000000000000000000000000000000072
:105E30000000000000000000000000000000000062
:105E40000000000000000000000000000000000052
:105E50000000000000000000000000000000000042
:105E60000000000000000000000000000000000032
:105E70000000000000000000000000000000000022
:105E80000000000000000000000000000000000012
:105E90000000000000000000000000000000000002
:105EA00000000000000000000000000000000000F2
:105EB00000000000000000000000000000000000E2
:105EC00000000000000000000000000000000000D2
:105ED00000000000000000000000000000000000C2
:105EE00000000000000000000000000000000000B2
:105EF00000000000000000000000000000000000A2
:105F00000000000000000000000000000000000091
:105F10000000000000000000000000000000000081
:105F20000000000000000000000000000000000071
:105F30000000000000000000000000000000000061
:105F40000000000000000000000000000000000051
:105F50000000000000000000000000000000000041
:105F60000000000000000000000000000000000031
:105F70000000000000000000000000000000000021
:105F80000000000000000000000000000000000011
:105F90000000000000000000000000000000000001
:105FA00000000000000000000000000000000000F1
:105FB00000000000000000000000000000000000E1
:105FC00000000000000000000000000000000000D1
:105FD00000000000000000000000000000000000C1
:105FE00000000000000000000000000000000000B1
:105FF00000000000000000000000000000000000A1
:106000000000000000000000000000000000000090
:106010000000000000000000000000000000000080
:106020000000000000000000000000000000000070
:106030000000000000000000000000000000000060
:106040000000000000000000000000000000000050
:106050000000000000000000000000000000000040
:106060000000000000000000000000000000000030
:106070000000000000000000000000000000000020
:106080000000000000000000000000000000000010
:106090000000000000000000000000000000000000
:1060A00000000000000000000000000000000000F0
:1060B00000000000000000000000000000000000E0
:1060C00000000000000000000000000000000000D0
:1060D00000000000000000000000000000000000C0
:1060E00000000000000000000000000000000000B0
:1060F00000000000000000000000000000000000A0
:10610000000000000000000000000000000000008F
:10611000000000000000000000000000000000007F
:10612000000000000000000000000000000000006F
:10613000000000000000000000000000000000005F
:10614000000000000000000000000000000000004F
:10615000000000000000000000000000000000003F
:10616000000000000000000000000000000000002F
:10617000000000000000000000000000000000001F
:10618000000000000000000000000000000000000F
:1061900000000000000000000000000000000000FF
:1061A00000000000000000000000000000000000EF
:1061B00000000000000000000000000000000000DF
:1061C00000000000000000000000000000000000CF
:1061D00000000000000000000000000000000000BF
:1061E00000000000000000000000000000000000AF
:1061F000000000000000000000000000000000009F
:10620000000000000000000000000000000000008E
:10621000000000000000000000000000000000007E
:10622000000000000000000000000000000000006E
:10623000000000000000000000000000000000005E
:10624000000000000000000000000000000000004E
:10625000000000000000000000000000000000003E
:10626000000000000000000000000000000000002E
:10627000000000000000000000000000000000001E
:10628000000000000000000000000000000000000E
:1062900000000000000000000000000000000000FE
:1062A00000000000000000000000000000000000EE
:1062B00000000000000000000000000000000000DE
:1062C00000000000000000000000000000000000CE
:1062D00000000000000000000000000000000000BE
:1062E00000000000000000000000000000000000AE
:1062F000000000000000000000000000000000009E
:10630000000000000000000000000000000000008D
:10631000000000000000000000000000000000007D
:10632000000000000000000000000000000000006D
:10633000000000000000000000000000000000005D
:10634000000000000000000000000000000000004D
:10635000000000000000000000000000000000003D
:10636000000000000000000000000000000000002D
:10637000000000000000000000000000000000001D
:10638000000000000000000000000000000000000D
:1063900000000000000000000000000000000000FD
:1063A00000000000000000000000000000000000ED
:1063B00000000000000000000000000000000000DD
:1063C00000000000000000000000000000000000CD
:1063D00000000000000000000000000000000000BD
:1063E00000000000000000000000000000000000AD
:1063F000000000000000000000000000000000009D
:10640000000000000000000000000000000000008C
:10641000000000000000000000000000000000007C
:10642000000000000000000000000000000000006C
:10643000000000000000000000000000000000005C
:10644000000000000000000000000000000000004C
:10645000000000000000000000000000000000003C
:10646000000000000000000000000000000000002C
:10647000000000000000000000000000000000001C
:10648000000000000000000000000000000000000C
:1064900000000000000000000000000000000000FC
:1064A00000000000000000000000000000000000EC
:1064B00000000000000000000000000000000000DC
:1064C00000000000000000000000000000000000CC
:1064D00000000000000000000000000000000000BC
:1064E00000000000000000000000000000000000AC
:1064F000000000000000000000000000000000009C
:10650000000000000000000000000000000000008B
:10651000000000000000000000000000000000007B
:10652000000000000000000000000000000000006B
:10653000000000000000000000000000000000005B
:10654000000000000000000000000000000000004B
:10655000000000000000000000000000000000003B
:10656000000000000000000000000000000000002B
:10657000000000000000000000000000000000001B
:10658000000000000000000000000000000000000B
:1065900000000000000000000000000000000000FB
:1065A00000000000000000000000000000000000EB
:1065B00000000000000000000000000000000000DB
:1065C00000000000000000000000000000000000CB
:1065D00000000000000000000000000000000000BB
:1065E00000000000000000000000000000000000AB
:1065F000000000000000000000000000000000009B
:10660000000000000000000000000000000000008A
:10661000000000000000000000000000000000007A
:10662000000000000000000000000000000000006A
:10663000000000000000000000000000000000005A
:10664000000000000000000000000000000000004A
:10665000000000000000000000000000000000003A
:10666000000000000000000000000000000000002A
:10667000000000000000000000000000000000001A
:10668000000000000000000000000000000000000A
:1066900000000000000000000000000000000000FA
:1066A00000000000000000000000000000000000EA
:1066B00000000000000000000000000000000000DA
:1066C00000000000000000000000000000000000CA
:1066D00000000000000000000000000000000000BA
:1066E00000000000000000000000000000000000AA
:1066F000000000000000000000000000000000009A
:106700000000000000000000000000000000000089
:106710000000000000000000000000000000000079
:106720000000000000000000000000000000000069
:106730000000000000000000000000000000000059
:106740000000000000000000000000000000000049
:106750000000000000000000000000000000000039
:106760000000000000000000000000000000000029
:106770000000000000000000000000000000000019
:106780000000000000000000000000000000000009
:1067900000000000000000000000000000000000F9
:1067A00000000000000000000000000000000000E9
:1067B00000000000000000000000000000000000D9
:1067C00000000000000000000000000000000000C9
:1067D00000000000000000000000000000000000B9
:1067E00000000000000000000000000000000000A9
:1067F0000000000000000000000000000000000099
:106800000000000000000000000000000000000088
:106810000000000000000000000000000000000078
:106820000000000000000000000000000000000068
:106830000000000000000000000000000000000058
:106840000000000000000000000000000000000048
:106850000000000000000000000000000000000038
:106860000000000000000000000000000000000028
:106870000000000000000000000000000000000018
:106880000000000000000000000000000000000008
:1068900000000000000000000000000000000000F8
:1068A00000000000000000000000000000000000E8
:1068B00000000000000000000000000000000000D8
:1068C00000000000000000000000000000000000C8
:1068D00000000000000000000000000000000000B8
:1068E00000000000000000000000000000000000A8
:1068F0000000000000000000000000000000000098
:106900000000000000000000000000000000000087
:106910000000000000000000000000000000000077
:106920000000000000000000000000000000000067
:106930000000000000000000000000000000000057
:106940000000000000000000000000000000000047
:106950000000000000000000000000000000000037
:106960000000000000000000000000000000000027
:106970000000000000000000000000000000000017
:106980000000000000000000000000000000000007
:1069900000000000000000000000000000000000F7
:1069A00000000000000000000000000000000000E7
:1069B00000000000000000000000000000000000D7
:1069C00000000000000000000000000000000000C7
:1069D00000000000000000000000000000000000B7
:1069E00000000000000000000000000000000000A7
:1069F0000000000000000000000000000000000097
:106A00000000000000000000000000000000000086
:106A10000000000000000000000000000000000076
:106A20000000000000000000000000000000000066
:106A30000000000000000000000000000000000056
:106A40000000000000000000000000000000000046
:106A50000000000000000000000000000000000036
:106A60000000000000000000000000000000000026
:106A70000000000000000000000000000000000016
:106A80000000000000000000000000000000000006
:106A900000000000000000000000000000000000F6
:106AA00000000000000000000000000000000000E6
:106AB00000000000000000000000000000000000D6
:106AC00000000000000000000000000000000000C6
:106AD00000000000000000000000000000000000B6
:106AE00000000000000000000000000000000000A6
:106AF0000000000000000000000000000000000096
:106B00000000000000000000000000000000000085
:106B10000000000000000000000000000000000075
:106B20000000000000000000000000000000000065
:106B30000000000000000000000000000000000055
:106B40000000000000000000000000000000000045
:106B50000000000000000000000000000000000035
:106B60000000000000000000000000000000000025
:106B70000000000000000000000000000000000015
:106B80000000000000000000000000000000000005
:106B900000000000000000000000000000000000F5
:106BA00000000000000000000000000000000000E5
:106BB00000000000000000000000000000000000D5
:106BC00000000000000000000000000000000000C5
:106BD00000000000000000000000000000000000B5
:106BE00000000000000000000000000000000000A5
:106BF0000000000000000000000000000000000095
:106C00000000000000000000000000000000000084
:106C10000000000000000000000000000000000074
:106C20000000000000000000000000000000000064
:106C30000000000000000000000000000000000054
:106C40000000000000000000000000000000000044
:106C50000000000000000000000000000000000034
:106C60000000000000000000000000000000000024
:106C70000000000000000000000000000000000014
:106C80000000000000000000000000000000000004
:106C900000000000000000000000000000000000F4
:106CA00000000000000000000000000000000000E4
:106CB00000000000000000000000000000000000D4
:106CC00000000000000000000000000000000000C4
:106CD00000000000000000000000000000000000B4
:106CE00000000000000000000000000000000000A4
:106CF0000000000000000000000000000000000094
:106D00000000000000000000000000000000000083
:106D10000000000000000000000000000000000073
:106D20000000000000000000000000000000000063
:106D30000000000000000000000000000000000053
:106D40000000000000000000000000000000000043
:106D50000000000000000000000000000000000033
:106D60000000000000000000000000000000000023
:106D70000000000000000000000000000000000013
:106D80000000000000000000000000000000000003
:106D900000000000000000000000000000000000F3
:106DA00000000000000000000000000000000000E3
:106DB00000000000000000000000000000000000D3
:106DC00000000000000000000000000000000000C3
:106DD00000000000000000000000000000000000B3
:106DE00000000000000000000000000000000000A3
:106DF0000000000000000000000000000000000093
:106E00000000000000000000000000000000000082
:106E10000000000000000000000000000000000072
:106E20000000000000000000000000000000000062
:106E30000000000000000000000000000000000052
:106E40000000000000000000000000000000000042
:106E50000000000000000000000000000000000032
:106E60000000000000000000000000000000000022
:106E70000000000000000000000000000000000012
:106E80000000000000000000000000000000000002
:106E900000000000000000000000000000000000F2
:106EA00000000000000000000000000000000000E2
:106EB00000000000000000000000000000000000D2
:106EC00000000000000000000000000000000000C2
:106ED00000000000000000000000000000000000B2
:106EE00000000000000000000000000000000000A2
:106EF0000000000000000000000000000000000092
:106F00000000000000000000000000000000000081
:106F10000000000000000000000000000000000071
:106F20000000000000000000000000000000000061
:106F30000000000000000000000000000000000051
:106F40000000000000000000000000000000000041
:106F50000000000000000000000000000000000031
:106F60000000000000000000000000000000000021
:106F70000000000000000000000000000000000011
:106F80000000000000000000000000000000000001
:106F900000000000000000000000000000000000F1
:106FA00000000000000000000000000000000000E1
:106FB00000000000000000000000000000000000D1
:106FC00000000000000000000000000000000000C1
:106FD00000000000000000000000000000000000B1
:106FE00000000000000000000000000000000000A1
:106FF0000000000000000000000000000000000091
:107000000000000000000000000000000000000080
:107010000000000000000000000000000000000070
:107020000000000000000000000000000000000060
:107030000000000000000000000000000000000050
:107040000000000000000000000000000000000040
:107050000000000000000000000000000000000030
:107060000000000000000000000000000000000020
:107070000000000000000000000000000000000010
:107080000000000000000000000000000000000000
:1070900000000000000000000000000000000000F0
:1070A00000000000000000000000000000000000E0
:1070B00000000000000000000000000000000000D0
:1070C00000000000000000000000000000000000C0
:1070D00000000000000000000000000000000000B0
:1070E00000000000000000000000000000000000A0
:1070F0000000000000000000000000000000000090
:10710000000000000000000000000000000000007F
:10711000000000000000000000000000000000006F
:10712000000000000000000000000000000000005F
:10713000000000000000000000000000000000004F
:10714000000000000000000000000000000000003F
:10715000000000000000000000000000000000002F
:10716000000000000000000000000000000000001F
:10717000000000000000000000000000000000000F
:1071800000000000000000000000000000000000FF
:1071900000000000000000000000000000000000EF
:1071A00000000000000000000000000000000000DF
:1071B00000000000000000000000000000000000CF
:1071C00000000000000000000000000000000000BF
:1071D00000000000000000000000000000000000AF
:1071E000000000000000000000000000000000009F
:1071F000000000000000000000000000000000008F
:10720000000000000000000000000000000000007E
:10721000000000000000000000000000000000006E
:10722000000000000000000000000000000000005E
:10723000000000000000000000000000000000004E
:10724000000000000000000000000000000000003E
:10725000000000000000000000000000000000002E
:10726000000000000000000000000000000000001E
:10727000000000000000000000000000000000000E
:1072800000000000000000000000000000000000FE
:1072900000000000000000000000000000000000EE
:1072A00000000000000000000000000000000000DE
:1072B00000000000000000000000000000000000CE
:1072C00000000000000000000000000000000000BE
:1072D00000000000000000000000000000000000AE
:1072E000000000000000000000000000000000009E
:1072F000000000000000000000000000000000008E
:10730000000000000000000000000000000000007D
:10731000000000000000000000000000000000006D
:10732000000000000000000000000000000000005D
:10733000000000000000000000000000000000004D
:10734000000000000000000000000000000000003D
:10735000000000000000000000000000000000002D
:10736000000000000000000000000000000000001D
:10737000000000000000000000000000000000000D
:1073800000000000000000000000000000000000FD
:1073900000000000000000000000000000000000ED
:1073A00000000000000000000000000000000000DD
:1073B00000000000000000000000000000000000CD
:1073C00000000000000000000000000000000000BD
:1073D00000000000000000000000000000000000AD
:1073E000000000000000000000000000000000009D
:1073F000000000000000000000000000000000008D
:10740000000000000000000000000000000000007C
:10741000000000000000000000000000000000006C
:10742000000000000000000000000000000000005C
:10743000000000000000000000000000000000004C
:10744000000000000000000000000000000000003C
:10745000000000000000000000000000000000002C
:10746000000000000000000000000000000000001C
:10747000000000000000000000000000000000000C
:1074800000000000000000000000000000000000FC
:1074900000000000000000000000000000000000EC
:1074A00000000000000000000000000000000000DC
:1074B00000000000000000000000000000000000CC
:1074C00000000000000000000000000000000000BC
:1074D00000000000000000000000000000000000AC
:1074E000000000000000000000000000000000009C
:1074F000000000000000000000000000000000008C
:10750000000000000000000000000000000000007B
:10751000000000000000000000000000000000006B
:10752000000000000000000000000000000000005B
:10753000000000000000000000000000000000004B
:10754000000000000000000000000000000000003B
:10755000000000000000000000000000000000002B
:10756000000000000000000000000000000000001B
:10757000000000000000000000000000000000000B
:1075800000000000000000000000000000000000FB
:1075900000000000000000000000000000000000EB
:1075A00000000000000000000000000000000000DB
:1075B00000000000000000000000000000000000CB
:1075C00000000000000000000000000000000000BB
:1075D00000000000000000000000000000000000AB
:1075E000000000000000000000000000000000009B
:1075F000000000000000000000000000000000008B
:10760000000000000000000000000000000000007A
:10761000000000000000000000000000000000006A
:10762000000000000000000000000000000000005A
:10763000000000000000000000000000000000004A
:10764000000000000000000000000000000000003A
:10765000000000000000000000000000000000002A
:10766000000000000000000000000000000000001A
:10767000000000000000000000000000000000000A
:1076800000000000000000000000000000000000FA
:1076900000000000000000000000000000000000EA
:1076A00000000000000000000000000000000000DA
:1076B00000000000000000000000000000000000CA
:1076C00000000000000000000000000000000000BA
:1076D00000000000000000000000000000000000AA
:1076E000000000000000000000000000000000009A
:1076F000000000000000000000000000000000008A
:107700000000000000000000000000000000000079
:107710000000000000000000000000000000000069
:107720000000000000000000000000000000000059
:107730000000000000000000000000000000000049
:107740000000000000000000000000000000000039
:107750000000000000000000000000000000000029
:107760000000000000000000000000000000000019
:107770000000000000000000000000000000000009
:1077800000000000000000000000000000000000F9
:1077900000000000000000000000000000000000E9
:1077A00000000000000000000000000000000000D9
:1077B00000000000000000000000000000000000C9
:1077C00000000000000000000000000000000000B9
:1077D00000000000000000000000000000000000A9
:1077E0000000000000000000000000000000000099
:1077F0000000000000000000000000000000000089
:107800000000000000000000000000000000000078
:107810000000000000000000000000000000000068
:107820000000000000000000000000000000000058
:107830000000000000000000000000000000000048
:107840000000000000000000000000000000000038
:107850000000000000000000000000000000000028
:107860000000000000000000000000000000000018
:107870000000000000000000000000000000000008
:1078800000000000000000000000000000000000F8
:1078900000000000000000000000000000000000E8
:1078A00000000000000000000000000000000000D8
:1078B00000000000000000000000000000000000C8
:1078C00000000000000000000000000000000000B8
:1078D00000000000000000000000000000000000A8
:1078E0000000000000000000000000000000000098
:1078F0000000000000000000000000000000000088
:107900000000000000000000000000000000000077
:107910000000000000000000000000000000000067
:107920000000000000000000000000000000000057
:107930000000000000000000000000000000000047
:107940000000000000000000000000000000000037
:107950000000000000000000000000000000000027
:107960000000000000000000000000000000000017
:107970000000000000000000000000000000000007
:1079800000000000000000000000000000000000F7
:1079900000000000000000000000000000000000E7
:1079A00000000000000000000000000000000000D7
:1079B00000000000000000000000000000000000C7
:1079C00000000000000000000000000000000000B7
:1079D00000000000000000000000000000000000A7
:1079E0000000000000000000000000000000000097
:1079F0000000000000000000000000000000000087
:107A00000000000000000000000000000000000076
:107A10000000000000000000000000000000000066
:107A20000000000000000000000000000000000056
:107A30000000000000000000000000000000000046
:107A40000000000000000000000000000000000036
:107A50000000000000000000000000000000000026
:107A60000000000000000000000000000000000016
:107A70000000000000000000000000000000000006
:107A800000000000000000000000000000000000F6
:107A900000000000000000000000000000000000E6
:107AA00000000000000000000000000000000000D6
:107AB00000000000000000000000000000000000C6
:107AC00000000000000000000000000000000000B6
:107AD00000000000000000000000000000000000A6
:107AE0000000000000000000000000000000000096
:107AF0000000000000000000000000000000000086
:107B00000000000000000000000000000000000075
:107B10000000000000000000000000000000000065
:107B20000000000000000000000000000000000055
:107B30000000000000000000000000000000000045
:107B40000000000000000000000000000000000035
:107B50000000000000000000000000000000000025
:107B60000000000000000000000000000000000015
:107B70000000000000000000000000000000000005
:107B800000000000000000000000000000000000F5
:107B900000000000000000000000000000000000E5
:107BA00000000000000000000000000000000000D5
:107BB00000000000000000000000000000000000C5
:107BC00000000000000000000000000000000000B5
:107BD00000000000000000000000000000000000A5
:107BE0000000000000000000000000000000000095
:107BF0000000000000000000000000000000000085
:107C00000000000000000000000000000000000074
:107C10000000000000000000000000000000000064
:107C20000000000000000000000000000000000054
:107C30000000000000000000000000000000000044
:107C40000000000000000000000000000000000034
:107C50000000000000000000000000000000000024
:107C60000000000000000000000000000000000014
:107C70000000000000000000000000000000000004
:107C800000000000000000000000000000000000F4
:107C900000000000000000000000000000000000E4
:107CA00000000000000000000000000000000000D4
:107CB00000000000000000000000000000000000C4
:107CC00000000000000000000000000000000000B4
:107CD00000000000000000000000000000000000A4
:107CE0000000000000000000000000000000000094
:107CF0000000000000000000000000000000000084
:107D00000000000000000000000000000000000073
:107D10000000000000000000000000000000000063
:107D20000000000000000000000000000000000053
:107D30000000000000000000000000000000000043
:107D40000000000000000000000000000000000033
:107D50000000000000000000000000000000000023
:107D60000000000000000000000000000000000013
:107D70000000000000000000000000000000000003
:107D800000000000000000000000000000000000F3
:107D900000000000000000000000000000000000E3
:107DA00000000000000000000000000000000000D3
:107DB00000000000000000000000000000000000C3
:107DC00000000000000000000000000000000000B3
:107DD00000000000000000000000000000000000A3
:107DE0000000000000000000000000000000000093
:107DF0000000000000000000000000000000000083
:107E00000000000000000000000000000000000072
:107E10000000000000000000000000000000000062
:107E20000000000000000000000000000000000052
:107E30000000000000000000000000000000000042
:107E40000000000000000000000000000000000032
:107E50000000000000000000000000000000000022
:107E60000000000000000000000000000000000012
:107E70000000000000000000000000000000000002
:107E800000000000000000000000000000000000F2
:107E900000000000000000000000000000000000E2
:107EA00000000000000000000000000000000000D2
:107EB00000000000000000000000000000000000C2
:107EC00000000000000000000000000000000000B2
:107ED00000000000000000000000000000000000A2
:107EE0000000000000000000000000000000000092
:107EF0000000000000000000000000000000000082
:107F00000000000000000000000000000000000071
:107F10000000000000000000000000000000000061
:107F20000000000000000000000000000000000051
:107F30000000000000000000000000000000000041
:107F40000000000000000000000000000000000031
:107F50000000000000000000000000000000000021
:107F60000000000000000000000000000000000011
:107F70000000000000000000000000000000000001
:107F800000000000000000000000000000000000F1
:107F900000000000000000000000000000000000E1
:107FA00000000000000000000000000000000000D1
:107FB00000000000000000000000000000000000C1
:107FC00000000000000000000000000000000000B1
:107FD00000000000000000000000000000000000A1
:107FE0000000000000000000000000000000000091
:107FF0000000000000000000000000000000000081
:108000000000000000000000000000000000000070
:108010000000000000000000000000000000000060
:108020000000000000000000000000000000000050
:108030000000000000000000000000000000000040
:108040000000000000000000000000000000000030
:108050000000000000000000000000000000000020
:108060000000000000000000000000000000000010
:108070000000000000000000000000000000000000
:1080800000000000000000000000000000000000F0
:1080900000000000000000000000000000000000E0
:1080A00000000000000000000000000000000000D0
:1080B00000000000000000000000000000000000C0
:1080C00000000000000000000000000000000000B0
:1080D00000000000000000000000000000000000A0
:1080E0000000000000000000000000000000000090
:1080F0000000000000000000000000000000000080
:10810000000000000000000000000000000000006F
:10811000000000000000000000000000000000005F
:10812000000000000000000000000000000000004F
:10813000000000000000000000000000000000003F
:10814000000000000000000000000000000000002F
:10815000000000000000000000000000000000001F
:10816000000000000000000000000000000000000F
:1081700000000000000000000000000000000000FF
:1081800000000000000000000000000000000000EF
:1081900000000000000000000000000000000000DF
:1081A00000000000000000000000000000000000CF
:1081B00000000000000000000000000000000000BF
:1081C00000000000000000000000000000000000AF
:1081D000000000000000000000000000000000009F
:1081E000000000000000000000000000000000008F
:1081F000000000000000000000000000000000007F
:10820000000000000000000000000000000000006E
:10821000000000000000000000000000000000005E
:10822000000000000000000000000000000000004E
:10823000000000000000000000000000000000003E
:10824000000000000000000000000000000000002E
:10825000000000000000000000000000000000001E
:10826000000000000000000000000000000000000E
:1082700000000000000000000000000000000000FE
:1082800000000000000000000000000000000000EE
:1082900000000000000000000000000000000000DE
:1082A00000000000000000000000000000000000CE
:1082B00000000000000000000000000000000000BE
:1082C00000000000000000000000000000000000AE
:1082D000000000000000000000000000000000009E
:1082E000000000000000000000000000000000008E
:1082F000000000000000000000000000000000007E
:10830000000000000000000000000000000000006D
:10831000000000000000000000000000000000005D
:10832000000000000000000000000000000000004D
:10833000000000000000000000000000000000003D
:10834000000000000000000000000000000000002D
:10835000000000000000000000000000000000001D
:10836000000000000000000000000000000000000D
:1083700000000000000000000000000000000000FD
:1083800000000000000000000000000000000000ED
:1083900000000000000000000000000000000000DD
:1083A00000000000000000000000000000000000CD
:1083B00000000000000000000000000000000000BD
:1083C00000000000000000000000000000000000AD
:1083D000000000000000000000000000000000009D
:1083E000000000000000000000000000000000008D
:1083F000000000000000000000000000000000007D
:10840000000000000000000000000000000000006C
:10841000000000000000000000000000000000005C
:10842000000000000000000000000000000000004C
:10843000000000000000000000000000000000003C
:10844000000000000000000000000000000000002C
:10845000000000000000000000000000000000001C
:10846000000000000000000000000000000000000C
:1084700000000000000000000000000000000000FC
:1084800000000000000000000000000000000000EC
:1084900000000000000000000000000000000000DC
:1084A00000000000000000000000000000000000CC
:1084B00000000000000000000000000000000000BC
:1084C00000000000000000000000000000000000AC
:1084D000000000000000000000000000000000009C
:1084E000000000000000000000000000000000008C
:1084F000000000000000000000000000000000007C
:10850000000000000000000000000000000000006B
:10851000000000000000000000000000000000005B
:10852000000000000000000000000000000000004B
:10853000000000000000000000000000000000003B
:10854000000000000000000000000000000000002B
:10855000000000000000000000000000000000001B
:10856000000000000000000000000000000000000B
:1085700000000000000000000000000000000000FB
:1085800000000000000000000000000000000000EB
:1085900000000000000000000000000000000000DB
:1085A00000000000000000000000000000000000CB
:1085B00000000000000000000000000000000000BB
:1085C00000000000000000000000000000000000AB
:1085D000000000000000000000000000000000009B
:1085E000000000000000000000000000000000008B
:1085F000000000000000000000000000000000007B
:10860000000000000000000000000000000000006A
:10861000000000000000000000000000000000005A
:10862000000000000000000000000000000000004A
:10863000000000000000000000000000000000003A
:10864000000000000000000000000000000000002A
:10865000000000000000000000000000000000001A
:10866000000000000000000000000000000000000A
:1086700000000000000000000000000000000000FA
:1086800000000000000000000000000000000000EA
:1086900000000000000000000000000000000000DA
:1086A00000000000000000000000000000000000CA
:1086B00000000000000000000000000000000000BA
:1086C00000000000000000000000000000000000AA
:1086D000000000000000000000000000000000009A
:1086E000000000000000000000000000000000008A
:1086F000000000000000000000000000000000007A
:108700000000000000000000000000000000000069
:108710000000000000000000000000000000000059
:108720000000000000000000000000000000000049
:108730000000000000000000000000000000000039
:108740000000000000000000000000000000000029
:108750000000000000000000000000000000000019
:108760000000000000000000000000000000000009
:1087700000000000000000000000000000000000F9
:1087800000000000000000000000000000000000E9
:1087900000000000000000000000000000000000D9
:1087A00000000000000000000000000000000000C9
:1087B00000000000000000000000000000000000B9
:1087C00000000000000000000000000000000000A9
:1087D0000000000000000000000000000000000099
:1087E0000000000000000000000000000000000089
:1087F0000000000000000000000000000000000079
:108800000000000000000000000000000000000068
:108810000000000000000000000000000000000058
:108820000000000000000000000000000000000048
:108830000000000000000000000000000000000038
:108840000000000000000000000000000000000028
:108850000000000000000000000000000000000018
:108860000000000000000000000000000000000008
:1088700000000000000000000000000000000000F8
:1088800000000000000000000000000000000000E8
:1088900000000000000000000000000000000000D8
:1088A00000000000000000000000000000000000C8
:1088B00000000000000000000000000000000000B8
:1088C00000000000000000000000000000000000A8
:1088D0000000000000000000000000000000000098
:1088E0000000000000000000000000000000000088
:1088F0000000000000000000000000000000000078
:108900000000000000000000000000000000000067
:108910000000000000000000000000000000000057
:108920000000000000000000000000000000000047
:108930000000000000000000000000000000000037
:108940000000000000000000000000000000000027
:108950000000000000000000000000000000000017
:108960000000000000000000000000000000000007
:1089700000000000000000000000000000000000F7
:1089800000000000000000000000000000000000E7
:1089900000000000000000000000000000000000D7
:1089A00000000000000000000000000000000000C7
:1089B00000000000000000000000000000000000B7
:1089C00000000000000000000000000000000000A7
:1089D0000000000000000000000000000000000097
:1089E0000000000000000000000000000000000087
:1089F0000000000000000000000000000000000077
:108A00000000000000000000000000000000000066
:108A10000000000000000000000000000000000056
:108A20000000000000000000000000000000000046
:108A30000000000000000000000000000000000036
:108A40000000000000000000000000000000000026
:108A50000000000000000000000000000000000016
:108A60000000000000000000000000000000000006
:108A700000000000000000000000000000000000F6
:108A800000000000000000000000000000000000E6
:108A900000000000000000000000000000000000D6
:108AA00000000000000000000000000000000000C6
:108AB00000000000000000000000000000000000B6
:108AC00000000000000000000000000000000000A6
:108AD0000000000000000000000000000000000096
:108AE0000000000000000000000000000000000086
:108AF0000000000000000000000000000000000076
:108B00000000000000000000000000000000000065
:108B10000000000000000000000000000000000055
:108B20000000000000000000000000000000000045
:108B30000000000000000000000000000000000035
:108B40000000000000000000000000000000000025
:108B50000000000000000000000000000000000015
:108B60000000000000000000000000000000000005
:108B700000000000000000000000000000000000F5
:108B800000000000000000000000000000000000E5
:108B900000000000000000000000000000000000D5
:108BA00000000000000000000000000000000000C5
:108BB00000000000000000000000000000000000B5
:108BC00000000000000000000000000000000000A5
:108BD0000000000000000000000000000000000095
:108BE0000000000000000000000000000000000085
:108BF0000000000000000000000000000000000075
:108C00000000000000000000000000000000000064
:108C10000000000000000000000000000000000054
:108C20000000000000000000000000000000000044
:108C30000000000000000000000000000000000034
:108C40000000000000000000000000000000000024
:108C50000000000000000000000000000000000014
:108C60000000000000000000000000000000000004
:108C700000000000000000000000000000000000F4
:108C800000000000000000000000000000000000E4
:108C900000000000000000000000000000000000D4
:108CA00000000000000000000000000000000000C4
:108CB00000000000000000000000000000000000B4
:108CC00000000000000000000000000000000000A4
:108CD0000000000000000000000000000000000094
:108CE0000000000000000000000000000000000084
:108CF0000000000000000000000000000000000074
:108D00000000000000000000000000000000000063
:108D10000000000000000000000000000000000053
:108D20000000000000000000000000000000000043
:108D30000000000000000000000000000000000033
:108D40000000000000000000000000000000000023
:108D50000000000000000000000000000000000013
:108D60000000000000000000000000000000000003
:108D700000000000000000000000000000000000F3
:108D800000000000000000000000000000000000E3
:108D900000000000000000000000000000000000D3
:108DA00000000000000000000000000000000000C3
:108DB00000000000000000000000000000000000B3
:108DC00000000000000000000000000000000000A3
:108DD0000000000000000000000000000000000093
:108DE0000000000000000000000000000000000083
:108DF0000000000000000000000000000000000073
:108E00000000000000000000000000000000000062
:108E10000000000000000000000000000000000052
:108E20000000000000000000000000000000000042
:108E30000000000000000000000000000000000032
:108E40000000000000000000000000000000000022
:108E50000000000000000000000000000000000012
:108E60000000000000000000000000000000000002
:108E700000000000000000000000000000000000F2
:108E800000000000000000000000000000000000E2
:108E900000000000000000000000000000000000D2
:108EA00000000000000000000000000000000000C2
:108EB00000000000000000000000000000000000B2
:108EC00000000000000000000000000000000000A2
:108ED0000000000000000000000000000000000092
:108EE0000000000000000000000000000000000082
:108EF0000000000000000000000000000000000072
:108F00000000000000000000000000000000000061
:108F10000000000000000000000000000000000051
:108F20000000000000000000000000000000000041
:108F30000000000000000000000000000000000031
:108F40000000000000000000000000000000000021
:108F50000000000000000000000000000000000011
:108F60000000000000000000000000000000000001
:108F700000000000000000000000000000000000F1
:108F800000000000000000000000000000000000E1
:108F900000000000000000000000000000000000D1
:108FA00000000000000000000000000000000000C1
:108FB00000000000000000000000000000000000B1
:108FC00000000000000000000000000000000000A1
:108FD0000000000000000000000000000000000091
:108FE0000000000000000000000000000000000081
:108FF0000000000000000000000000000000000071
:109000000000000000000000000000000000000060
:109010000000000000000000000000000000000050
:109020000000000000000000000000000000000040
:109030000000000000000000000000000000000030
:109040000000000000000000000000000000000020
:109050000000000000000000000000000000000010
:109060000000000000000000000000000000000000
:1090700000000000000000000000000000000000F0
:1090800000000000000000000000000000000000E0
:1090900000000000000000000000000000000000D0
:1090A00000000000000000000000000000000000C0
:1090B00000000000000000000000000000000000B0
:1090C00000000000000000000000000000000000A0
:1090D0000000000000000000000000000000000090
:1090E0000000000000000000000000000000000080
:1090F0000000000000000000000000000000000070
:10910000000000000000000000000000000000005F
:10911000000000000000000000000000000000004F
:10912000000000000000000000000000000000003F
:10913000000000000000000000000000000000002F
:10914000000000000000000000000000000000001F
:10915000000000000000000000000000000000000F
:1091600000000000000000000000000000000000FF
:1091700000000000000000000000000000000000EF
:1091800000000000000000000000000000000000DF
:1091900000000000000000000000000000000000CF
:1091A00000000000000000000000000000000000BF
:1091B00000000000000000000000000000000000AF
:1091C000000000000000000000000000000000009F
:1091D000000000000000000000000000000000008F
:1091E000000000000000000000000000000000007F
:1091F000000000000000000000000000000000006F
:10920000000000000000000000000000000000005E
:10921000000000000000000000000000000000004E
:10922000000000000000000000000000000000003E
:10923000000000000000000000000000000000002E
:10924000000000000000000000000000000000001E
:10925000000000000000000000000000000000000E
:1092600000000000000000000000000000000000FE
:1092700000000000000000000000000000000000EE
:1092800000000000000000000000000000000000DE
:1092900000000000000000000000000000000000CE
:1092A00000000000000000000000000000000000BE
:1092B00000000000000000000000000000000000AE
:1092C000000000000000000000000000000000009E
:1092D000000000000000000000000000000000008E
:1092E000000000000000000000000000000000007E
:1092F000000000000000000000000000000000006E
:10930000000000000000000000000000000000005D
:10931000000000000000000000000000000000004D
:10932000000000000000000000000000000000003D
:10933000000000000000000000000000000000002D
:10934000000000000000000000000000000000001D
:10935000000000000000000000000000000000000D
:1093600000000000000000000000000000000000FD
:1093700000000000000000000000000000000000ED
:1093800000000000000000000000000000000000DD
:1093900000000000000000000000000000000000CD
:1093A00000000000000000000000000000000000BD
:1093B00000000000000000000000000000000000AD
:1093C000000000000000000000000000000000009D
:1093D000000000000000000000000000000000008D
:1093E000000000000000000000000000000000007D
:1093F000000000000000000000000000000000006D
:10940000000000000000000000000000000000005C
:10941000000000000000000000000000000000004C
:10942000000000000000000000000000000000003C
:10943000000000000000000000000000000000002C
:10944000000000000000000000000000000000001C
:10945000000000000000000000000000000000000C
:1094600000000000000000000000000000000000FC
:1094700000000000000000000000000000000000EC
:1094800000000000000000000000000000000000DC
:1094900000000000000000000000000000000000CC
:1094A00000000000000000000000000000000000BC
:1094B00000000000000000000000000000000000AC
:1094C000000000000000000000000000000000009C
:1094D000000000000000000000000000000000008C
:1094E000000000000000000000000000000000007C
:1094F000000000000000000000000000000000006C
:10950000000000000000000000000000000000005B
:10951000000000000000000000000000000000004B
:10952000000000000000000000000000000000003B
:10953000000000000000000000000000000000002B
:10954000000000000000000000000000000000001B
:10955000000000000000000000000000000000000B
:1095600000000000000000000000000000000000FB
:1095700000000000000000000000000000000000EB
:1095800000000000000000000000000000000000DB
:1095900000000000000000000000000000000000CB
:1095A00000000000000000000000000000000000BB
:1095B00000000000000000000000000000000000AB
:1095C000000000000000000000000000000000009B
:1095D000000000000000000000000000000000008B
:1095E000000000000000000000000000000000007B
:1095F000000000000000000000000000000000006B
:10960000000000000000000000000000000000005A
:10961000000000000000000000000000000000004A
:10962000000000000000000000000000000000003A
:10963000000000000000000000000000000000002A
:10964000000000000000000000000000000000001A
:10965000000000000000000000000000000000000A
:1096600000000000000000000000000000000000FA
:1096700000000000000000000000000000000000EA
:1096800000000000000000000000000000000000DA
:1096900000000000000000000000000000000000CA
:1096A00000000000000000000000000000000000BA
:1096B00000000000000000000000000000000000AA
:1096C000000000000000000000000000000000009A
:1096D000000000000000000000000000000000008A
:1096E000000000000000000000000000000000007A
:1096F000000000000000000000000000000000006A
:109700000000000000000000000000000000000059
:109710000000000000000000000000000000000049
:109720000000000000000000000000000000000039
:109730000000000000000000000000000000000029
:109740000000000000000000000000000000000019
:109750000000000000000000000000000000000009
:1097600000000000000000000000000000000000F9
:1097700000000000000000000000000000000000E9
:1097800000000000000000000000000000000000D9
:1097900000000000000000000000000000000000C9
:1097A00000000000000000000000000000000000B9
:1097B00000000000000000000000000000000000A9
:1097C0000000000000000000000000000000000099
:1097D0000000000000000000000000000000000089
:1097E0000000000000000000000000000000000079
:1097F0000000000000000000000000000000000069
:109800000000000000000000000000000000000058
:109810000000000000000000000000000000000048
:109820000000000000000000000000000000000038
:109830000000000000000000000000000000000028
:109840000000000000000000000000000000000018
:109850000000000000000000000000000000000008
:1098600000000000000000000000000000000000F8
:1098700000000000000000000000000000000000E8
:1098800000000000000000000000000000000000D8
:1098900000000000000000000000000000000000C8
:1098A00000000000000000000000000000000000B8
:1098B00000000000000000000000000000000000A8
:1098C0000000000000000000000000000000000098
:1098D0000000000000000000000000000000000088
:1098E0000000000000000000000000000000000078
:1098F0000000000000000000000000000000000068
:109900000000000000000000000000000000000057
:109910000000000000000000000000000000000047
:109920000000000000000000000000000000000037
:109930000000000000000000000000000000000027
:109940000000000000000000000000000000000017
:109950000000000000000000000000000000000007
:1099600000000000000000000000000000000000F7
:1099700000000000000000000000000000000000E7
:1099800000000000000000000000000000000000D7
:1099900000000000000000000000000000000000C7
:1099A00000000000000000000000000000000000B7
:1099B00000000000000000000000000000000000A7
:1099C0000000000000000000000000000000000097
:1099D0000000000000000000000000000000000087
:1099E0000000000000000000000000000000000077
:1099F0000000000000000000000000000000000067
:109A00000000000000000000000000000000000056
:109A10000000000000000000000000000000000046
:109A20000000000000000000000000000000000036
:109A30000000000000000000000000000000000026
:109A40000000000000000000000000000000000016
:109A50000000000000000000000000000000000006
:109A600000000000000000000000000000000000F6
:109A700000000000000000000000000000000000E6
:109A800000000000000000000000000000000000D6
:109A900000000000000000000000000000000000C6
:109AA00000000000000000000000000000000000B6
:109AB00000000000000000000000000000000000A6
:109AC0000000000000000000000000000000000096
:109AD0000000000000000000000000000000000086
:109AE0000000000000000000000000000000000076
:109AF0000000000000000000000000000000000066
:109B00000000000000000000000000000000000055
:109B10000000000000000000000000000000000045
:109B20000000000000000000000000000000000035
:109B30000000000000000000000000000000000025
:109B40000000000000000000000000000000000015
:109B50000000000000000000000000000000000005
:109B600000000000000000000000000000000000F5
:109B700000000000000000000000000000000000E5
:109B800000000000000000000000000000000000D5
:109B900000000000000000000000000000000000C5
:109BA00000000000000000000000000000000000B5
:109BB00000000000000000000000000000000000A5
:109BC0000000000000000000000000000000000095
:109BD0000000000000000000000000000000000085
:109BE0000000000000000000000000000000000075
:109BF0000000000000000000000000000000000065
:109C00000000000000000000000000000000000054
:109C10000000000000000000000000000000000044
:109C20000000000000000000000000000000000034
:109C30000000000000000000000000000000000024
:109C40000000000000000000000000000000000014
:109C50000000000000000000000000000000000004
:109C600000000000000000000000000000000000F4
:109C700000000000000000000000000000000000E4
:109C800000000000000000000000000000000000D4
:109C900000000000000000000000000000000000C4
:109CA00000000000000000000000000000000000B4
:109CB00000000000000000000000000000000000A4
:109CC0000000000000000000000000000000000094
:109CD0000000000000000000000000000000000084
:109CE0000000000000000000000000000000000074
:109CF0000000000000000000000000000000000064
:109D00000000000000000000000000000000000053
:109D10000000000000000000000000000000000043
:109D20000000000000000000000000000000000033
:109D30000000000000000000000000000000000023
:109D40000000000000000000000000000000000013
:109D50000000000000000000000000000000000003
:109D600000000000000000000000000000000000F3
:109D700000000000000000000000000000000000E3
:109D800000000000000000000000000000000000D3
:109D900000000000000000000000000000000000C3
:109DA00000000000000000000000000000000000B3
:109DB00000000000000000000000000000000000A3
:109DC0000000000000000000000000000000000093
:109DD0000000000000000000000000000000000083
:109DE0000000000000000000000000000000000073
:109DF0000000000000000000000000000000000063
:109E00000000000000000000000000000000000052
:109E10000000000000000000000000000000000042
:109E20000000000000000000000000000000000032
:109E30000000000000000000000000000000000022
:109E40000000000000000000000000000000000012
:109E50000000000000000000000000000000000002
:109E600000000000000000000000000000000000F2
:109E700000000000000000000000000000000000E2
:109E800000000000000000000000000000000000D2
:109E900000000000000000000000000000000000C2
:109EA00000000000000000000000000000000000B2
:109EB00000000000000000000000000000000000A2
:109EC0000000000000000000000000000000000092
:109ED0000000000000000000000000000000000082
:109EE0000000000000000000000000000000000072
:109EF0000000000000000000000000000000000062
:109F00000000000000000000000000000000000051
:109F10000000000000000000000000000000000041
:109F20000000000000000000000000000000000031
:109F30000000000000000000000000000000000021
:109F40000000000000000000000000000000000011
:109F50000000000000000000000000000000000001
:109F600000000000000000000000000000000000F1
:109F700000000000000000000000000000000000E1
:109F800000000000000000000000000000000000D1
:109F900000000000000000000000000000000000C1
:109FA00000000000000000000000000000000000B1
:109FB00000000000000000000000000000000000A1
:109FC0000000000000000000000000000000000091
:109FD0000000000000000000000000000000000081
:109FE0000000000000000000000000000000000071
:109FF0000000000000000000000000000000000061
:10A000000000000000000000000000000000000050
:10A010000000000000000000000000000000000040
:10A020000000000000000000000000000000000030
:10A030000000000000000000000000000000000020
:10A040000000000000000000000000000000000010
:10A050000000000000000000000000000000000000
:10A0600000000000000000000000000000000000F0
:10A0700000000000000000000000000000000000E0
:10A0800000000000000000000000000000000000D0
:10A0900000000000000000000000000000000000C0
:10A0A00000000000000000000000000000000000B0
:10A0B00000000000000000000000000000000000A0
:10A0C0000000000000000000000000000000000090
:10A0D0000000000000000000000000000000000080
:10A0E0000000000000000000000000000000000070
:10A0F0000000000000000000000000000000000060
:10A10000000000000000000000000000000000004F
:10A11000000000000000000000000000000000003F
:10A12000000000000000000000000000000000002F
:10A13000000000000000000000000000000000001F
:10A14000000000000000000000000000000000000F
:10A1500000000000000000000000000000000000FF
:10A1600000000000000000000000000000000000EF
:10A1700000000000000000000000000000000000DF
:10A1800000000000000000000000000000000000CF
:10A1900000000000000000000000000000000000BF
:10A1A00000000000000000000000000000000000AF
:10A1B000000000000000000000000000000000009F
:10A1C000000000000000000000000000000000008F
:10A1D000000000000000000000000000000000007F
:10A1E000000000000000000000000000000000006F
:10A1F000000000000000000000000000000000005F
:10A20000000000000000000000000000000000004E
:10A21000000000000000000000000000000000003E
:10A22000000000000000000000000000000000002E
:10A23000000000000000000000000000000000001E
:10A24000000000000000000000000000000000000E
:10A2500000000000000000000000000000000000FE
:10A2600000000000000000000000000000000000EE
:10A2700000000000000000000000000000000000DE
:10A2800000000000000000000000000000000000CE
:10A2900000000000000000000000000000000000BE
:10A2A00000000000000000000000000000000000AE
:10A2B000000000000000000000000000000000009E
:10A2C000000000000000000000000000000000008E
:10A2D000000000000000000000000000000000007E
:10A2E000000000000000000000000000000000006E
:10A2F000000000000000000000000000000000005E
:10A30000000000000000000000000000000000004D
:10A31000000000000000000000000000000000003D
:10A32000000000000000000000000000000000002D
:10A33000000000000000000000000000000000001D
:10A34000000000000000000000000000000000000D
:10A3500000000000000000000000000000000000FD
:10A3600000000000000000000000000000000000ED
:10A3700000000000000000000000000000000000DD
:10A3800000000000000000000000000000000000CD
:10A3900000000000000000000000000000000000BD
:10A3A00000000000000000000000000000000000AD
:10A3B000000000000000000000000000000000009D
:10A3C000000000000000000000000000000000008D
:10A3D000000000000000000000000000000000007D
:10A3E000000000000000000000000000000000006D
:10A3F000000000000000000000000000000000005D
:10A40000000000000000000000000000000000004C
:10A41000000000000000000000000000000000003C
:10A42000000000000000000000000000000000002C
:10A43000000000000000000000000000000000001C
:10A44000000000000000000000000000000000000C
:10A4500000000000000000000000000000000000FC
:10A4600000000000000000000000000000000000EC
:10A4700000000000000000000000000000000000DC
:10A4800000000000000000000000000000000000CC
:10A4900000000000000000000000000000000000BC
:10A4A00000000000000000000000000000000000AC
:10A4B000000000000000000000000000000000009C
:10A4C000000000000000000000000000000000008C
:10A4D000000000000000000000000000000000007C
:10A4E000000000000000000000000000000000006C
:10A4F000000000000000000000000000000000005C
:10A50000000000000000000000000000000000004B
:10A51000000000000000000000000000000000003B
:10A52000000000000000000000000000000000002B
:10A53000000000000000000000000000000000001B
:10A54000000000000000000000000000000000000B
:10A5500000000000000000000000000000000000FB
:10A5600000000000000000000000000000000000EB
:10A5700000000000000000000000000000000000DB
:10A5800000000000000000000000000000000000CB
:10A5900000000000000000000000000000000000BB
:10A5A00000000000000000000000000000000000AB
:10A5B000000000000000000000000000000000009B
:10A5C000000000000000000000000000000000008B
:10A5D000000000000000000000000000000000007B
:10A5E000000000000000000000000000000000006B
:10A5F000000000000000000000000000000000005B
:10A60000000000000000000000000000000000004A
:10A61000000000000000000000000000000000003A
:10A62000000000000000000000000000000000002A
:10A63000000000000000000000000000000000001A
:10A64000000000000000000000000000000000000A
:10A6500000000000000000000000000000000000FA
:10A6600000000000000000000000000000000000EA
:10A6700000000000000000000000000000000000DA
:10A6800000000000000000000000000000000000CA
:10A6900000000000000000000000000000000000BA
:10A6A00000000000000000000000000000000000AA
:10A6B000000000000000000000000000000000009A
:10A6C000000000000000000000000000000000008A
:10A6D000000000000000000000000000000000007A
:10A6E000000000000000000000000000000000006A
:10A6F000000000000000000000000000000000005A
:10A700000000000000000000000000000000000049
:10A710000000000000000000000000000000000039
:10A720000000000000000000000000000000000029
:10A730000000000000000000000000000000000019
:10A740000000000000000000000000000000000009
:10A7500000000000000000000000000000000000F9
:10A7600000000000000000000000000000000000E9
:10A7700000000000000000000000000000000000D9
:10A7800000000000000000000000000000000000C9
:10A7900000000000000000000000000000000000B9
:10A7A00000000000000000000000000000000000A9
:10A7B0000000000000000000000000000000000099
:10A7C0000000000000000000000000000000000089
:10A7D000CFF20200000000000001000000000000B5
:10A7E0000000000000000000000000000000000069
:10A7F000C069000000000000C7F202000000000075
:10A8000080010000000000000000000000000000C7
:10A810000000000000000000C0690000000000000F
:10A82000BFF2020000000000000200000000000073
:10A830000000000000000000000000000000000018
:10A84000C069000000000000610903000000000072
:10A850006200000000000000B0950200000000004F
:10A8600000000000000000009862020000000000EC
:10A8700000000000000000000000000000000000D8
:10A880005062020000000000000000000000000014
:10A8900000000000000000000000000000000000B8
:10A8A0002000000010000000000000000000000078
:10A8B000005903000000000000000000000000003C
:10A8C00015F4020000000000540000000000000029
:10A8D0000000000000000000000000000000000078
:10A8E0000000000000000000000000000000000068
:10A8F0000000000000000000000000000000000058
:10A900000000000000000000000000000000000047
:10A910000000000000000000000000000000000037
:10A92000000000000000000020960200000000006F
:10A9300000000000000000007B0303000000000096
:10A940004B000000000000004896020000000000DC
:10A950000000000000000000600C02000000000089
:10A9600000000000000000000000000000000000E7
:10A9700000000000000000000000000000000000D7
:10A9800000000000000000000000000000000000C7
:10A99000980100000000000000000000000000001E
:10A9A00000000000000000000000000000000000A7
:10A9B000DD0703000000000072000000000000003E
:10A9C0007896020000000000000000000000000077
:10A9D00098400200000000005C3C02000000000003
:10A9E000000000000000000004420200000000001F
:10A9F0000000000000000000000000000000000057
:10AA00000000000000000000A80000005800000046
:10AA10000000000000000000E096020000000000BE
:10AA20000004000000000000D5F402000000000057
:10AA30001E00000000000000489702000000000017
:10AA40000000000000000000000000000000000006
:10AA500000000000000000000000000000000000F6
:10AA6000A401010000000000000000000000000040
:10AA700000000000000000000000000000000000D6
:10AA80000000000030000000000000000000000096
:10AA900068970200000000000000000000000000B5
:10AAA000A8F40200000000001E00000000000000EA
:10AAB0000000000000000000000000000000000096
:10AAC0000000000000000000000000000000000086
:10AAD0000000000000000000000000000000000076
:10AAE0000000000000000000000000000000000066
:10AAF0000000000000000000000000000000000056
:10AB000000000000000000000898020000000000A3
:10AB10000400000000000000D0030300000000005B
:10AB2000590000000000000028970200000000000B
:10AB30000000000000000000782602000000000075
:10AB4000AC2D02000000000000000000000000002A
:10AB500000000000000000000000000000000000F5
:10AB600000000000000000000000000000000000E5
:10AB70001000000040000000000000000000000085
:10AB800060A10200000000000000000000000000C2
:10AB9000000A0300000000008A000000000000001E
:10ABA000809802000000000000000000000000008B
:10ABB000E47F020000000000000000000000000030
:10ABC0000000000000000000000000000000000085
:10ABD0000000000000000000000000000000000075
:10ABE0000000000000000000200000000000000045
:10ABF0000000000000000000A0980200000000001B
:10AC00000400000000000000050803000000000030
:10AC10007200000000000000109902000000000017
:10AC20000000000000000000CC5B020000000000FB
:10AC3000605A020000000000000000000000000058
:10AC4000EC590200000000000000000000000000BD
:10AC500000000000000000000000000000000000F4
:10AC6000A80000001000000000000000000000002C
:10AC7000689A0200000000000000000000000000D0
:10AC8000BDF40200000000001E00000000000000F3
:10AC9000A897020000000000000000000000000073
:10ACA00000000000000000000000000000000000A4
:10ACB000000000000000000034010100000000005E
:10ACC0000000000000000000000000000000000084
:10ACD0000000000000000000000000003000000044
:10ACE0000000000000000000C89702000000000003
:10ACF0000400000000000000F4CE0200000000008C
:10AD00004D000000000000000000000000000000F6
:10AD10000000000000000000683401000000000096
:10AD20000000000000000000000000000000000023
:10AD3000A02A010000000000000000000000000048
:10AD40000000000000000000000000000000000003
:10AD500018000000100000000000000000000000CB
:10AD600000000000000000000000000000000000E3
:10AD7000EAE502000000000073000000000000008F
:10AD800058A60200000000000000000000000000C3
:10AD9000BC18020000000000DC19020000000000E6
:10ADA00000000000000000000000000000000000A3
:10ADB0000000000000000000000000000000000093
:10ADC00000000000000000009802000000000000E9
:10ADD000000000000000000078A602000000000053
:10ADE0000004000000000000DCD4020000000000AD
:10ADF000160000000000000000000000000000003D
:10AE000000000000000000000851010000000000E8
:10AE1000EC500100000000000000000000000000F5
:10AE20000000000000000000000000000000000022
:10AE30000000000000000000000000000000000012
:10AE40000000000000000000000000000000000002
:10AE5000E89B020000000000000400000000000069
:10AE600056090300000000004A0000000000000036
:10AE700000000000000000000000000000000000D2
:10AE800000000000000000000000000000000000C2
:10AE900000000000000000000000000000000000B2
:10AEA00000000000000000000000000000000000A2
:10AEB0000000000000000000000000000000000092
:10AEC0000000000000000000109C020000000000D4
:10AED00004000000000000008CF4020000000000EC
:10AEE0001D00000000000000189C0200000000008F
:10AEF0000000000000000000A0F7000000000000BB
:10AF00000000000000000000000000000000000041
:10AF10000000000000000000000000000000000031
:10AF20000000000000000000000000000000000021
:10AF30000000000000000000000000000000000011
:10AF400000000000000000000400000000000000FD
:10AF5000AD030300000000005900000000000000E5
:10AF6000389C02000000000000000000000000000B
:10AF70007425020000000000000000000000000036
:10AF800000000000000000000000000000000000C1
:10AF900000000000000000000000000000000000B1
:10AFA0000000000000000000280000000000000079
:10AFB0000000000000000000B8580300000000007E
:10AFC000000000000000000068070300000000000F
:10AFD0006D00000000000000689C020000000000FE
:10AFE0000000000000000000043402000000000027
:10AFF0000000000000000000000000000000000051
:10B000001C300200000000000000000000000000F2
:10B010000000000000000000000000000000000030
:10B0200020000000280000000000000000000000D8
:10B03000C89C0200000000000000000000000000AA
:10B0400070F40200000000001D000000000000007D
:10B05000A89B0200000000000000000000000000AB
:10B060002CF60000000000000000000000000000BE
:10B0700000000000000000000000000000000000D0
:10B0800000000000000000000000000000000000C0
:10B0900000000000000000000000000000000000B0
:10B0A00000000000000000000000000000000000A0
:10B0B00004000000000000000CF502000000000089
:10B0C0000000000000000000000000000000000080
:10B0D0000000000000000000000000000000000070
:10B0E0000000000000000000000000000000000060
:10B0F0000000000000000000000000000000000050
:10B10000000000000000000000000000000000003F
:10B11000000000000000000000000000000000002F
:10B12000000000000000000000000000000000001F
:10B13000BFF5020000000000490000000000000010
:10B14000B8A1020000000000547B010000000000D4
:10B150002078010000000000000000000000000056
:10B1600000000000000000000000000000000000DF
:10B1700000000000000000000000000000000000CF
:10B180000000000000000000D8000000B80100002E
:10B1900000000000000000000002F0BF00000000FE
:10B1A00000000000000000001CF50200000000008C
:10B1B0006E00000000000000689B0200000000001C
:10B1C000000000000000000000000000000000007F
:10B1D000000000000000000000000000000000006F
:10B1E000000000000000000000000000000000005F
:10B1F000000000000000000000000000000000004F
:10B20000000000000000000000000000000000003E
:10B21000000000000000000004000000000000002A
:10B22000FBF40200000000001E000000000000000F
:10B2300088A50200000000000000000000000000DF
:10B240005C0401000000000000000000000000009D
:10B250000000000000000000F402010000000000F7
:10B2600000000000000000000000000000000000DE
:10B2700000000000000000000000000008000000C6
:10B28000000000000000000038150300000000006E
:10B2900000000000000000007DF50200000000003A
:10B2A0004D00000000000000A8A502000000000002
:10B2B00000000000000000008436010000000000D3
:10B2C000000000000000000000000000000000007E
:10B2D000000000000000000000000000000000006E
:10B2E000000000000000000000000000000000005E
:10B2F000000000000000000000000000000000004E
:10B30000000000000000000000000000000000003D
:10B310009CF5020000000000490000000000000051
:10B32000C8A5020000000000146701000000000032
:10B33000286601000000000000000000000000007E
:10B340000000000000000000346501000000000063
:10B3500000000000000000000000000000000000ED
:10B3600000000000000000007000000070010000FC
:10B370000000000000000000C09802000000000073
:10B380000000000000000000F209030000000000BF
:10B390006600000000000000E8A5020000000000B8
:10B3A0000C7F020000000000B47E020000000000DC
:10B3B000787E020000000000000000000000000095
:10B3C000000000000000000000000000000000007D
:10B3D000000000000000000000000000000000006D
:10B3E0000800000000000000000000000000000055
:10B3F00008A6020000000000000400000000000099
:10B4000068F50200000000004D0000000000000090
:10B4100038A602000000000000000000000000004C
:10B42000EC340100000000000000000000000000FB
:10B43000000000000000000000000000000000000C
:10B4400000000000000000000000000000000000FC
:10B4500000000000000000000000000000000000EC
:10B4600000000000000000000000000000000000DC
:10B470000000000000000000C10703000000000001
:10B480007400000000000000000000000000000048
:10B4900000000000000000000000000000000000AC
:10B4A000000000000000000000000000000000009C
:10B4B000000000000000000000000000000000008C
:10B4C000000000000000000000000000000000007C
:10B4D000000000000000000000000000000000006C
:10B4E000000000000000000000000000000000005C
:10B4F0008BF5020000000000780000000000000052
:10B50000000000000000000000000000000000003B
:10B51000000000000000000000000000000000002B
:10B52000000000000000000000000000000000001B
:10B53000000000000000000000000000000000000B
:10B5400000000000000000000000000000000000FB
:10B55000000000000000000088150300000000004B
:10B560000000000000000000560903000000000079
:10B57000000000000000000036CC020000000000C7
:10B58000986500000000000023F4020000000000A5
:10B59000020000000800000058EF0000000000005A
:10B5A000000000000000000054EC0000000000005B
:10B5B0000DFD020000000000060000004000000039
:10B5C000B481010000000000000000000000000045
:10B5D000BC810100000000001FEA02000000000022
:10B5E0000100000000000000C4290000000000006D
:10B5F0001AEA020000000000020000000000000043
:10B60000C42900000000000013EA0200000000004E
:10B610000300000000000000C4290000000000003A
:10B620000EEA02000000000004000000000000001C
:10B63000242600000000000028EA020000000000AC
:10B640000000000000000000682E00000000000064
:10B6500024EA0200000000000800000000000000D2
:10B66000942D000000000000E0D402000000000063
:10B6700016000000000000000000000000000000B4
:10B6800000000000000000000000000000000000BA
:10B6900098EF000000000000000000000000000023
:10B6A000000000000000000000000000000000009A
:10B6B000000000000000000000000000000000008A
:10B6C000000000000000000000000000000000007A
:10B6D00090000000000000000000000000000000DA
:10B6E00086F40200000000001D00000000000000C1
:10B6F0008C1A0100000000000000000000000000A3
:10B700000000000000000000000000000000000039
:10B710000000000000000000000000000000000029
:10B720000000000000000000000000000000000019
:10B730000000000000000000000000000000000009
:10B7400000000000000000000000000000000000F9
:10B75000000000000000000009F7020000000000E7
:10B760001E000000000000000000000000000000BB
:10B7700000000000000000000000000000000000C9
:10B7800040FE00000000000000000000000000007B
:10B7900000000000000000000000000000000000A9
:10B7A0000000000000000000000000000000000099
:10B7B0000000000000000000000000000000000089
:10B7C0000000000000000000000000000000000079
:10B7D0003DF5020000000000320000000000000003
:10B7E0000C2D01000000000000000000000000001F
:10B7F0000000000000000000A02C0100000000007C
:10B80000382C0100000000000000000000000000D3
:10B810000000000000000000000000000000000028
:10B820000000000000000000000000000000000018
:10B8300000000000200000000000000000000000E8
:10B8400000000000010000005DF5020000000000A3
:10B8500048000000000000008C1A010000000000F9
:10B8600000000000000000000000000000000000D8
:10B8700000000000000000000000000000000000C8
:10B8800000000000000000000000000000000000B8
:10B8900000000000000000000000000000000000A8
:10B8A0000000000000000000000000000000000098
:10B8B0000000000000000000000000000000000088
:10B8C00021EF02000000000049000000000000001D
:10B8D0000000000000000000000000000000000068
:10B8E0000000000000000000000000000000000058
:10B8F0000000000000000000000000000000000048
:10B900000000000000000000000000000000000037
:10B910000000000000000000000000000000000027
:10B92000000000000800000000000000000000000F
:10B9300000000000010000004A09030000000000B0
:10B940004A000000000000000000000000000000AD
:10B9500000000000000000000000000000000000E7
:10B9600000000000000000000000000000000000D7
:10B9700000000000000000000000000000000000C7
:10B9800000000000000000000000000000000000B7
:10B9900000000000000000000000000000000000A7
:10B9A0000000000000000000000000000000000097
:10B9B00068F40200000000004B00000000000000DE
:10B9C0000000000000000000000000000000000077
:10B9D0000000000000000000000000000000000067
:10B9E0000000000000000000000000000000000057
:10B9F0000000000000000000000000000000000047
:10BA00000000000000000000000000000000000036
:10BA10000000000090010000000000000000000095
:10BA2000000000000000000018F502000000000007
:10BA30004D000000000000000000000000000000B9
:10BA400000000000000000000000000000000000F6
:10BA500000000000000000000000000000000000E6
:10BA600000000000000000000000000000000000D6
:10BA700000000000000000000000000000000000C6
:10BA800000000000000000000000000000000000B6
:10BA900000000000000000000000000000000000A6
:10BAA00019F4020000000000540000000000000033
:10BAB0000000000000000000000000000000000086
:10BAC0000000000000000000000000000000000076
:10BAD0000000000000000000000000000000000066
:10BAE0000000000000000000000000000000000056
:10BAF0000000000000000000000000000000000046
:10BB000000000000000000007800000000000000BD
:10BB1000000000000000000098DE020000000000AD
:10BB200059000000000000000000000000000000BC
:10BB30000000000000000000A02102000000000042
:10BB40000000000000000000BC2102000000000016
:10BB500000000000000000000000000000000000E5
:10BB600000000000000000000000000000000000D5
:10BB700000000000000000000000000010000000B5
:10BB800000000000000000000000000000000000B5
:10BB900047ED02000000000062000000000000000D
:10BBA0000000000000000000000000000000000095
:10BBB0000000000000000000000000000000000085
:10BBC0000000000000000000000000000000000075
:10BBD0000000000000000000000000000000000065
:10BBE0000000000000000000000000000000000055
:10BBF0000000000000000000000000000000000045
:10BC00000000000000000000FA090300000000002E
:10BC100066000000000000000000000000000000BE
:10BC20000000000000000000000000000000000014
:10BC30000000000000000000000000000000000004
:10BC400000000000000000000000000000000000F4
:10BC500000000000000000000000000000000000E4
:10BC600000000000000000000000000000000000D4
:10BC700000000000000000000000000000000000C4
:10BC800007F50200000000000000000000000000B6
:10BC900000000000000000000000000000000000A4
:10BCA0000000000000000000000000000000000094
:10BCB0000000000000000000000000000000000084
:10BCC0000000000000000000000000000000000074
:10BCD0000000000000000000000000000000000064
:10BCE0000000000000000000000000000000000054
:10BCF00000000000000000007007030000000000CA
:10BD00006D000000000000000000000000000000C6
:10BD10000000000000000000000000000000000023
:10BD2000142E020000000000382E02000000000067
:10BD30000000000000000000000000000000000003
:10BD400000000000000000000000000000000000F3
:10BD500000000000000000000000000008000000DB
:10BD600000000000000000000000000001000000D2
:10BD70001CF50200000000006E0000000000000042
:10BD80004C24010000000000000000000000000042
:10BD900000000000000000000000000000000000A3
:10BDA0000000000000000000000000000000000093
:10BDB0000000000000000000000000000000000083
:10BDC0000000000000000000000000000000000073
:10BDD000000000000000000018000000000000004B
:10BDE0000000000000000000D20803000000000076
:10BDF00072000000000000008C1A0100000000002A
:10BE00000000000000000000000000000000000032
:10BE10006435020000000000000000000000000087
:10BE2000583B02000000000018350200000000002E
:10BE30000000000000000000000000000000000002
:10BE40000000000000000000000000000C000000E6
:10BE500000000000300000001000000001000000A1
:10BE6000D107030000000000740000000000000083
:10BE700000000000000000000000000000000000C2
:10BE800000000000000000000000000000000000B2
:10BE900000000000000000000000000000000000A2
:10BEA0000000000000000000000000000000000092
:10BEB0000000000000000000000000000000000082
:10BEC0000000000000000000000000000000000072
:10BED00000000000000000009503030000000000C7
:10BEE00073000000000000007C170200000000004A
:10BEF0000000000000000000000000000000000042
:10BF00000000000000000000000000000000000031
:10BF10000000000000000000000000000000000021
:10BF20000000000000000000000000000000000011
:10BF30000000000000000000000000009802000067
:10BF400000000000000000000000000000000000F1
:10BF500093F50200000000007800000000000000DF
:10BF600000000000000000000000000000000000D1
:10BF700000000000000000000000000000000000C1
:10BF800000000000000000000000000000000000B1
:10BF900000000000000000000000000000000000A1
:10BFA0000000000000000000000000000000000091
:10BFB0000000000000000000000000000000000081
:10BFC00000000000000000001B0A03000000000049
:10BFD0008A000000000000000000000000000000D7
:10BFE0000000000000000000388102000000000096
:10BFF0000000000000000000000000000000000041
:10C000000000000000000000000000000000000030
:10C010000000000000000000000000000000000020
:10C020000000000000000000000000007800000098
:10C0300000000000000000000000000001000000FF
:10C04000D00DFEED000029E300000038000023ECD5
:10C0500000000028000000110000000200000000A5
:10C06000000005F7000023B40000000000000000FD
:10C0700000000000000000000000000100000000BF
:10C08000000000030000001500000000696E7465E8
:10C090006C2C736F63667067612D6167696C65787E
:10C0A0000000000000000003000000040000000B7E
:10C0B0000000000200000003000000040000001A5D
:10C0C0000000000200000003000000220000002623
:10C0D000536F4346504741204167696C657835206E
:10C0E0005465726173696320444532352D4E616E2B
:10C0F0006F00000000000001736F63000000000388
:10C10000000000040000000B00000001000000031C
:10C11000000000040000001A0000000100000003FD
:10C120000000000B0000000073696D706C652D62EB
:10C130007573000000000003000000040000002CE4
:10C14000736F63000000000300000010000000385F
:10C15000000000000000000000000000FFFFFFFFE3
:10C1600000000001636C6F636B2D636F6E74726F00
:10C170006C6C65724031306431303030300000001A
:10C18000000000030000001500000000696E7465E7
:10C190006C2C6167696C6578352D636C6B6D6772AB
:10C1A0000000000000000003000000080000003F45
:10C1B00010D1000000001000000000030000000487
:10C1C0000000004300000001000000030000000424
:10C1D000000000500000000A000000020000000102
:10C1E000693363403130646130303030000000002A
:10C1F000000000030000001900000000736E70735F
:10C200002C64772D6933632D6D61737465722D31E4
:10C210002E30306100000000000000030000000824
:10C220000000003F10DA00000000100000000003D2
:10C23000000000040000000B0000000100000003EB
:10C24000000000040000001A0000000000000003CD
:10C250000000000800000058000000070000002D4A
:10C2600000000003000000040000005F0000000B5D
:10C2700000000003000000080000006B0000000A3E
:10C28000000000210000000300000009000000720F
:10C2900064697361626C6564000000000000000264
:10C2A0000000000169336340313064613130303067
:10C2B0000000000000000003000000190000000062
:10C2C000736E70732C64772D6933632D6D61737495
:10C2D00065722D312E303061000000000000000337
:10C2E000000000080000003F10DA100000001000FD
:10C2F00000000003000000040000000B000000012B
:10C3000000000003000000040000001A000000000C
:10C3100000000003000000080000005800000007B3
:10C320000000002E00000003000000080000006B69
:10C330000000000A000000210000000300000004CB
:10C340000000005F0000000B000000030000000977
:10C350000000007264697361626C65640000000033
:10C360000000000200000001636F6D626F70687969
:10C3700040300000000000030000000400000079CD
:10C380000000000000000003000000040000008422
:10C3900000000001000000030000000E000000008B
:10C3A00063646E732C636F6D626F70687900000058
:10C3B00000000003000000080000003F1080800023
:10C3C00000001000000000030000000800000058FA
:10C3D0000000000700000006000000030000000647
:10C3E0000000008D7265736574000000000000039A
:10C3F00000000005000000726F6B61790000000012
:10C40000000000030000000400000099000000018B
:10C410000000000300000004000000B30000000161
:10C420000000000300000004000000C9000000013B
:10C430000000000300000004000000E00000000114
:10C440000000000300000004000000FB00000000EA
:10C4500000000003000000040000011600000005B9
:10C4600000000003000000040000012B0000000099
:10C470000000000300000004000001420000000171
:10C4800000000003000000040000015E0000000145
:10C490000000000300000004000001730000000021
:10C4A00000000003000000040000019000000034C0
:10C4B0000000000300000004000001A400000001CF
:10C4C0000000000300000004000001BF00000001A4
:10C4D0000000000300000004000001DB0000000178
:10C4E0000000000300000004000001FA0000000248
:10C4F00000000003000000040000021A000000FE1B
:10C5000000000003000000040000023900000000E9
:10C5100000000003000000040000025500000000BD
:10C5200000000003000000040000026E0000000094
:10C53000000000030000000400000284000000006E
:10C5400000000003000000040000029C0000000046
:10C550000000000300000004000002B6000000011B
:10C560000000000300000004000002CB00000001F6
:10C570000000000300000004000002DF00000001D2
:10C580000000000300000004000002FB00000001A6
:10C590000000000300000004000003170000000377
:10C5A00000000003000000040000032D0000000054
:10C5B00000000003000000040000034A0000000027
:10C5C00000000003000000040000036700000000FA
:10C5D00000000003000000040000038300000000CE
:10C5E00000000003000000040000039F00000000A2
:10C5F0000000000300000004000003B6000000007B
:10C600000000000300000004000003CD0000000053
:10C610000000000300000004000003E3000000002D
:10C620000000000300000004000003F90000000AFD
:10C6300000000003000000040000041200000000DD
:10C640000000000300000004000000500000000D86
:10C6500000000002000000016D6D63304031303891
:10C6600030383030300000000000000300000004CB
:10C670000000000B000000010000000300000004A7
:10C680000000001A00000000000000030000000B82
:10C690000000000063646E732C73643468630000F0
:10C6A00000000003000000080000003F1080800030
:10C6B0000000100000000003000000040000042837
:10C6C0000000000D000000030000000A0000042D1F
:10C6D000636F6D626F2D70687900000000000003C9
:10C6E000000000100000006B0000000A00000021A4
:10C6F0000000000A000000300000000300000008F5
:10C70000000004376269750063697500000000036A
:10C7100000000004000004430000080000000003C3
:10C720000000001000000058000000070000000793
:10C73000000000070000000F0000000300000006DA
:10C740000000008D72657365740000000000000336
:10C75000000000080000044E000000080000000572
:10C760000000000300000005000000726F6B61799B
:10C770000000000000000003000000040000045559
:10C780000000000400000003000000000000045F3F
:10C7900000000003000000000000046C0000000323
:10C7A0000000000400000050000000130000000220
:10C7B000000000016E616E6440313062383030300C
:10C7C00030000000000000030000000A000000002C
:10C7D00063646E732C6E616E6400000000000003E1
:10C7E000000000100000003F10B800000001000031
:10C7F0001084000000001000000000030000000989
:10C800000000047E7265670073646D6100000000C3
:10C8100000000003000000040000000B0000000105
:10C8200000000003000000040000001A00000000E7
:10C8300000000003000000080000006B0000000A78
:10C840000000002D00000003000000100000005850
:10C8500000000007000000050000000700000006BF
:10C86000000000030000000400000488000012DE45
:10C870000000000300000009000000726469736199
:10C88000626C65640000000000000001666C61736A
:10C890006840300000000003000000040000003F7A
:10C8A0000000000000000003000000040000000B76
:10C8B0000000000100000003000000040000001A56
:10C8C0000000000100000002000000020000000162
:10C8D0007273746D677240313064313130303000C2
:10C8E00000000003000000040000049C00000001A0
:10C8F000000000030000000D00000000616C747275
:10C900002C7273742D6D677200000000000000032C
:10C91000000000080000003F10D1100000001000CF
:10C920000000000300000004000004A9000000242F
:10C930000000000300000004000000500000000799
:10C9400000000002000000017379736D67724031CE
:10C950003064313230303000000000030000001439
:10C9600000000000616C74722C7379732D6D677216
:10C9700000737973636F6E0000000003000000080D
:10C980000000003F10D1200000000500000000035F
:10C990000000000400000050000000090000000238
:10C9A0000000000174696D657230403130633033CE
:10C9B00030303000000000030000001200000000D2
:10C9C000736E70732C64772D6170622D74696D6560
:10C9D0007200000000000003000000080000003F9B
:10C9E00010C030000000010000000003000000083B
:10C9F00000000058000000070000002600000003AF
:10CA0000000000080000006B0000000A0000002287
:10CA100000000003000000060000043774696D6523
:10CA2000720000000000000300000005000000721A
:10CA30006F6B61790000000000000002000000013F
:10CA400074696D657231403130633033313030009C
:10CA5000000000030000001200000000736E7073FD
:10CA60002C64772D6170622D74696D657200000011
:10CA700000000003000000080000003F10C031006B
:10CA80000000010000000003000000080000005842
:10CA9000000000070000002700000003000000085D
:10CAA0000000006B0000000A0000002200000003EC
:10CAB000000000060000043774696D657200000014
:10CAC0000000000300000005000000726F6B617938
:10CAD00000000000000000020000000174696D65A4
:10CAE00072324031306430303030300000000003AA
:10CAF0000000001200000000736E70732C64772D2C
:10CB00006170622D74696D657200000000000003A1
:10CB1000000000080000003F10D0000000000100ED
:10CB2000000000030000000800000058000000079B
:10CB30000000002400000003000000080000006B5B
:10CB40000000000A000000030000000300000006CF
:10CB50000000043774696D65720000000000000376
:10CB600000000005000000726F6B6179000000009A
:10CB7000000000020000000174696D6572334031ED
:10CB8000306430303130300000000003000000120B
:10CB900000000000736E70732C64772D6170622D3D
:10CBA00074696D6572000000000000030000000859
:10CBB0000000003F10D00100000001000000000351
:10CBC00000000008000000580000000700000025D9
:10CBD00000000003000000080000006B0000000AD5
:10CBE00000000003000000030000000600000437FE
:10CBF00074696D657200000000000003000000050C
:10CC0000000000726F6B61790000000000000002FC
:10CC10000000000173657269616C3040313063302F
:10CC2000323030300000000000000003000000112E
:10CC300000000000736E70732C64772D6170622D9C
:10CC4000756172740000000000000003000000081D
:10CC50000000003F10C020000000010000000003A1
:10CC600000000004000004BC0000000200000003FB
:10CC700000000004000004C60000000400000003DF
:10CC8000000000080000005800000007000000300D
:10CC90000000000300000009000000726469736175
:10CCA000626C6564000000000000000300000008E2
:10CCB0000000006B0000000A0000002200000003DA
:10CCC00000000004000004D305F5E10000000002AC
:10CCD0000000000173657269616C3140313063306E
:10CCE000323130300000000000000003000000116D
:10CCF00000000000736E70732C64772D6170622DDC
:10CD0000756172740000000000000003000000085C
:10CD10000000003F10C021000000010000000003DF
:10CD200000000004000004BC00000002000000033A
:10CD300000000004000004C600000004000000031E
:10CD4000000000080000005800000007000000314B
:10CD500000000003000000080000006B0000000A53
:10CD60000000002200000003000000050000007227
:10CD70006F6B6179000000000000000200000001FC
:10CD80007761746368646F6740313064303032308B
:10CD900030000000000000030000000C0000000054
:10CDA000736E70732C64772D776474000000000339
:10CDB000000000080000003F10D002000000010049
:10CDC00000000003000000080000005800000007F9
:10CDD0000000002000000003000000080000006BBD
:10CDE0000000000A0000000300000003000000052E
:10CDF000000000726F6B617900000000000000020B
:10CE0000000000017364724031383030303030300F
:10CE100000000000000000030000001600000000F9
:10CE2000696E74656C2C7364722D63746C2D61670C
:10CE3000696C657835000000000000030000000800
:10CE40000000003F18000000004000000000000348
:10CE50000000000800000058000000070000004625
:10CE60000000000300000004000000500000000F5C
:10CE70000000000200000001737069403130386426
:10CE80003230303000000000000000030000000ECF
:10CE90000000000063646E732C717370692D6E6FF7
:10CEA0007200000000000003000000040000000BFE
:10CEB0000000000100000003000000040000001A50
:10CEC0000000000000000003000000100000003F10
:10CED000108D2000000001001090000000100000E4
:10CEE0000000000300000004000004E300000080D4
:10CEF0000000000300000004000004F30000000430
:10CF00000000000300000004000005030000000012
:10CF100000000003000000040000006B000000148B
:10CF200000000003000000090000007264697361E2
:10CF3000626C65640000000000000001666C6173B3
:10CF40006840300000000003000000040000000BF7
:10CF50000000000100000003000000040000001AAF
:10CF600000000001000000030000000E00000000AF
:10CF70006A656465632C7370692D6E6F72000000C2
:10CF800000000003000000040000003F000000005B
:10CF900000000003000000040000051805F5E10092
:10CFA00000000003000000000000052A000000034C
:10CFB000000000040000053900000100000000032B
:10CFC00000000004000005480000001000000003FD
:10CFD00000000004000005580000003200000003BB
:10CFE000000000040000056600000032000000039D
:10CFF00000000004000005740000000400000003AD
:10D00000000000040000058200000004000000038E
:10D010000000000400000590000000040000000370
:10D0200000000004000005A1000000040000000250
:10D030000000000200000001736F63667067612DDD
:10D04000736563726567000000000003000000154F
:10D0500000000000696E74656C2C736F6366706706
:10D06000612D7365637265670000000000000003B6
:10D07000000000040000000B00000001000000039D
:10D08000000000040000001A000000010000000180
:10D09000695F6363755F6361697530403163303028
:10D0A00030303030000000000000000300000008B5
:10D0B0000000003F1C000000000010000000000302
:10D0C0000000012C000005B2000003C400000000B5
:10D0D000070707770000041400018000FFFFFFFF2F
:10D0E0000000041800000000000000FF0000041011
:10D0F000C0E00200C1F03E1F000004240001D00087
:10D10000FFFFFFFF0000042800000000000000FFF8
:10D1100000000420C0800400C1F03E1F0000044451
:10D1200000020000FFFFFFFF0000044800000000B5
:10D13000000000FF00000440C1100006C1F03E1FC7
:10D140000000045400040000FFFFFFFF000004582B
:10D1500000000000000000FF00000450C120000695
:10D16000C1F03E1F0000046400080000FFFFFFFF45
:10D170000000046800000000000000FF00000474CC
:10D1800000400000FFFFFFFF0000047800000000E7
:10D19000000000FF00000470C1600006C1F03E1FE7
:10D1A0000000048400800000FFFFFFFF00000488EF
:10D1B00000000000000000FF0000049404000000D4
:10D1C000FFFFFFFF0000049800000000000000FFC8
:10D1D00000000490C1A00006C1F03E1F000004A49E
:10D1E00008000000FFFFFFFF000004A8000000008F
:10D1F000000000FF0000000200000001695F63639F
:10D20000755F6E6361697530403163303031303045
:10D210003000000000000003000000080000003F94
:10D220001C00100000001000000000030000012C92
:10D23000000005B2000003C40000000007070777E4
:10D240000000040400010000FFFFFFFF00000408CD
:10D2500000000000000000FF00000400C0F000001B
:10D26000C1F03E1F0000041400018000FFFFFFFF1B
:10D270000000041800000000000000FF000004107F
:10D28000C0E00200C1F03E1F0000044400020000A4
:10D29000FFFFFFFF0000044800000000000000FF47
:10D2A00000000440C1100006C1F03E1F00000454FD
:10D2B00000040000FFFFFFFF000004580000000012
:10D2C000000000FF00000450C1200006C1F03E1F16
:10D2D0000000046400080000FFFFFFFF0000046876
:10D2E00000000000000000FF000004740040000087
:10D2F000FFFFFFFF0000047800000000000000FFB7
:10D3000000000470C1600006C1F03E1F00000484EC
:10D3100000800000FFFFFFFF000004880000000005
:10D32000000000FF0000049404000000FFFFFFFF66
:10D330000000049800000000000000FF00000490BE
:10D34000C1A00006C1F03E1F000004A408000000B8
:10D35000FFFFFFFF000004A800000000000000FF26
:10D360000000000200000001695F6363755F6E6387
:10D370006169753140316330303230303000000047
:10D3800000000003000000080000003F1C00200017
:10D39000000010000000000300000054000005B26F
:10D3A000000003C4000000000707077700000464C2
:10D3B00000080000FFFFFFFF0000046800000000FD
:10D3C000000000FF0000048400800000FFFFFFFF5A
:10D3D0000000048800000000000000FF000004A41A
:10D3E00008000000FFFFFFFF000004A8000000008D
:10D3F000000000FF0000000200000001695F63639D
:10D40000755F6E636169753240316330303330303F
:10D410003000000000000003000000080000003F92
:10D420001C00300000001000000000030000005449
:10D43000000005B2000003C40000000007070777E2
:10D440000000046400080000FFFFFFFF0000046804
:10D4500000000000000000FF0000048400800000C5
:10D46000FFFFFFFF0000048800000000000000FF35
:10D47000000004A408000000FFFFFFFF000004A854
:10D4800000000000000000FF00000002000000019A
:10D49000695F6363755F6E636169753340316330E3
:10D4A000303430303000000000000003000000087D
:10D4B0000000003F1C0040000000100000000003BE
:10D4C00000000078000005B2000003C40000000066
:10D4D000070707770000041400018000FFFFFFFF2B
:10D4E0000000041800000000000000FF000004100D
:10D4F000C0E00200C1F03E1F00000464000800000C
:10D50000FFFFFFFF0000046800000000000000FFB4
:10D510000000048400800000FFFFFFFF000004887B
:10D5200000000000000000FF000004A4080000004C
:10D53000FFFFFFFF000004A800000000000000FF44
:10D540000000000200000001695F6363755F6463AF
:10D55000653040316330303530303000000000033A
:10D56000000000080000003F1C00500000001000F8
:10D570000000000300000054000005B2000003C4D6
:10D58000000000000707077700000464000800009F
:10D59000FFFFFFFF0000046800000000000000FF24
:10D5A0000000048400800000FFFFFFFF00000488EB
:10D5B00000000000000000FF000004A408000000BC
:10D5C000FFFFFFFF000004A800000000000000FFB4
:10D5D0000000000200000001695F6363755F64631F
:10D5E00065314031633030363030300000000003A8
:10D5F000000000080000003F1C0060000000100058
:10D600000000000300000054000005B2000003C445
:10D61000000000000707077700000464000800000E
:10D62000FFFFFFFF0000046800000000000000FF93
:10D630000000048400800000FFFFFFFF000004885A
:10D6400000000000000000FF000004A4080000002B
:10D65000FFFFFFFF000004A800000000000000FF23
:10D660000000000200000001695F6363755F646D84
:10D670006930403163303037303030000000000313
:10D68000000000080000003F1C00700000001000B7
:10D690000000000300000018000005B200000300B5
:10D6A0000000000100000003000003000000000370
:10D6B000000000030000000200000001695F6363D6
:10D6C000755F646D69304031633030383030300020
:10D6D00000000003000000080000003F1C00800064
:10D6E000000010000000000300000018000005B258
:10D6F0000000030000000001000000030000030020
:10D700000000000300000003000000020000000110
:10D710006E6F635F66775F6C345F70657240313047
:10D720006432313030300000000000030000000897
:10D730000000003F10D210000000008C0000000329
:10D7400000000150000005B20000000001010001CE
:10D75000010100010000000C0101000101010001B4
:10D760000000001001010001010100010000001C87
:10D770000101030101010301000000200101030177
:10D780000101030100000024010103010101030163
:10D790000000002801010301010103010000002C29
:10D7A0000101000101010001000000300101000140
:10D7B000010100010000003401010001010100012C
:10D7C00000000040010100010101000100000044CF
:10D7D00001010301010103010000004801010301EF
:10D7E00001010301000000500101030101010301D7
:10D7F0000000005401010301010103010000005871
:10D8000001010301010103010000005C01010301AA
:10D810000101030100000060010103010101030196
:10D820000000006401010301010103010000006820
:10D8300001010301010103010000006C010103016A
:10D840000101030100000070010103010101030156
:10D8500000000074010103010101030100000078D0
:10D8600001010301010103010000007C010100012D
:10D87000010100010000008001010001010100011F
:10D880000000008401010001010100010000008886
:10D890000101030101010301000000020000000179
:10D8A0006E6F635F66775F6C345F7379734031309E
:10D8B0006432313130300000000000030000000805
:10D8C0000000003F10D2110000000098000000038B
:10D8D00000000174000005B2000000080101000111
:10D8E000010100010000000C010100010101000123
:10D8F00000000010010100010101000100000014FE
:10D9000001010001010100010000001801010001F6
:10D91000010100010000001C0101000101010001E2
:10D920000000002001010001010100010000002CA5
:10D9300001010001010100010000003001010001AE
:10D94000010100010000003401010001010100019A
:10D950000000003801010001010100010000004049
:10D96000010100010101000100000044010100016A
:10D970000101000100000048010100010101000156
:10D980000000004C010100010101000100000054F1
:10D990000101000101010001000000580101000126
:10D9A000010100010000005C010100010101000112
:10D9B0000000006001010301010103010000006497
:10D9C00001010301010103010000006801010301DD
:10D9D000010103010000006C0101030101010301C9
:10D9E0000000007001010301010103010000007447
:10D9F000010103010101030100000078030100019E
:10DA0000030100010000007C010103010101030189
:10DA100000000080010100010101000100000084FC
:10DA20000101000101010001000000880101000165
:10DA3000010100010000009001010001010100014D
:10DA4000000000940101000101010001000000023A
:10DA5000000000016E6F635F66775F6C77736F63C2
:10DA600032667067614031306432313330300000EB
:10DA700000000003000000080000003F10D2130067
:10DA800000000004000000030000000C000005B2CC
:10DA9000000000000FFE03010FFE03010000000262
:10DAA000000000016E6F635F66775F736F633266BD
:10DAB0007067614031306432313230300000000034
:10DAC00000000003000000080000003F10D2120018
:10DAD00000000004000000030000000C000005B27C
:10DAE000000000000FFE03010FFE03010000000212
:10DAF000000000016E6F635F66775F74637540318D
:10DB0000306432313430300000000003000000087F
:10DB10000000003F10D214000000000400000003C9
:10DB20000000000C000005B200000000010100012F
:10DB300001010001000000020000000200000001DD
:10DB4000736F63667067612D6363752D6464722DF6
:10DB5000696E7465726C656176696E672D6F666655
:10DB6000000000000000000300000014000000009E
:10DB7000696E74656C2C736F63667067612D647475
:10DB80007265670000000003000000040000000B45
:10DB90000000000100000003000000040000001A63
:10DBA0000000000100000001695F6363755F63614D
:10DBB0006975304031633030303030300000000063
:10DBC00000000003000000080000003F1C000000EF
:10DBD000000010000000000300000030000005B24B
:10DBE000000003C0000000030000001F00000460EC
:10DBF00081300006C1F03E1F0000048081700006E5
:10DC0000C1F03E1F000004A081B00006C1F03E1F1D
:10DC10000000000200000001695F6363755F6E63CE
:10DC20006169753040316330303130303000000090
:10DC300000000003000000080000003F1C0010006E
:10DC4000000010000000000300000030000005B2DA
:10DC5000000003C0000000030000001F000004607B
:10DC600081300006C1F03E1F000004808170000674
:10DC7000C1F03E1F000004A081B00006C1F03E1FAD
:10DC80000000000200000001695F6363755F6E635E
:10DC9000616975314031633030323030300000001E
:10DCA00000000003000000080000003F1C002000EE
:10DCB000000010000000000300000030000005B26A
:10DCC000000003C0000000030000001F000004600B
:10DCD00081300006C1F03E1F000004808170000604
:10DCE000C1F03E1F000004A081B00006C1F03E1F3D
:10DCF0000000000200000001695F6363755F6E63EE
:10DD000061697532403163303033303030000000AB
:10DD100000000003000000080000003F1C0030006D
:10DD2000000010000000000300000030000005B2F9
:10DD3000000003C0000000030000001F000004609A
:10DD400081300006C1F03E1F000004808170000693
:10DD5000C1F03E1F000004A081B00006C1F03E1FCC
:10DD60000000000200000001695F6363755F6E637D
:10DD70006169753340316330303430303000000039
:10DD800000000003000000080000003F1C004000ED
:10DD9000000010000000000300000030000005B289
:10DDA000000003C0000000030000001F000004602A
:10DDB00081300006C1F03E1F000004808170000623
:10DDC000C1F03E1F000004A081B00006C1F03E1F5C
:10DDD0000000000200000001695F6363755F646317
:10DDE00065304031633030353030300000000003A2
:10DDF000000000080000003F1C0050000000100060
:10DE00000000000300000030000005B2000003C065
:10DE1000000000030000001F0000046081300006C5
:10DE2000C1F03E1F0000048081700006C1F03E1F5B
:10DE3000000004A081B00006C1F03E1F00000002F7
:10DE400000000001695F6363755F646365314031A1
:10DE5000633030363030300000000003000000082E
:10DE60000000003F1C0060000000100000000003E4
:10DE700000000030000005B2000003C000000003F5
:10DE80000000001F0000046081300006C1F03E1F4A
:10DE90000000048081700006C1F03E1F000004A055
:10DEA00081B00006C1F03E1F000000020000000229
:10DEB00000000001736F63667067612D6363752DE9
:10DEC0006464722D696E7465726C656176696E67E3
:10DED0002D6F6E0000000003000000140000000021
:10DEE000696E74656C2C736F63667067612D647402
:10DEF0007265670000000003000000040000000BD2
:10DF00000000000100000003000000040000001AEF
:10DF10000000000100000001695F6363755F6361D9
:10DF200069753040316330303030303000000000EF
:10DF300000000003000000080000003F1C0000007B
:10DF4000000010000000000300000030000005B2D7
:10DF5000000003C0000000010000001F000004607A
:10DF600081200006C1F03E1F000004808160000691
:10DF7000C1F03E1F000004A081A00006C1F03E1FBA
:10DF80000000000200000001695F6363755F6E635B
:10DF9000616975304031633030313030300000001D
:10DFA00000000003000000080000003F1C001000FB
:10DFB000000010000000000300000030000005B267
:10DFC000000003C0000000010000001F000004600A
:10DFD00081200006C1F03E1F000004808160000621
:10DFE000C1F03E1F000004A081A00006C1F03E1F4A
:10DFF0000000000200000001695F6363755F6E63EB
:10E0000061697531403163303032303030000000AA
:10E0100000000003000000080000003F1C0020007A
:10E02000000010000000000300000030000005B2F6
:10E03000000003C0000000010000001F0000046099
:10E0400081200006C1F03E1F0000048081600006B0
:10E05000C1F03E1F000004A081A00006C1F03E1FD9
:10E060000000000200000001695F6363755F6E637A
:10E070006169753240316330303330303000000038
:10E0800000000003000000080000003F1C003000FA
:10E09000000010000000000300000030000005B286
:10E0A000000003C0000000010000001F0000046029
:10E0B00081200006C1F03E1F000004808160000640
:10E0C000C1F03E1F000004A081A00006C1F03E1F69
:10E0D0000000000200000001695F6363755F6E630A
:10E0E00061697533403163303034303030000000C6
:10E0F00000000003000000080000003F1C0040007A
:10E10000000010000000000300000030000005B215
:10E11000000003C0000000010000001F00000460B8
:10E1200081200006C1F03E1F0000048081600006CF
:10E13000C1F03E1F000004A081A00006C1F03E1FF8
:10E140000000000200000001695F6363755F6463A3
:10E15000653040316330303530303000000000032E
:10E16000000000080000003F1C00500000001000EC
:10E170000000000300000030000005B2000003C0F2
:10E18000000000010000001F000004608120000664
:10E19000C1F03E1F0000048081600006C1F03E1FF8
:10E1A000000004A081A00006C1F03E1F0000000294
:10E1B00000000001695F6363755F6463653140312E
:10E1C00063303036303030000000000300000008BB
:10E1D0000000003F1C006000000010000000000371
:10E1E00000000030000005B2000003C00000000184
:10E1F0000000001F0000046081200006C1F03E1FE7
:10E200000000048081600006C1F03E1F000004A0F1
:10E2100081A00006C1F03E1F0000000200000002C5
:10E2200000000001736F63667067612D6E6F632D70
:10E2300066772D6D7066652D6373720000000003B4
:10E240000000001400000000696E74656C2C736F90
:10E2500063667067612D6474726567000000000377
:10E26000000000040000000B00000001000000039B
:10E27000000000040000001A00000001000000017E
:10E28000695F6E6F635F66775F6D7066655F63730E
:10E29000724031383030306430300000000000030C
:10E2A000000000080000003F18000D000000010001
:10E2B0000000000300000024000005B20000000080
:10E2C0000000000100010101000000040000000145
:10E2D000000101010000000800000001000101012F
:10E2E0000000000200000002000000020000000127
:10E2F000616C696173657300000000030000001623
:10E30000000005C82F736F632F73657269616C31EC
:10E310004031306330323130300000000000000303
:10E3200000000012000005D02F736F632F73706917
:10E3300040313038643230303000000000000002DC
:10E34000000000016D656D6F727900000000000330
:10E35000000000070000002C6D656D6F72790000F1
:10E3600000000003000000100000003F000000005B
:10E3700080000000000000004000000000000003DA
:10E38000000000040000000B000000020000000379
:10E39000000000040000001A00000002000000025B
:10E3A0000000000163686F73656E000000000003E9
:10E3B00000000011000005D573657269616C303A88
:10E3C0003131353230306E3800000000000000037B
:10E3D00000000048000005E12F736F632F6D6D632F
:10E3E00030403130383038303030002F736F632F89
:10E3F0007370694031303864323030302F666C6170
:10E4000073684030002F736F632F6E616E6440310C
:10E4100030623830303030002F6D656D6F727900AA
:10E42000000000020000000200000009636F6D7030
:10E43000617469626C650023616464726573732D35
:10E4400063656C6C73002373697A652D63656C6C0E
:10E4500073006D6F64656C006465766963655F74F5
:10E460007970650072616E6765730072656700237D
:10E47000636C6F636B2D63656C6C73007068616EA9
:10E48000646C6500726573657473006D61785F64B8
:10E4900065766963657300636C6F636B7300737497
:10E4A0006174757300237068792D63656C6C7300FB
:10E4B0007068792D747970650072657365742D6E5E
:10E4C000616D65730063646E732C7068792D75736C
:10E4D000652D6578742D6C70626B2D6471730063AB
:10E4E000646E732C7068792D7573652D6C70626B1A
:10E4F0002D6471730063646E732C7068792D75736D
:10E50000652D70686F6E792D6471730063646E732E
:10E510002C7068792D7573652D70686F6E792D6418
:10E5200071732D636D640063646E732C7068792D54
:10E53000696F2D6D61736B2D616C776179732D6FD0
:10E540006E0063646E732C7068792D696F2D6D6138
:10E55000736B2D656E640063646E732C7068792D27
:10E56000696F2D6D61736B2D7374617274006364D8
:10E570006E732C7068792D646174612D73656C65A0
:10E5800063742D6F652D656E640063646E732C700B
:10E5900068792D73796E632D6D6574686F6400639F
:10E5A000646E732C7068792D73772D68616C662D9D
:10E5B0006379636C652D73686966740063646E7358
:10E5C0002C7068792D72642D64656C2D73656C00F8
:10E5D00063646E732C7068792D756E6465727275E4
:10E5E0006E2D73757070726573730063646E732C37
:10E5F0007068792D676174652D6366672D616C772E
:10E600006179732D6F6E0063646E732C7068792D61
:10E61000706172616D2D646C6C2D627970617373C1
:10E620002D6D6F64650063646E732C7068792D7056
:10E630006172616D2D70686173652D6465746563C9
:10E64000742D73656C0063646E732C7068792D7023
:10E650006172616D2D646C6C2D73746172742D70B8
:10E660006F696E740063646E732C7068792D7265C7
:10E6700061642D6471732D636D642D64656C6179C3
:10E680000063646E732C7068792D636C6B2D7772E8
:10E690006471732D64656C61790063646E732C70B2
:10E6A00068792D636C6B2D77722D64656C617900D0
:10E6B00063646E732C7068792D726561642D64716A
:10E6C000732D64656C61790063646E732C70687976
:10E6D0002D70686F6E792D6471732D74696D696E1C
:10E6E000670063646E732C68727330392D726464D2
:10E6F0006174612D656E0063646E732C6872733093
:10E70000392D7264636D642D656E0063646E732CC5
:10E7100068727330392D657874656E6465642D7721
:10E72000722D6D6F64650063646E732C6872733054
:10E73000392D657874656E6465642D72642D6D6F16
:10E7400064650063646E732C68727331302D686386
:10E750007364636C6B61646A0063646E732C6872CB
:10E760007331362D777264617461312D7364636C1B
:10E770006B2D646C790063646E732C687273313630
:10E780002D777264617461302D7364636C6B2D64DA
:10E790006C790063646E732C68727331362D7772F6
:10E7A000636D64312D7364636C6B2D646C790063ED
:10E7B000646E732C68727331362D7772636D6430BA
:10E7C0002D7364636C6B2D646C790063646E732CC1
:10E7D00068727331362D777264617461312D646CA7
:10E7E000790063646E732C68727331362D777264AE
:10E7F000617461302D646C790063646E732C68728F
:10E800007331362D7772636D64312D646C790063DA
:10E81000646E732C68727331362D7772636D643059
:10E820002D646C790063646E732C68727330372DBD
:10E8300072772D636F6D70656E73617465006364CC
:10E840006E732C68727330372D6964656C61792D35
:10E8500076616C0070687973007068792D6E616DF7
:10E86000657300636C6F636B2D6E616D657300661D
:10E8700069666F2D646570746800696F6D6D75737E
:10E88000006275732D77696474680073642D756810
:10E89000732D7364723530006361702D6D6D632D5F
:10E8A000686967687370656564007265672D6E617D
:10E8B0006D65730063646E732C626F6172642D64A6
:10E8C000656C61792D7073002372657365742D63B7
:10E8D000656C6C7300616C74722C6D6F6472737410
:10E8E0002D6F6666736574007265672D736869665F
:10E8F00074007265672D696F2D77696474680063B1
:10E900006C6F636B2D6672657175656E63790063FC
:10E91000646E732C6669666F2D646570746800633D
:10E92000646E732C6669666F2D7769647468006322
:10E93000646E732C747269676765722D61646472AA
:10E94000657373007370692D6D61782D66726571E2
:10E9500075656E6379006D3235702C666173742D48
:10E96000726561640063646E732C706167652D73FA
:10E97000697A650063646E732C626C6F636B2D73D0
:10E98000697A650063646E732C747368736C2D6EA2
:10E99000730063646E732C74736432642D6E730041
:10E9A00063646E732C74636873682D6E73006364A4
:10E9B0006E732C74736C63682D6E73007370692DA5
:10E9C00074782D6275732D7769647468007370694B
:10E9D0002D72782D6275732D776964746800696E85
:10E9E00074656C2C6F66667365742D7365747469D9
:10E9F0006E67730073657269616C300073706930A3
:10EA0000007374646F75742D7061746800752D6285
:10EA10006F6F742C73706C2D626F6F742D6F7264D6
:03EA20006572001C
:00000001FF
