:100000000A0000141F2003D500002080000000001B
:1000100020AB0200000000000000F09F0000000084
:10002000D006F09F000000005F020014414238D566
:100030003F2000F16C000054E0000054AB0100547C
:1000400000113ED5000C40B200111ED55F111ED527
:100050000A00001401113CD5C10010B721007BB289
:1000600001111CD5E07F86D240111CD5030000147D
:100070000006A0D2401018D5FF4403D5404238D521
:100080001F2000F14C01005440000054AB0000540C
:10009000000438D5000C7492E00000B50400001490
:1000A000000438D5001C7892600000B52004005888
:1000B00000E01BD5DF3F03D504000094120000943C
:1000C000BF4100D56B050094FD031EAA000038D582
:1000D00000FC44D3002C40921F0C34F1000100546A
:1000E000000038D500FC44D3002C40921F1C34F192
:1000F00080000054FE031DAAC0035FD6FEFFFF1759
:10010000FDFFFF17FD031EAAFE031DAAC0035FD655
:10011000C0035FD6C0035FD6290100F029A1129168
:10012000200500A9220D01A9C1FFFF170000000052
:1001300000C2EB0B0000000000008052C0035FD63D
:10014000FD7BBDA902008052010100D0FD0300919A
:1001500021E43691F30B00F9F30300AAE083009148
:1001600050380094E1830091E00313AAEF32009429
:10017000F30B40F9FD7BC3A8C0035FD61F9C0F7132
:1001800069020054017D8052FD7BBEA90108C11A9D
:10019000FD030091000100D000083791E11F00B974
:1001A0006A38009450000094000042B9BF3F03D564
:1001B000BF3F03D54C000094E11F40B9010002B9D4
:1001C00000008052FD7BC2A8C0035FD6A00280124F
:1001D000C0035FD6FD7BBFA9FD03009142000094E0
:1001E000010042B9BF3F03D5007D8052FD7BC1A80D
:1001F000207C001BC0035FD6FD7BBDA9020100D09F
:1002000001008012FD030091428C3791F35301A944
:10021000530A40F9E00313AAE92D00944000F83690
:1002200082320094F403002AE103002AE00313AAB7
:10023000D12F009460FFFF3422010090E4830091ED
:1002400042BC2D91E103142AE00313AA030080525B
:100250003C31009460FEFF35200100F0E11340F9CD
:10026000016802F9F35341A9FD7BC3A8C0035FD61F
:10027000FD7BBEA9000100D000D43E91FD0300919A
:1002800084490094A000F8B6000100D000C0379166
:100290002E38009465320094E10300AAE2630091D5
:1002A000E0098052D8470094C0000034E103002ADE
:1002B000000100D00064389124380094F6FFFF1745
:1002C000E00F40F932440094210100F0206402F96B
:1002D000FD7BC2A8C0035FD6200100F0006842F990
:1002E000C0035FD6200100F0006442F9C0035FD66E
:1002F000200100F0006C42F9C0035FD6FD7BBBA972
:10030000410100B021603491FD030091E28300912E
:10031000F30B00F9F303002AE003805258470094DE
:10032000A0000034000080D2F30B40F9FD7BC5A88B
:10033000C0035FD6E003132AE02300F9E01340F97D
:10034000E1A30091E73C0094E0FEFF37E0A30091B9
:10035000573D009401F87A923F9800B140FEFF5457
:100360001F1400B121FEFF54EFFFFF17FD7BBEA954
:10037000C0038052FD030091F30B00F9137D80D27E
:10038000DFFFFF970108D39A000100D000003991E8
:10039000EE37009400048052D9FFFF970108D39AEA
:1003A000000100D000503991E8370094600080527D
:1003B000D3FFFF970108D39A000100D000A4399120
:1003C000E237009420048052CDFFFF970108D39AB2
:1003D000000100D000F83991DC37009440048052CD
:1003E000C7FFFF970108D39A000100D0004C3A9153
:1003F000D637009400068052C1FFFF970108D39AB8
:10040000000100D0F30B40F900A03A91FD7BC2A897
:10041000CE3700145F1C007262281453F1079F1A34
:10042000FD7BBBA90D1C00124200012A000C0853E1
:10043000112C112A420004328A0080D2FD0300915F
:100440006A14A2F2094888D2A51C001250710091CA
:100450004FF10F913102022A6B0080520E7D80D243
:10046000E901A0F2F35301A9F55B02A9F76303A91F
:10047000F96B04A905040034820580D26214A2F24B
:10048000E00302AA0CC45DB8BF3F03D58C0118126B
:10049000BF3F03D541C01DB8BF3F03D522008052E6
:1004A00002F803B9089080D26814A2F2027D80524B
:1004B000000140B9BF3F03D5800F0035DF3F03D5B2
:1004C00033E03BD500E03BD5007C0E9B0008C99A89
:1004D0000000138B00040091DF3F03D533E03BD5D0
:1004E0007F0200EBA3FFFF544204007121FEFF5482
:1004F000210000143FFC1F71A81800546014A2D200
:10050000080040B9BF3F03D508110012137D805287
:1005100000050011020080520010001234008052C9
:10052000150240B9BF3F03D51F00156B41050054AC
:1005300062000035BF3F03D5F40100B9DF3F03D5AA
:1005400035E03BD502E03BD5427C0E9B4208C99A80
:100550004200158B42040091DF3F03D535E03BD5C7
:10056000BF0202EBA3FFFF5473060071220080520A
:1005700081FDFF54A00D80121FFC077104184B7AF7
:10058000E1010054DF3F03D528E03BD502E03BD535
:1005900013FA80D2427C139B4208C99A4200088B0E
:1005A00042040091DF3F03D528E03BD51F0102EB59
:1005B000A3FFFF546B050071E1F5FF54F35341A90C
:1005C000F55B42A9F76343A9F96B44A9FD7BC5A874
:1005D000C0035FD6BF3F03D5140298521485A072A2
:1005E0000801140B086D7ED3110100B9BF3F03D57C
:1005F0007514A2D21300805236008052A00200B9B6
:100600007F00136BA1000054BF3F03D52000805230
:10061000E00100B9A4FFFF170804001197D873B8D0
:1006200008110012187D805202008052190240B950
:10063000BF3F03D51F01196B6102005462000035F2
:10064000BF3F03D5F60100B9DF3F03D539E03BD505
:1006500002E03BD5427C0E9B4208C99A4200198BAE
:1006600042040091DF3F03D539E03BD53F0302EB65
:10067000A3FFFF54180700712200805281FDFF5430
:10068000BDFFFF17BF3F03D50000140B006C7ED3E6
:10069000170000B9BF3F03D573060011E003082A15
:1006A000A80200B9D7FFFF17BF3F03D51F0100B94C
:1006B00045010034800580D26014A2F2000040B9E8
:1006C000BF3F03D5000018121F000C6BA00880125A
:1006D00000009F1AA9FFFF17420140B9BF3F03D591
:1006E000800480D26014A2F2000040B9BF3F03D55D
:1006F0005F00006BC0EDFF54000698D20085A0F2A9
:100700000040228B00F47ED3000040B9BF3F03D5E8
:1007100042040011420C0012BF3F03D5137C1C534E
:10072000420100B97F06007121ECFF54136C58D3CD
:100730007F020D6BC1EBFF54E60100B4DE0040B94F
:10074000DF0000B9950480D2174888D27514A2F250
:100750001806985213584CD3B98200D1167D80D216
:10076000F701A0F21885A072B3000035002800122E
:1007700082FFFF171E008052F3FFFF1714FA80D28A
:10078000A80240B9BF3F03D51F01026BE10100542D
:10079000DF3F03D53AE03BD508E03BD5087D169B0B
:1007A0000809D79A08011A8B08050091DF3F03D585
:1007B0003AE03BD55F0308EBA3FFFF54940600F13A
:1007C00001FEFF546CFFFF174800180B086D7ED325
:1007D000140140B9BF3F03D5420400117306005114
:1007E000420C0012BF3F03D5220300B9FEFBFF34C9
:1007F000C80040B9DE070051F47828B8C80040B9F5
:1008000008050011C80000B9D8FFFF17A002801228
:100810005AFFFF17FD7BBEA9FD030091F35301A909
:10082000BF3F03D5930180D2742080527314A2F28B
:10083000E00313AA14C41FB8BF3F03D57FC21FB87B
:10084000BF3F03D51F7804B925008052070080D22E
:10085000E003052A060080D2040080D20300805203
:100860000200805241008052EBFEFF97600000358D
:10087000BF3F03D5740200B9F35341A9FD7BC2A861
:10088000C0035FD6070080D2060080D205008052E8
:10089000040080D203008052020080526106805220
:1008A00020008052DCFEFF17FD7BBDA9070080D22F
:1008B000060080D2FD03009105008052040080D222
:1008C0000300805202008052410680522000805274
:1008D000F30B00F9D0FEFF97600200352000805234
:1008E000E7A30091E6B3009105008052040080D296
:1008F000030080520200805261078052E02F00B94D
:10090000C5FEFF97F303002AA0000035E02B40B995
:100910001BFEFF97F303002A20020034DAFFFF9743
:100920000F000014D8FFFF97F303002A8001003561
:10093000070080D2060080D205008052040080D2D9
:1009400003008052020080524106805220008052F3
:10095000B1FEFF97F303002A20FCFF34E003132AC3
:10096000F30B40F9FD7BC3A8C0035FD6FD7BBEA996
:1009700023008052070080D2FD030091E4730091B0
:10098000060080D20500805202008052A10B8052E6
:10099000E01F00B9E003032A9FFEFF97FD7BC2A87A
:1009A000C0035FD6A2FDFF17FD7BBFA9FD03009129
:1009B0004AFEFF97000040B9BF3F03D5004C1F120D
:1009C00000441012FD7BC1A8C0035FD6FD7BBEA909
:1009D000FD030091F30B00F9F4FFFF97F303002AE6
:1009E00000020034010100D021F43A91F3010836ED
:1009F000020100D0420C3B91000100D000503B911D
:100A000052360094737A1E7261010054F30B40F960
:100A1000200100B0FD7BC2A8002C0A91BD1100147A
:100A2000010100D0213C3B91220100B042300A91EB
:100A3000F2FFFF17607E10137F0E70F22002005449
:100A40001F0440F2A1010054607E12136202805222
:100A50001F0040F24214821AF30B40F94244005145
:100A6000FD7BC2A8010100D0000100D021983B917C
:100A700000BC3B913536001422028052F5FFFF176F
:100A8000A2028052F5FFFF17816A8852E129A972FC
:100A90001F00016BE003005468020054212B8852B0
:100AA0008189A8721F00016B400300546801005443
:100AB00081EA8952E149A8721F00016BA00200542B
:100AC000616A89528169A8721F00016BE0079F1A51
:100AD00000040011C0035FD621E8885201CAA87241
:100AE000FAFFFF1701AB8A52A109AA721F00016B1E
:100AF00000010054A1498A528168AA721F00016B4B
:100B00008000005421498A52A108AA72EFFFFF1702
:100B100020008052F0FFFF17FD7BBFA9E30300AA6E
:100B2000E20301AAFD030091000040B9BF3F03D5D5
:100B3000D6FFFF97400000B91F0800714101005423
:100B4000600040B9BF3F03D50008C05ACFFFFF97F0
:100B50001F080071400000B9E0139F5AFD7BC1A837
:100B6000C0035FD600008052FDFFFF17FD7BBEA9CA
:100B7000E40300AAFD030091E1730091E7FFFF97F2
:100B800060010035800440B9BF3F03D5E11F40B983
:100B90003F040071410000540008C05A0040005159
:100BA000007C0253FD7BC2A8C0035FD60000801208
:100BB000FDFFFF17FD7BBEA9E50301AAE40300AA20
:100BC000FD030091E703022AE1730091D3FFFF9731
:100BD00000020035810040B9BF3F03D5811040B904
:100BE000BF3F03D5E31F40B97F040071810000546B
:100BF0002108C05AA10000B902000014C3FFFF344D
:100C000084500091230080527F00076B63000054E2
:100C1000FD7BC2A8C0035FD6810040B9A51000913A
:100C2000BF3F03D5E61F40B9DF04007181000054C7
:100C30002108C05AA10000B902000014C6FFFF3409
:100C40006304001184100091F0FFFF1700B09ED2E2
:100C5000E000A0F2020040B9BF3F03D5618889528D
:100C60006169AA725F00016B616A89528169A87229
:100C700081010054BF3F03D5010401B80240029135
:100C8000010040B92108C05A014400B81F0002EB1E
:100C900081FFFF5400B29ED2E000A0F2C0035FD6F5
:100CA0005F00016B80FFFF54000080D2FCFFFF1744
:100CB000FD7BBEA980C19ED2E000A0F2FD030091A1
:100CC000F30B00F9130040B9BF3F03D5BF3F03D575
:100CD00085FDFF97130402B983FDFF97000442B915
:100CE000BF3F03D5F30B40F9FD7BC2A8C0035FD61D
:100CF00000809052E0FAA272C0035FD6FD7BBEA9CD
:100D000000C29ED2E000A0F2FD030091F30B00F9B7
:100D1000130040B9BF3F03D5BF3F03D572FDFF9716
:100D2000130802B970FDFF97000842B9BF3F03D511
:100D3000F30B40F9FD7BC2A8C0035FD6FD7BBEA9C3
:100D4000FD030091F35301A9F40300AAF5400094B8
:100D5000F30300AAE00314AA8D4100941F0400B11C
:100D600021010054810640F9000100D000143C919B
:100D70007635009440028012F35341A9FD7BC2A84E
:100D8000C0035FD6600200F900008052FBFFFF172E
:100D9000434238D5630C02537F0C0071C1000054EC
:100DA000200040B9BF3F03D5400000B90000805289
:100DB000C0035FD6FD7BBFA9FD030091010440F98C
:100DC000000100D000803C9160350094800B8012BF
:100DD000FD7BC1A8C0035FD6434238D5630C0253E4
:100DE0007F0C0071A1000054BF3F03D5000080526A
:100DF000220000B9C0035FD6FD7BBFA9FD030091AF
:100E0000010440F9000100D000983D914F35009455
:100E1000800B8012FD7BC1A8C0035FD6FD7BBEA9FD
:100E2000FD030091F30B00F92FFDFF97002053B94C
:100E3000BF3F03D51F040071F3179F1A2AFDFF97C8
:100E4000736E1C53005453B9BF3F03D51F04007188
:100E5000410000547302183223FDFF97002853B954
:100E6000BF3F03D51F0400714100005473021032CC
:100E70001DFDFF97002C53B9BF3F03D51F04007120
:100E80004100005473020832BF3F03D516FDFF979F
:100E9000136C00B914FDFF97000053B9BF3F03D591
:100EA0001F040071F3179F1A0FFDFF97000453B939
:100EB000BF3F03D51F040071410000547302183274
:100EC00009FDFF97000853B9BF3F03D51F04007108
:100ED0004100005473021032BF3F03D502FDFF975B
:100EE000137000B9F30B40F9FD7BC2A8C0035FD6B5
:100EF000FD7BBAA900029ED2E000A0F2FD030091A2
:100F0000F35301A9F55B02A9F76303A9F96B04A9DF
:100F1000FB2B00F9FF4300D115FFFF97F803002AD0
:100F200000349ED2E000A0F211FFFF971F03006B78
:100F3000F703002A1323801A00669ED2E000A0F275
:100F40000BFFFF97F603002A007E9ED2E000A0F27E
:100F500007FFFF97DF02006BF403002AC122801A0B
:100F60003F00136B2120931A21F47ED3213C009182
:100F700020487092E06320CBFF6320EB8000005498
:100F8000FF4340D1FF0302F9FCFFFF17212C7C92A5
:100F9000FF6321CBFF0300F93F0010F14300005431
:100FA000FF0302F9F34300911F8301717A1200914C
:100FB000000C8052150080D21893801A00029ED235
:100FC000E203182AE10313AAE000A0F2FAFEFF9759
:100FD0001F03156BA8050054FF820171791200915F
:100FE000000C8052150080D2F792801A00349ED2F5
:100FF000E203172AE10313AAE000A0F2EEFEFF9736
:10100000FF02156B28050054DFB2007178120091C1
:1010100080058052150080D2D692801A00669ED23A
:10102000E203162AE10313AAE000A0F2E2FEFF9712
:10103000DF02156BC80400549F8201717712009182
:10104000000C8052150080D29492801A007E9ED2AD
:10105000E203142AE10313AAE000A0F2D6FEFF97F0
:101060009F02156BA8050054BF030091FB2B40F9AC
:10107000F35341A9F55B42A9F76343A9F96B44A96E
:10108000FD7BC6A8C0035FD65B7B75B8BF3F03D5A9
:10109000797A75B894FCFF97B50A009139074091A9
:1010A0003B6B20B8CBFFFF173A7B75B8BF3F03D52A
:1010B000787A75B88CFCFF97032682D2B50A009126
:1010C0001803038B1A6B20B8CEFFFF17BFA200F1E5
:1010D000A101005460A240B91F0007710101005432
:1010E000197B75B8BF3F03D5777A75B87EFCFF973B
:1010F000026082D2F702028BF96A20B8B50A009129
:10110000CCFFFF17BFAA00F1C1FEFF5460AA40B98F
:101110001F100771F2FFFF17F87A75B8BF3F03D5AC
:10112000767A75B870FCFF97018082D2B50A00917B
:10113000D602018BD86A20B8CAFFFF17FD7BBEA973
:10114000FD030091F30B00F96AFFFF9734FFFF974F
:1011500065FCFF9713F041B9BF3F03D500008A52E9
:101160007302002ABF3F03D55FFCFF9713F001B95C
:10117000F30B40F9FD7BC2A8C0035FD6BF3F03D588
:10118000010082D260008052011AA2F2200000B950
:1011900020E21BD50000801200E21BD50000805227
:1011A000C0035FD6FD7BB9A9010100B021683F9162
:1011B000FD030091F35301A9F30300AAF55B02A913
:1011C000F76303A9F96B04A9FB2B00F9580A40F94E
:1011D000E00318AAFF280094F30300B5FB2B40F9A5
:1011E000F35341A9F55B42A9F76343A9F96B44A9FD
:1011F000FD7BC7A8C0035FD694060011800600518E
:1012000061DA74B860DA60B83F00006B60FFFF54C9
:10121000DA0CF836010100B0000100B0210C2E916B
:1012200000883F914934009420008052600200B948
:101230009F02006B4DFDFF5400018052600600B913
:101240009F0A0071C0FCFF5480008052600A00B900
:10125000E3FFFF17FA03002A34008052E8FFFF176C
:10126000BF02146B6B020054010100B0000100D0FA
:10127000E203142A210C2E910020009133340094B3
:10128000F5FAFF35FB2B40F9010100B0F35341A9FA
:10129000210C2E91F55B42A9000100D0F76343A910
:1012A00000640291F96B44A9FD7BC7A827340014A0
:1012B000E10300AAE00318AAC6280094F603002A56
:1012C0006004F8375B0A40F9E103002AE2A30191C8
:1012D00060098052BF43009480050034E2A301916D
:1012E000E103162AA00E8052BA4300946005003430
:1012F000E2A30191E103162AA0098052B5430094AC
:1013000000050034E103162AE0031BAA030080D283
:10131000020100D042C000912F280094F60300AAD9
:10132000600100B4010100F0213C1A917F2E00946D
:10133000E0020034010100B0000100D0E20316AA6F
:1013400021F02B9100F0009100340094F706001179
:10135000E303172AE20319AAE1031A2AE00318AAF1
:10136000040080D25A290094C0F7FFB595F3FF35E9
:10137000B7F8FF35010100B0000100D0210C2E911B
:1013800000B80191A8FFFF172000805260DA35B83D
:10139000B5060011EEFFFF1700018052FCFFFF179A
:1013A00080008052FAFFFF17190100D01700805209
:1013B0003963019115008052E6FFFF17FD7BBEA93E
:1013C000010100D0E0098052FD030091E263009129
:1013D000210C039165430094C0000034E103002A0E
:1013E000000100D000780391D83300940F2E0094B0
:1013F000FD7BC2A8C0035FD6000082D2201AA2F2F1
:10140000000040B9BF3F03D5004C1F1200441072CA
:10141000E0179F1AC0035FD6FD7BBEA9FD030091B4
:10142000FF4403D57400009486010094400000340A
:10143000FE2D00948FFBFF9770FBFF9740FFFF97F7
:101440004FFFFF97F4FCFF970000805248FDFF9785
:10145000E263009101008052E00380523643009421
:1014600080FEFF352B020094620F009458FDFF9719
:10147000BFFBFF97010100D0E2630091212004919E
:10148000E009805239430094C0000034E103002A8F
:10149000000100D0006C0491AC330094E5FFFF170D
:1014A000010100D0E263009121F40491E00980522F
:1014B0002E430094A0000034E103002A000100D074
:1014C00000540591F5FFFF17E2630091010080527F
:1014D000E00B805218430094C0FAFF35E26300919C
:1014E00001008052800C80521343009420FAFF3593
:1014F000BF3F03D5003284D261068052201AA2F287
:10150000010000B9E9FCFF97018398D28111A2F292
:10151000200040B900781F12200000B9FD7BC2A84E
:10152000C0035FD600E03BD5C0035FD6DF3F03D5E5
:1015300020E03BD5408E00B9C0035FD6030000D445
:10154000E40340F9800400A9820C01A9E40740F9F2
:10155000A40000B4890040F93F0500F141000054A7
:10156000860400F9C0035FD6020000D4E40340F90A
:10157000800400A9820C01A9E40740F9A40000B48A
:10158000890040F93F0500F141000054860400F94C
:10159000C0035FD6E14FBFA9F30300AA600640A9CC
:1015A000620E41A9641642A9661E43A9682644A991
:1015B0006A2E45A96C3646A96E3E47A9704648A9D1
:1015C000030000D4F30340F9600600A9620E01A9EC
:1015D000641602A9661E03A9682604A96A2E05A935
:1015E0006C3606A96E3E07A9704608A9FF4FC1A830
:1015F000C0035FD6FD7BBDA94201009042800591EA
:10160000FD030091F51300F9350100D0F35301A952
:10161000340100F0A0E244B994420C91530014CB81
:1016200076FFFF97A0E204B91F040071627E40922A
:10163000200100D000A0129161010054E10300AA32
:10164000E00314AA242E0094A0E244B9F35341A964
:1016500000040011A0E204B9F51340F9FD7BC3A812
:10166000C0035FD6E10314AAF7FFFF1700000000D4
:10167000400300581FEC7C92E00300918605009423
:101680001F000091F20300AA87050094000080D299
:1016900062FFFF97AC0100941F0000F11210929AB4
:1016A000E10300911F0000F10010819A1F000091DA
:1016B000E0F74FF000000091E1F74FF021401B915F
:1016C0001F8400F81F0001EBC3FFFF54E00312AAC0
:1016D000412640F9F700001400E006000000000079
:1016E000FD7BBCA9FD030091410240F9238846A976
:1016F000E30B00F9E21700F9238847A9E30F00F98B
:10170000E21B00F9228448A963008052E21300F929
:10171000E2A30091E11F00F9E14300910606009465
:10172000FD7BC4A8C0035FD6C0035FD6C0035FD6ED
:101730000100018BFEFFFF17FD7BBEA9220100D037
:1017400042A01291FD030091F35301A9F30300AAF3
:10175000410C41A9400840A9B40D0094F403002AAB
:1017600060000035900D0094600200F9E003142A37
:10177000F35341A9FD7BC2A8C0035FD6FD7BBFA97F
:10178000FD030091000C40F900003FD6FD7BBFA98E
:10179000000084D2FD030091409200F92D2C0094AA
:1017A000C0000035200080529B400094600000354E
:1017B000FD7BC1A893400014FD7BC1A8C0035FD688
:1017C000C0035FD6400400B4FD7BBEA9FD030091B9
:1017D000F30B00F9F30300AA0B2500940001F8367F
:1017E0008F280094E10300AAF30B40F9000100D018
:1017F000FD7BC2A800F00591D4320014E00313AAC7
:101800000100805292060094E0000035000100D0F3
:101810000028069101008052F30B40F9FD7BC2A81D
:10182000CA320014E00313AAAEFFFF97A0000034F1
:10183000E103002A000100D000BC0691F7FFFF176A
:10184000F30B40F9FD7BC2A8C0035FD6C0035FD68F
:10185000200100F0017C41F940688AD220ABA9F256
:101860003F0000EBA1000054200100F000200C918B
:10187000000040F9C0035FD600008092FEFFFF1712
:10188000000080D2C0035FD6C0035FD60104B0D28F
:101890000000018BC0035FD6A0028012C0035FD698
:1018A000A0028012C0035FD6440040B9E3A4805276
:1018B00023C3AA729F00036B61000054E10302AAD4
:1018C000F8FFFF17FD7BBFA9030880D2FD0300913D
:1018D000F2FFFF971F000071A1028012FD7BC1A8DB
:1018E0000000811AC0035FD6FD7BBCA9FD030091F7
:1018F000F35301A9F30302AAF55B02A9F60304AAB4
:10190000F50300AAE0078092F71B00F9F70301AA8C
:10191000010880D2DEFFFF97F40300AA640240F9B9
:10192000E30314AA60224079E10316AA02FC0091A5
:10193000E00300CB4200008AE00313AA80003FD6F8
:101940001FFC00710C01005494008012F71B40F939
:10195000E003142AF35341A9F55B42A9FD7BC4A817
:10196000C0035FD6810240B900BA8152C0BFBD72C8
:101970003F00006B41010054F71B40F9E30314AA38
:10198000E20316AAE10313AAE00315AAF35341A93F
:10199000F55B42A9FD7BC4A808020014E20314AA67
:1019A000E10317AAE00315AAC0FFFF97F403002A7A
:1019B000E0FCFF35A30A40F960224079A22E40B92D
:1019C00061224079040400D18400028B630002CBC1
:1019D00021040051A23240B9E00300CB81C021CBE9
:1019E0004200048B640240F92100008A420001CBCE
:1019F0006300018B4200008AC102018BE00313AA3D
:101A000080003FD6A000F837A13240B93F00006BFC
:101A1000E9F9FF54CDFFFF17F403002ACCFFFF17AD
:101A200000008052C0035FD6400240F9800000B53C
:101A3000200100D000A01391400200F9C0035FD63E
:101A4000FD7BBFA9FD03009151FFFF97800000358A
:101A5000411A40F9210071B2411A00F9FD7BC1A879
:101A6000C0035FD6401A40F9C0007836401A40F9EA
:101A7000000076B2401A00F900008052C0035FD621
:101A8000FD7BBFA9FD03009141FFFF97A00000353A
:101A9000401A40F9000076B2401A00F90000805266
:101AA000FD7BC1A8C0035FD600008052C0035FD693
:101AB000FD7BB2A9820280D2010100B0FD0300913A
:101AC00021800791F55B02A9F5E30191E00315AAD6
:101AD000F35301A9F76303A9F96B04A9FB7305A9E3
:101AE000FD2C0094D1FFFF9700F4B3D2010AA0D2DD
:101AF000E60D0094401A40F9020077B2421A00F94C
:101B000080005037D8FFFF9740000034472C0094E6
:101B10009BFDFF97A60C0094A0000034000100D0AC
:101B2000003407917B0D0094F9FFFF1701088052E4
:101B3000E02F14322A0C0094800400B42C79009415
:101B4000F6DD97527DF9FF97B6D5BB720100805242
:101B5000020A80D2E0430291C42C0094E00315AA4B
:101B6000F6BB00B990FDFF97540100904101009031
:101B7000400100B021803F9100600191130001CB32
:101B8000E0F301B2605595F294823F9173FE439366
:101B90001A0100D05A2B0891180080D2737E009B46
:101BA00000038052570280127352209BB97A78B892
:101BB0003F03166BC00900541B0100D0FC0314AA9C
:101BC0007B8B089142000014000100D000A807910F
:101BD000D5FFFF17800B40B97C0000B43F03006BBA
:101BE0004107005427FFFF97E10300AA400000B51A
:101BF000810340F9E0031AAAD4310094800B40B964
:101C0000E1A30191E06B00B9E0430291FF3B00F9D1
:101C1000820B40F940003FD6F703002A000500354B
:101C2000E1A30191E0430291A0FFFF97F703002A8F
:101C300060040035F9BB00B9E0430291E0FDFF9775
:101C4000E0430291DFFEFF97E06342391F640071B9
:101C500061050054E05B40F9130000B073722591F8
:101C6000D9FEFF9701088052E02F1432D10B009467
:101C7000F40300AAA00400B417040094E00314AA1B
:101C800068FFFF97E103002A80000034000100D0C4
:101C900000DC0991AD310094350C0094A0000034B3
:101CA000E103002A000100D000800A91A7310094CE
:101CB000F6FEFF97E043029160023FD6E103172A48
:101CC000E0031BAAA13100949C6300919F0313EBD6
:101CD00021F8FF54000100D01807009100B40891CA
:101CE0009A3100941F1700F121F6FF5477FAFF3460
:101CF000000100D0003009918BFFFF171300009006
:101D000073F21D91D8FFFF1721008012E0FFFF172B
:101D1000FD7BBFA9004098522000A072FD030091F6
:101D2000407600B9C3630094401A40F9000065B2E0
:101D3000401A00F9000100D000340B91FD7BC1A8CE
:101D4000F40C0014000080D2C0035FD6FD7BBCA958
:101D5000FD030091F35301A9F30303AAE3F30091F8
:101D6000F55B02A9F503022AE20301AA011440B9B6
:101D7000000040F998250094A00200B4E13F40B96A
:101D800061020034217C4093210400D11600018BB4
:101D900001686138C1010035140080529F02156B43
:101DA0008B000054600200F900008052090000140A
:101DB00001008052F32B0094000400911F0016EBE9
:101DC0000801005494060011F5FFFF17A0028012CD
:101DD000F35341A9F55B42A9FD7BC4A8C0035FD6BC
:101DE000C0008012FBFFFF17FD7BBDA9FD03009122
:101DF000E3A30091F35301A9F40300AAD4FFFF97D2
:101E0000A0010035800240F9811240B9F31740F972
:101E1000E20313AAE5240094E000F836E203002A66
:101E2000E10313AA000100D0003C0C91473100945B
:101E3000A0028012F35341A9FD7BC3A8C0035FD663
:101E4000FD7BB8A9FD030091F35301A9F403032A14
:101E5000F55B02A9F50302AAF60304AAF76303A936
:101E6000F70300AAF80301AA530040F9E103032A8B
:101E7000E2A30191E00313AA480600944002003453
:101E8000C00A40F9E00100B5020080D2E103142A43
:101E9000E00313AA83240094E10300AA000100D008
:101EA00000C00C9129310094000D8012F35341A918
:101EB000F55B42A9F76343A9FD7BC8A8C0035FD6C1
:101EC000E03700F9E2630191E103142AE00313AA69
:101ED0006006009440010034E2630191E103142A9A
:101EE000E00313AA4906009400030035A10640F957
:101EF000E05B40B90000010BE05B00B9E2730191C7
:101F0000E103142AE00313AA6406009400030035D9
:101F1000E25F40B902030035E103142A020080D2D7
:101F2000E00313AA5F240094010100B0E20300AAB9
:101F300021502E91000100D000780D9103310094C2
:101F400000008052DAFFFF17E3830191E2C30191A1
:101F5000E103142AE00313AA180600946008003471
:101F6000000100D000100E916A0C00942000801235
:101F7000CFFFFF17407C4093E03300F9E022407927
:101F800042040051E15B40B915040051E403004BE9
:101F9000B502010A2100040A0000150B4200000BE3
:101FA00001C3218BE33740F94200040AE40240F9FF
:101FB00063FC009163E47A92427C4093E00317AAA9
:101FC000E32700F980003FD6E13340F91F0001EB21
:101FD00003050054E32740F975C0358B020080D219
:101FE000E103142AE00313AA2E240094E10300AABB
:101FF000000100D000800E91D4300094420A40F9D4
:10200000E30315AAE43340F9E103142AE00313AA19
:102010007306009420030034000100B0001C0F91EF
:102020003C0C0094E20346A9E10315AAC32B0094DB
:1020300096F8FFB4E03740F9C00A00F9E03340F900
:10204000C03200B9E2E30191E103142AE00313AACC
:10205000D60500941F000071E03F40F900009FDAB0
:10206000C00E00F9B7FFFF17F53B40F9DCFFFF1783
:10207000800080128EFFFF17000080128CFFFF1778
:10208000FD7BB7A9FD030091F35301A9F30300AA57
:10209000F55B02A9F60301AAF50303AAF71B00F9F1
:1020A000010100B0F70302AA212C0F91143040B9AE
:1020B00002008052000840F99402008BE00303AA5A
:1020C0004AFFFF970002F836410A40F9210300B4A5
:1020D000220440B9E00314AA741200F94208C05A5D
:1020E000410A40F97C2B0094601240F901008452AF
:1020F000F71B40F9F55B42A9F35341A9FD7BC9A841
:1021000053040014E303002AE4030191E20315AA37
:10211000E10317AAE00316AAF42B00F949FFFF9781
:1021200080000035E02B40F9601200F9EFFFFF1747
:10213000F71B40F9F35341A9F55B42A9FD7BC9A800
:10214000C0035FD6C0035FD6FD7BBEA9217C021B06
:10215000000880D2FD030091F30B00F9337C40931B
:1021600061FE009121E47A92CE0E0094A00100B5A8
:10217000E10313AA000100B0003C0F9173300094FA
:10218000000100B000D80F9170300094E10313AA51
:10219000000080D2F30B40F9FD7BC2A8BCFDFF1705
:1021A000F30B40F9FD7BC2A8C0035FD6000080524C
:1021B000C0035FD6C0035FD6FFC304D1FD7B01A976
:1021C000FD430091F35302A9F30300AAF55B03A9B1
:1021D000F76304A9F70301AAF96B05A9FA0302AA98
:1021E000FB7306A9600440B90008C05A000C001136
:1021F00000747E92D4FFFF97E2224079010C009197
:1022000021F47E92E16B00F941040051E203024B9C
:102210002100000B2100020A22008052357C4093ED
:10222000E00315AAC9FFFF97600100B59B0080126B
:10223000FD7B41A9E0031B2AF35342A9F55B43A9A7
:10224000F76344A9F96B45A9FB7346A9FFC3049141
:10225000C0035FD6E40240F9F40300AAE30300AA36
:10226000E20315AAE1031AAAE00317AA80003FD6E9
:10227000E0FDFFB4CEFFFF9700180037E00314AA7B
:10228000CDFFFF97F40300AA66090094E0DF00B9D0
:10229000F503002A6000F836BB028012E5FFFF1745
:1022A000020080D2E103002AE00314AA7D230094F7
:1022B000E10300AA000100B00064109123300094F3
:1022C000E103152AE00314AAB8080094F503002AD4
:1022D000600000341B008012D6FFFF17000100B021
:1022E000001C0F918B0B0094E00314AA010100B0B5
:1022F00021041191B7240094E0DB00B9E0FCFF3722
:10230000E023039102008052010100B021A4329128
:10231000F46700F9B5FEFF97F603002A2001F836AE
:10232000E023039102008052010100B021241191A9
:10233000AEFEFF97F603002AE0FCFF37350080521F
:10234000E40313AAE303162AE2230391E1031AAA82
:10235000E00317AABBFEFF97FB03002AA0F6FF3598
:1023600062220091E103162AE00314AAF804009403
:10237000C00100342002805260220039E32303911F
:10238000E2031AAAE10317AAE00313AA3DFFFF978D
:10239000FB03002A0001F836602240391F44007117
:1023A00081F4FF5404000014602240391F4400717E
:1023B00060FEFF54190100B0000100B039271191EF
:1023C00000DC1891E04700F9000100F000380791A7
:1023D000E04B00F9E203152AE10319AAE023039177
:1023E000FFFF0239F46700F980FEFF97FC03002A23
:1023F000600BF8371F00166BE00A0054E303002A55
:10240000E4830391E2230391E1031AAAE00317AAEC
:10241000FF630FA98BFEFF97FB03002A2001003406
:10242000E303002AE203152A01010090000100B035
:1024300021982F91004C1191C42F00947DFFFF171C
:10244000E0634FA9E2FF0291E1031C2AE03F00F99B
:10245000E00314AABE040094E0FF42391F44007157
:1024600041010054E3230391E2031AAAE10317AAEE
:10247000E083039103FFFF97E0634FA9E03F00F97A
:10248000E08340F9601200F9600E40F91F0400B1CA
:10249000810000541F0700B140000054780E00F97D
:1024A0007B1240F99B0500B4E3030391E203152A74
:1024B000E10319AAE023039125FEFF97C00400352C
:1024C000E203152AE10319AAE023039147FEFF97CF
:1024D000E24740F9FC03002AE41341B9E103002A72
:1024E000E06340F9030080D2E04300F9E00314AA5E
:1024F000E4AF00B9B8230094E24B40F9E60300AA28
:10250000E1031C2A030080D2E00314AAE65300F979
:10251000B1230094E70300AAE1031C2A030080D240
:10252000E00314AA020100B0421C1291E74F00F927
:10253000A9230094E00300F9E38B47A9E50318AA57
:10254000E79B49A9E103152AE4AF40B9E0031BAAC0
:10255000D5020094B50600119FFFFF17600E40F9E9
:10256000000400D11F0C00B1C8000054604240B903
:1025700000001F32604200B91B0080522DFFFF1780
:10258000600A40F9600E00F9F9FFFF174000805221
:10259000C0035FD6E00301AAC0035FD6FEFFFF17AA
:1025A000FFFFFF1700D44139001443D31F1C0071F3
:1025B00000109F1AC0035FD6FBFFFF17FD7BBBA96E
:1025C000FD030091F35301A9F55B02A9F60301AAEB
:1025D000F76303A9F70300AAF80302AAF92300F995
:1025E000F90304AA200040B91F04007180020054BE
:1025F000000800511F040071690200545502801246
:10260000000100B000301291502F0094F4F74FD029
:10261000800240F9C00100B5E003152AF04C009497
:10262000F303002A80030034E103002A000100B014
:1026300000BC1291452F0094210000141500805217
:10264000F3FFFF1735008052F1FFFF178D4E009406
:10265000000440B9BF02006B01FEFF54800240F944
:10266000C10240B9CAFFFF971F08007160060054FD
:102670001F0C0071200400541F04007180050054D9
:10268000000100B0B302801200381591A10A009435
:102690000B000014E003152A674E0094800200F935
:1026A000C00100B553028012E103152A42028012D4
:1026B000000100B000641391242F0094F92340F925
:1026C000E003132AF35341A9F55B42A9F76343A939
:1026D000FD7BC5A8C0035FD6444B0094F303002ADA
:1026E000E0FBFF34E103002A9F0200F9000100B083
:1026F000001C1491D0FFFF17800240F9AFFFFF9735
:10270000F303002A800240F95E4E0094E103132A8D
:1027100022320094F303002AA0000034000100B02C
:1027200000B014917B0A0094E5FFFF17800240F986
:10273000E10319AA9BFFFF97800240F9514E0094D4
:10274000E20300AAF92340F9E40318AAF35341A9CC
:10275000E10316AAE00317AA23008052F55B42A901
:10276000F76343A9FD7BC5A8AE000014040080D226
:1027700003008052020100B042A4159190FFFF17A0
:10278000FD7BBCA9FD030091F35301A9F55B02A9F0
:10279000FF3F00B9400500B4F603012AF40300AA84
:1027A000010100B0211416918A230094E000F8364C
:1027B00013008012F55B42A9E003132AF35341A9E9
:1027C000FD7BC4A8C0035FD6E103002AE2F30091B9
:1027D000E00314AA150100F073210094B53A0791A3
:1027E000F303002A73FEFF37E03F40B91F0000717A
:1027F0000DFEFF541F040071E0000054E103132A92
:10280000E2F30091E00314AA67210094F303002A85
:10281000F5FFFF17E20315AAE103132AE00314AA48
:10282000030080D2EC220094A0FEFFB44E0100947D
:102830001F00166B41FEFF54DFFFFF1713018012CC
:10284000DDFFFF17FD7BBDA9FD030091F35301A937
:10285000F3F74FD073220091F40301AA01008052D4
:10286000F55B02A9F60300AAF50302AAE00313AA86
:10287000023080D27D290094758200F9612080D2D7
:10288000E0F74FD000E000910106A0F2610200A93C
:10289000202080D2000BA0F2605A0DA9A0788052AF
:1028A000E1F74FD060E200B9E0F74FD0006003914C
:1028B00021400191600601A9202080D2432080D2CE
:1028C000000BA0F20303A0F22000C0F2631A00F98B
:1028D000632600F960D207A9A00038D5003C4092D9
:1028E000604A00F920798052E1F74FD021A0019190
:1028F000633200F9608A00B9E0F74FD0000002911E
:10290000600602A9E00313AAF35341A9F55B42A9AB
:10291000FD7BC3A8C0035FD6CBFFFF17FD7BBCA91F
:10292000FD030091E2E30091F30B00F9F30300AA29
:10293000E12F00B99D030094E12F40B980000034DD
:10294000E2E30091E00313AA94030094F30B40F92F
:10295000E01F40F9FD7BC4A8C0035FD6FD7BBDA985
:1029600041038052FD030091F35301A9F51300F9CF
:10297000F50300AA141040F9E00314AA81FFFF97A1
:10298000A002F837E103002AE00314AAE4FFFF974E
:10299000F30300AAE00314AA2102805279FFFF97F3
:1029A000E001F837E103002AE00314AADCFFFF97F7
:1029B000E10300AAB40E40F9E00313AA020080D29A
:1029C000D6FFFF970178805221421BD5010080D2AB
:1029D00080023FD6130080D2EFFFFF170104B0D270
:1029E000F5FFFF17FD7BBEA9E50301AAE10303AADA
:1029F000FD030091E4630091000440F9E30302AA9F
:102A0000E20305AA68790094017C40931F000071DD
:102A1000E00F40F9FD7BC2A82010809AC0035FD66A
:102A2000FD7BBAA9FD030091F55B02A9F5F74FD034
:102A3000F60300AAE00302AAA28A41B9F35301A94E
:102A4000F40304AAF71B00F9F70301AA8203003577
:102A5000E103032AB3770094F303002AC002003491
:102A6000E203002A01010090000100B021502C91E6
:102A700000441691352E00943301F8360101009080
:102A8000000100B0E303132AE20314AA21902E915F
:102A900000B01691BF8A01B92C2E0094F71B40F9A3
:102AA000E003132AF35341A9F55B42A9FD7BC6A8B5
:102AB000C0035FD620008052A08A01B900000090B8
:102AC00000902791E0D304A900088052E2230191ED
:102AD000E10317AA040080D2030080D2E0B300799A
:102AE000E00316AA81FBFF97F303002AE3FFFF1719
:102AF000FD7BBEA9FD030091000440F9E20F00F93F
:102B000000C840F9D75800941F000071E20F40F947
:102B1000FD7BC2A840009F9AC0035FD60080A052F0
:102B2000C0035FD600008052C0035FD60000805211
:102B3000C0035FD6FD7BBBA9FD030091F35301A940
:102B4000F40301AAF30300AAF51300F9F6FFFF97B7
:102B5000F503002AF6FFFF9702488852E103002A96
:102B600063008452E003152AE201A072C258009467
:102B7000200100B5000100B00048179165090094DC
:102B800040028012F51340F9F35341A9FD7BC5A81B
:102B9000C0035FD60200009042C02B9121008052FA
:102BA000E28303A9E1930079DDFFFF97E103002AA7
:102BB000000100B0009417918B3F0094E2E3009174
:102BC000E403002AE10314AAE00313AA030080D25D
:102BD00046FBFF97ECFFFF17FD7BBEA9E00303AAAE
:102BE0000340B0D2FD0300912100038BF30B00F9E9
:102BF000F30302AAB8280094E00313AAF30B40F9E8
:102C0000FD7BC2A8C0035FD6FD7BBCA90340B0D248
:102C1000FD030091F35301A9F40301AA01BA815203
:102C2000620040B9C1BFBD725F00016BE00100549A
:102C3000F30300AA07FBFF97E20300AA1F0400B1F9
:102C4000A1000054010880D2E007809210FBFF979A
:102C5000E20300AAE10314AAE00313AAF35341A973
:102C6000FD7BC4A811FBFF170100009021602F918C
:102C7000E1FF02A921008052020080D2E1730079B5
:102C8000E1A300914DFDFF97F35341A9FD7BC4A83B
:102C9000C0035FD6E12784920000018B00EC7C9298
:102CA000C0035FD6FD7BBEA9022880D201008052FE
:102CB000FD030091F30B00F9F30300AA73020591E1
:102CC0006A280094538E00F9F30B40F9FD7BC2A8EB
:102CD000C0035FD6410240F9421240F9020400F9F4
:102CE000223440F9020800F9223840F9020C00F9B8
:102CF000223C40F9021000F9224040F9021400F988
:102D0000224440F9021800F9214840F9011C00F959
:102D1000C0035FD6FD7BBEA9FD030091F35301A95B
:102D2000F30300AAF40302AA600240B96000F83677
:102D30000000801207000014600640F9000100B492
:102D4000E10314AAF1270094A0000035600240B905
:102D5000F35341A9FD7BC2A8C0035FD67362009103
:102D6000F2FFFF17E20300AA010100B0000100908A
:102D70002168329100E00191E7FFFF17FD7BBCA9BC
:102D8000FD030091F35301A9F403042AF30301AAFC
:102D900001008052F55B02A9F60300AAE30B03A928
:102DA000B024009401008052F503002AE00316AA23
:102DB000B924009401741E53E30B43A9A6761E5355
:102DC000217C4093080080D2C47C409326C0268B8F
:102DD000E10313AA9F02086BEC000054847EB40A3E
:102DE000F55B42A9F35341A9C07C041BFD7BC4A839
:102DF000C0035FD6097D7DD3BF0A00712105005451
:102E0000457868F8A50CC0DA25000039A73C0853BE
:102E100027040039A75C105327080039A77C1853F2
:102E2000270C0039A79C60D327100039A7BC68D3B2
:102E300027140039A7DC70D3A5FC78D327180039F4
:102E4000251C00392700048B1F0800712103005442
:102E5000657868F8A50CC0DA25682438A93C0853C1
:102E6000E9040039A95C1053E9080039A97C18531A
:102E7000E90C0039A99C60D3E9100039A9BC68D3DA
:102E8000E9140039A9DC70D3A5FC78D3E91800391E
:102E9000E51C00392100068B08050091CEFFFF17C5
:102EA000456869B8A508C05A250000B9E6FFFF17B4
:102EB000656869B8A508C05A256824B8F6FFFF17E9
:102EC000FD7BBCA9FD030091F35301A9F40302AA01
:102ED000F51300F9F50300AAE13F00B9B32000940F
:102EE000E13F40B91F04003181000054E20314AAFD
:102EF000E00315AA3A240094F303002A2001F836CF
:102F0000C7220094E30300AA01010090000100B071
:102F1000E20314AA2120319100143B910B2D00945F
:102F2000F51340F9E003132AF35341A9FD7BC4A82C
:102F3000C0035FD6FD7BB7A9FD030091F35301A940
:102F4000F55B02A9F603032AF76303A9F92300F945
:102F50007F1000710D02005413008012E203162A44
:102F60008300805201010090000100B021942B9158
:102F700000443B91F52C0094F92340F9E003132A17
:102F8000F35341A9F55B42A9F76343A9FD7BC9A8A7
:102F9000C0035FD6F50300AAF70301AAF80302AA4B
:102FA000191F0094F303002A2001F8369C22009494
:102FB000E20300AA01010090000100B021942B91CE
:102FC00000243B91E12C0094ECFFFF17030100D09B
:102FD000793C1A91E20319AAE00315AA0100805274
:102FE000B8FFFF97F303002A80FCFF37140100B0FD
:102FF00094C20091E103002AE30319AAE20314AA90
:10300000E00315AAE4008052A02300944004F8369F
:10301000F303002A82220094E10314AAE20300AA27
:1030200000010090009C3C91E7FFFF178404009191
:10303000DF02046BAD000054E07A64F880FFFFB556
:10304000007B64F840FFFFB5A4020034E30318AA34
:10305000E20317AAE1430191E00315AA48FFFF9795
:10306000140100B0E403002AE103132AE3430191B1
:1030700082BE2D91E00315AA84230094F303002A55
:10308000E000F83666220094E20300AA81BE2D918A
:10309000E4FFFF17040080D2E6FFFF171300805201
:1030A000B6FFFF17FD7BB9A9FD030091F35301A9FA
:1030B000F40300AAF55B02A9F50305AAF63B40F963
:1030C000F76303A9F80306AAF70307AAF96B04A993
:1030D000FA0303AAF903042AFB2B00F9FB0302AA53
:1030E000C91E00942002F836F303002A4C220094F3
:1030F000E10000F0E20300AA21E82F910001009016
:1031000000243B91912C0094FB2B40F9E003132AFF
:10311000F35341A9F55B42A9F76343A9F96B44A9AD
:10312000FD7BC7A8C0035FD6E00314AA020100908C
:10313000010080524218169162FFFF97F303002AA4
:1031400040FEFF37E103002AE2031BAAE00314AAB2
:103150005CFFFF97F303002A80FDFF375A0FC0DAA8
:10316000E103002A02010090E3A3019142DC1D91DA
:10317000E00314AA04018052FA3700F943230094B3
:10318000BF0600B140010054B50EC0DA0201009044
:10319000E3A3019142183D91E103132AE00314AA2D
:1031A00004018052F53700F938230094390BC05AD6
:1031B00002010090E3A3019142203E91E103132A12
:1031C000E00314AA84008052F96B00B92F23009405
:1031D000580100B4E00318AAF426009402010090FC
:1031E00004040011E30318AA42DC1891E103132A36
:1031F000E00314AA25230094570100B4E00317AAA2
:10320000EA260094020100D004040011E30317AA87
:1032100042380791E103132AE00314AA1B23009408
:1032200056F7FFB4E00316AAE0260094E30316AABB
:1032300004040011E103132AE00314AA0201009020
:10324000421C129111230094B0FFFF17A00600B496
:10325000FD7BBBA9E2098252FD030091F35301A952
:103260003400020BF30300AAF51300F97D1F00944C
:10327000F503002A010080523F00156B6B000054DB
:10328000020080520D000014E3230191E20301913A
:10329000E00313AAE13F00B9651F0094E02340F961
:1032A000E13F40B97F0200EBC1020054E00313AAE2
:1032B000B322009422008052600E40B9632E0012A7
:1032C000612240B97400140B0008C05A2108C05A8A
:1032D0000000010B9402000B944E14129402034B55
:1032E000800AC05A600600B902010035E003142AC2
:1032F000F51340F9F35341A9FD7BC5A8C0035FD680
:1033000021040011DDFFFF17E203142AE10313AAD1
:10331000E00313AA7F220094A0FEFF36F5FFFF17FB
:1033200000008052C0035FD6FD7BACA9FD03009175
:10333000F55B02A9F60300AAF50307AAE0030391CF
:10334000F35301A9F40305AAF76303A9F96B04A9D0
:10335000F90307AA1A008052FB7305A91B0080120B
:103360001C008052E67700B9E18F08A90100805265
:10337000E2131329021080D2BC260094D30A40B96C
:10338000E04381B9730AC05ABF020039FBFF0D291F
:10339000E03F00F9A0060091E04300F9FFBB00B94F
:1033A000F8BB40B9E2E30291E00316AAE103182A50
:1033B0002A1E0094F703002AE07340B91F00007131
:1033C000E41A497AC1170054FF0E00710009005435
:1033D000E3BB40B928010054FF060071C00C005443
:1033E000FF0A0071E013005400008052070000142F
:1033F000F86F00B9EBFFFF17FF120071600B00546C
:10340000FF260071E0179F1AE16F40B91F0000719D
:103410002018413AC1140054E17740B95F030071AC
:103420004013417A8C01005442070051497C7D933E
:1034300081CE228B896A69B8210440B92101010B30
:103440002100134B3F00186B610000543801134BEF
:10345000FA03022A1F000071040B413A8001005454
:10346000E07740B95F03006BEA000054417F7D9331
:1034700080CE3A8B0203130B6800184B826A21B886
:10348000080400B95A07001118008012FF260071C5
:1034900001FBFF54C12640B9E0BB40B92108C05A26
:1034A0001F00016BC1100054E17740B95F03016B4D
:1034B000AA010054417F7D9382CE3A8B1303130BF4
:1034C0000000184B936A21B8E14B41B9400400B9A0
:1034D000A1000034C12240B92108C05A0000010BEC
:1034E000400400B9400700110C000014E103182A41
:1034F000020080D2E00316AA891F0094010840B997
:10350000E00316AA2108C05AC71E0094E10300AACE
:10351000400200B540018012F35341A9F55B42A976
:10352000F76343A9F96B44A9FB7345A9FD7BD4A8B4
:10353000C0035FD6E04B40F9007862F8E2070AA9C1
:10354000FA250094E2074AA9420400918000003560
:10355000E303182AADFFFF17020080D2E09F40B9B5
:103560001F00026B8CFEFF549F070071E0D79F1A6B
:10357000F8FFFF177B0700117F830071C0FCFF5429
:10358000E2F30291E103182AE00316AAE3A300B9CB
:10359000C41E0094E3A340B97B000035010040390C
:1035A000E1080035E2BF80B9210315CB4208009144
:1035B0004200018BE13F40F95F0001EBCA07005474
:1035C000E14340F93F0301EBA0000054E50319AAD1
:1035D000E1058052A1140038F90305AAE10300AA0D
:1035E000E00319AAE3A300B9CA250094E0BF80B99B
:1035F0009F070071E3A340B9020080D23903008B1A
:10360000E00303916310981A1CD83BB8E09B40B9C3
:103610001F00026B8C000054FC010035E303182AE4
:1036200072FFFF17E04740F9E10315AAE25300F9E2
:10363000E3AB00B9007862F8BC250094E25340F98E
:10364000E3AB40B94204009120FEFF355C0080529C
:10365000020000149C070051E0031C2A6BFFFF17B7
:10366000BBF5FF37E00303916107005102D87BB837
:103670003F0315EB8900005420FF5F381FBC007129
:1036800081FFFF54E07340B9FB03012A3F03003977
:103690001F0000712408413AE0179F1AE07300B937
:1036A000E0031C2AFC03022A58FFFF17F86F40B9F9
:1036B00069FFFF174000801298FFFF17600180121A
:1036C00096FFFF17FD7BBDA9FD030091F35301A9F0
:1036D000F30303AAF40302AAE3B300913E1F00948C
:1036E000E00100B4E42F40B9020080D2010080D292
:1036F000857C02135F0005EBA10100549F2000713F
:1037000009020054FF8341EBC00100540001009006
:10371000E10314AA00303D910C2B009400008012AC
:10372000F35341A9FD7BC3A8C0035FD6037862B8F9
:10373000420400916308C05A618001AAEEFFFF179E
:1037400000008052610200F9F6FFFF17FD7BBDA962
:10375000FD030091E3B30091F30B00F9F30302AA18
:10376000020100D0423807911B1F0094000100B4F1
:103770007DFDFF97E103002A0000805261020039BD
:10378000F30B40F9FD7BC3A8C0035FD6E11F805255
:1037900000008012FAFFFF17E30302AA0201009063
:1037A00042DC1D91C8FFFF17E30302AA020100904B
:1037B00042183D91C4FFFF17FD7BBDA9FD03009199
:1037C000F35301A9F40302AAF30303AA020100B010
:1037D000E3B3009142B42091FF1E0094800200F9EF
:1037E000E00000B4E12F80B900008052610200F9CE
:1037F000F35341A9FD7BC3A8C0035FD6010080D26B
:1038000000008012FAFFFF17FD7BBEA9030080D2E3
:10381000FD030091F30B00F9F30302AA02010090EB
:1038200042A43D91EC1E0094000100B4000040B998
:103830000008C05A600200B900008052F30B40F942
:10384000FD7BC2A8C0035FD620008012FCFFFF17DB
:10385000FD7BBEA9030080D2FD030091F30B00F9AC
:10386000F30302AA0201009042D43D91DA1E0094B3
:10387000000100B4000040B90008C05A600200B95D
:1038800000008052F30B40F9FD7BC2A8C0035FD655
:1038900020008012FCFFFF17FD7BBEA9030080D231
:1038A000FD030091F30B00F9F30302AA020100905B
:1038B000420C3E91C81E0094000100B4000040B9C3
:1038C0000008C05A600200B900008052F30B40F9B2
:1038D000FD7BC2A8C0035FD620008012FCFFFF174B
:1038E000FD7BBDA9FD030091E3B30091F30B00F94B
:1038F000F30302AA0201009042343E91B61E0094E6
:103900001F0000F1600200F9E0139F5AF30B40F929
:10391000FD7BC3A8C0035FD6FD7BBDA9FD0300915D
:10392000F35301A9F40302AAF30303AA020100B0AE
:10393000E3B3009142FC0091A71E0094800200F9BD
:10394000E00000B4E12F40B900008052610200B9EC
:10395000F35341A9FD7BC3A8C0035FD60100805289
:1039600000008012FAFFFF17FD7BBCA9FD03009148
:10397000F35301A9F40300AAF30304AAE00302AA83
:10398000F55B02A9F503012AF60303AAE1E300911E
:10399000300A00940002F837E01F40F9E20316AA4B
:1039A000E103152A040840F9031840B9E00314AAFA
:1039B00080003FD6E01F40F9000840B9600200B91E
:1039C00000008052F35341A9F55B42A9FD7BC4A8D6
:1039D000C0035FD600008012FBFFFF17FD7BAFA97D
:1039E000FD030091E5B30191F96B04A9F90303AA62
:1039F000030100D063300A91F55B02A9F50304AA24
:103A0000E33F00F923008052E40302AAFA03012AEB
:103A1000E20319AAF35301A9F40300AAF76303A967
:103A2000FB7305A9E36F00B9E30315AA60020094D4
:103A3000A0030034000100901300805200483E9122
:103A4000E03F00F9F53F40F9E103132A020080D27C
:103A5000E00314AA931D0094F30300AAE1031A2AB9
:103A6000020080D2E00314AA8E1D0094E20313AA80
:103A7000E30300AAE10315AA000100B0009C019134
:103A8000322A009400008052F35341A9F55B42A909
:103A9000F76343A9F96B44A9FB7345A9FD7BD1A842
:103AA000C0035FD6E1031A2AE00314AA160100B08E
:103AB00017010090E81C0094D6660791F303002AD2
:103AC000F7B23E911C0100B0F300F8367F220031BE
:103AD000641A4B3A810D0054000100B0002C019192
:103AE00015000014E103132A020080D2E00314AA97
:103AF0006C1D0094F80300AAE00316AAAB240094FE
:103B0000E20300AAE10316AAE00318AA9024009495
:103B100000090035E2030291E103132AE00314AA2D
:103B2000FF3F00F96FFFFF97A000003400010090F5
:103B300000D83E91E03F00F9C3FFFF17FB4340F977
:103B4000000100B000741291E1031BAAFF29009448
:103B500002010090E3430291424C3F91E103132A9A
:103B6000E00314AA1C1E0094000200B4E19340B9C3
:103B70003F100071A1010054000040B96001003401
:103B80000001009000803F91F0290094801701917E
:103B900060050094E103132AE00314AABB1C0094FF
:103BA000F303002AC9FFFF17E3D30191E223029137
:103BB000E103132AE00314AA58FFFF9780000034A2
:103BC0000001009000A83F91DBFFFF17F83F039131
:103BD000E4C3019103E77A92E2031BAAE103152AE9
:103BE000E00319AA61FFFF9780000034000100B0D4
:103BF00000200091D0FFFF17E2034E295F00006B09
:103C000080000054000100B0008C0091CAFFFF1733
:103C1000E14740F9427C409300E77A92DF24009428
:103C200060FBFF34000100B000D80091C2FFFF1715
:103C3000E06F40B900FBFF34E00317AA5B24009457
:103C4000E10317AAE20300AAE00318AA40240094A3
:103C500020FAFF35440A40F9E6E30191E30315AA8F
:103C6000E20319AAE103132AE00314AA0500801253
:103C70009F010094C0F8FF34000100B000200191C2
:103C8000C4FFFF172000805280FFFF17FD7BBDA9F6
:103C9000FD030091F35301A93401009094021691A1
:103CA000F55B02A9F60300AA130080D260EA7BD379
:103CB000956A60F8E00315AA3C240094E10316AA73
:103CC000E20300AAE00315AA212400946001003554
:103CD000E00315AA35240094C06A60381FB0007153
:103CE000C10000548016138BF35341A9F55B42A920
:103CF000FD7BC3A8C0035FD660060091330080D26D
:103D00001F0800F141FDFF54000080D2F7FFFF17AC
:103D1000FD7BBDA981058052FD030091F35301A9EC
:103D200018240094C00000B5130080D2E00313AA49
:103D3000F35341A9FD7BC3A8C0035FD601040091E2
:103D4000330100D0340100D0738205919462079151
:103D50007F0214EBA2FEFF54600240F9E11700F964
:103D6000F223009440FEFF34E11740F973A2009162
:103D7000F8FFFF17FD7BBDA9FD030091F35301A9D7
:103D8000C00000B5130080D2E00313AAF35341A989
:103D9000FD7BC3A8C0035FD6E10300AA330100D0B6
:103DA000340100D073023E9194423E917F0214EBA5
:103DB000A2FEFF54600240F9E11700F9DB230094F2
:103DC00040FEFF34E11740F973420091F8FFFF17FE
:103DD000FD7BBAA9FD030091F35301A9F30300AAE7
:103DE000F55B02A9F50301AAF76303A9F80305AA85
:103DF000F96B04A9200440B90100A2520008C05A7E
:103E00001F00016B89010054000100B03600805290
:103E100000B80291A00000F9F35341A9E003162A6B
:103E2000F55B42A9F76343A9F96B44A9FD7BC6A8DA
:103E3000C0035FD6F703022AFA0303AAF903042A90
:103E4000E2630191E103172AE00315AAA5FEFF979B
:103E5000F603002AC00000340001009000D83E9113
:103E600016008012000300F9ECFFFF17E103172A88
:103E7000E00315AA030080D2020100B0420C0391B6
:103E8000551D0094F40300AA600000B5140100B0B1
:103E900094960291020F80D201008052E00313AA8F
:103EA000F2230094E103172A030080D2E00315AA4D
:103EB000020100B0422C0391471D0094600600F9F6
:103EC000E02F40F9750E00F9772200B9601600F96D
:103ED0006FFFFF97601A00F9E02F40F98DFFFF9701
:103EE000602200F9E00314AAA3FFFF97601E00F907
:103EF000620640F97A2600F9E12F40F9795200B9BB
:103F0000000100B00064039110290094601A40F988
:103F1000600000B4602240F900F8FFB5000100B075
:103F2000007C0391CFFFFF17A30000B4E40303AAB2
:103F3000050080525F00056B6C000054E00303AA8B
:103F4000C0035FD6260080B9A5040011212000918E
:103F5000844000910600068B86001FF826C05FB8DB
:103F600086801FB8F4FFFF17FD7BA4A9FD03009115
:103F7000F35301A9F40305AAF30303AAF55B02A90D
:103F8000F50300AAF603012AF76303A9E103022A55
:103F9000F703042AF96B04A9020080D2FB7305A978
:103FA000FF4300D13F1C00949F0200F9E50314AACF
:103FB000E403172AE30313AAE203162AE10315AA6E
:103FC000A03700F9A003029182FFFF97600100353E
:103FD000A3C30191A2E30191E103162AE00315AA0C
:103FE0004EFEFF97F803002AA00100340001009064
:103FF00000A83F91800200F900008012BF030091E9
:10400000F35341A9F55B42A9F76343A9F96B44A9AE
:10401000FB7345A9FD7BDCA8C0035FD6A3D3019148
:10402000E103162AE00315AA0201009042EC039175
:10403000E91C0094F30300AA600100B4B97780B9C9
:104040001900198BE00313AA1C0080523F0300EBF8
:10405000E80000545C01003500010090002004914C
:10406000E5FFFF17190080D2F7FFFF170114403852
:104070003F0000719C179C1AF5FFFF17530100B415
:10408000A07740B91F000071ED00005400040051FA
:1040900060CA6038800000340001009000A00491E4
:1040A000D5FFFF179F9301718D0000540001009010
:1040B00000580591D0FFFF17807F7D93003C009151
:1040C00001BC7092E16321CBFF6321EB80000054BF
:1040D000FF4340D1FF0302F9FCFFFF17002C7C9245
:1040E000FF6320CBFF0300F91F0010F143000054D1
:1040F000FF0302F91A010090F74300915AF7059166
:104100001B0080523F0313EBA80000547B030035D3
:104110000001009000340691B7FFFF17F3DA38F87A
:10412000E0031AAA21230094E20300AAE10313AAE0
:10413000E0031AAA0623009440010035603E40398E
:104140001FBC0071E1000054A13740F960420091AA
:10415000F62200941F000071601B407AFB079F1A33
:10416000E00313AA11230094000400911807001122
:104170007302008BE4FFFF17E6008052867F061B68
:10418000C0500011007C7D93003C009101BC7092F6
:10419000E16321CBFF6321EB80000054FF4340D15A
:1041A000FF0302F9FCFFFF17002C7C92FF6320CB7A
:1041B000FF0300F91F0010F143000054FF0302F950
:1041C00000198052E00300B9FF0B00B9F8430091D9
:1041D000D94C0011A7E30391E603192AE50318AAB5
:1041E000E2031C2AE10317AAE00315AA8400805207
:1041F000E30000B0636026914CFCFF97F303002AB4
:104200008000F8360001009000C406917AFFFF1785
:1042100080000035000100900038079176FFFF17FD
:104220003F03006B8C000054000100900078079160
:1042300071FFFF1702010090E103162A42D0079197
:10424000E00315AA030080D2631C0094400100B46F
:10425000627E7DD3A10E40B90303028B7306001169
:104260002108C05A016B22B8000440B90008C05AA6
:10427000600400B9607E7CD301BC7092E16321CB05
:10428000FF6321EB80000054FF4340D1FF0302F99C
:10429000FCFFFF17003C4092FF6320CBFF0300F9B7
:1042A0001F0010F143000054FF0302F9E3430091A3
:1042B000E10318AAE203132AE00315AA1BFFFF97E4
:1042C000A06340F9E1430091A33F40F9051040F994
:1042D000A0030291A47340B9A0003FD600E9FF34C7
:1042E00000010090000C089143FFFF17FD7BB2A96D
:1042F000FD030091DF0000F9F35301A9F40303AAC1
:10430000F30306AAE30304AAE403052AE50306AAC5
:10431000F55B02A9F60300AAF50302AAE203012A4B
:10432000F71B00F9F703012AE10300AAE0A30191BA
:10433000A8FEFF9740010035E3330191E24301916C
:10434000E103172AE00316AA74FDFF974001003429
:10435000E00000F000A83F91600200F90000801228
:10436000F71B40F9F35341A9F55B42A9FD7BCEA8A9
:10437000C0035FD6E05740F9F52F00F9E32B40F971
:10438000F46300B9051040F9E1630191E44F40B9CD
:10439000E0A3019122008052A0003FD620FEFF340E
:1043A00000010090000C0891ECFFFF17FD7BB7A9FE
:1043B000FD030091F35301A9F40300AA20008052E9
:1043C000F55B02A9F60000F0D6B23E91F76303A9AF
:1043D000F50304AAF70305AAF96B04A9F903012A56
:1043E00001008052FB7305A9A00000B9E00304AAF4
:1043F000E28F06A9E20316AA6C1B0094A001F8370D
:10440000E103002AE00315AA931A0094F303002A9B
:10441000000100901CB00891000100901B20019148
:1044200018008052B300F83658000034FF0200B97B
:10443000000080522D000014E2031CAAE103132A9D
:10444000E00315AA030080D2E31B0094E00900B446
:10445000E10000F021EC2491342200946009003541
:10446000E103192AE00314AA7B1A0094FA03002A34
:10447000A004F8361F20003104184B3A41020054C2
:1044800016010090D62E0191E1031A2A020080D273
:10449000E00314AA031B0094E103192AF70300AAFE
:1044A000020080D2E00314AAFE1A0094E30300AADB
:1044B000E20317AA00010090E10316AA009C0191F3
:1044C000A2270094020080D2E103132AE00315AA78
:1044D000F41A0094E10300AA0001009000D40891AE
:1044E0009A27009400008012F35341A9F55B42A97A
:1044F000F76343A9F96B44A9FB7345A9FD7BC9A8E0
:10450000C0035FD6020080D2E1031A2AE00314AA96
:10451000E41A009401088052E03F00F91922009447
:10452000E00300B5E00316AA20220094E20300AAEB
:10453000E10316AAE03F40F905220094600100352E
:10454000E28F46A9E6230291E40315AAE1031A2AA1
:10455000E00314AA0500801265FFFF97E000003415
:10456000E0031BAAEB020094E1031A2AE00314AA59
:10457000461A0094BEFFFF171807001100010090B3
:1045800000140191E3020094E103132AE00315AA49
:104590003E1A0094F303002AA3FFFF1716010090B0
:1045A000D65E0891B9FFFF17FD7BB8A9020080D243
:1045B000FD030091F35301A9F55B02A9F50300AADD
:1045C000F76303A9F96B04A9FA03012AFB7305A990
:1045D000540A40F9B31A009401088052F30300AA68
:1045E000E8210094E00000B400010090E10313AA68
:1045F000007C099155270094000080120A000014E5
:10460000F60000F0D6B23E91E20316AAE00314AA27
:1046100001008052E51A0094F303002A2001F836C5
:1046200000008052F35341A9F55B42A9F76343A907
:10463000F96B44A9FB7345A9FD7BC8A8C0035FD6ED
:10464000E103002A02010090E00314AA42140A9137
:10465000030080D2601B0094A00800B4E10000F0C9
:1046600021781991B12100941F000071F9079F1A58
:10467000E103132AE00314AAF7190094F303002AB4
:104680000001009000B0089118008052170080527D
:10469000E03300F90001009000200191E03700F9BB
:1046A000930AF837E23340F9E103132AE00314AA2E
:1046B000030080D2481B0094A00A00B401010090BE
:1046C000214C0A9199210094200A003500010090A4
:1046D00000600A9118070011E1031A2AE03F00F96F
:1046E000E00315AADC190094FC03002A4004F83604
:1046F0001F20003104184B3A810000540001009043
:10470000002C0191E03F00F9FB3F40F9E1031C2A36
:10471000020080D2E00315AA621A0094FC0300AAEA
:10472000E1031A2A020080D2E00315AA5D1A009460
:10473000E2031CAAE30300AAE1031BAA0001009004
:1047400000D40A910127009439060034E103132AAA
:10475000E00314AA020080D2521A0094E10300AAD6
:104760000001009000D40891A3FFFF173900805288
:10477000C0FFFF17E1031C2A020080D2E00315AA44
:10478000481A0094FB0300AAE00316AA87210094AC
:10479000E20300AAE10316AAE0031BAA6C2100941D
:1047A00060010035E5E30191E403132AE30314AA51
:1047B000E2031A2AE1031C2AE00315AAEBFDFF9786
:1047C000E0000034E03740F952020094E1031C2A73
:1047D000E00315AAAD190094C4FFFF170001009073
:1047E000F7060011001401914A02009419010035E6
:1047F0001F030071E01A407A41F1FF54000100905C
:1048000000A00B91D12600947CFFFF17E103132A2F
:10481000E00314AA9D190094F303002AA1FFFF17D7
:10482000FD7BBBA90101009021F40591FD030091DE
:10483000F35301A9F55B02A9F50300AAF76303A9E5
:10484000641B0094A003F837E33301910201009048
:1048500042740C91F303002AE103002AE00315AA35
:10486000DD1A009416010090E103132AF70300AA51
:10487000D6960C91E00315AA77190094F303002A49
:1048800034008012D301F837E3330191E20316AA12
:10489000E103132AE00315AACF1A0094F80300AA33
:1048A000A00100B5E10000D00001009021B02C91E2
:1048B00000C40C91A5260094B4028012F55B42A9B5
:1048C000E003142AF35341A9F76343A9FD7BC5A86C
:1048D000C0035FD6570100B4020080D2E103132A5F
:1048E000E00315AAEF190094E10300AAE00317AA58
:1048F0000E2100941F0000719412931AE00318AA6D
:1049000010EEFF97C0000034E103132AE00315AA5C
:104910005E190094F303002ADBFFFF17F403132A48
:10492000E7FFFF17220C4039240440B9230C40391B
:10493000210000CB4200040B210400D14200038B74
:104940004200018B011C4039200080520020C11A16
:1049500000040051007C4093420000AA400003CBB9
:1049600000040091C0035FD6FD7BBBA95F0000710E
:1049700024008052FD030091F35301A9F55B02A9C5
:10498000F503002A60008052F76303A94210801AE1
:10499000F60303AA549640F99820C21A8420C21A3A
:1049A000F703012A93220091800A40B90000138B7B
:1049B000030400D16300048BE40304CB6300048A86
:1049C000610000EB20010054E323019121200051FC
:1049D0000200805200008052E4FFFF97C0020035C1
:1049E000800A40B90000138BF30600517302180BC4
:1049F000F803184B7302180A737E4093730214CBAA
:104A00007302008B800E40B91F0013EBE2010054CB
:104A1000E103172A0001009000540D914B260094E9
:104A2000810A41290001009000C80D914726009499
:104A300060038012F35341A9F55B42A9F76343A9D0
:104A4000FD7BC5A8C0035FD6800A40B9B502053218
:104A5000E203172A010080529802008B956A20B861
:104A6000B57E1853170700B90003158BFF2000947B
:104A7000930A00B900008052D80200F9EEFFFF1738
:104A8000459640F9A50300B4A1184039A20840B9E1
:104A90005F00016B29030054E703002AA140218B2A
:104AA000E603022AC10200B4200040B9005C0012F3
:104AB0001F00076B40020054FD7BBFA9FD0300915E
:104AC00005000014200040B9005C00121F00076BB5
:104AD000E0000054E00305AA93FFFF971F0006EBD8
:104AE00022010054A100008BE1FEFFB5E00301AA02
:104AF000FD7BC1A8C0035FD6010080D2E00301AAFC
:104B0000C0035FD6010080D2F9FFFF17FD7BBDA96E
:104B1000E903002AE803022AFD030091EA03032ABD
:104B2000F30B00F9F30301AAD6FFFF97E01700F992
:104B3000C00100B4E8000035E01740F9600200F958
:104B400000008052F30B40F9FD7BC3A8C0035FD681
:104B5000010440B93F00086B00FFFF54600200F9F8
:104B600080038012F8FFFF17E3A30091E2030A2AF3
:104B7000E103082AE003092A7CFFFF97E0FDFF34E8
:104B8000F1FFFF17FD7BBFA9E80301AAFD03009118
:104B9000BCFFFF97A00000B4010440B9010100B9B7
:104BA000010C40390000018BFD7BC1A8C0035FD61A
:104BB000FD7BBEA9E903012AFD030091E173009189
:104BC000F1FFFF9789000034E11F40B93F00096BF6
:104BD00000009F9AFD7BC2A8C0035FD6FD7BBEA9E3
:104BE000E203012A03008052FD030091E16300917A
:104BF000C7FFFF97C0000035E00F40F9010C4039B6
:104C00000000018BFD7BC2A8C0035FD6000080D2EC
:104C1000FDFFFF173F5C007169040054FD7BBDA9D7
:104C2000FD030091F35301A9F30300AAF55B02A968
:104C30001F0840F2C1030054F403032AF503012ABC
:104C4000F603022A01008052020380D287200094DA
:104C5000200080526016003900038052601A00392B
:104C6000602196529F020071E041A972600200B972
:104C7000000380527F120039605601296000805283
:104C80009412801A741E0039761200B90000805206
:104C9000539600F9F35341A9F55B42A9FD7BC3A8E4
:104CA000C0035FD660038012C0035FD6A0018012EC
:104CB000F9FFFF17FD7BBEA9FD030091F30B00F97F
:104CC000F30300AA020040B960219652E041A972A4
:104CD0005F00006B81040054601640391F040071AE
:104CE000A1030054600E40B9A003003461000034F9
:104CF0001F00016B48030054610A40B91F00016B9B
:104D000023030054601A40391F600071C10200542F
:104D1000E00313AAB9200094611240392000000B6F
:104D2000021C00123F00206B0001005400010090A3
:104D3000003C0E918525009480008012F30B40F911
:104D4000FD7BC2A8C0035FD600008052539600F9D5
:104D5000FBFFFF17800B8012F9FFFF174003801243
:104D6000F7FFFF1720008012F5FFFF17FD7BBEA99C
:104D7000FD030091F30B00F9539640F9E00313AAE9
:104D8000610A40B99D200094611240392100000B56
:104D90006112003900008052F30B40F9FD7BC2A87C
:104DA000C0035FD6409640F9C0035FD6FD7BBEA925
:104DB000FD030091E0630091FF0F00F95FF2FF97A0
:104DC000E0000035401A40F9000069B2401A00F9CD
:104DD00000008052FD7BC2A8C0035FD6010084D2D0
:104DE00022008012E100A0F20001009000880E91E4
:104DF000E10F00F955250094E00F40F903008052BF
:104E0000020080520100825283FFFF9740FEFF356F
:104E1000EDFFFF17401A40F94000B837E4FFFF17D5
:104E200000008052C0035FD6FD7BBDA93F0000F1AA
:104E3000FD030091F30B00F9F30300AA602196D261
:104E4000E041A9F22000C0F2400040FA8101005484
:104E5000E00303AA0100805297FFFF97E903002AAD
:104E600000010035E1B300912000805246FFFF971A
:104E70001F0013EB600000545F9600F98900801258
:104E8000F30B40F9E003092AFD7BC3A8C0035FD6FA
:104E9000010040F93F1440F2A1000054010041A973
:104EA0003F0000EBE0179F1AC0035FD6000080525E
:104EB000FEFFFF17FD7BBEA9FD030091F35301A97F
:104EC000F30300AAF40304AA010400A9810400D199
:104ED0002100028B032000B92108C49A217C049B85
:104EE000020401A9A0003FD660010035610E40F91F
:104EF000E00314AA6B030094600600F9000200B4FA
:104F0000612240B981000036610240F9620A40F92D
:104F1000F11F0094610E40F9600640F921FC0091F8
:104F200021E47A922100008B01F2FF970000805269
:104F3000F35341A9FD7BC2A8C0035FD66001801274
:104F4000FCFFFF1705000090040880D2A5403A91AD
:104F5000D9FFFF17FD7BBEA9FD030091F30B00F9FC
:104F6000F30300AA002040B9E0000836610E40F9C2
:104F7000600640F921FC009121E47A922100008B27
:104F8000EAF1FF97600640A93F0000EBE000005403
:104F9000622240B962000836620A40F9CE1F0094CE
:104FA000600640F9F8000094F30B40F900008052CD
:104FB000FD7BC2A8C0035FD6427640F90201F8B774
:104FC00043040091437600F9030086D24108C39A56
:104FD0002188039B21B8419120000039C0035FD68E
:104FE000E40300AA407640F94000F8B6C0035FD65B
:104FF0008000403940000035C0035FD6FD7BBFA96B
:10500000FD03009184040091ECFFFF97800040397C
:10501000A0FFFF35FD7BC1A8C0035FD6C2F74FF0EC
:1050200042A0079140D860F8022040F9F00302AA9C
:1050300000021FD6FD7BBDA9FD030091F35301A91A
:10504000F51300F9351C0012411A40F941030836E6
:10505000F303002AC0F74FF000A00791F40302AA5F
:1050600000D873F8010040B9A1011036003040F9B2
:10507000613000941FBC0171E0179F1ABF02006BE2
:10508000A1010054F51340F9E10314AAE003132A27
:10509000F35341A9FD7BC3A8E1FFFF170020009156
:1050A000010100B021300191201F00941F00007108
:1050B000F2FFFF17F51340F9F35341A9FD7BC3A895
:1050C000C0035FD6520200B4E103002A401A40F93F
:1050D0006000D837E003012AB8FFFF17C000083688
:1050E000C0F74FF000F840F9021C40F9F00302AAA3
:1050F00000021FD6FD7BBFA9E003012AFD0300913A
:10510000AEFFFF97FD7BC1A8AB560014C0035FD66E
:10511000F20100B4421A40F94200D837B1FFFF173C
:10512000E10300AA6200083620008052BCFFFF178E
:10513000FD7BBFA9E50300AAFD030091A9FFFF972E
:10514000FD7BC1A8E00305AAA0560014C0035FD6EA
:105150000C0686D2FF632CCB050086D2E40312AA8C
:10516000E2A30091030080D2FD7B00A9FD03009122
:10517000F30B00F9537640F97F0205EB73A2859A91
:10518000730E40D1817440F93F0013EBCC01005401
:105190005F68233801008092817400F91F04007158
:1051A00020020054E00302AADAFFFF97537600F9C9
:1051B0000C0686D2F30B40F9FD7B40A9FF632C8BD4
:1051C000C0035FD6610AC59A21CC059B7306009186
:1051D00021B841912100403941682338630400918E
:1051E000E9FFFF170100805293FFFF97F0FFFF17C1
:1051F000FD7BBFA9FD030091401A40F9000065B294
:10520000401A00F900008052D2FFFF970000805240
:10521000FD7BC1A8C0035FD6FD7BBDA9C1F74FF0E0
:10522000FD030091F51300F9D5F74FF0F35301A9F1
:10523000B3EA40F921F040F91400138B3F0014EB5E
:1052400008020054C1F74FF021EC40F93F0014EB85
:1052500083010054A000F8B6E20300CB01008052A5
:10526000E00314AA011F0094E00313AAB4EA00F9B2
:10527000F51340F9F35341A9FD7BC3A8C0035FD6E2
:1052800000008092FBFFFF17C2F74FF00400018B74
:1052900040F000F9C2F74FF044EC00F9C2F74FF0CC
:1052A00040E800F9E20301AA01008052EF1E001459
:1052B000FD7BBDA9FD030091F51300F9150100D098
:1052C000B5421791F35301A9A10A40F9340440F9FA
:1052D00094F67E92937E3F91730200CB73CE7492CC
:1052E000730640D17FFE3FF10D030054000080D2D1
:1052F000CAFFFF97A10A40F92100148B1F0001EBA0
:1053000041020054E00313CBC4FFFF971F0400B118
:1053100061020054000080D2C0FFFF97A20A40F94A
:10532000010002CB3F7C00F10D010054030100D0CD
:10533000210040B2410400F963E042F9000003CBD0
:10534000C3F74FF0608C01B900008052F51340F9AB
:10535000F35341A9FD7BC3A8C0035FD6A00A40F95F
:10536000C1F74FF0940213CB940240B2140400F939
:10537000208C41B90000134B208C01B920008052D1
:10538000F3FFFF17411A40F9E1094836C00900B49C
:1053900006805FF8034000D1040100D084401791DB
:1053A000C1F87F92C60040926500018B870840F9E2
:1053B000A20440F942F47E92BF0007EB6102005460
:1053C0002200028BE60000B500005FF8630000CB0E
:1053D0004200008B610041A9200C00F9010800F98E
:1053E000400040B2600400F9000100D0830800F9D9
:1053F00000E442F95F0000EB63060054C0F74FF091
:1054000000E440F9ABFFFF17A20400F9860100B5E4
:1054100000005FF8060100D0C6801791630000CB42
:105420002100008B600840F91F0006EBE0040054E7
:10543000660C40F9060C00F9C00800F90000805223
:10544000A600028BC60440F9660100372100028BDA
:10545000A20840F9E0030035060100D0C68017918C
:105460005F0006EB61030054830C02A92000805208
:10547000620801A9220040B2620400F9616821F8C3
:10548000200200353FFC07F1C802005421FC43D341
:1054900022008052207C0213210400114220C01AF5
:1054A00021787CD3800440F98100018B000002AA9E
:1054B000800400F920045FF8600401A9230800F9C2
:1054C000030C00F9C0035FD620008052DDFFFF17F8
:1054D000A50C40F9450C00F9A20800F9E6FFFF17FA
:1054E00022FC49D33FFC27F16802005420FC46D33C
:1054F00000E000110204001142787CD38200028B8C
:1055000045045FF85F0005EB41040054007C021382
:10551000210080522120C01A800440F9000001AA15
:10552000800400F9650801A9430800F9A30C00F9FB
:10553000E5FFFF175F5000F168000054406C011157
:10554000EDFFFF175F5001F18800005420FC4CD3A1
:1055500000B80111E8FFFF175F5005F18800005403
:1055600020FC4FD300DC0111E3FFFF1720FC52D3D6
:105570005F5415F100F00111C20F80520030821A01
:10558000DDFFFF17A50840F95F0005EBA000005400
:10559000A00440F900F47E923F0000EB43FFFF546B
:1055A000A20C40F9E0FFFF17411A40F941004837CB
:1055B00042020014C1F74FF0C2F74FF021F040F95A
:1055C00042EC40F9210002AA410100B5000080D25E
:1055D000C0035FD6000080D2F35341A9F55B42A916
:1055E000F76343A9F96B44A9FD7BC5A8C0035FD647
:1055F0001F0050F1C8FEFF54FD7BBBA9FD030091C5
:10560000F35301A9145C00919FBA00F1F55B02A964
:10561000160100D0D6421791F76303A9F96B04A9CC
:105620004903005494EE7C929FDE07F1A8050054D4
:1056300081FE43D32204001142787CD3C202028B44
:10564000434000D1400440F91F0003EB81000054A7
:10565000400C40F95F0000EBC0010054018C40A9F0
:10566000020C40F921F47E92620C00F90100018BDA
:10567000430800F9220440F9420040B2220400F934
:1056800000400091D5FFFF17140480D2E9FFFF17F7
:1056900021080011C01240F9050100D0A580179122
:1056A0001F0005EB200B0054020440F942F47E92E7
:1056B000430014CB7F7C00F1AD0700540100148B34
:1056C000940240B2140400F9640040B2C10602A979
:1056D000249400A9250C00F9036822F8E9FFFF17BC
:1056E00080FE49D3400400B41F1000F1880100542B
:1056F00081FE46D321E0001125040011A3787CD35C
:10570000C302038B634000D1600C40F91F0003EB20
:1057100021030054E103052ADFFFFF171F5000F1AA
:1057200068000054016C0111F4FFFF171F5001F1D4
:105730008800005481FE4CD321B80111EFFFFF1700
:105740001F5005F18800005481FE4FD321DC011168
:10575000EAFFFF1781FE52D31F5415F121F001110A
:10576000C00F80522130801AE4FFFF17E1078052FA
:10577000E2FFFF17020440F942F47E92460014CB88
:10578000DF7C00F18CF8FF54040C40F9C600F8B738
:10579000010840F9240C00F9810800F90100028B8E
:1057A000B5FFFF17E00304AAD9FFFF17C51602A92A
:1057B000C300F8B70200028B410440F9210040B257
:1057C000410400F9AFFFFF17C70640F95FFC07F17E
:1057D000080C005442FC43D323008052447C021343
:1057E0004204001142787CD36320C41AC202028BA7
:1057F000630007AAC30600F943045FF8030801A980
:10580000400800F9600C00F9207C0213220080524D
:105810004220C01AC00640F91F0002EBE303005407
:105820001F0002EAC100005421741E1242F87FD307
:10583000211000111F0002EAA0FFFF5423040011F1
:10584000E603012A63781F53C3CE238B634000D144
:10585000E70303AAE00C40F91F0007EBC10D005459
:10586000C6040011E7400091DF0440F241FFFF54FD
:105870003F0440F281100054C00640F90000228A23
:10588000C00600F9C00640F942F87FD31F0002EBC2
:1058900043000054C21000B5D30A40F9780640F91D
:1058A00018F77E92000314CB1F7C00F1AC15005456
:1058B000C0F74FF01A0100D015E440F940E342F977
:1058C0009502158B1F0400B1610F0054B582009141
:1058D000E00315AA51FEFF97F70300AA1F0400B1C9
:1058E000401300546102188B3F0000EB6900005424
:1058F0007F0216EBA1120054D9F74FF0208F41B967
:105900000000150B208F01B93F0017EBC10D0054AB
:10591000C00A40F91503158BB50240B2150400F911
:10592000C1F74FF0208F81B922E040F91F0002EB50
:105930004900005420E000F9C1F74FF022DC40F9A3
:105940001F0002EB2910005420DC00F97F00001436
:1059500044FC49D35FFC27F14802005443FC46D382
:1059600063E000116404001184787CD3C402048BCA
:1059700086045FF89F0006EB21040054637C021349
:10598000220080524220C31A420007AAC20600F930
:10599000061001A9800800F9C00C00F99BFFFF1751
:1059A0009F5000F168000054836C0111EEFFFF1757
:1059B0009F5001F18800005443FC4CD363B801119F
:1059C000E9FFFF179F5005F18800005443FC4FD3B7
:1059D00063DC0111E4FFFF1743FC52D39F5415F120
:1059E00063F00111C40F80526330841ADEFFFF1789
:1059F000C60840F99F0006EBA0000054C30440F91C
:105A000063F47E927F0002EB48FFFF54C40C40F920
:105A1000E0FFFF17040440F984F47E92880014CB61
:105A20001F7D00F1AD010054030841A90100148B52
:105A3000940240B2140400F9620C00F9430800F922
:105A4000020140B2C10602A9229400A9250C00F966
:105A5000086824F80BFFFF172801F8B70400048B2F
:105A6000810440F9210040B2810400F90204C1A977
:105A7000410C00F9220800F9D8FEFF17000C40F98C
:105A800076FFFF1760045FF8210400511F0003EB4D
:105A900000EFFF547CFFFF172110001142F87FD365
:105AA0001F0002EAA0FFFF5465FFFF17E103062A6B
:105AB000FCFFFF17E00382D2B502008BB5CE7492D3
:105AC00084FFFF1742E342F95F0400B1A1050054CF
:105AD00057E302F9E00E40F280000054010280D248
:105AE000200000CBF702008BF502158B000015CBD0
:105AF000B5FE3F91B5CE7492B502008BE00315AAB6
:105B0000C6FDFF971F0400B100020054218F41B968
:105B1000000017CB0000158BD70A00F92100150BE8
:105B2000000040B2218F01B9E00600F97F0216EBB8
:105B300080EFFF541F7F00F1C8020054C00A40F9F3
:105B4000210080D2010400F9D30A40F9600640F92F
:105B500000F47E92000014CB1F7C00F1CDD3FF54E3
:105B6000810240B27402148B610600F9000040B259
:105B7000D40A00F9800600F96042009197FEFF17F1
:105B8000E10201CB0000010B208F01B9D2FFFF170A
:105B9000600640F9186300D118EF7C92210180D291
:105BA00000004092000018AA600600F96002188BFD
:105BB000018480A91F7F00F149EBFF5460420091EE
:105BC000F1FDFF9757FFFF17FD7BBCA9027C019BEE
:105BD000FD030091F55B02A9F60300AA000100D0C5
:105BE000F35301A915F042F9E00302AAE21F00F9FC
:105BF000B40640F96DFEFF971605F8B7F30300AA47
:105C0000200300B4411A40F9E21F40F981004837EF
:105C100001008052951C00941300001401805FF86D
:105C2000034000D182F67E927F0015EB21F47E9234
:105C3000420041FA4230819A422000D15F2001F1B6
:105C400088FEFF545F9C00F1A90000541F7C00A94E
:105C50005FDC00F128010054004000911F7C00A986
:105C60001F0800F9F55B42A9E00313AAF35341A909
:105C7000FD7BC4A8C0035FD61F7C01A95F2001F192
:105C80006000005400800091F5FFFF1700C00091F4
:105C90001F7C3FA9F2FFFF17130080D2F2FFFF170E
:105CA000FD7BBCA9FD030091F35301A9F55B02A99B
:105CB000F71B00F93F0050F108060054421A40F962
:105CC000C2004837F71B40F9F35341A9F55B42A9DD
:105CD000FD7BC4A87B000014F40300AAF70301AA0B
:105CE0001F4000F1E8000054F71B40F9E00301AA4F
:105CF000F35341A9F55B42A9FD7BC4A82BFEFF1716
:105D0000000480D2215C00919F0200EB36EC7C9273
:105D10009422809A3FB800F1D682809A8002008B4C
:105D20000000168B21FEFF97E20300AA400300B596
:105D3000E00317AA1DFEFF971508D49AF30300AAE3
:105D4000B582149BD50100B48FFDFF97950215CB4A
:105D5000E002158B15FEFF97E20300AAE00000B4F5
:105D60000108D49A2180149B810201CBBF0201EB70
:105D70002201005484FDFF97130080D2F71B40F9E5
:105D8000E00313AAF35341A9F55B42A9FD7BC4A824
:105D9000C0035FD64008D49A534000D10088149BBA
:105DA000800300B4E003144B950600D15500158B19
:105DB000007C4093B502008AB54200D1A00213CB0B
:105DC0001F7C00F148000054B502148B610640F9B5
:105DD000A30213CB21F47E92210003CB200040B21A
:105DE000A102018BA00600F9200440F9000040B296
:105DF000200400F9E00302AA610640F92100409264
:105E0000210003AA610600F9F30315AA5EFDFF97BE
:105E1000610640F921F47E92210016CB3F7C00F10F
:105E20004D0100546002168B210040B200400091E9
:105E300001801FF8610640F921004092210016AA56
:105E4000610600F950FDFF9773420091CCFFFF17E8
:105E5000458E40F9227C4093432641B9E20302CBB0
:105E600063C0218BA10400D16300018B010005CB2D
:105E70006300028A422241B92100038B3F4022EB9A
:105E800029010054FD7BBFA9E00000F000180F912C
:105E9000FD0300912D210094000080D2FD7BC1A85C
:105EA000C0035FD6211C0011E00303AA21701D125C
:105EB000412601B9C0035FD621008052E5FFFF17DC
:105EC000E20300AAE00301AAE103022AE1FFFF17AF
:105ED000419E40F9610000B421E000D1410000B5CD
:105EE000C0035FD61F0001EB60000054211C40F985
:105EF000F9FFFF17032040F902E00091011C40F96F
:105F0000610000F9410000B4230400F91F1C00F9EE
:105F10005F0400F9F3FFFF17FD7BBDA9FD030091AE
:105F2000F35301A9F30300AAF40302AAF55B02A943
:105F3000F60303AAF50301AAE6FFFF97020A80D23F
:105F400001008052C91B0094755A00A9000080D23C
:105F5000740A00F9421C0094600E00F961E200919D
:105F6000E00312AA429E40F9621E00F9420000B40A
:105F7000410400F9019C00F900E00491200400F9BB
:105F8000F35341A9F55B42A9FD7BC3A8C0035FD6CB
:105F9000920700B4411A40F941078837FD7BBCA93C
:105FA00021006FB2FD030091F35301A9F55B02A933
:105FB000F76303A9539E40F9411A00F9330500B471
:105FC000F40000F073E200D194BA0F91177182D2FD
:105FD00038008052730400B4761E40F9000080D26D
:105FE0001F1C0094F50300AA601A40F9BF0200EBE1
:105FF00024030054600A40F9610240F90000158B47
:10600000601A00F9E00313AA20003FD6601640F999
:1060100000040091601600F9000080D2101C00946A
:10602000020015CB601240F90000028B601200F9EB
:106030005F0017EB0901005460224139C0000037AE
:10604000610640F9E00314AA03718252BF20009454
:1060500078220139760000B4D3E200D1DEFFFF17C9
:10606000401A40F900F86E92401A00F9F35341A922
:10607000F55B42A9F76343A9FD7BC4A8C0035FD6C3
:10608000C0035FD6000840B91F00036B4C010054E9
:10609000FD7BBFA9E00301AAFD030091210040B9E7
:1060A000410000B9B8FCFF9700008052FD7BC1A8F9
:1060B000C0035FD600008012C0035FD6FD7BBEA97F
:1060C000FD030091F30B00F9F30301AAE10302AA17
:1060D000E203032A600240B9A21A0094600200B9E8
:1060E00000008052F30B40F9FD7BC2A8C0035FD6CD
:1060F000FD7BBEA9800080D2FD030091F30B00F967
:10610000F30301AA29FDFF971F0000B9600200F9FF
:1061100000008052F30B40F9FD7BC2A8C0035FD69C
:10612000000840B91F00036B8C010054FD7BBEA921
:10613000E00301AAE10302AAFD030091E00F00F9C8
:106140004C120094E00F40F98FFCFF970000805242
:10615000FD7BC2A8C0035FD600008012C0035FD6DB
:10616000FD7BBFA9E00301AAE10302AAFD030091A0
:10617000E203032A3C12009400008052FD7BC1A878
:10618000C0035FD6FD7BBEA9000D80D2FD03009148
:10619000F35301A9F30301AA04FDFF97F40300AA36
:1061A000E4090094740200F900008052F35341A9FD
:1061B000FD7BC2A8C0035FD6000840B91F00036B77
:1061C0008C010054FD7BBEA9E00301AAE10302AAF1
:1061D000FD030091E00F00F939090094E00F40F948
:1061E00069FCFF9700008052FD7BC2A8C0035FD608
:1061F00000008012C0035FD6FD7BBFA9E00301AAA7
:10620000E10302AAFD030091E203032A2909009495
:1062100000008052FD7BC1A8C0035FD6FD7BBEA9F4
:10622000000D80D2FD030091F35301A9F30301AAED
:10623000DEFCFF97F40300AA3D030094740200F90A
:1062400000008052F35341A9FD7BC2A8C0035FD672
:10625000FD7BBCA9FD030091F35301A9140100B01B
:1062600094823791F55B02A9F50301AA130080D24D
:10627000F71B00F9F70300AA16078052607EB69B51
:10628000816A60F8E00317AAA81A0094000100359B
:106290007352B69BB30200F9F71B40F9F35341A9BF
:1062A000F55B42A9FD7BC4A8C0035FD673060091CD
:1062B0007F0E00F141FEFF54800B8012F7FFFF17A5
:1062C000FD7BBCA9FD030091F35301A9130100B0AC
:1062D00073823791F55B02A9F50301AAF60313AAAD
:1062E000F71B00F9F70300AA14008052610240F97D
:1062F000E00317AA8D1A009460010035611240F97D
:10630000210100B401078052945AA19BB40200F904
:10631000F71B40F9F35341A9F55B42A9FD7BC4A8E3
:10632000C0035FD69406001173E200919F0E0071C6
:10633000E1FDFF54800B8012F6FFFF17FF0308D129
:10634000E30300AAE523009120FC44D3020080D29D
:10635000A00100B5670040F97F0000F925FC43D398
:10636000640040F9E40400B4E4230091210080D2E9
:10637000670000F93F0005EB63010054FF0308913B
:10638000C0035FD604F07DD3666864F8A67822F86F
:10639000E60320AA4204009100FC4193666824F8B9
:1063A000ECFFFF174204005126F07DD321F87FD384
:1063B00087D862F8676826F8EFFFFF1780F07DD373
:1063C00042040051696860F806D962F8666820F8EE
:1063D000E60324AA84F87FD3DF0009EB60010054B0
:1063E0009F0005EBC2FCFF544204005181F07DD3B5
:1063F00084F87FD306D962F8666821F8F9FFFF17A1
:10640000E8230091240080D29F0005EB83FDFF5418
:10641000E00301AA670000F9D9FFFF17FD7BB9A9C6
:10642000FD030091F35301A9F55B02A9F50301AA4D
:10643000F76303A9F70301AA210C0091F96B04A9E2
:10644000FB2B00F9E33700F9191840F9FA26403818
:1064500033E05F383B5341297302005220F05F382C
:1064600058001B4B1403144B7302202A8212005154
:10647000940E0051E00317AA427C4093C71A00947F
:10648000E1CA7438F603002A220F80B9E0C2348BC7
:106490005A03012A00040091210B40F973021A2AC1
:1064A000731E0012BD1A0094D602002AD602132AC7
:1064B000F6010035E13740F9627F4093A0C2388B86
:1064C000B61A00941F000071810180120000811A29
:1064D000FB2B40F9F35341A9F55B42A9F76343A9AC
:1064E000F96B44A9FD7BC7A8C0035FD6A002801248
:1064F000F8FFFF17A411F837FD7BB6A9FD03009143
:10650000F35301A9F40300AAF303042AF55B02A9DB
:10651000F503032AF60301AAF76303A9E103042A9A
:10652000030080D2F96B04A9FB2B00F9FF4300D1D3
:10653000FB0302AAE20000B0172440F942343E9166
:10654000E00317AAA4130094400100B5A001801233
:10655000BF030091FB2B40F9F35341A9F55B42A91E
:10656000F76343A9F96B44A9FD7BCAA8C0035FD6B2
:10657000E10300AA801640F9EC19009480FEFF3573
:10658000E103132A03008052E00317AAE20000D0BF
:1065900042A81091CA160094E103132A0300805206
:1065A000E20000D042DC1091A09700B9E00317AAE6
:1065B000C3160094A09300B9A3B30191E103132A79
:1065C000E00317AAE20000D0421811918213009450
:1065D000A04700F9800000B4A06F40B91F1C0071F3
:1065E00048000054BF4700F9E103132A030080D29A
:1065F000E00317AA1A018052E20000D0424C119128
:10660000BA9B00B974130094E103132A030080D2EB
:10661000E20000D0427C1191A04300F9E00317AAE8
:106620006D130094A03F00F9A19740B901F9FF3420
:10663000A24340F9C2F8FFB4A0F8FFB4802240F9A9
:10664000F8030091190840B9DB0600B4821A40F93A
:10665000DF0200F1441840FA40060054971E40F94A
:10666000170600B4210CDA1A3F00156B61030054C1
:10667000BF02087128030054E003152A003C009172
:1066800001407092E16321CBFF6321EB8000005455
:10669000FF4340D1FF0302F9FCFFFF17002C7C925F
:1066A000FF6320CBFF0300F91F0010F143000054EB
:1066B000FF0302F95A0840B901008052A2C30191B8
:1066C000800980529C2E0094E0000034E00000D04D
:1066D00000B411911D1F0094A00280121F030091AD
:1066E0009CFFFF17A03B40F9E4430091A3E3019115
:1066F000E203152AE1031BAA175E009400FFFF3591
:10670000E50640F9E4031A2AE30316AAE203192A6C
:10671000E1430091E00314AAA0003FD6F0FFFF1769
:1067200080008012EEFFFF1700018012C0035FD6C9
:10673000FD7BB4A9FD030091F35301A9F55B02A908
:10674000F50300AAF76303A9F70301AAF80302AA55
:10675000F96B04A9E20000B0F903032A162440F9FA
:1067600042B03E9101008052E00316AA8F120094BD
:10677000E007F837A45240B99F040031600100548B
:10678000F35341A9E303192AE20318AAE10317AA64
:10679000F96B44A9E00315AAF76343A9F55B42A985
:1067A000FD7BCCA854FFFF17A30640F9F403002A91
:1067B000810C80D2E0630191E20000D0426412912A
:1067C000911E0094E2630191E103142AE00316AAEA
:1067D00076120094E303192AE403002AFA03002A3C
:1067E000E20318AAE10317AAE00315AA42FFFF97E4
:1067F000F303002AE0020034FF5700B9E103142A32
:10680000E2530191E00316AA67110094F403002AF1
:106810000002F837E05740B91F000071AD01005485
:106820001F040071C1FEFF549F021A6B80FEFF54CB
:10683000E403142AE303192AE20318AAE10317AABE
:10684000E00315AA2CFFFF97F303002A80FDFF3514
:10685000F55B42A9E003132AF35341A9F76343A967
:10686000F96B44A9FD7BCCA8C0035FD6330080122E
:10687000F8FFFF17FD7BBDA9FD030091F35301A9AC
:10688000F55B02A9FF4300D1052040F9A70840B9F4
:10689000E57C4093A53C0091A6BC7092E66326CBB4
:1068A000FF6326EB80000054FF4340D1FF0302F951
:1068B000FCFFFF17A52C7C92FF6325CBFF0300F99B
:1068C000BF0010F143000054FF0302F9051840F91E
:1068D000A60840B9FF00066BEA000054A00280122F
:1068E000BF030091F35341A9F55B42A9FD7BC3A807
:1068F000C0035FD6F503042AF30300AAA00040F901
:10690000F40303AAA40C40F9E343009180003FD6AE
:1069100060FEFF37E303152AE20314AAE143009166
:10692000E00313AA83FFFF97EEFFFF1702008052D8
:10693000030080D2040040B99F00026B480000545D
:10694000C0035FD6050440F9245862B8A55862B860
:10695000840005CB8300038B235822B84204001126
:1069600063FC6093F4FFFF17EC0302AAEB0303AA96
:1069700004008052020040B95F00046BC80000545C
:10698000020040B9070080525F00076B0802005404
:10699000C0035FD63F5824B884040011F6FFFF17E8
:1069A0002A5866B8625966B84481448B6410A29B29
:1069B000020440F94A5866B8C60400112515AA9B7E
:1069C000A540248B256828B80E000014FD7BBFA9C4
:1069D000FD030091220040B926008052835967B818
:1069E000640140B9090440B96408A49B020440F959
:1069F000297D041B450040B9827C40922509A59B56
:106A0000C8040051020040B9A5FC60D308F57ED34C
:106A1000DF00026B63FCFF54A480448B246828B819
:106A2000FF8344EB40000054C1FFFF97020040B9D0
:106A3000E70400115F00076BE8FCFF54FD7BC1A871
:106A4000C0035FD643040051650080922108038B88
:106A5000030080D2647C059B246864B88408C05A13
:106A6000047823B8630400915F00036B4CFFFF546C
:106A7000C0035FD6FD7BB5A9FD030091F35301A9C7
:106A8000F55B02A9F76303A9F96B04A9FB7305A9D8
:106A9000FF4300D1A21E00B4A33300F9F703012A7B
:106AA000410840F9F60300AA404C4329A09700B9D9
:106AB000F40302AA210300B4A0230291020180D2B0
:106AC00005190094B54740F9B50EC0DA331D0034FE
:106AD000810640F9E11C00B4860240F9A61C00B40E
:106AE000600220511F002071481C0054737E055322
:106AF000B39300B9796A7ED33C3F0091803770929E
:106B0000E06320CBFF6320EBC0000054FF4340D183
:106B1000FF0302F9FCFFFF17F5830032ECFFFF17BC
:106B2000802F7C92FF6320CBFF0300F91F0010F140
:106B300043000054FF0302F980377092FA4300913A
:106B4000E06320CBFF6320EB80000054FF4340D183
:106B5000FF0302F9FCFFFF17802F7C92FF6320CB1D
:106B6000FF0300F91F0010F143000054FF0302F976
:106B7000F4430091E0031AAAE203132ABAD309A945
:106B8000B1FFFF97E00314AAE10306AAAEFFFF9747
:106B9000E0767E92003C009101407092E16321CB4F
:106BA000FF6321EB80000054FF4340D1FF0302F953
:106BB000FCFFFF17002C7C92FF6320CBFF0300F942
:106BC0001F0010F143000054FF0302F9E003172AED
:106BD000F8430091E20300AAE10316AAA03B00F9E2
:106BE000E00318AABC180094FB0300918037709250
:106BF000E06320CBFF6320EB80000054FF4340D1D3
:106C0000FF0302F9FCFFFF17802F7C92FF6320CB6C
:106C1000FF0300F91F0010F143000054FF0302F9C5
:106C2000E0430091A03F00F980377092E06320CBF1
:106C3000FF6320EB80000054FF4340D1FF0302F9C3
:106C4000FCFFFF17802F7C92FF6320CBFF0300F92E
:106C50001F0010F143000054FF0302F980377092C7
:106C6000F7430091E06320CBFF6320EB80000054EA
:106C7000FF4340D1FF0302F9FCFFFF17802F7C92F6
:106C8000FF6320CBFF0300F91F0010F14300005405
:106C9000FF0302F980377092F6430091E06320CB46
:106CA000FF6320EB80000054FF4340D1FF0302F953
:106CB000FCFFFF179C2F7C92FF633CCBFF0300F986
:106CC0009F0310F143000054FF0302F962060051D4
:106CD000FC430091000080D263008092020B028B83
:106CE000017C039BA43F40F9416861B82108C05A68
:106CF000817820B8000400917F02006B28FFFF54C8
:106D0000750000B4BF0600F1810100547F030091BB
:106D1000B4028012BF030091E003142AF35341A987
:106D2000F55B42A9F76343A9F96B44A9FB7345A935
:106D3000FD7BCBA8C0035FD6B56F00B995FE0736C3
:106D4000A23F40F9E30314AAE10317AAA04302916A
:106D5000B55700F9D407805204FFFF97E0031CAA3F
:106D6000E20319AA5C180094A012C0DA9402004B46
:106D7000B55700F9E30317AAE20317AAE10316AA1D
:106D8000A043029134050035F8FEFF97E10317AAEE
:106D9000A33F40F9E20316AAF4FEFF97E00316AA08
:106DA000E20319AA4C1800946006005173060051C2
:106DB000E603002A010080D2C20A138B530B138B07
:106DC000446861B8636A61B89F00036B2301005493
:106DD000A800005400040051211000D11F0400310C
:106DE00001FFFF54E10316AAA0430291D0FEFF97D2
:106DF000E003062AE20318AAC15A60B80004005151
:106E00002108C05A414400B81F04003161FFFF54FB
:106E1000A03340F97F030091A23B40F9E10318AA97
:106E20002D180094BCFFFF17D0FEFF97A36F40B949
:106E3000220080D24220D49A7F00026AE0000054EF
:106E4000E3031CAAE20316AAE10317AAC7FEFF97F1
:106E500094060051C7FFFF17E20319AAE00317AA1F
:106E60001D180094FBFFFF1714018012AAFFFF17E3
:106E7000B4018012A8FFFF175F0000714D05005498
:106E8000FD7BBCA9FD030091F35301A9F30301AA03
:106E9000F40303AAE1C30091F55B02A9F603022AF9
:106EA00008FDFF97C0020035E01B40F9E1E30091C7
:106EB000021040F940003FD620020035D6060051AE
:106EC00015008052E00743A9620240F9630A40B905
:106ED000051440F9DF02156BAC0100542400805208
:106EE000A0003FD6C0000035E00743A9E20314AA82
:106EF000041840F9030840B980003FD6F35341A974
:106F0000F55B42A9FD7BC4A8C0035FD60400805294
:106F1000A0003FD640FFFF3573420091B506001137
:106F2000E9FFFF17A0028012C0035FD6216084D260
:106F3000C29F9BD2A1E8ACF24217B3F22171D5F205
:106F4000C28ECAF2A1F9FDF24206E2F2010801A9DD
:106F5000013E9C52417AB8721F7C00A9012000B901
:106F6000C0035FD6FD7BB3A9FD030091F35301A9D4
:106F7000F55B02A9F76303A9F96B04A9FB7305A9E3
:106F8000E03B00F9E29B00B9E2B0003428338FD235
:106F900027749DD2869B97D2C53A98D24850ABF2BF
:106FA00027DBADF266E3B1F2454CB9F2200040397F
:106FB0002100019122105C382B305C382D705C3838
:106FC000022002AA20205C3838B05C3837F05C38E8
:106FD000404000AA22505C380B600BAA36305D3866
:106FE0006009C05AE0C700B920405C386B09C05A3C
:106FF00035705D3834B05D38022002AA20605C38FC
:10700000404000AA22905C380D600DAAA009C05A29
:10701000E0C300B920805C38AD09C05A022002AA42
:1070200020A05C38404000AA22D05C38186018AA22
:1070300020C05C381A0BC05A180BC05A022002AA92
:1070400020E05C38404000AA22105D38176017AA83
:1070500020005D38F90AC05AF70AC05A022002AA75
:1070600020205D38404000AA22505D38166016AAE4
:10707000C00AC05AE0BF00B920405D38D60AC05AE5
:10708000022002AA20605D38404000AA22905D38AC
:10709000156015AAA00AC05AE0BB00B920805D386F
:1070A000B50AC05AB502088B022002AA20A05D389A
:1070B000404000AA146014AA800AC05AE0B700B980
:1070C00020C05D38940AC05A22D05D389402088BE3
:1070D00033F05D383E305E38022002AA20E05D3891
:1070E00023505E3831705E38404000AA22105E386E
:1070F000136013AA30B05E38600AC05AE0B300B91A
:1071000020005E38730AC05A29D05E387302088B9B
:107110002A105F38022002AA20205E382F305F3804
:10712000404000AA1E601EAA20405E38C20BC05A12
:10713000DE0BC05ADE03088B032003AA20605E38F2
:10714000604000AA23905E38116011AA20805E384A
:10715000240AC05A310AC05A3102088B032003AAFC
:1071600020A05E38604000AA106010AA20C05E38DF
:10717000030AC05A100AC05A1002088B002009AA3C
:1071800029E05E38004009AA29F05E38006009AAAB
:107190000908C05AE9AF00B929005F380008C05A91
:1071A00029210AAA2A205F3829410AAA2A505F38D1
:1071B0002F610FAAE909C05AE9AB00B929405F382D
:1071C000EF09C05A29210AAA2A605F3829410AAA70
:1071D0002A705F3829610AAA2A805F382C905F38AC
:1071E0003B09C05A2909C05A4A210CAA2CA05F3871
:1071F0004A410CAA2CB05F384C610CAA8A09C05ACB
:10720000EAA300B98A09C05A2CD05F38EA4300F9D2
:107210002AC05F384A210CAA2CE05F384A410CAAE8
:107220002CF05F384C610CAA8A09C05AEA9F00B959
:107230008A09C05AEA4700F9EA3B40F94A31422933
:10724000EA6B00B9EA3B40F9EC7B00B94A314329CB
:10725000EC2B1229EC3B40F9EA030A2AFC9340B9D3
:107260008C2140B9ECA700B90E412C8BCE010B8BC1
:10727000EB3740F96C7D7BD3EB6B40B96B7D1B53D7
:107280008C010BAA4B011C4AFC7B40B96B011C0A08
:10729000FC9340B96B011C4A8C010B8BEB3F40F90E
:1072A0008C010E8B9C7D1B536E7D62D3EB7B40B9B2
:1072B0009C170CAA6B7D0253CE010BAAEB9340B92D
:1072C0000B412B8B8B030B8BEB6700F9FC6B40B9ED
:1072D0004B010ECA8B030B0A6B010ACA9C7F025337
:1072E0006B010D8B4A01088BED6740F96B010D8B2B
:1072F000ED3740F9AD7D62D3AD011CAA7C7D1B53F7
:107300009C170BAA9C030A8BCA010DCA4A010C8A5E
:107310004A010ECACE01088B4A01188B987D025390
:107320004A011C8B187B0CAA4C7D1B538C150AAA96
:107330008E010E8BAC0118CA8C010B8A8C010DCA10
:10734000AD01088B8C01178B8C010E8B6E7D025367
:10735000CE790BAA8B7D1B536B150CAA6D010D8B7F
:107360000B030ECA6B010A8A6B0118CA6B01168BDC
:107370006B010D8B4D7D0253AD790AAA6A7D1B53BB
:10738000D6010DCA4A150BAAD6020C8A4A01158BE2
:10739000957D0253B57A0CAAD6020ECAD602188B76
:1073A000AC0115CA4A01168B8C010B8A8C010DCADF
:1073B0008E010E8B4C7D1B538C150AAA8C01148BED
:1073C0008C010E8B6E7D0253CE790BAAAB020ECAD6
:1073D0006B010A8A6B0115CA6D010D8B8B7D1B53E6
:1073E0006B150CAA6B01138B6B010D8B4D7D02533A
:1073F000AA790AAACD010ACA737D1B53AD010C8A72
:1074000073160BAAAD010ECA73021E8BAD01158B4C
:1074100073020D8B8D7D0253AC790CAA4D010CCA01
:10742000AD010B8AAD010ACAAE010E8B6D7E1B53F6
:10743000AD1513AAAD01118B1100088BAD010E8B98
:107440006E7D0253CB790BAA8E010BCACE01138A33
:10745000CE010CCACE010A8BAA7D1B534A150DAA78
:107460004A01108B707E0253107A13AA4A010E8BC8
:107470006E0110CACE010D8ACE010BCACE010C8B53
:107480004C7D1B538C150AAA8C01118BF101088BC2
:107490008C010E8BAE7D0253CD790DAA0E020DCA62
:1074A000CE010A8ACE0110CACE010B8B8B7D1B53F5
:1074B0006B150CAA6B01118B3101088B6B010E8BC4
:1074C0004E7D0253CE790AAAAA010ECA4A010C8A3D
:1074D0004A010DCA5001108B6A7D1B534A150BAA35
:1074E0004A01118B917D0253317A0CAA4A01108B0B
:1074F000CC0111CAF04340F98C010B8A8C010ECAF1
:107500008C010D8B4D7D1B53AD150AAA1002088B03
:10751000AD01108BAD010C8B6C7D025390790BAAE1
:10752000EC4740F92B0210CA6B010A8AB37D1B534A
:107530006B0111CA73160DAA8C01088B6B010E8B9F
:1075400073020C8B6C03024A73020B8B4B7D02534C
:107550006E790AAAEAC740B94A030A4A8C010A4A64
:107560000A020ECA4A010D8A4A0110CA8BFD5FD376
:107570006C050CAA4A01118B717E1B538B01088B81
:10758000311613AA00000CCA31020B8B31020A8B90
:10759000AA7D02534D790DAAEAA340B94B01044AD2
:1075A000EAC340B92A030A4A6B010A4ACA010DCA52
:1075B0004A01138A4A010ECA4A01108B70FD5FD33B
:1075C0000B060BAA307E1B537401088B101611AAF0
:1075D0001002148BF4BF40B910020A8B6A7E02536A
:1075E000537913AAEA9F40B99A021A4AB40113CAFE
:1075F0004A01034A9402118A4A011A4A94020DCAA6
:1076000094020E8B4EFD5FD3CA050AAA0E7E1B5351
:107610005501088BCE1510AACE01158B29010ACA77
:10762000CE01148B347E0253917A11AAF4BB40B977
:107630009902194A740211CA000019CA9402108AE8
:10764000940213CAF9AB40B994020D8B0D7C1F5301
:10765000A00500AACD7D1B531500088BAD150EAA01
:10766000AD01158BF5BF40B9AD01148B147E0253EB
:10767000907A10AAF4010BCAEFB740B9EF01154A8E
:107680008F020FCA340210CA94020ECA9402138BDE
:10769000F37D1F536F060FAAB37D1B53F501078BB4
:1076A00073160DAA7302158BF5BB40B97302148BC8
:1076B000D47D02538E7A0EAAF4B340B99402154ACF
:1076C00015020ECA290114CAB5020DCAB502118BE2
:1076D000747E1B53317D1F53941613AA310609AAD9
:1076E0002902078B9402098BE94340F99402158B18
:1076F000B57D0253B57A0DAAEDB740B9290100CA8C
:107700004D000D4A6200024A2D010DCAC90115CA79
:10771000290113CA2901108BB07D1F530D060DAA34
:10772000907E1B53B601078B101614AA1002168BFD
:107730001002098B697E0253337913AAE94740F995
:1077400036010FCAE9B340B98900094AC90209CA1A
:10775000B60213CAD60214CAD6020E8B2E7D1F5350
:10776000C90509AA0E7E1B533701078BCE1510AA37
:10777000CE01178BCE01168B967E0253D47A14AAB3
:10778000960111CAC20202CA760214CAD60210CAEF
:10779000D602158B557C1F53A20602AAD57D1B531A
:1077A0005700078BB5160EAAB502178BF7AF40B975
:1077B000B502168B167E0253D07A10AAE402044A50
:1077C00076010DCAC40204CA960210CAD6020ECAB5
:1077D000D602138B937C1F53640604AAB37E1B53FB
:1077E0009700078B731615AA7302178BF7AB40B976
:1077F0007302168BD67D0253D67A0EAAE302034A91
:107800004E0109CAC30103CA0E0216CACE0115CA27
:10781000CE01148B747C1F53830603AA747E1B5302
:107820007700078B941613AA9402178B170002CACD
:1078300094020E8BAE7E0253D57915AAEEAF40B9F5
:107840006E030E4AEE020ECAD70215CAF70213CA19
:10785000F702108BD07D1F530E060EAA907E1B538D
:10786000D801078B101614AA1002188BF80104CA4D
:107870001002178B777E0253F77A13AAF3A340B94D
:107880007302194A130313CAB80217CA180314CA99
:107890001803168B767E1F53D30613AA167E1B532E
:1078A0007902078BD61610AAD602198B390203CAA1
:1078B000D602188B987E0253187B14AAF49F40B905
:1078C00094021B4A340314CAF90218CA390310CAB5
:1078D0003903158B957E1F53B40614AAD57E1B530E
:1078E0009A02078BB51616AAB5021A8BBA010ECAF0
:1078F000B502198B197E0253307B10AAF94340F967
:1079000039030CCA590319CA1A0310CA5A0316CAF2
:107910005A03178B377F1F53F70619AAB97E1B53DB
:10792000FB02078B391715AA39031B8B3B0113CABE
:1079300039031A8BDA7E02535A7B16AAF64740F9AE
:107940003E7F0253DE7B19AAD6020BCA760316CA03
:107950001B021ACA7B0315CA7803188BDB7E1F53E0
:10796000760716AA3B7F1B53DC02078B7B1719AAED
:107970007B031C8BBC7E02537B03188B9C7B15AA5C
:1079800098010ACA550014CAB80218CA55031CCA7D
:10799000B50219CA790100CA0C7F1F53B502108BBA
:1079A000980518AA707F1B530C03078B10161BAA8F
:1079B00010020C8B8C0017CA990119CA1002158B82
:1079C0008C031ECA55010FCA8C011BCA2B7F1F5383
:1079D000790519AA8C011A8B1A7E1B532B03078B6E
:1079E0005A1710AAEF010DCA5A030B8B6B7F025373
:1079F0007B791BAA6B0016CA750115CA5A030C8B3A
:107A0000CB031BCAAD0102CAAA7E1F536B0110CA69
:107A1000550515AA4C7F1B536B011C8BAA02078BC3
:107A20008C151AAA1C7E02539C7B10AA8C010A8B0F
:107A3000100011CACA0118CA500110CA8C010B8B60
:107A40006A031CCA310209CA007E1F534A011ACABE
:107A5000100410AA807D1B530B02078B00140CAA84
:107A60004A011E8B00000B8B00000A8B6A0219CAA8
:107A70004B7F0253EF010ACA6B791AAA290104CA83
:107A80009A030BCAEA7D1F534F050FAA5A030CCA6B
:107A90000A7C1B535A031B8B4A1500AAFB01078B58
:107AA0004A011B8B84000ECA4A011A8B9A7D02532D
:107AB0004C7B0CAA9A0215CA31021ACA7B010CCA65
:107AC0007B0300CACE0114CA3A7E1F537B031C8B72
:107AD000510711AA5A7D1B533C02078B5A170AAA59
:107AE0005A031C8B5A031B8B1B7C0253607B00AA1E
:107AF000FB0210CAAD011BCA9B0100CA7B030ACA64
:107B00007B030B8BAB7D1F536D050DAA4B7F1B5366
:107B1000BC01078B6B151AAA6B011C8B6B011B8BAD
:107B20005B7D02536A7B0AAADB020FCA29011BCACA
:107B30001B000ACA7B031ACA7B030C8B2C7D1F53C4
:107B4000890509AA6C7D1B533C01078B8C150BAA78
:107B50008C011C8B5C7F02539C7B1AAA5A0003CABF
:107B6000020311CA8C011B8B5A0302CA62011CAAB0
:107B70007B011C8A42000A8A42001BAA4200008B39
:107B8000407F1F531A041AAA807D1B535B03068B88
:107B900000140CAA00001B8B0000028B627D0253B4
:107BA00042780BAA2B030DCA84000BCA8B0102AAD0
:107BB0009B01028A6B011C8A6B011BAA6B010A8B59
:107BC0008A7C1F53440504AA0A7C1B539B00068B26
:107BD0004A1500AA4A011B8B7B0013CA4A010B8B72
:107BE0008B7D02536B790CAAA30209CA7B0303CADB
:107BF0000C000BAA03000B8A8C01028A8C0103AAD9
:107C0000637F1F537B041BAA437D1B538C011C8B7A
:107C100063140AAA7C03068B730217CA63001C8BC9
:107C20001C021ACA63000C8B0C7C02538C7900AACC
:107C30009C030ECA40010CAA4E010C8A00000B8A5C
:107C40007E7C025300000EAADE7B03AA0000028B9A
:107C5000827F1F535C041CAA627C1B538E03068B1D
:107C6000421403AA42000E8B4200008B407D025357
:107C70000A780AAAE00104CA730200CA60000AAACC
:107C80006E000A8A00000C8A00000EAA43001EAA99
:107C900000000B8B6B7E1F53730513AA4B7C1B5389
:107CA0006E02068B6B1502AA6B010E8B8E0216CA32
:107CB0006B01008B20021BCACE0100CA63000A8A36
:107CC00040001E8AF40218CA630000AAC07D1F5338
:107CD0000E040EAA607D1B5363000C8B00140BAACC
:107CE000CC01068B777D025300000C8BF77A0BAA30
:107CF0000000038B437C0253627802AAA3011CCAD2
:107D0000940203CA630102AA6C01028A63001E8AFC
:107D100063000CAAD60219CA63000A8B8A7E1F531D
:107D2000540514AA0A7C1B538C02068B4A1500AA20
:107D30004A010C8B0B0017AA4A01038B230113CABB
:107D4000D60203CA6B01028A0300178A180315CAF8
:107D50006B0103AAC37E1F53760416AA437D1B53EF
:107D6000CC02068B63140AAA6B011E8B63000C8B7A
:107D700063000B8B0B7C0253607900AA4B030ECA85
:107D800018030BCA4B0100AA4C01008A6B01178A29
:107D90006B010CAA5E7D02536B01028B027F1F53A5
:107DA000580418AA627C1B53DE7B0AAA0C03068BBC
:107DB0008A0014CA421403AA390310CA42000C8B69
:107DC00039030ACA6A001EAA42000B8B4A01008AC4
:107DD0006B001E8AAC020FCA4A010BAA2B7F1F53ED
:107DE000790519AA4A01178B577C1B532B03068B65
:107DF000F71602AAF7020B8BF7020A8B6A7C025372
:107E0000437903AA6A0316CA8C010ACA4A0003AA64
:107E10004B00038A4A011E8A4A010BAAF57E1B53B6
:107E20004001008B8A7D1F534C050CAAB51617AA7A
:107E30008A01068B0B0211CAB5020A8B310209CAEC
:107E4000B502008B407C0253027802AA800318CA54
:107E50006B0100CAEA0202AAE002028A4A01038A0E
:107E60004A0100AA607D1F530B040BAAA07E1B537E
:107E70007001068B001415AA4A011E8B0000108B9E
:107E8000F07E025300000A8B107A17AAEA010DCA8D
:107E90006F0219CAB702108A4A010FCAAF0210AAAC
:107EA000EF01028AAD011ACAEF0117AA290104CA1B
:107EB000EF01038B437D1F536A040AAA037C1B5303
:107EC0005701068B631400AA6300178B5A031BCA61
:107ED00063000F8BAF7E0253EF7915AAD5010CCA50
:107EE000310215CA15000FAA17000F8AB502108AB1
:107EF000B50217AA84001CCAB502028B227E1F534A
:107F0000510411AA627C1B533702068B421403AA48
:107F10004200178B7B0313CA4200158B157C02535A
:107F2000A07A00AA95020BCAAD0115CA750000AA75
:107F30007700008AB5020F8AB50217AA9C030ECA01
:107F4000B502108BB07D1F530D060DAA507C1B533C
:107F5000B701068B101602AA1002178B730214CAFF
:107F60001002158B757C0253A37A03AAD5020ACAA4
:107F7000290115CA550003AA5700038AB502008AD1
:107F8000B50217AAB5020F8B2F7D1F53E90509AA69
:107F90000F7E1B533701068BEF1510AAEF01178BCD
:107FA000EF01158B557C0253B57A02AA020311CA60
:107FB0005A0302CA020215AA1702158A4200038A4E
:107FC000420017AA4200008B407F1F531A041AAACE
:107FD000E07D1B535703068B00140FAA0000178B7C
:107FE0000000028B027E0253427810AA30030DCAB1
:107FF000040204CAF00102AAF701028A1002158ADB
:10800000100217AA0302038B907C1F53040604AAD4
:10801000107C1B539700068B101600AA1002178BBA
:108020001002038BE37D02536F780FAA830109CA04
:108030007B0303CA03000FAA17000F8A6300028A9A
:10804000630017AA7500158B637F1F537B041BAA5F
:10805000037E1B537703068B631410AA6300178BF0
:108060006300158B157C0253B57A00AA60011ACA09
:108070009C0300CA000215AA1702158A00000F8A85
:10808000000017AA0000028B827F1F535C041CAA09
:10809000627C1B539703068B421403AA4200178B82
:1080A0004200008B007E0253107810AA400104CADF
:1080B000730200CAA00210CA000003CA00000F8B9E
:1080C0006F7E1F53F30513AA4F7C1B537702058B5A
:1080D000EF1502AAEF01178B777C0253EF01008B9B
:1080E000F77A03AAC00116CA23021BCA000003CAFA
:1080F000030217CA630002CA0E7C1F536300158B6C
:10810000C00500AAEE7D1B531500058BCE150FAAE6
:10811000CE01158B557C0253CE01038BB57A02AA92
:10812000A3011CCA820218CA420003CAE30215CA8C
:1081300063000FCA18030CCA6300108B507C1F53D6
:10814000020602AAD07D1B535400058B10160EAAFE
:108150001002148B340113CA1002038BE37D025307
:108160006F780FAAC30219CA630014CAB4020FCAF7
:1081700094020ECA39030BCA9702178B747C1F53E3
:10818000830603AA147E1B537600058B941610AA4F
:108190009402168BD67D0253CE7A0EAA560300CADD
:1081A000180316CAF6010ECA9402178BD60210CA1B
:1081B000D602158B157F1F53B80618AA957E1B5340
:1081C000B51614AA1703058BB502178B8C010ACAC2
:1081D000B502168B167E0253D07A10AA960002CAF8
:1081E000390316CAD60110CAD60214CA6B0111CAC5
:1081F000D6020F8B2F7F1F53F90519AAAF7E1B5391
:10820000EF1515AA3703058BEF01178B4A010DCA2D
:10821000EF01168B967E0253D47A14AA760303CA12
:108220008C0116CA160214CAD60215CA310209CA2E
:10823000D6020E8B8E7D1F53CC050CAAEE7D1B53F0
:108240009701058BCE150FAACE01178BAD011ACA67
:10825000CE01168BB67E0253D57A15AA960318CA9C
:108260006B0116CA960215CAD6020FCA290104CAA2
:10827000D602108B707D1F530B060BAAD07D1B53AB
:108280007701058B10160EAA1002178B5A031BCA12
:108290001002168BF67D0253CF7A0FAA760219CA06
:1082A0004A0116CAB6020FCAD6020ECA84001CCAF8
:1082B000D602148B547D1F538A060AAA147E1B53C0
:1082C0005701058B941610AA9402178B7B0313CACF
:1082D0009402168BD67D0253CE7A0EAA16000CCAD3
:1082E000310216CAF6010ECAD60210CA9C0300CA91
:1082F000D602158B357E1F53B10611AA957E1B53EE
:108300003702058BB51614AAB502178B730202CA81
:10831000B502168B167E0253D07A10AA56000BCAED
:10832000AD0116CAD60110CAD60214CA000003CA8B
:10833000D6020F8BAF7D1F53ED050DAAAF7E1B53E9
:10834000B701058BEF1515AAEF01178B420018CA6C
:10835000EF01168B967E0253D47A14AA76000ACACD
:10836000C90209CA160214CAD60215CA630019CA7C
:10837000D6020E8B2E7D1F53C90509AAEE7D1B5315
:108380003701058BCE150FAACE01178B8C0109CAB8
:10839000CE01168BB67E0253D57A15AA160311CAE2
:1083A0005A0316CA960215CAD6020FCA6C030CCA23
:1083B000D602108B507F1F531A061AAAD07D1B536A
:1083C00010160EAA5703058B1002178B6B011ACAE1
:1083D0001002168BF67D0253D67A0FAA2F030DCA10
:1083E00084000FCAAF0216CAEF010ECA8B030BCA74
:1083F000F401148B8F7C1F53E40504AA0F7E1B53DA
:108400009700058BEF1510AAEF01178B4A0104CADC
:10841000EF01148BD47D02538E7A0EAA6A020ACA27
:10842000D4020ECA940210CA9502158B947D1F5374
:108430008C060CAAF47D1B539701058B94160FAA8A
:108440009402178B31020CCA9402158B157E0253CD
:10845000B57A10AA000011CAD00115CA10020FCABD
:108460001602168B707D1F530B060BAA907E1B53B2
:108470007701058B101614AA1002178BAD010BCAD9
:108480001002168BF67D0253D67A0FAA42000DCA4F
:10849000A40216CA840014CA4D7C1F538E000E8B92
:1084A000447D1F538A040AAA047E1B534F01058B87
:1084B000841410AA84000F8B0F7C1F5384000E8B32
:1084C0008E7E0253CE7914AAE00500AACC020ECA11
:1084D0008F7C1B53EF1504AA8C0110CA0000058B7A
:1084E0008C01158B00000F8BA20502AA00000C8BDB
:1084F0000C7E02538C7910AA29010ACA0D7C1B53E9
:10850000CB010CCA6B0104CAAD1500AA4200058B51
:10851000630009CA6B01168B42000D8B42000B8B66
:108520008B7C0253647904AA6A7C1F53430503AA17
:10853000890104CA4A7C1B53290100CA4A1502AAB0
:108540006300058B29010E8B63000A8B6300098B86
:10855000E96B40B9000880132301030BE97B40B9A4
:108560002201020BE93B40F923090229E29740B9B5
:108570000000020BE29340B9E33B40F94200040BD8
:1085800060080329E23B40F9E0A740B900000C0B6A
:10859000402000B9E09B40B900040071E09B00B9A5
:1085A0006150FF54F35341A9F55B42A9F76343A916
:1085B000F96B44A9FB7345A9FD7BCDA8C0035FD629
:1085C000FD7BBBA9FD030091F35301A9F40300AAAD
:1085D000F303022AF55B02A916088052F50301AAEB
:1085E000F76303A9F92300F9000040F9171440923A
:1085F0004000000B800200F9F903172AD602174B3E
:108600001F4022EB82000054800640F900040091D4
:10861000800600F9FF0200F1C212537AC80100542B
:1086200073020151E10315AA98920091B542368B6D
:108630003303130B0003178B170080D2E203162AB3
:1086400025120094E10318AAE00314AA2200805224
:1086500045FAFF97627E0653E10315AAE00314AAC8
:1086600041FAFF97621600728001005473667A9295
:1086700080920091F92340F9A102138B0000178B1F
:1086800042144092F35341A9F55B42A9F76343A911
:10869000FD7BC5A810120014F92340F9F35341A93A
:1086A000F55B42A9F76343A9FD7BC5A8C0035FD66C
:1086B00042000034C3FFFF17C0035FD6FD7BBDA996
:1086C000FD030091F35301A9F40301AAF30300AAE7
:1086D000010840A923FC5DD3620C02AA030780D2E3
:1086E0004208C05AE22B00B922F07DD321144092F7
:1086F000630001CB3FDC00F14208C05AE22F00B911
:10870000020F80D2420001CB4280839AE10000F048
:1087100021080E91E7FFFF97E1A30091E00313AA60
:1087200002018052A7FFFF97604E40398002003956
:108730006026407980060039601240B9007C0853F9
:10874000800A0039601240B9800E0039605E4039FD
:1087500080120039602E407980160039601640B9C9
:10876000007C0853801A0039601640B9801E003919
:10877000606E4039802200396036407980260039A9
:10878000601A40B9007C0853802A0039601A40B949
:10879000802E0039607E403980320039603E407959
:1087A00080360039601E40B9007C0853803A003999
:1087B000601E40B9803E0039608E403980420039E9
:1087C0006046407980460039602240B9007C0853F9
:1087D000804A0039602240B9804E0039F35341A9E4
:1087E000FD7BC3A8C0035FD6FD7BB5A9FD03009147
:1087F000F35301A9F30300AA206084D2A0E8ACF2ED
:10880000F55B02A92071D5F2A0F9FDF2E02F00F985
:10881000C09F9BD2F603032A4017B3F27542218B07
:10882000C08ECAF2F71B00F94006E2F2F70302AA73
:10883000E03300F9003E9C52407AB872FFFF04A971
:10884000E06B00B97F0215EB23010054E10317AA86
:10885000E02301919AFFFF97F71B40F9F35341A9D9
:10886000F55B42A9FD7BCBA8C0035FD6A00213CB6A
:10887000E203002A1F00166B08010054F403002ACB
:10888000E10313AAE023019173C2348B89FFFF97A0
:10889000C0F5FF97ECFFFF17F403162AE203162A30
:1088A000F8FFFF17FD7BB5A9FD030091F35301A964
:1088B000F30300AAE0230191F55B02A9F603032A62
:1088C0007542218BF71B00F9F70302AA19000094E7
:1088D0007F0215EB23010054E10317AAE023019165
:1088E00064080094F71B40F9F35341A9F55B42A9D2
:1088F000FD7BCBA8C0035FD6A00213CBE203002A06
:108900001F00166B08010054F403002AE10313AAA8
:10891000E023019173C2348B530800949DF5FF97B7
:10892000ECFFFF17F403162AE203162AF8FFFF17DD
:10893000E1CC9C52A2D095522141AD72E26CB7724B
:1089400001080129416E9E5242A79E52C18DA77215
:10895000E2A9B47201080229E14F8A5282118D52B4
:10896000C121AA72A260B3720108032961359B522A
:1089700022A3995261F0A372027CAB721F7C002982
:1089800001080429C0035FD6FD7BB7A9FD03009150
:10899000F35301A9F55B02A9F76303A9F96B04A9D5
:1089A000FB7305A9E03700F9E28700B902FE003445
:1089B000200040392100019122105C382B305C38B6
:1089C00035705C38022002AA20205C3834B05C3854
:1089D00037F05C38404000AA22505C380B600BAA8C
:1089E00020405C3838305D386B09C05A39705D38CA
:1089F000002002AA22605C3833B05D383EF05D385A
:108A0000004002AA22905C38156015AA20805C38CC
:108A1000B50AC05A002002AA22A05C38004002AA6F
:108A200022D05C38146014AA20C05C38940AC05A62
:108A3000002002AA22E05C38004002AA22105D3821
:108A4000176017AA20005D38F70AC05A002002AA52
:108A500022205D38004002AA22505D38186018AA12
:108A600020405D38180BC05A002002AA22605D38F1
:108A7000004002AA22905D38196019AA20805D3852
:108A8000390BC05A002002AA22A05D38004002AA79
:108A900022D05D38136013AA20C05D38730AC05A13
:108AA000002002AA22E05D38004002AA1E601EAA31
:108AB00020005E3822105E38DE0BC05A31305E383E
:108AC00030705E38002002AA22205E382FB05E3857
:108AD0002EF05E38004002AA22505E38116011AAC2
:108AE00020405E382D305F38310AC05A2C705F3814
:108AF000002002AA22605E3823B05F38004002AA3C
:108B000022905E38106010AA20805E38100AC05A89
:108B1000002002AA22A05E38004002AA22D05E38BD
:108B20000F600FAA20C05E38EF09C05A002002AAC9
:108B300022E05E38004002AA22105F380E600EAAC2
:108B400020005F38CE09C05A002002AA22205F38D8
:108B5000004002AA22505F380D600DAA20405F3805
:108B6000AD09C05A002002AA22605F38004002AA64
:108B700022905F380C600CAA20805F388C09C05AA4
:108B8000002002AA22A05F38004002AA22C05F385B
:108B9000036003AA20D05F386308C05A422000AAAD
:108BA00020E05F38424000AA20F05F38406000AA11
:108BB000E23740F90008C05A56084129E27700B967
:108BC000E23740F9C6369613C608D64A4210422903
:108BD000E28300B9E23740F9E48B00B9C658D64ABF
:108BE00042104329E27300B9E23740F9E47B00B94F
:108BF00042104429E27F00B9E27340B9E48F00B922
:108C0000E57F40B9442C82138418C24A8464C24A66
:108C1000E27B40B94200054AE57340B94200050ACB
:108C2000E57F40B94200054A05F385528200020BF8
:108C3000E48F40B94551A8728400050BE58340B923
:108C400084000B0B0B020B0B4200040BE48B40B9AE
:108C50008A00020BE47740B9C402042A8400050AA2
:108C6000E57740B9C502050A8400052A2592885295
:108C7000C600040BE47F40B9C600020B422D8A13E4
:108C80004218CA4AE526AE724264CA4A8400050BFD
:108C90004200040BE57B40B9E47340B98400054A07
:108CA00084000A0A8400054AC53486138400150B23
:108CB000A508C64A4200040BE48340B9E77740B9EF
:108CC000A558C64A8900020BC402062A8400070A76
:108CD000C702060A8400072AE7799F52A500040B01
:108CE000E47B40B9A500020B222D89134218C94A22
:108CF00007B8B6724264C94A8400070B4200040BED
:108D0000E47340B9E77340B9C800050A84000A4A11
:108D10008400090A8400074AC700052A8400140B4E
:108D2000E700160A4200040BE47740B9E700082A7E
:108D30009A00020BA43485138408C54A8458C54A96
:108D4000482F9A138400070B0819DA4A8400020B93
:108D5000E27340B9A7749B520865DA4AA736BD7220
:108D60004200070B0801020B4201094A42001A0A9D
:108D7000BB00042A42000A4ABC00040A4200170B46
:108D80007B03060A0801020B823484134208C44A9A
:108D9000C702080B7B031C2A4258C44A42001B0B23
:108DA0007B4B98524200080BE82C87130819C74ADE
:108DB000DB2AA7720865C74A1B031B0B08011B0BA4
:108DC0003B011A4A7B03070A9C00020A7B03094AFB
:108DD0007B030A0B4A34821308011B0B9B00022AF7
:108DE0004A09C24A7B03050AC600080B7B031C2AFA
:108DF0004A59C24A4A011B0B3B3E82524A01080BA8
:108E0000C82C86130819C64A3B3EAB720865C64A91
:108E10003B031B0B08011B0B5B03074A7B03060A82
:108E20005C000A0A7B031A4A7B03090B49358A1343
:108E300008011B0B5B000A2AA500080B2909CA4A76
:108E40007B03040A2959CA4A7B031C2A29011B0BEC
:108E5000BB2C85132901080B7B1BC54A88549052F3
:108E60007B67C54AE847B2726802080B7B03080BB0
:108E7000E800064A0801050A5C01090A0801074AD8
:108E800008011A0B7A03080B5B01092A7B03020A0B
:108E9000283589130809C94A84001A0B7B031C2A48
:108EA0000859C94A08011B0BBBDA8B5208011A0B7F
:108EB0009A2C84135A1BC44A9B63B5725A67C44ADE
:108EC000DB031B0B5A031B0BDB00054A7B03040A65
:108ED0003C01080A7B03064A7B03070B073588130E
:108EE0005A031B0B3B01082AE708C84A7B030A0AFE
:108EF00042001A0B7B031C2AE758C84AE7001B0BE9
:108F00001B539552E7001A0B5A2C82135A1BC24A64
:108F1000FB00BB725A67C24A3B021B0B5A031B0B76
:108F2000BB00044A7B03020A1C01070A7B03054AB3
:108F30007B03060BE63487135A031B0B1B01072A1E
:108F4000C608C74A7B03090A4A011A0B7B031C2A7D
:108F5000C658C74AC6001B0B3B608B52C6001A0B93
:108F60005A2D8A135A1BCA4A7B50A2725A67CA4AA0
:108F70001B021B0B5A031B0B9B00024A7B030A0AB2
:108F8000FC00060A7B03044A7B03050BC5348613E9
:108F90005A031B0BFB00062AA508C64A7B03080AD6
:108FA00029011A0B7B031C2AA558C64AA5001B0BD6
:108FB000DBB79052A5001A0B3A2D89135A1BC94AE8
:108FC0003B86A4725A67C94AFB011B0B5A031B0B51
:108FD0005B000A4A7B03090ADC00050A7B03024A9C
:108FE0007B03040BA43485135A031B0BDB00052AF7
:108FF0008408C54A7B03070A08011A0B7B031C2A55
:109000008458C54A84001B0B7BB88F5284001A0B0E
:109010001A2D88135A1BC84A9BA1AA725A67C84ABC
:10902000DB011B0B5A031B0B5B01094A7B03080A7C
:10903000BC00040A7B030A4A7B03020B82348413BC
:109040005A031B0BBB00042A4208C44A7B03060ACE
:10905000E7001A0B7B031C2A4258C44A42001B0B30
:109060009BAE8B5242001A0BFA2C87135A1BC74A2D
:10907000DB57AE725A67C74ABB011B0B5A031B0B67
:109080003B01084A7B03070A9C00020A7B03094A4A
:109090007B030A0B4A3482135A031B0B9B00022AE0
:1090A0004A09C24A7B03050AC6001A0B7B031C2A25
:1090B0004A59C24A4A011B0BDB3F96524A011A0B1E
:1090C000DA2C86135A1BC64ADB1BB0725A67C64A93
:1090D0009B011B0B5A031B0B1B01074A7B03060A50
:1090E0005C000A0A7B03084A7B03090B49358A1393
:1090F0005A031B0B5B000A2A2909CA4A7B03040A8C
:10910000A5001A0B7B031C2A2959CA4A29011B0BEB
:10911000FBD4805229011A0BBA2C85135A1BC54A5D
:109120009B7BB3725A67C54A7B001B0B5A031B0B10
:10913000FB00064A7B03050A5C01090A7B03074A18
:109140007B03080B283589135A031B0B5B01092A83
:109150000809C94A7B03020A84001A0B7B031C2AF4
:109160000859C94A08011B0B9B2E9E5208011A0B75
:109170009A2C84135A1BC44A7B33B8725A67C44A68
:109180001B001B0B5A031B0BDB00054A7B03040A65
:109190003C01080A7B03064A7B03070B073588134B
:1091A0005A031B0B3B01082AE708C84A7B030A0A3B
:1091B0007B031C2AE758C84AE7001B0B42001A0B26
:1091C000E7001A0B7B4C83137B47C34ABA4A9513BB
:1091D0005A1FD54A7B2B434A5A0F554A1C01070A8E
:1091E0007A031A0B3B388D524B030B0B5A2C82130C
:1091F0005A1BC24A7B93BC725A67C24A7B011B0B43
:109200005A031B0BBB00044A7B03020AF501150B32
:109210007B03054A7B03060BE63487135A031B0BBB
:109220001B01072AC608C74A7B03090A7B031C2ABD
:10923000C658C74AC6001B0B4A011A0BC6001A0BB8
:109240001B4C80137B47C04A9A4A94135A1FD44A36
:109250007B2B404A5A0F544AFC00060A7A031A0B29
:10926000DBF088525503150B5A2D8A135A1BCA4A34
:10927000DBF7BD725A67CA4ABB021B0B5A031B0BB2
:109280009B00024A7B030A0AD401140B7B03044AA5
:109290007B03050BC53486135A031B0BFB00062A00
:1092A000A508C64A7B03080A7B031C2AA558C64AA0
:1092B000A5001B0B29011A0BA5001A0B7B4D8B1364
:1092C0007B47CB4AFA4A97135A1FD74A7B2B4B4A04
:1092D0005A0F574ADC00050A7A031A0BDBB893527F
:1092E0005403140B3A2D89135A1BC94A3BF8A17237
:1092F0005A67C94A9B021B0B5A031B0B5B000A4AA5
:109300007B03090AB701170B7B03024A7B03040B9B
:10931000A43485135A031B0BDB00052A8408C54AB5
:109320007B03070A7B031C2A8458C54A84001B0B55
:1093300008011A0B84001A0BBB4E95137B47D54AC4
:109340001A4B98135A1FD84A7B2B554A5A0F584A22
:10935000BC00040A7A031A0B9B3994525703170B6B
:109360001A2D88135A1BC84A9B81A4725A67C84A8F
:10937000FB021B0B5A031B0B5B01094A7B03080A08
:109380009801180B7B030A4A7B03020B8234841377
:109390005A031B0BBB00042A4208C44A7B03060A7B
:1093A0007B031C2A4258C44A42001B0BE7001A0BDD
:1093B00042001A0B9B4E94137B47D44A3A4B9913A5
:1093C0005A1FD94A7B2B544A5A0F594A9C00020A09
:1093D0007A031A0BFB8D85525803180BFA2C87134E
:1093E0005A1BC74A3BBDA5725A67C74A1B031B0BD2
:1093F0005A031B0B3B01084A7B03070A7900190B30
:109400007B03094A7B030A0B4A3482135A031B0B62
:109410009B00022A4A09C24A7B03050A7B031C2AD5
:109420004A59C24A4A011B0BC6001A0B4A011A0BC1
:10943000FB4E97137B47D74A7A4A93135A1FD34A56
:109440007B2B574A5A0F534A5C000A0A7A031A0BBD
:109450005B9590525903190BDA2C86135A1BC64A96
:109460009B4EA9725A67C64A3B031B0B5A031B0B40
:109470001B01074A7B03060A1300130B7B03084AF0
:109480007B03090B49358A135A031B0B5B000A2A1D
:109490002909CA4A7B03040A7B031C2A2959CA4AA0
:1094A00029011B0BA5001A0B29011A0B1B4F98133E
:1094B0007B47D84ADA4B9E135A1FDE4A7B2B584A09
:1094C0005A0F5E4A5C01090A7A031A0B9B3B9552BC
:1094D0005303130BBA2C85135A1BC54A1B96AB7248
:1094E0005A67C54A7B021B0B5A031B0BFB00064A3B
:1094F0007B03050A7B03074A7B03080B2835891386
:109500005A031B0B5B01092A0809C94A7B03020A9B
:109510007B031C2A0859C94A08011B0B84001A0B3B
:1095200008011A0B3B4F99137B47D94A3A4A9113CA
:109530005A1FD14A7B2B594A5A0F514A7B030B0BB6
:109540005A031E0B3C01080A7E031A0B9A2C841343
:109550005A1BC44A5B1B91525A67C44A3BDFAE7226
:10956000DB031B0B5A031B0BDB00054A7B03040ABE
:109570007B03064A7B03070B073588135A031B0B33
:109580003B01082AE708C84A7B030A0A7B031C2A16
:10959000E758C84AE7001B0B42001A0BE7001A0BFA
:1095A0001A4A90135A1FD04A5B2A8A525A0F504ABD
:1095B000DB07B3725103110B7A4E93135A47D34A08
:1095C0001C01070A5A2B534A5A03150B31021A0B76
:1095D0005A2C82135A1BC24A3B021B0B5A67C24ABF
:1095E0005A031B0BBB00044A7B03020A7B03054A98
:1095F0007B03060BE63487135A031B0B1B01072A58
:10960000C608C74A7B03090A7B031C2AC658C74AF7
:10961000C6001B0B4A011A0BC6001A0BFA498F131E
:109620005A1FCF4ABBCD98525A0F4F4A3B06B572CC
:109630005003100BDA4F9E135A47DE4AFC00060A0D
:109640005A2B5E4A5A03140B10021A0B5A2D8A1316
:109650005A1BCA4A1B021B0B5A67CA4A5A031B0BE6
:109660009B00024A7B030A0A7B03044A7B03050B27
:10967000C53486135A031B0BFB00062AA508C64AED
:109680007B03080A7B031C2AA558C64AA5001B0BAE
:1096900029011A0BA5001A0BDA498E135A1FCE4A5C
:1096A0001BF984525A0F4E4A7B00B6724F030F0BC0
:1096B0003A4E91135A47D14ADC00050A5A2B514AB7
:1096C0005A03170BEF011A0B3A2D89135A1BC94A7B
:1096D000FB011B0B5A67C94A5A031B0B5B000A4A62
:1096E0007B03090A7B03024A7B03040BA434851322
:1096F0005A031B0BDB00052A8408C54A7B03070AB3
:109700007B031C2A8458C54A84001B0B08011A0BD2
:1097100084001A0BBA498D135A1FCD4AFBF88F5299
:109720005A0F4D4A3BEBB7724E030E0B1A4E901375
:109730005A47D04ABC00040A5A2B504A5A03180B05
:10974000CE011A0B1A2D88135A1BC84ADB011B0BBA
:109750005A67C84A5A031B0B5B01094A7B03080A74
:109760007B030A4A7B03020B823484135A031B0BCC
:10977000BB00042A4208C44A7B03060A7B031C2A56
:109780004258C44A42001B0BE7001A0B42001A0B56
:10979000FB4D8F137B47CF4A9A498C135A1FCC4AF3
:1097A0007B2B4F4A5A0F4C4A7B03190B5A030D0B64
:1097B0009C00020A6D031A0BFA2C87135A1BC74A26
:1097C0007B7E81525A67C74A1BDCB872BB011B0BF8
:1097D0005A031B0B3B01084A7B03070A7B03094A18
:1097E0007B030A0B4A3482135A031B0B9B00022A89
:1097F0004A09C24A7B03050A7B031C2A4A59C24A0A
:109800004A011B0BC6001A0B4A011A0B7A48831334
:109810005A1FC34AFB2892525A0F434AFBB4BA72EA
:109820004C030C0BDA4D8E135A47CE4A5C000A0AE1
:109830005A2B4E4A5A03130B8C011A0BDA2C86133F
:109840005A1BC64A9B011B0B5A67C64A5A031B0B7D
:109850001B01074A7B03060A7B03084A7B03090BAB
:1098600049358A135A031B0B5B000A2A2909CA4A85
:109870007B03040A7B031C2A2959CA4A29011B0BB2
:10988000A5001A0B29011A0B1A4880135A1FC04A47
:109890003B6A8C525A0F404A5BD9A0724303030BB8
:1098A000BA4D8D135A47CD4A5C01090A5A2B4D4ACD
:1098B0005A031E0B63001A0BBA2C85135A1BC54A98
:1098C0007B001B0B5A67C54A5A031B0BFB00064A59
:1098D0007B03050A7B03074A7B03080B28358913A2
:1098E0005A031B0B5B01092A0809C94A7B03020AB8
:1098F0007B031C2A0859C94A08011B0B84001A0B58
:1099000008011A0B7A498B135A1FCB4AFB2C85523C
:109910005A0F4B4A3B85A2724003000B9A4D8C13A1
:109920005A47CC4A3C01080A5A2B4C4A5A03110B9D
:1099300000001A0B9A2C84135A1BC44A1B001B0BE1
:109940005A67C44A5A031B0BDB00054A7B03040A0F
:109950007B03064A7B03070B073588135A031B0B4F
:109960003B01082AE708C84A7B030A0A7B031C2A32
:10997000E758C84AE7001B0B42001A0BE7001A0B16
:10998000BA4A95135A1FD54ABB5081525A0F554AAD
:10999000FBF6A4724B030B0B7A4C83135A47C34A52
:1099A0001C01070A5A2B434A5A03100B6B011A0B6E
:1099B0005A2C82135A1BC24A7B011B0B5A67C24A9C
:1099C0005A031B0BBB00044A7B03020A7B03054AB4
:1099D0007B03060BE63487135A031B0B1B01072A74
:1099E000C608C74A7B03090A7B031C2AC658C74A14
:1099F000C6001B0B4A011A0BC6001A0B9A4A941395
:109A00005A1FD44A1B2784525A0F544A7BC3A5724B
:109A10005503150B1A4C80135A47C04AFC00060A1E
:109A20005A2B404A5A030F0BB5021A0B5A2D8A13B0
:109A30005A1BCA4ABB021B0B5A67CA4A5A031B0B62
:109A40009B00024A7B030A0A7B03044A7B03050B43
:109A5000C53486135A031B0BFB00062AA508C64A09
:109A60007B03080A7B031C2AA558C64AA5001B0BCA
:109A700029011A0BA5001A0BFA4A97135A1FD74A45
:109A80009BBF8D525A0F574A9BA5A9725403140BC2
:109A90007A4D8B135A47CB4ADC00050A5A2B4B4AA6
:109AA0005A030E0B94021A0B3A2D89135A1BC94AFA
:109AB0009B021B0B5A67C94A5A031B0B5B000A4ADD
:109AC0007B03090A7B03024A7B03040BA43485133E
:109AD0005A031B0BDB00052A8408C54A7B03070ACF
:109AE0007B031C2A8458C54A84001B0B08011A0BEF
:109AF00084001A0B1A4B98135A1FD84A7BA2815222
:109B00005A0F584A1B67AA725703170BBA4E951380
:109B10005A47D54ABC00040A5A2B554A5A030D0B22
:109B2000F7021A0B1A2D88135A1BC84AFB021B0B8B
:109B30005A67C84A5A031B0B5B01094A7B03080A90
:109B40007B030A4A7B03020B823484135A031B0BE8
:109B5000BB00042A4208C44A7B03060A7B031C2A72
:109B60004258C44A42001B0BE7001A0B42001A0B72
:109B70003A4B99135A1FD94A9B6A8E525A0F594A27
:109B80005BA1AC725803180B9A4E94135A47D44AEF
:109B90009C00020A5A2B544A5A030C0B18031A0B46
:109BA000FA2C87135A1BC74A1B031B0B5A67C74A59
:109BB0005A031B0B3B01084A7B03070A7B03094A34
:109BC0007B030A0B4A3482135A031B0B9B00022AA5
:109BD0004A09C24A7B03050A7B031C2A4A59C24A26
:109BE0004A011B0BC6001A0B4A011A0B7A4A93133F
:109BF0005A1FD34A7B5781525A0F534A5BCDAE72DC
:109C00005903190BFA4E97135A47D74A5C000A0AB0
:109C10005A2B574A5A03030B39031A0BDA2C8613B3
:109C20005A1BC64A3B031B0B5A67C64A5A031B0BF7
:109C30001B01074A7B03060A7B03084A7B03090BC7
:109C400049358A135A031B0B5B000A2A2909CA4AA1
:109C50007B03040A7B031C2A2959CA4A29011B0BCE
:109C6000A5001A0B29011A0BDA4B9E135A1FDE4A64
:109C7000DB2599525A0F5E4A5B38B0725303130BBF
:109C80001A4F98135A47D84A5C01090A5A2B584A66
:109C90005A03000B73021A0BBA2C85135A1BC54AC0
:109CA0007B021B0B5A67C54A5A031B0BFB00064A73
:109CB0007B03050A7B03074A7B03080B28358913BE
:109CC0005A031B0B5B01092A0809C94A7B03020AD4
:109CD0007B031C2A0859C94A08011B0B84001A0B74
:109CE00008011A0B3A4A91135A1FD14ABB90855268
:109CF0005A0F514A5B4EB2725E031E0B3A4F9913D4
:109D00005A47D94A3C01080A5A2B594A5A030B0BA5
:109D1000DE031A0B9A2C84135A1BC44ADB031B0B59
:109D20005A67C44A5A031B0BDB00054A7B03040A2B
:109D30007B03064A7B03070B073588135A031B0B6B
:109D40003B01082AE708C84A7B030A0A7B031C2A4E
:109D5000E758C84AE7001B0B42001A0BE7001A0B32
:109D60001A4A90135A1FD04A3B149D525A0F504A18
:109D7000FB57B4725103110B7A4E93135A47D34ACF
:109D80001C01070A5A2B534A5A03150B31021A0BAE
:109D90005A2C82135A1BC24A3B021B0B5A67C24AF7
:109DA0005A031B0BBB00044A7B03020A7B03054AD0
:109DB0007B03060BE63487135A031B0B1B01072A90
:109DC000C608C74A7B03090A7B031C2AC658C74A30
:109DD000C6001B0B4A011A0BC6001A0BDB4F9E1361
:109DE0007B47DE4AFA498F135A1FCF4A7B2B5E4AC4
:109DF0005A0F4F4A7B03140B5A03100BFC00060A40
:109E000070031A0B5A2D8A135A1BCA4A7BC98C52EB
:109E10005A67CA4A5B03B5721B021B0B5A031B0B22
:109E20009B00024A7B030A0A7B03044A7B03050B5F
:109E3000C53486135A031B0BFB00062AA508C64A25
:109E40007B03080A7B031C2AA558C64AA5001B0BE6
:109E500029011A0BA5001A0BDA498E135A1FCE4A94
:109E60001B6E91525A0F4E4A7B49B8724F030F0B2B
:109E70003A4E91135A47D14ADC00050A5A2B514AEF
:109E80005A03170BEF011A0B3A2D89135A1BC94AB3
:109E9000FB011B0B5A67C94A5A031B0B5B000A4A9A
:109EA0007B03090A7B03024A7B03040BA43485135A
:109EB0005A031B0BDB00052A8408C54A7B03070AEB
:109EC0007B031C2A8458C54A84001B0B08011A0B0B
:109ED00084001A0BBA498D135A1FCD4A7B348A521B
:109EE0005A0F4D4A9BEDB8724E030E0B1A4E90134B
:109EF0005A47D04ABC00040A5A2B504A5A03180B3E
:109F0000CE011A0B1A2D88135A1BC84ADB011B0BF2
:109F10005A67C84A5A031B0B5B01094A7B03080AAC
:109F20007B030A4A7B03020B823484135A031B0B04
:109F3000BB00042A4208C44A7B03060A7B031C2A8E
:109F40004258C44A42001B0BE7001A0B42001A0B8E
:109F50009A498C135A1FCC4A3B039D525A0F4C4AC4
:109F60005B32BA724D030D0BFA4D8F135A47CF4A2D
:109F70009C00020A5A2B4F4A5A03190BAD011A0BC7
:109F8000FA2C87135A1BC74ABB011B0B5A67C74AD7
:109F90005A031B0B3B01084A7B03070A7B03094A50
:109FA0007B030A0B4A3482135A031B0B9B00022AC1
:109FB0004A09C24A7B03050A7B031C2A4A59C24A42
:109FC0004A011B0BC6001A0B4A011A0B7A4883136D
:109FD0005A1FC34A9BC480525A0F434A3BD3BA729A
:109FE0004C030C0BDA4D8E135A47CE4A5C000A0A1A
:109FF0005A2B4E4A5A03130B8C011A0BDA2C861378
:10A000005A1BC64A9B011B0B5A67C64A5A031B0BB5
:10A010001B01074A7B03060A7B03084A7B03090BE3
:10A0200049358A135A031B0B5B000A2A2909CA4ABD
:10A030007B03040A7B031C2A2959CA4A29011B0BEA
:10A04000A5001A0B29011A0B1A4880135A1FC04A7F
:10A05000BBB086525A0F404ADB81BE724303030BEA
:10A06000BA4D8D135A47CD4A5C01090A5A2B4D4A05
:10A070005A031E0B63001A0BBA2C85135A1BC54AD0
:10A080007B001B0B5A67C54A5A031B0BFB00064A91
:10A090007B03050A7B03074A7B03080B28358913DA
:10A0A0005A031B0B5B01092A0809C94A7B03020AF0
:10A0B0007B031C2A0859C94A08011B0B84001A0B90
:10A0C00008011A0B7A498B135A1FCB4A1B0E945264
:10A0D0005A0F4B4A5B0DA2724003000B9A4D8C1332
:10A0E0005A47CC4A3C01080A5A2B4C4A5A03110BD6
:10A0F00000001A0B9A2C84135A1BC44A1B001B0B1A
:10A100005A67C44A5A031B0BDB00054A7B03040A47
:10A110007B03064A7B03070B073588135A031B0B87
:10A120003B01082AE708C84A7B030A0A7B031C2A6A
:10A13000E758C84AE7001B0B42001A0BE7001A0B4E
:10A14000BA4A95135A1FD54ADB2298525A0F554ADC
:10A150009B34A3724B030B0B7A4C83135A47C34AAD
:10A160001C01070A5A2B434A5A03100B6B011A0BA6
:10A170005A2C82135A1BC24A7B011B0B5A67C24AD4
:10A180005A031B0BBB00044A7B03020A7B03054AEC
:10A190007B03060BE63487135A031B0B1B01072AAC
:10A1A000C608C74A7B03090A7B031C2AC658C74A4C
:10A1B000C6001B0B4A011A0BC6001A0B9A4A9413CD
:10A1C0005A1FD44A1B818D525A0F544AFBC6A372A0
:10A1D0005503150B1A4C80135A47C04AFC00060A57
:10A1E0005A2B404A5A030F0BB5021A0B5A2D8A13E9
:10A1F0005A1BCA4ABB021B0B5A67CA4A5A031B0B9B
:10A200009B00024A7B030A0A7B03044A7B03050B7B
:10A21000C53486135A031B0BFB00062AA508C64A41
:10A220007B03080A7B031C2AA558C64AA5001B0B02
:10A2300029011A0BA5001A0BFA4A97135A1FD74A7D
:10A240009BE98E525A0F574A1BE9A4725403140B10
:10A250007A4D8B135A47CB4ADC00050A5A2B4B4ADE
:10A260005A030E0B94021A0B3A2D89135A1BC94A32
:10A270009B021B0B5A67C94A5A031B0B5B000A4A15
:10A280007B03090A7B03024A7B03040BA434851376
:10A290005A031B0BDB00052A8408C54A7B03070A07
:10A2A0007B031C2A8458C54A84001B0B08011A0B27
:10A2B00084001A0B1A4B98135A1FD84ABB96975210
:10A2C0005A0F584A1B96A6725703170BBA4E95138E
:10A2D0005A47D54ABC00040A5A2B554A5A030D0B5B
:10A2E000F7021A0B1A2D88135A1BC84AFB021B0BC4
:10A2F0005A67C84A5A031B0B5B01094A7B03080AC9
:10A300007B030A4A7B03020B823484135A031B0B20
:10A31000BB00042A4208C44A7B03060A7B031C2AAA
:10A320004258C44A42001B0BE7001A0B42001A0BAA
:10A330003A4B99135A1FD94A7B9681525A0F594A60
:10A340009B23A7725803180B9A4E94135A47D44A6A
:10A350009C00020A5A2B544A5A030C0B18031A0B7E
:10A36000FA2C87135A1BC74A1B031B0B5A67C74A91
:10A370005A031B0B3B01084A7B03070A7B03094A6C
:10A380007B030A0B5A031B0B9B00022ACA001A0B01
:10A3900046348213C608C24A7B03050A7B031C2A83
:10A3A000C658C24AC6001B0B5B499552C6001A0B21
:10A3B0007A4A93135A1FD34A1BDBA9725A0F534A86
:10A3C0005C00060A5903190BFA4E97135A47D74AED
:10A3D0005A2B574A5A03030B39031A0B5A2D8A1367
:10A3E0005A1BCA4A3B031B0B5A67CA4A5A031B0B28
:10A3F0001B01074A7B030A0A7B03084A7B03090BFC
:10A400005A031B0B5B00062AA9001A0BC5348613DE
:10A41000A508C64A7B03040A7B031C2AA558C64A22
:10A42000A5001B0B1B4F9813A5001A0BDA4B9E13AC
:10A430005A1FDE4A7B47D84A5A0F5E4A7B2B584A3E
:10A440007B03000B5A03130B73031A0B3B2D891369
:10A450007B1BC94AFA4999527B67C94A9A73AB7206
:10A460007A021A0BDC00050A7B031A0BFA000A4A6F
:10A470005A03090A5A03074A5A03080B68031A0BBE
:10A48000DB00052A9A00080BA43485138408C54A0A
:10A490007B03020A7B031C2A8458C54A84001B0BD9
:10A4A0003B4F99138400080B284A9113081DD14A89
:10A4B0007B47D94A080D514A7B2B594A7B030B0B2A
:10A4C00008011E0B08011B0B5E2F9A13DE1BDA4AD4
:10A4D0007BFE8D52DE67DA4ADB05AD721B011B0B7A
:10A4E000BC00040ADE031B0B5B01094A7B031A0A4A
:10A4F0007B030A4A7B03070BDE031B0BBB00042A0A
:10A5000047001E0B823484134208C44A7B03060AA8
:10A510007B031C2A4258C44A42001B0B1B4A90135F
:10A520007B1FD04A42001E0B7B0F504A9C00020A40
:10A530007103110B7B4E93137B47D34A7B2B534AFA
:10A540007B03150BF52C871331021B0BB51AC74A79
:10A55000DB5D9052B566C74AFB91AE723B021B0BA6
:10A56000B5021B0B3B011A4A7B03070A7B03094A0E
:10A570007B030A0B4A348213B5021B0B9B00022A91
:10A580004A09C24A7B03050A4A59C24A7B031C2A6C
:10A590004A011B0BC600150B4A01150BF5498F1319
:10A5A000B51ECF4A5B000A0AB50E4F4AB002100B27
:10A5B000154D8813B546C84AB52A484AB502140B4A
:10A5C000D42C86131002150B941AC64AF56D8C52C2
:10A5D0009466C64AB514AF721502150B9402150B9A
:10A5E0005503074AB502060AB5021A4AB502090B15
:10A5F00049358A139402150B55000A2A2909CA4ABB
:10A60000B502040A2959CA4AB5021B2A2901150BA9
:10A61000A500140B2901140BD4498E13941ECE4AA5
:10A62000B52C8513940E4E4AB51AC54A94020F0BE9
:10A630002F4E9113EF45D14AB566C54AEF29514ACD
:10A64000EF01170B5701092A94020F0B8F028F524B
:10A650000F99B0728F020F0BB5020F0BEF00064A75
:10A66000EF01050AF702020AEF01074AEF011A0B90
:10A670005A01090AB5020F0B2F358913EF09C94A90
:10A68000F7021A2AEF59C94A8400150BEF01170B7C
:10A69000EF01150BB5498D13B51ECD4A37010F0AD1
:10A6A000B50E4D4AAE020E0B154E9013B546D04A6C
:10A6B000B02A504A154180521002180BF598B17219
:10A6C000CE01100B902C8413101AC44AD501150B1F
:10A6D0001066C44A1002150BD500054AB502040ADB
:10A6E000B502064AB502070BE7358F131002150BAA
:10A6F00035010F2AE708CF4AB5020A0AE758CF4AC0
:10A70000B502172AE700150B4200100BE700100BEB
:10A7100090498C13101ECC4AF501070A100E4C4AC2
:10A720000D020D0B904E94131046D44A142A544A2D
:10A73000502C82139402190B101AC24AAD01140B4B
:10A7400054FF9F521066C24AD417B272B401140B60
:10A750001002140BB400044A9402020A9402054A3F
:10A760009402060BE63487131002140BF401072A37
:10A770009402090AC608C74AC658C74A9402152A4D
:10A78000C600140B4A01100BC600100B704883134F
:10A79000101EC34A100E434A0C020C0BD04D8E13F0
:10A7A0001046CE4A0E2A4E4A709D8D52CE01130B92
:10A7B000108AB4728C010E0B4E2D8A13CE19CA4A20
:10A7C0009001100BCE65CA4AF300060ACE01100BA9
:10A7D0009000024A10020A0A1002044A1002050BF5
:10A7E000C5348613CE01100BF000062A10020F0AA2
:10A7F000A508C64AA558C64A1002132AA500100B80
:10A8000029010E0BA5000E0B0E488013CE1DC04A69
:10A81000CE0D404ACE01080BE87E9452CE01040BC7
:10A82000242D89138418C94A28DFB7728464C94A61
:10A830006300080BCE01040BA44D8D138444CD4A54
:10A84000C800052A84284D4A0801070A8300030B23
:10A8500044000A4A8400090ACD00050A8400024A1D
:10A8600008010D2A6300040BA43485138408C54A2B
:10A87000C301030B8458C54AEF01030B8400080B86
:10A880008400030B63498B13631CCB4AA800040AA2
:10A890006B0C4B4A431E8F526B01110B23CEB872C7
:10A8A0006B01020BE22D8F134218CF4A0000030BFD
:10A8B0004264CF4A833484136B01020B824D8C13A4
:10A8C0004244CC4A6308C44A42284C4A6358C44AAA
:10A8D0004000000B4201094A42000F0A42000A4AA6
:10A8E0000000020BA200042A4200060A6001000BCD
:10A8F0004200082AD602000B6200020BE37740B93F
:10A900004200160B6300040BE43740F9820C012966
:10A91000E43740F9E28340B9E38B40B94200050BCC
:10A920006300060B820C0229E27340B9E33740F959
:10A930004200070B4200000BE07B40B900000F0B08
:10A9400062000329E33740F9E07F40B9E28F40B964
:10A950000000090B42000A0B60080429E08740B997
:10A9600000040071E08700B94102FF54F35341A98C
:10A97000F55B42A9F76343A9F96B44A9FB7345A9A9
:10A98000FD7BC9A8C0035FD6FD7BBCA9FD03009178
:10A99000F35301A9F40300AAF303022AF55B02A909
:10A9A000F60301AAF76303A917088052000040B913
:10A9B000151400120000022B800200B9F702154B9B
:10A9C00083000054800640B900040011800600B9DD
:10A9D000BF020071E212537AC8010054E10316AAC3
:10A9E00098A2009173020151D642378B0043358BF8
:10A9F000B302130B15008052E203172A36090094A4
:10AA0000E10318AAE00314AA22008052DFF7FF979F
:10AA1000627E0653E10316AAE00314AADBF7FF9750
:10AA2000621600726001005473667A9294A20091DB
:10AA3000C102138B8042358BF76343A942144092C5
:10AA4000F35341A9F55B42A9FD7BC4A82209001478
:10AA5000F35341A9F55B42A9F76343A9FD7BC4A861
:10AA6000C0035FD642000034C8FFFF17C0035FD6A3
:10AA7000FD7BBDA903078052FD030091F35301A99B
:10AA8000F40301AAF30300AA0108402942748113C8
:10AA90004208C05AE22B00B922701D532114001243
:10AAA0006300014B3FDC00714208C05AE22F00B93D
:10AAB000020F80524200014B4280831AE10000B035
:10AAC00021203A91E8FFFF97E1A30091E00313AA48
:10AAD00002018052ADFFFF97602E4039800200399D
:10AAE0006016407980060039600A40B9007C08533E
:10AAF000800A0039600A40B9800E0039603E403952
:10AB000080120039601E407980160039600E40B90D
:10AB1000007C0853801A0039600E40B9801E00394D
:10AB2000604E403980220039602640798026003905
:10AB3000601240B9007C0853802A0039601240B985
:10AB4000802E0039605E403980320039602E4079B5
:10AB500080360039601640B9007C0853803A0039CD
:10AB6000601640B9803E0039606E4039804200393D
:10AB70006036407980460039601A40B9007C08533D
:10AB8000804A0039601A40B9804E0039607E4039F1
:10AB900080520039603E407980560039601E40B9CD
:10ABA000007C0853805A0039601E40B9805E00392D
:10ABB000608E403980620039604640798066003995
:10ABC000602240B9007C0853806A0039602240B995
:10ABD000806E0039609E403980720039604E407945
:10ABE00080760039602640B9007C0853807A0039AD
:10ABF000602640B9807E0039F35341A9FD7BC3A88C
:10AC0000C0035FD6010040B900BA8152C0BFBD7217
:10AC10003F00006B0001801200109F1AC0035FD636
:10AC2000E100F8372200022BA2000054032440B9AF
:10AC30006308C05A5F00036B69000054000080D2B3
:10AC400005000014020840B94208C05A41C0218BD7
:10AC50000000018BC0035FD6FD7BBFA9E50302AAFC
:10AC6000E2008012FD030091E703012AA20000B96F
:10AC700024100011E80300AA82008052E9FFFF9728
:10AC8000000040B941018012A10000B90608C05A75
:10AC90000160A0521F00016BC0030054DF0C007163
:10ACA000680100540120A0521F00016BA001005454
:10ACB0000140A0521F00016B400200542601805247
:10ACC000E003062AFD7BC1A8C0035FD60180A05225
:10ACD0001F00016B600100540120A152F6FFFF1715
:10ACE000E103042A22008052E00308AA8400020B38
:10ACF000CCFFFF97600000B40000403920FFFF3513
:10AD0000840C001184741E12A40000B9EDFFFF171B
:10AD1000E103042AE00308AA82008052C1FFFF97E2
:10AD2000040040B9E73000118408C05AE400040B65
:10AD3000F4FFFF17FD7BBEA9FD030091E11F00B9E1
:10AD40003F0801728000005460008012FD7BC2A8A1
:10AD5000C0035FD6E2730091C0FFFF971F0400712C
:10AD600041FFFF54E01F40B9F9FFFF17FD7BBEA96B
:10AD7000FD030091E11F00B93F08017280000054FB
:10AD800060008012FD7BC2A8C0035FD6E273009111
:10AD9000B2FFFF971F0C007141FFFF54E01F40B945
:10ADA000F9FFFF17FD7BBEA9EB0300AAEA0302AA85
:10ADB000FD030091FF1F00B9A100F837DEFFFF97E8
:10ADC000E01F00B9E903002A0002F837E91F40B983
:10ADD000E2730091E0030BAAE103092A9FFFFF97AA
:10ADE0001F080071800100541F24007120020054CC
:10ADF0001F040071C1FEFF548A0000B4400140B935
:10AE000000040011400100B9E003092AFD7BC2A83B
:10AE1000C0035FD6CAFDFFB4400140B90004005131
:10AE2000400100B940FDFF36E91F40B9F7FFFF17A9
:10AE3000E91F40B9C900F8363F21003161FEFF54D7
:10AE40005F0100F129119F5AF0FFFF1709008012DE
:10AE5000EEFFFF17FD7BBEA9FD030091E273009199
:10AE6000FF1F00B9D0FFFF97C000F837E11F40B9BE
:10AE70003F04007100009F5AFD7BC2A8C0035FD64B
:10AE800000008012FDFFFF17FD7BBEA9EC0300AAA6
:10AE900020008052FD030091E01F00B9E003012A69
:10AEA000E103002AE2730091E0030CAABEFFFF97C2
:10AEB0000001F837E11F40B93F000071AD000054B8
:10AEC0003F040071E1FEFF54FD7BC2A8C0035FD6C2
:10AED00000008012FDFFFF17FD7BBDA9FD0300915F
:10AEE000F35301A9F30300AA347C4093E00302AAC0
:10AEF000F55B02A9F50302AAAC0700940004001157
:10AF000094C220CB167C40937402148B7F0214EB06
:10AF1000E9000054130080D2E00313AAF35341A9BF
:10AF2000F55B42A9FD7BC3A8C0035FD6E20316AA66
:10AF3000E10315AAE00313AA18080094E0FEFF3409
:10AF400073060091F2FFFF17021040B94208C05A81
:10AF500041D0218B0000018BC0035FD6030840B9AC
:10AF60006308C05A61C0218B0000018B820000B4CD
:10AF7000010440B92108C05A410000B9C0035FD69E
:10AF8000FD7BBCA9FD030091F30B00F9F30300AABC
:10AF9000E2F30091E00313AAE12F00B92FFFFF971E
:10AFA000E12F40B91F0C0071E0000054E13F40B9AF
:10AFB0001F240071010100543F0000714001801204
:10AFC00021B0801AF30B40F9E003012AFD7BC4A8ED
:10AFD000C0035FD61F100071C0FDFF540100801236
:10AFE000F9FFFF17FD7BBEA9FD030091F35301A9F3
:10AFF000F40302AA020C40B94208C05A41C0218B96
:10B000001300018B940000B4E00313AA67070094B7
:10B01000800200B9E00313AAF35341A9FD7BC2A843
:10B02000C0035FD6020080D2EFFFFF17FD7BBFA9F0
:10B03000E40302AAFD030091C4FFFF97010040F959
:10B04000FD7BC1A8210CC0DA810000F9000440F9A1
:10B05000000CC0DA600000F900008052C0035FD627
:10B06000E40300AAFD7BBFA903008052FD03009109
:10B07000E103032AE00304AAB4FFFF97A00000B590
:10B08000E3008012E003032AFD7BC1A8C0035FD662
:10B09000000440F980FFFFB463040011F5FFFF17BF
:10B0A000FD7BBEA9FD030091F35301A9F40302AA9D
:10B0B000020840B94208C05A41C0218B0000018BF0
:10B0C00013100091940000B4E00313AA3707009412
:10B0D000800200B9E00313AAF35341A9FD7BC2A883
:10B0E000C0035FD6FD7BBBA9FD030091F35301A90B
:10B0F000F303012A747C4093F55B02A9F60300AACE
:10B10000F71B00F9F70302AAFF4B00B9E04B40B967
:10B110000100132A2101F8361F00007173A29F5A03
:10B12000F71B40F9E003132AF35341A9F55B42A949
:10B13000FD7BC5A8C0035FD61F040071A1020054A7
:10B14000E2330191E103132AE00316AAD5FFFF972A
:10B15000F50300AAE00100B4E20314AAE10317AA70
:10B160008E07009460010035A06A7438A0FDFF349A
:10B17000E20314AAE00317AA01088052930700947F
:10B18000800000B5A06A74381F000171A0FCFF5454
:10B19000E103132AE2230191E00316AA02FFFF97BD
:10B1A000F303002ADAFFFF17FD7BBDA9FD03009121
:10B1B000F30B00F9F30300AAE00302AAE21300F97B
:10B1C000E12F00B9F9060094E21340F9E303002AE5
:10B1D000E12F40B9E00313AAF30B40F9FD7BC3A8AC
:10B1E000C1FFFF17FD7BBEA9FD030091F30B00F922
:10B1F000F30300AAD0FEFF97C000F837E103002A4E
:10B20000E00313AAF30B40F9FD7BC2A85DFFFF1713
:10B21000F30B40F9FD7BC2A8C0035FD6FD7BBEA93E
:10B22000FD030091F30B00F9F30300AAD0FEFF9792
:10B23000C000F837E103002AE00313AAF30B40F93A
:10B24000FD7BC2A84FFFFF17F30B40F9FD7BC2A89F
:10B25000C0035FD6FD7BBAA9FD030091F35301A99A
:10B26000F55B02A9F50304AAF60305AAF76303A98F
:10B27000F70300AAF803032AF96B04A9FA0302AA48
:10B28000D9FFFF97F303002A8000F836550400B574
:10B29000140080D219000014E20315AAE103132A56
:10B2A000E00317AA2EFFFF97F40300AAE2730191AF
:10B2B000E00317AA810A40B92108C05A4AFFFF9744
:10B2C000800000B4E15F40B91F03016BA00000548F
:10B2D000E103132AE00317AAD1FFFF97EAFFFF1744
:10B2E000027F4093E1031AAA2C07009420FFFF3548
:10B2F000560000B4D30200B9F55B42A9E00314AADA
:10B30000F35341A9F76343A9F96B44A9FD7BC6A890
:10B31000C0035FD6A00200B9DEFFFF1710FFFF17C2
:10B32000050080D2CCFFFF17FD7BBCA9FD03009177
:10B33000F30B00F9F30300AAE00302AAE28F02A9CB
:10B34000E13F00B999060094E29342A9E303002A81
:10B35000E13F40B9E00313AAF30B40F9FD7BC4A819
:10B36000F0FFFF17FD7BBEA9FD030091E57300917F
:10B37000B9FFFF97400000B400300091FD7BC2A8E8
:10B38000C0035FD6FD7BBEA9E40300AAFD030091C4
:10B39000F35301A9F40302AAE20303AAF0FEFF9704
:10B3A000F30300AA000100B4D40000B4610A40B95C
:10B3B000E00304AA2108C05A1BFFFF97800200F98E
:10B3C00073320091E00313AAF35341A9FD7BC2A895
:10B3D000C0035FD6FD7BBCA9FD030091F30B00F910
:10B3E000F30300AAE00302AAE28F02A9E13F00B939
:10B3F0006E060094E29342A9E303002AE13F40B9BC
:10B40000E00313AAF30B40F9FD7BC4A8D6FFFF1796
:10B41000FD7BBCA9C20000B042F81291FD0300916F
:10B42000E3F30091F30B00F9F30300AAE12F00B955
:10B43000E9FFFF97E12F40B9800000B4E23F40B937
:10B440005F10007140010054C20000B0E3F30091AE
:10B4500042E01291E00313AADFFFFF97200100B43E
:10B46000E13F40B93F100071C1000054000040B9F5
:10B470000008C05AF30B40F9FD7BC4A8C0035FD697
:10B4800000008052FCFFFF17FD7BBDA9FD0300916A
:10B49000F35301A9F40301AAF30300AAC10000B009
:10B4A00021181391E22F00B94A0000942001F837C7
:10B4B000E32F40B9E20314AAE103002AE00313AA30
:10B4C000F35341A9040080D2FD7BC3A8A6FFFF1758
:10B4D000F35341A9000080D2FD7BC3A8C0035FD60F
:10B4E000FD7BBCA9427C4093FD030091F35301A96D
:10B4F000F30301AAF55B02A935C0228BF71B00F903
:10B50000F70300AA200040391FBC0071A0050054B9
:10B51000E1058052E00313AAAC0600941F0000F17D
:10B520001610959AE10313AAC202134BE00317AA5F
:10B53000D6FFFF97A00400B4E10300AAF30316AA04
:10B54000E00317AA23000094F403002A7F0215EBFE
:10B55000C2020054F60313AAC00240391FBC007196
:10B56000E0010054A20216CBE1058052E00316AAC6
:10B57000960600941F0000F1E103142A1310959A17
:10B58000E20316AA6302164BE00317AAD6FEFF9742
:10B59000F403002AC0FDFF3604000014D606009113
:10B5A000BF0216EBA1FDFF54F71B40F9E003142A7C
:10B5B000F35341A9F55B42A9FD7BC4A8C0035FD644
:10B5C00014008052E2FFFF1794008012F7FFFF176C
:10B5D000FD7BBDA9FD030091F30B00F9F30300AA65
:10B5E000E00301AAE11700F9F0050094E203002A44
:10B5F000E11740F9E00313AAF30B40F9FD7BC3A860
:10B60000B8FFFF172201F83600008012C0035FD692
:10B6100000008012F71B40F9F35341A9F55B42A9E2
:10B62000FD7BC5A8C0035FD6FD7BBBA9FD030091D0
:10B63000F35301A9F303022AF403012AF55B02A9DB
:10B64000F50303AA96018012F71B00F9F70300AA7D
:10B6500000008052FF4F00B91F00007100A0547A13
:10B66000ACFDFF54E14F40B93F00136BD612801A76
:10B670001F00146BE1000054550000B4A10200B992
:10B680003F00136B6BFCFF54E003162AE2FFFF1729
:10B69000E103002AE2330191E00317AAC2FDFF97FC
:10B6A000EEFFFF17FD7BBEA902008052FD03009153
:10B6B000E3730091D4FFFF9740000035E01F40B9CD
:10B6C000FD7BC2A8C0035FD6FD7BBDA9FD03009131
:10B6D000F30B00F9F30300AAE12F00B9F2FFFF9783
:10B6E0000001F837E12F40B902040051E00313AA2A
:10B6F000030080D2F30B40F9FD7BC3A8C2FFFF1704
:10B70000F30B40F9FD7BC3A8C0035FD622040051B0
:10B710005F0C003108030054FD7BBDA9020080D2FC
:10B72000FD030091F35301A9F30300AAF403012AD6
:10B73000010080129CFDFF97E103002AA000F8366B
:10B74000F35341A9E003012AFD7BC3A8C0035FD6E0
:10B75000E00313AAE12F00B92EFFFF971F00146B1F
:10B76000E12F40B9E0FEFF54E00313AA020080D2AB
:10B77000F1FFFF17A1008012E003012AC0035FD68A
:10B78000FD7BBCA9FD030091F35301A9F40300AABA
:10B79000F303012AE00302AAF55B02A9F71B00F9F3
:10B7A000F70302AA8105009415040011F60300AA0C
:10B7B000B57E40937F02166B6B010054E20315AA1D
:10B7C000E10314AAE00317AAF40500942002003450
:10B7D000627E4093E00314AA01008052FB050094AE
:10B7E000E00000B500008052F71B40F9F35341A977
:10B7F000F55B42A9FD7BC4A8C0035FD6140014CB3F
:10B80000730600517302144B14040091EAFFFF17F2
:10B8100020008052F5FFFF17FD7BBBA9FD030091BF
:10B82000F35301A9F55B02A9F76303A9F70303AA80
:10B83000E3330191E8FEFF97F44F40B9800300B471
:10B84000F30300AAE00317AA580500941604001198
:10B8500075C2348B140080527F0215EB63000054D4
:10B860001400801212000014A10213CBE00313AAEB
:10B87000640500940004001178C2208B027C409380
:10B880001F0315EB080200541F00166B80000054C4
:10B8900094060011F30318AAF0FFFF17E10317AA9B
:10B8A000E00313AABD05009440FFFF35F55B42A9F4
:10B8B000E003142AF35341A9F76343A9FD7BC5A80C
:10B8C000C0035FD6D4018012F9FFFF17FD7BBCA92E
:10B8D000FD030091F35301A9F40304AAF55B02A947
:10B8E000F603032AE3F30091BBFEFF97400100B586
:10B8F000740000B4E03F40B9800200B9130080D268
:10B90000F55B42A9E00313AAF35341A9FD7BC4A848
:10B91000C0035FD6F53F80B9F30300AA1500158B6D
:10B920007F0215EB83000054B4FEFFB400008012C8
:10B93000F2FFFF17A10213CBE00313AA3105009415
:10B940000104001161C2218B3F0015EB89000054F6
:10B9500074FDFFB4C0018012E8FFFF1796000035A8
:10B9600014FDFFB4800200B9E6FFFF17D6060051B0
:10B97000F30301AAEBFFFF17FD7BBDA9FD030091B7
:10B98000E3B30091F30B00F9F30302AAC20000B085
:10B99000423C139190FEFF97E12F40B9800000B424
:10B9A000E20313AA77FFFF9701000052F30B40F95F
:10B9B000E003012AFD7BC3A8C0035FD6FD7BBDA9C0
:10B9C000FD030091F35301A9F30300AAF40302AAB3
:10B9D000020080D2F4FCFF97E103002A2001F8372F
:10B9E000E20314AAE00313AAE12F00B9E3FFFF97D3
:10B9F0001F0400318B000054E12F40B9A000003536
:10BA0000E003012AF35341A9FD7BC3A8C0035FD61D
:10BA1000E00313AA020080D2EFFFFF171F0000719E
:10BA20008C010054C0010054E003004B1F4800711A
:10BA3000AC000054A10000D021E0269120D860F88D
:10BA4000C00000B5C00000B000EC1391030000146A
:10BA5000C00000B000681391C0035FD6C00000B002
:10BA600000C01391FDFFFF17E60301AA21C0228B3E
:10BA70003F0006EBC3030054040C40B9052040B955
:10BA80008408C05AA508C05A8400050B04C0248B42
:10BA90003F0004EBC8020054DF0000EB83020054B7
:10BAA000637C409367C022CB8700078BFF0000EBCD
:10BAB000E3010054050440B9A508C05A0500058BF0
:10BAC000FF0005EB88010054840006CBFD7BBFA975
:10BAD00082C022CBFD030091C000038B17050094A8
:10BAE00000008052FD7BC1A8C0035FD660008012B9
:10BAF000C0035FD640008012C0035FD6FD7BBDA9A6
:10BB0000FD030091F35301A9F303032AF40300AAF0
:10BB1000636C1C53F51300F9F503022A426C1C53A5
:10BB2000D2FFFF9740010035810A41297302154B6E
:10BB30002108C05A4208C05A2110130B5310130B8E
:10BB40002108C05A730AC05A814E0129F51340F9E1
:10BB5000F35341A9FD7BC3A8C0035FD6FD7BBDA9FC
:10BB6000FD030091F35301A9F30300AAF403022A91
:10BB7000E32F00B9BDFFFF97A0010035612640B952
:10BB8000E32F40B92108C05A6300144B6100010B38
:10BB90002108C05A612600B9610E40B92108C05A77
:10BBA0006300010B6308C05A630E00B9F35341A947
:10BBB000FD7BC3A8C0035FD6FD7BB9A9FD0300913F
:10BBC000F35301A9F40300AAF55B02A9F603032AC3
:10BBD000F50304AAF76303A9F96B04A9F90302AA00
:10BBE000FB2B00F954FCFF97F803002AE008F83714
:10BBF000970E40B9E00319AA6C040094F30300AA5D
:10BC0000812240B9F70AC05A9702178BE20319AA9A
:10BC1000E00317AA2108C05AB0FCFF97000300B444
:10BC20001300174BD301F837810A40B9C30E001136
:10BC300063741E12E00314AA2108C05A6330001175
:10BC400021C0388B020080528102018BA10200F9D1
:10BC5000C3FFFF9760040034F303002AFB2B40F975
:10BC6000E003132AF35341A9F55B42A9F76343A903
:10BC7000F96B44A9FD7BC7A8C0035FD6810E40B90C
:10BC8000630600119A2240B9E00314AA2108C05AA1
:10BC9000020080525B0BC05AE36F00B921001B8B7E
:10BCA0008102018B71FFFF97F303002A80FDFF35AE
:10BCB000812240B9E0021B8BE36F40B9530BC05A9D
:10BCC0002108C05A6100010B2108C05A812200B925
:10BCD000627C4093E10319AA7F040094D2FFFF170E
:10BCE000A10240F90260A052730AC05AD60AC05A93
:10BCF000220000B9A10240F9330800B9A10240F9BD
:10BD0000360400B9D5FFFF17F303002AD4FFFF174D
:10BD1000FD7BBCA9FD030091F35301A9F30300AA25
:10BD2000F55B02A9F60301AAF50302AACDFCFF9771
:10BD3000611240B923008052020080522108C05A8B
:10BD400034D0208BE00313AA6102148BE11F00F9A9
:10BD50006BFFFF97C0000035E11F40F9D60EC0DA37
:10BD6000766A34F8B50EC0DA350400F9F35341A908
:10BD7000F55B42A9FD7BC4A8C0035FD6FD7BBDA9CE
:10BD8000FD030091F35301A9F30300AA141040B975
:10BD9000E12F00B9B3FCFF97E12F40B91F00016B01
:10BDA0004D010054940AC05AE00313AA81D2218B9A
:10BDB000030080526102018B22008052F35341A99B
:10BDC000FD7BC3A84EFFFF17F35341A9000080126B
:10BDD000FD7BC3A8C0035FD6FD7BBBA9FD0300911B
:10BDE000F35301A9F403032AE3130191F55B02A9BC
:10BDF000F60300AAF50304AAE21B00F9E13F00B92B
:10BE00004AFDFF97E02700F9F30300AAE21B40F97F
:10BE1000E13F40B9E04740B9130100B51F040031CC
:10BE2000A0020054E0010034F35341A9F55B42A99C
:10BE3000FD7BC5A8C0035FD6020C0011830E001164
:10BE400063741E1242741E1261320091E00316AA3E
:10BE500043FFFF97A0FEFF35940AC05A740600B94D
:10BE6000E02740F900300091A00200F90000805264
:10BE7000EEFFFF17E4230191E303142AE00316AA5F
:10BE80004EFFFF97E8FFFF17FD7BBCA9FD03009164
:10BE9000F35301A9F403042AE4E30091F51300F934
:10BEA000F50303AAE303142ACCFFFF97F303002A48
:10BEB000C0000035B4000034E01F40F9827E40939A
:10BEC000E10315AA04040094F51340F9E003132AD2
:10BED000F35341A9FD7BC4A8C0035FD6FD7BBAA97B
:10BEE000FD030091F35301A9F40300AAF303012A0F
:10BEF000F55B02A9F603032AF76303A9F92300F906
:10BF0000F90302AA78FCFF976006F8361F04003197
:10BF100061050054E2730191E103132AE00314AABE
:10BF20004EFBFF97F75F40B9E2730191E00314AA5B
:10BF3000E103172A49FBFF97000C00511F04007111
:10BF400029FFFF54950A40B9D312001173761E12CF
:10BF5000E00314AAB50AC05A73220011B5C2378B88
:10BF6000E303132A9802158B02008052E10318AAFA
:10BF7000FBFEFF9740020035C20600110020A052D0
:10BF8000806A35B801008052427C409300130091D2
:10BF9000420C009113C3338B42F47E92B30300949E
:10BFA000C27E4093E10319AA00130091CA030094D2
:10BFB0000040A05260C21FB8E003172AF92340F9DD
:10BFC000F35341A9F55B42A9F76343A9FD7BC6A8DA
:10BFD000C0035FD620008012F9FFFF17FD7BBDA9CB
:10BFE000FD030091F30B00F9F30300AAE00302AA9A
:10BFF000E21300F9E12F00B96C030094E21340F959
:10C00000E303002AE12F40B9E00313AAF30B40F940
:10C01000FD7BC3A8B2FFFF17FD7BBEA9FD03009106
:10C02000E3730091ECFCFF97E10300AAE01F40B925
:10C03000010100B41F10007101010054200040B93B
:10C04000A10180120008C05A1F1000710090811ACF
:10C05000FD7BC2A8C0035FD6A0018012FDFFFF17C1
:10C06000FD7BBFA9C200009042241991FD030091FD
:10C07000EAFFFF97A00000341F0400318100005444
:10C080004000805202000014A0018012FD7BC1A874
:10C09000C0035FD6FD7BBFA9C2000090426019912A
:10C0A000FD030091DDFFFF971F04003141000054A4
:10C0B00020008052FD7BC1A8C0035FD6FD7BBDA9D7
:10C0C000FD030091F30B00F9F303032AE3B300919E
:10C0D000C1FCFF97C00000B4E12F40B93F0C0071D4
:10C0E00069000054130040B9730AC05AE003132AD0
:10C0F000F30B40F9FD7BC3A8C0035FD6FD7BBDA950
:10C10000FD030091F30B00F9F303032AE3B300915D
:10C11000B1FCFF97C00000B4E12F40B93F0C0071A3
:10C1200069000054130040B9730AC05AE003132A8F
:10C13000F30B40F9FD7BC3A8C0035FD6FD7BBFA90D
:10C14000FD030091E00000B5C0000090009019913F
:10C15000F0E3FF9720008012FD7BC1A8C0035FD6EB
:10C160001F0440F221FFFF54A7FAFF9760FFFF343E
:10C17000F6FFFF17FD7BBFA9C2000090030080D22D
:10C18000FD03009142C4199193FCFF97000100B494
:10C19000C100009021E01991E40200941F00007199
:10C1A000E0179F1AFD7BC1A8C0035FD62000805214
:10C1B000FDFFFF17FD7BBAA9FD030091F35301A911
:10C1C000F303022AF55B02A9F50300AAF60303AA0A
:10C1D000E00301AAF76303A9F80301AAF96B04A914
:10C1E000F2020094E2430191E103132A177C409389
:10C1F000E00315AAABFBFF97C1000090FA0300AA69
:10C2000021181391E00315AAF2FCFF97E103002A1D
:10C21000E00315AAF4FBFF97F303002A1F00007147
:10C220006C0000543400801222000014E103132A31
:10C23000E3530191E2630191E00315AA52FCFF97D9
:10C24000F40300AAE1034A291F00016B0B04005408
:10C25000990240393FBF0071A1030054000400510E
:10C2600080CA603840030035E02F40F9E20317AA86
:10C27000E10318AAB6020094A0020035E103192ACE
:10C28000E00314AAD002009400040091E1031AAA6A
:10C29000A6020094F403002AA0010035E02F40F923
:10C2A000950800941F04003120010054C00200B919
:10C2B000F55B42A9E003142AF35341A9F76343A9AC
:10C2C000F96B44A9FD7BC6A8C0035FD6E103132A1E
:10C2D000E00315AAD2FBFF97D0FFFF17FD7BBBA998
:10C2E000FD030091F35301A914008012F55B02A92C
:10C2F000F50300AAE00301AAF71B00F9F70301AA5E
:10C30000AA020094167C4093C1000090E00315AA95
:10C3100021181391AFFCFF97E103002AE00315AA4F
:10C32000B1FBFF97F303002A7F020071EC00005479
:10C33000F71B40F9E003142AF35341A9F55B42A926
:10C34000FD7BC5A8C0035FD6E103132AE313019167
:10C35000E2230191E00315AA0BFCFF97010040398D
:10C360003FBC0071C1010054E14740B921040051B4
:10C3700000C8613840010035E02740F9E20316AA01
:10C38000E10317AA72020094A0000035E02740F9EB
:10C39000590800949F02006B94A2801AE103132AAB
:10C3A000E00315AA9EFBFF97F303002ADFFFFF17A8
:10C3B000000200B4FD7BBEA9FD030091F35301A967
:10C3C000F30300AAF40301AAA10000D021683F9161
:10C3D00080FCFF97E103002AE20314AAE00313AAFA
:10C3E000F35341A9030080D2FD7BC2A8FAFBFF17DB
:10C3F000C0035FD6FD7BBDA9FD030091F35301A9E6
:10C40000F30303AAF403042AE3B30091F2FBFF97BA
:10C41000A00000B500008012F35341A9FD7BC3A822
:10C42000C0035FD6E12F40B93F08146BCB00005426
:10C43000010080D29F02016BAC00005400008052CA
:10C44000F6FFFF1760018012F4FFFF17027861B852
:10C450004208C05A627A21B821040091F6FFFF1702
:10C46000FD7BBEA9FD030091E3730091DAFBFF970A
:10C470001F0000F1E0079F1AFD7BC2A8C0035FD632
:10C48000FD7BB8A9FD030091F35301A9F40306AAAB
:10C49000F55B02A9F603052AF76303A9F70303AACC
:10C4A000F80300AAE3F30191F96B04A9FB7305A952
:10C4B000E46F00B9C8FBFF97400100B53B00801254
:10C4C000F35341A9E0031B2AF55B42A9F76343A993
:10C4D000F96B44A9FB7345A9FD7BC8A8C0035FD6CF
:10C4E000F57F80B9FF0200F1F30300AAF9079F1A54
:10C4F000B5F67E921B0080521500158B7F0215EB5E
:10C5000063000054F6FDFF37EDFFFF17604640B8AB
:10C510001A08C05AE00300343F0300716403567ADE
:10C5200021030054E1031A2AE00318AA78FCFF97BC
:10C53000FC03002A6000F836BB028012E1FFFF17FF
:10C54000570200B4E103002AE20317AAE00318AA85
:10C5500003008012DAFEFF971F040031E0FEFF5453
:10C56000614A208BBF0201EB83FEFF547F03166BF1
:10C57000E10200545AFAFF34140100B51B00805246
:10C58000D0FFFF171C008012E06F40B9F5FFFF17C6
:10C590001C008012F6FFFF171F400071010280523D
:10C5A000942200910290811A000080D29C0A3F29B7
:10C5B0005F00006B49FEFF54617A60B82108C05AE1
:10C5C000817A20B800040091FAFFFF17734A208B8C
:10C5D0007B070011CAFFFF17E103012AE40300AA49
:10C5E000020080D2000080D23F0002EB41000054E4
:10C5F000C0035FD6837862B8420400916308C05AD2
:10C60000608000AAF9FFFF17FD7BBBA9FD03009125
:10C61000F35301A9F403052AF30306AAF51300F95D
:10C62000F503032AE3330191E43F00B96AFBFF9766
:10C63000400300B4E43F40B9E14F80B98200140BDD
:10C6400021F47E92427C151B02C8228B0000018BD4
:10C6500045C8248BA1C8348B1F0001EBE3010054B3
:10C66000E103042AE00302AADCFFFF97E70300AA24
:10C67000B30000B4E103142AE00305AAD7FFFF9733
:10C68000600200F9F51340F9E00307AAF35341A94A
:10C69000FD7BC5A8C0035FD607008092FAFFFF1795
:10C6A000FD7BBBA9FD030091F35301A9F40300AA8C
:10C6B000F303062AF55B02A9F503022AF60303AA8F
:10C6C000F76303A9F703042AF80305AAE14F00B9A9
:10C6D00064FEFF971F0000718D020054E14F40B9C6
:10C6E000E403002AE00314AAE44F00B96AFEFF97AE
:10C6F000C001F837E44F40B9E703132AE60318AA4C
:10C70000E503002AE303172AE20316AAF76343A905
:10C71000E103152AE00314AAF55B42A9F35341A9EA
:10C72000FD7BC5A8B9FFFF17F35341A90000809214
:10C73000F55B42A9F76343A9FD7BC5A8C0035FD69B
:10C74000FD7BB9A9FD030091F35301A9F30304AAEA
:10C75000F55B02A9F503032AF76303A9F803012A8D
:10C76000F70300AAF92300F9F90302AAD7FBFF9700
:10C77000E103002A6005F837E00317AAE15F00B97A
:10C7800038FEFF97F603002AE15F40B9E00317AADD
:10C7900041FEFF97F403002AE103182AE3B3019155
:10C7A000E20319AAE00317AA0BFBFF97E50300AA0F
:10C7B000E16F40B9600300B4217C4093C402140BC4
:10C7C00021F47E92020080520100018B807E409312
:10C7D00000C0368BA308008B3F0003EB62000054BF
:10C7E000010080120F0000145F00156B81020054DD
:10C7F000E103162AE00305AA78FFFF97600200A96B
:10C80000E60300AAE103142AA0C8368B73FFFF9742
:10C81000C600008BC60400D101008052660600F9F4
:10C82000F92340F9E003012AF35341A9F55B42A93A
:10C83000F76343A9FD7BC7A8C0035FD6A5C8248BB7
:10C8400042040011E4FFFF1700008052C0035FD6CE
:10C85000FD7BBEA9FD030091F30B00F96EE1FF978C
:10C8600000020035F30312AA01008052200080521A
:10C87000D0E0FF97600A00F9400A40F9200100B4B7
:10C88000A2008052427A00B92DFEFF974001003588
:10C89000F30B40F9FD7BC2A8400A40F9EBFFFF17FC
:10C8A000E00000D000802C91400A00F95F7A00B9C6
:10C8B000F6FFFF17F30B40F920008012FD7BC2A8A2
:10C8C000C0035FD6FD7BB7A9FD030091F35301A917
:10C8D000F30300AAF55B02A9F60303AAF50304AA71
:10C8E000F76303A9F70305AAF96B04A9FB7305A96C
:10C8F000E27F00B9610000B5C100009021F41991F8
:10C90000E00313AA33FBFF97F403002A2001F83653
:10C9100020008012F35341A9F55B42A9F76343A9B4
:10C92000F96B44A9FB7345A9FD7BC9A8C0035FD679
:10C93000D800009018BF2D91E103002AE333029143
:10C94000E20318AAE00313AAA3FAFF97FB0300AAC5
:10C9500000FEFFB4E103142AE00313AAC1FDFF9710
:10C96000FA03002AE103142AE00313AACAFDFF9781
:10C97000E07B00B9E103142AE00313AA36F9FF971C
:10C98000FC03002AC000009000CC1A91E03700F9A7
:10C99000C000009000F81A91E03B00F93C08F8361E
:10C9A000FC03142AF4A20191B70000B4E00314AA16
:10C9B000020680D2010080522C010094E1031C2A5F
:10C9C000E00313AAC200009042281B91A5FEFF9726
:10C9D000F88F40B9E06B00B980008052DF0200F1AF
:10C9E00019008052FC079F1A130080D2180FC01A3A
:10C9F000E07B80B900C03A8B187F4093180300CBCE
:10CA0000780B188B1F031BEB630400545F0B007142
:10CA100041080054614740B82108C05A217C60D3C6
:10CA2000600340B90008C05A0000018B570000B4F1
:10CA3000800200F93F030071840B407A40000054EB
:10CA4000C00200F9E17B40B93F080071A006005424
:10CA500061130091020080D2FB0301AA614740B834
:10CA60002108C05A2100028BE26B40B962000034F9
:10CA700033E6FF97E10300AA570000B4810600F9EE
:10CA8000390700117302018B944200913F0F00712E
:10CA9000A1FBFF54150500B5000080529EFFFF1753
:10CAA000E23740F9E1031C2A03008012E00313AAD5
:10CAB00083FDFF97F903002AE23B40F9E1031C2ABA
:10CAC000E00313AA030080127DFDFF97C001F83731
:10CAD000E17F40B93903010A3F03006B4101005473
:10CAE000E3330291E20318AAE1031C2AE00313AA2C
:10CAF00039FAFF97FB0300AA60F5FFB5A002801288
:10CB000085FFFF17E1031C2AE00313AADFF8FF9754
:10CB1000FC03002AA2FFFF17010080D2C1FFFF170C
:10CB2000620740B9612300914208C05A427C60D339
:10CB3000CAFFFF17B30200F9D8FFFF17E203022A6A
:10CB4000030080D27F0002EB41000054C0035FD697
:10CB500024686338630400910040C41AFAFFFF1789
:10CB6000FD7BBFA9E003202AFD030091F4FFFF979E
:10CB7000FD7BC1A8E003202AC0035FD6FD7BBDA9D1
:10CB8000FD030091F35301A9F30301AA3440228B62
:10CB90007F0214EB83000054F35341A9FD7BC3A82B
:10CBA000C0035FD6810213CBE203012A3F00036B6F
:10CBB00048010054E503012AE10313AAE32F00B959
:10CBC000E8FFFF9773C2258BE02B00B9F1E4FF97D4
:10CBD000E00F4529EFFFFF17E503032AE203032ACD
:10CBE000F6FFFF17FD7BBDA9FD030091F30B00F9D4
:10CBF000F30302AAE203012AE10300AA0000805223
:10CC0000DFFFFF970008C05AE1B30091820080D295
:10CC1000E02F00B9E00313AAAF000094F30B40F932
:10CC2000FD7BC3A8C0035FD6FD7BBFA9C0000090F9
:10CC300000501B91FD03009136E1FF9700000014A6
:10CC4000FD7BBDA9FD030091F51300F9F503012A51
:10CC500001FC0091F35301A921E47A92F40300AAA4
:10CC6000000880D20FE4FF97F30300AAA00000B4ED
:10CC700095007836E20314AA010080527B000094EC
:10CC8000F51340F9E00313AAF35341A9FD7BC3A8B0
:10CC9000C0035FD6420300B4A60000D0C6E43291C0
:10CCA000050080D204686538236865384402003482
:10CCB000230200349F00036B60010054C7486438AE
:10CCC0006700003684800011841C0012C7C86338D6
:10CCD0006700003663800011631C00127F00046B44
:10CCE000A1000054A50400915F0005EBC1FDFF54B5
:10CCF000E303042A8000034BC0035FD60300805285
:10CD000004008052FCFFFF17E27F40B2E2FFFF17F2
:10CD1000020080D2236862380368223842040091FE
:10CD2000A3FFFF35C0035FD6030080D224686338B9
:10CD300002686338630400914200046B8408407AFF
:10CD400061FFFF54E003022AC0035FD6E60300AA96
:10CD5000040080D25F0004EB6100005400008052A8
:10CD60000700001425686438C3686438840400919F
:10CD70006000056BA408407AE1FEFF54C0035FD653
:10CD8000211C0012020040395F00016B4100005479
:10CD9000C0035FD66200003400040091FAFFFF1761
:10CDA000000080D2FBFFFF17E10300AA22004039F8
:10CDB00062000035200000CBC0035FD62104009143
:10CDC000FBFFFF17FD7BBFA9E40300AA231C001291
:10CDD000FD030091F5FFFF978000008B01004039B3
:10CDE0003F00036BA0000054000400D19F0000EB43
:10CDF00069FFFF54000080D2FD7BC1A8C0035FD64D
:10CE00000100018BE20300AA5F0001EB6000005407
:10CE10004300403963000035400000CBC0035FD6BB
:10CE200042040091F9FFFF17E00100B4FD7BBEA9A9
:10CE3000FD030091E00F00F9DCFFFF970004009173
:10CE4000DAE1FF97E10F40F9E40300AA800000B5A2
:10CE5000E00304AAFD7BC2A8C0035FD6ADFFFF9725
:10CE6000FCFFFF17C0035FD6030840F2A102005485
:10CE7000261C4092040080D205018052C42004AADE
:10CE8000A5040071C1FFFF54450003CBBF1C00F196
:10CE90002801005443FC43D3E40080926208049BC1
:10CEA0006380049B040080D25F0004EBE100005427
:10CEB000C0035FD6046823F863200091F3FFFF17D7
:10CEC000E30300AAF8FFFF17616824388404009187
:10CED000F6FFFF171F0001EB00010054030001AA39
:10CEE000630840F220010054E40300AA030080D24A
:10CEF0005F0003EBA1010054C0035FD6246863F810
:10CF0000046823F863200091440003CB9F1C00F1C8
:10CF100068FFFF5443F07D922100038B0400038BD4
:10CF2000420003CBF2FFFF1725686338856823387A
:10CF300063040091EFFFFF17E60300AA1F0001EB57
:10CF4000890000542300028B7F0000EB080100548D
:10CF5000FD7BBFA9E00306AAFD030091DEFFFF975A
:10CF6000E00306AAFD7BC1A8C0035FD60100028BC7
:10CF7000E20322AA000080D2000400D11F0002EBCD
:10CF800061000054E00306AAC0035FD664686038FD
:10CF900024682038F9FFFF17E60300AA040080D2B6
:10CFA0005F0004EB61000054000080520600001492
:10CFB000C368643825686438840400916000056B98
:10CFC00000FFFF54C0035FD60200028B211C001239
:10CFD0001F0002EB61000054000080D2C0035FD646
:10CFE000E30300AA641440389F00016B80FFFF54E4
:10CFF000E00303AAF7FFFF17020080D2030080526C
:10D000003F00026B6C000054E003032AC0035FD6AC
:10D0100004686238420400916300044BF9FFFF1773
:10D02000FD7BBEA9FD030091F35301A9F40300AAFF
:10D030003FD1FF97F30300AA3BD1FF97017D80D238
:10D04000E003002A737E019B600AC09A000014CBA3
:10D05000F35341A9FD7BC2A8C0035FD6FD7BBEA9E7
:10D06000FD030091F35301A9F40300AA30D1FF9707
:10D07000F30300AA2CD1FF97017D80D20008C19A4A
:10D08000737E019B007C4092600AC09A000014CB22
:10D09000F35341A9FD7BC2A8C0035FD6FD7BBEA9A7
:10D0A000FD030091F30B00F921D1FF97F30300AAD0
:10D0B0001DD1FF97014888D2E003002AE101A0F2C8
:10D0C000737E019B600AC09AF30B40F9FD7BC2A8F6
:10D0D000C0035FD6FD7BBEA9FD030091F30B00F9F1
:10D0E000F30300AA10D1FF97737E009B004888D2FB
:10D0F000E001A0F2600AC09AF30B40F9FD7BC2A8E0
:10D10000C0035FD6FD7BBEA9FD030091F35301A9C7
:10D11000F40300AA06D1FF97F30300AAE00314AAC0
:10D12000EDFFFF977302008B7306009100D1FF970C
:10D130001F0013EBC3FFFF54F35341A9FD7BC2A8AB
:10D14000C0035FD6FD7BBDA9FD030091F35301A988
:10D15000F30300AAF51300F915D092D21513A0F22B
:10D160008CE3FF977F0215EB7492959AE00314AA63
:10D17000E5FFFF97730214EB41FFFF54F51340F9ED
:10D18000F35341A9FD7BC3A8C0035FD6000080D242
:10D19000C0035FD6FD7BB9A9FD030091F35301A93C
:10D1A000B40000B0940A2B91F30301AAE10314AA7E
:10D1B000F55B02A9F5830191F60300AAE043019112
:10D1C000F76303A9F703022A020280D242FFFF9706
:10D1D000E00315AA020280D28102028B3EFFFF9774
:10D1E000FF0240F2E04301911500959AA10000F082
:10D1F000FF027FF2210C1C91A00000F000F81B91AF
:10D200002100809A140080D2175580D2B805805230
:10D21000A06A7438E12700F9C26A6038E00313AAF3
:10D2200020040094E12740F9E026D49A4001003719
:10D23000730A0091940600919F4200F1A1FEFF54F1
:10D24000F35341A9F55B42A9F76343A9FD7BC7A846
:10D25000C0035FD6730E009178F21F38F6FFFF17F8
:10D26000FD7BBFA9FD030091AADFFF97400180521B
:10D2700095DFFF976DFEFF97FD7BB7A9FD0300913A
:10D28000E18B05A9E1430291E10703A9E143019183
:10D29000E12300F9E1068012E14B00B9E14300917E
:10D2A000FF4F00B9E39306A9E20F43A9E20F01A9DA
:10D2B000E20F44A9E20F02A9E59B07A9E74700F99D
:10D2C0000C040094400180527FDFFF9757FEFF97C8
:10D2D000281C44D3E20300AA202C48D3257C0C53FD
:10D2E0000301000BC40080526330410B210C00127B
:10D2F000A60C050BC600080B6304041BA119805281
:10D3000044018052677C011BE77C0B53E38C041BB8
:10D3100063C00011430000390308000B6300070BD2
:10D320006300062B6100005440040091C0035FD6E7
:10D33000667C011BC67C0B53C004000BC38C041B12
:10D3400063C0001143040039A300002A63000035C4
:10D3500040080091F6FFFF17A3018052037C031BD6
:10D36000637C07536508052B6080041B00C0001117
:10D370004008003961000054400C0091ECFFFF1799
:10D38000A17C011B217C0B532494041B84C000113D
:10D39000440C00396100003540100091E4FFFF1794
:10D3A00021C000114014009141100039E0FFFF1727
:10D3B000E9D390D2CB0080522900A0F22805009139
:10D3C000A719805246018052AA0180523F0009EB02
:10D3D00048000054BFFFFF172208C89A00140091AC
:10D3E0004584089BE10302AAAD1C0453A22C0853F8
:10D3F000A401020BA37C0C538430450BA50C001236
:10D400006C0C030B8C010D0B84140B1B857C071B10
:10D41000A57C0B53A490061B84C0001104B01F38D8
:10D420004408020B8400050B84000C0B857C071B51
:10D43000A57C0B53A204020BA490061B84C0001110
:10D4400004C01F38447C0A1B847C07538308030BE9
:10D450008288061B42C0001102D01F38627C071B65
:10D46000427C0B53438C061B42C0001163C0001169
:10D4700003E01F3802F01F38D5FFFF17FD7BB5A969
:10D48000EF0300AAEE03042AFD030091F35301A960
:10D49000F303062AF40301AA7F027AF2F55B02A9DC
:10D4A00064184A7AF76303A9E10302AAF603032A80
:10D4B000F96B04A9F7079F1AFA03052AFB2B00F959
:10D4C000D8001B12D9001C1253002036D3781F122B
:10D4D000F7020012930A08362103F8B6E10301CBE4
:10D4E000CE050051B505805237030035DF2A0071A3
:10D4F000800A0054DF420071E0090054E6008052C7
:10D5000062008052C40000D0E5A3019184080D910F
:10D51000000080D2C300010A2124C29A83C8633864
:10D520000303032A03682538E30300AA00040091DB
:10D5300021FFFFB5610400110C000014D306103662
:10D54000CE0500517505805297000034DF4200710E
:10D55000E0060054CE050051A1FCFFB50006805244
:10D5600021008052E0A301393F001A6B2002805253
:10D5700025A09A1ACE01054B7F02006A800800544C
:10D58000B5000034FF0114EB42000054F5010039EE
:10D59000EF050091D7010034FF0114EB6200005445
:10D5A00000068052E0010039E0050091DF42007181
:10D5B000610700549F0200EB89000054000B805269
:10D5C0001803002AF8050039EF0900911902003507
:10D5D000000480527F0240F203068052E2030E2ACA
:10D5E0006310801AE0030FAA42040071C5050054BD
:10D5F000E0030E2A020400515F040031EEB7805AA6
:10D6000000A09F9ACE01020BEF01008B0006805212
:10D610002E00001493001836CE05005115048052D8
:10D62000CAFFFF1715008052C8FFFF17CE0900512F
:10D6300061F9FFB4E601805282008052B2FFFF1709
:10D64000FBA30191E0031BAA5AFFFF9701001B4BAC
:10D65000C6FFFF171F0014EB4200005403000039FF
:10D66000000400914204007165FFFF54E0030E2A9C
:10D67000020400515F040031EEB7805A00A09F9A67
:10D68000CE01020BEF01008BBEFFFF17E2030E2A53
:10D69000E0030FAA03048052F3FFFF17EF0300AA71
:10D6A000CBFFFF171F0014EB4200005403000039AA
:10D6B00000040091CDFFFF17FF0114EB420000545E
:10D6C000E0010039EF050091A50400513F00056B12
:10D6D0004DFFFF54E003012AE2030FAAE3A30191E7
:10D6E00000040071E5020054E003012A2104005106
:10D6F0003F040031E2030E2A00A09F9A03048052E7
:10D70000E001008BE10300AA4204007165020054AD
:10D71000E1030E2ACE050051DF05003121A09F9ABA
:10D72000FB2B40F92000008BF35341A9F55B42A984
:10D73000F76343A9F96B44A9FD7BCBA8C0035FD66F
:10D740005F0014EB6200005464C860384400003984
:10D7500042040091E3FFFF173F0014EB4200005426
:10D760002300003921040091E8FFFF17FD7BBCA9CD
:10D77000FD030091F35301A9F40300AAF303032A64
:10D78000F55B02A9F60301AAC20300B5B50000F0DB
:10D79000B5221C91817C4093E00315AAE53F00B9B6
:10D7A00098FDFF97E53F40B9E5042036010080D29F
:10D7B0001F00016B0C050054017C40921F0000719A
:10D7C00021A09F9A040480529402018BE10314AAC1
:10D7D0006302140B6200014B1F00026BAB04005488
:10D7E0007F02006B6102004B21A09F9AF55B42A96A
:10D7F0002000148BF35341A9FD7BC4A8C0035FD65E
:10D80000F50302AAE4FFFF173F0016EB42000054A5
:10D8100024000039210400916200014B1F00026BBB
:10D820004BFFFF540100136B620600517302004B63
:10D8300021D09F1A73D29F9A9402138B3300020B4C
:10D84000DBFFFF17E10314AA6302140B04048052E8
:10D85000F2FFFF178202018BDF0202EB6900005426
:10D86000A2164038826A213821040091D1FFFF17A7
:10D870003F0016EB420000542400003921040091BF
:10D88000D5FFFF17FD7BB5A9FD030091F35301A957
:10D89000F55B02A9160001ABF76303A9F80300AA20
:10D8A000F96B04A9FB7305A9FB0302AAE13300F994
:10D8B000751840B9735C40A983000054E00320AAA6
:10D8C00016008092E03300F9F40318AABA0000B001
:10D8D00040132A91E03700F96003403940020035D7
:10D8E000E03340F9000100B49F0216EB42000054FF
:10D8F0009F02003980060091DF0200EB42000054D5
:10D90000DFF21F388002184BF35341A9F55B42A99F
:10D91000F76343A9F96B44A9FB7345A9FD7BCBA829
:10D92000C0035FD61F940071C00000549F0216EB25
:10D93000420000548002003994060091C600001491
:10D94000190080520D0000143FB4007120010054F2
:10D950003FC000718004005422C00051421C0012DC
:10D960005F240071C80100541C0080522400001480
:10D9700039031C32FB0300AA61074039600700919C
:10D980003FAC00714002005408FEFF543F8000711C
:10D99000200200543F8C0071200200543FA8007107
:10D9A00061060054600B0091D504F837622E009197
:10D9B000E10313AA53F07D923C0040B9BC02F83653
:10D9C000FC031C4B39031C321200001439031E32B5
:10D9D000E9FFFF1739031D32E7FFFF1739031A323A
:10D9E000E5FFFF1739030032E3FFFF1742018052C2
:10D9F000000400918107021B3CC000510100403926
:10DA000022C00051421C00125F24007109FFFF5424
:10DA1000010040393FB80071610B005404044039E3
:10DA20000104009182C00051421C00125F24007169
:10DA3000280800540400805246018052110000144E
:10DA4000A22200115F000071CD000054632E0091EE
:10DA5000E10313AAF503022A73F07D92D7FFFF17A3
:10DA6000E1C2358BF503022AD4FFFF171C00801298
:10DA7000E8FFFF178408061B2104009184C00051B1
:10DA80002200403940C00051001C00121F240071C8
:10DA900029FFFF549A7CA40A20004039023001512A
:10DAA000421C00125FB8007188070054230088D21E
:10DAB0000300A2F22320C8F26224C29AE2060036D2
:10DAC0003B0400911FB00171C10000542204403991
:10DAD0005FB00171610000543B08009180098052E1
:10DAE000610340393FE00171E80000543F88017153
:10DAF000A80500543F940071602900543F600171F3
:10DB0000C02900549F0216EB62000054A00480520A
:10DB1000800200396103403980060091212C0034D5
:10DB2000DF0200EB4900005481060039940A00919D
:10DB3000490000149FA80071C1020054010800911F
:10DB40001501F837602E0091E203152A00F07D924E
:10DB5000640240B9F503022AF30300AACEFFFF17BF
:10DB6000A22200115F0000718D000054602E009110
:10DB700000F07D92F7FFFF17E00313AAF3C2358B85
:10DB8000F4FFFF17E10300AA1A008012C3FFFF177A
:10DB90001A008052C1FFFF17FB0301AA0000801288
:10DBA000D0FFFF17218C01513F540071C8FAFF5478
:10DBB000E23740F9415861786200001041A8218B9A
:10DBC00020001FD619022037E1031C2AE00314AA03
:10DBD00002048052050000141F0016EB420000549E
:10DBE0000200003900040091210400513F0000713F
:10DBF0004CFFFF5483070051607CA30A7C00004B5C
:10DC000094C2208B9F0216EB220100549502F83734
:10DC1000602E0091E103152A00F07D92620240B966
:10DC2000F503012AF30300AA820200399406009149
:10DC3000E2031C2AE10314AA0004805242040051AA
:10DC40005F000071EC01005483070051637CA30A5C
:10DC500094C2238B7B07009120FFFF17A1220011A4
:10DC60003F0000718D000054602E009100F07D9205
:10DC7000EBFFFF17E00313AAF3C2358BE8FFFF1792
:10DC80003F0016EB420000542000003921040091AF
:10DC9000EBFFFF173502F837663E0091E703152AC0
:10DCA000C6F07D92620240F9E503192AE4031A2ABC
:10DCB000E3031C2AE10316AAE00314AAE77300B9E0
:10DCC000E63F00F9AAFEFF97F57340B9F40300AAF6
:10DCD000F33F40F9E0FFFF17A7220011FF0000719A
:10DCE0008D000054663E0091C6F07D92EEFFFF1756
:10DCF000E60313AAF3C2358BEBFFFF179502F83743
:10DD0000613E0091E00313AA33F07D92070040F9D1
:10DD100066074039E20307AADF8401714006005418
:10DD2000C8020054DF34017120030054DF54017134
:10DD3000000C0054DF240171E00700549F070031FC
:10DD40000012005426031B322A000014A1220011E5
:10DD50003F000071CD000054623E0091E00313AA21
:10DD6000F503012A53F07D92E9FFFF17E0C2358BDE
:10DD7000F503012AE6FFFF17DFA40171A005005497
:10DD8000DFB40171C1FDFF5439031A32C60000D05F
:10DD9000E1230291C6480D912A031A12000080D295
:10DDA0004B078052E9686038221D44D3290D409208
:10DDB000CC686238E20301AAC96869384C2400388B
:10DDC000290400394A0200351F1400F16002005492
:10DDD000220C0091000400912B080039E10302AAF3
:10DDE000F1FFFF17E20040F92603062A5C02805289
:10DDF000E5031A2AE4031C2AE10316AAE00314AA85
:10DE0000030280529EFDFF97480000140004009119
:10DE10001F1800F141FEFF54257B19125F000039E5
:10DE2000E4031A2AE3031C2AE22302913C000014B3
:10DE300039031A32600B4039397B19121FD0007137
:10DE4000E1F7FF54E9230291EB0302910A0080D22B
:10DE5000CC058052E1686A38E0030BAAE73B00F981
:10DE60001CFDFF9700000BCBE73B40F9E103002AC4
:10DE7000E20309AA010100354A050091017C4092A4
:10DE80005F1100F1010100543F692138E503192AAF
:10DE9000E4FFFF172104005166C9613846140038B9
:10DEA000F5FFFF172941208B2C150038EAFFFF17DB
:10DEB000600B40391FB001716002005468010054CA
:10DEC0001F080171C00400541F30017162008052AC
:10DED000E213821AC70400B4E1230291E00307AA07
:10DEE000ADFCFF97EAFFFF171FCC0171C10300547F
:10DEF000E00307AAE73B00F9A5FCFF97E73B40F9E1
:10DF0000600000B522008052F3FFFF17E503192AD5
:10DF1000E4031A2AE3031C2AE20300AAE10316AA77
:10DF2000E00314AA12FEFF97F40300AA1F0440B1F5
:10DF3000C8CEFF54A00000B000E432916107403920
:10DF400002686138E1031BAA7B0700915F0840F279
:10DF500061FFFF54FB0301AA3FFFFF1742008052FD
:10DF6000DDFFFF1702008052DBFFFF17E023029165
:10DF7000A10000F021201C9166FBFF97C4FFFF1752
:10DF8000260480521C0280522603062A99FFFF179E
:10DF90001FB00171820218CB610200543501F837BD
:10DFA000603E0091E103152A00F07D92630240F982
:10DFB000620000F9F503012AF30300AA26FFFF1708
:10DFC000A12200113F0000718D000054603E0091BD
:10DFD00000F07D92F6FFFF17E00313AAF3C2358B22
:10DFE000F3FFFF17F500F837603E0091E103152AB3
:10DFF00000F07D92630240F9620000B9EEFFFF1766
:10E00000A12200113F0000718D000054603E00917C
:10E0100000F07D92F8FFFF17E00313AAF3C2358BDF
:10E02000F5FFFF179F0216EB82C8FF5481020039EB
:10E0300042FEFF1739031B32010280520800001410
:10E04000610740393F140171610000547B07009162
:10E050003903193239031F32410180521F300171D7
:10E06000A10200541505F837673E0091E903152A0F
:10E07000E7F07D92620240F9E303012AE603192AE0
:10E08000E5031A2AE4031C2AE10316AAE00314AAF2
:10E09000E97300B9E73F00F9F9FCFF970BFFFF17A1
:10E0A0007B0700D1F40300AAEBFEFF1701018052A9
:10E0B000EBFFFF171FB0017160FDFF5402781A12C9
:10E0C0005F68017100FDFF541FD00171C0FCFF5457
:10E0D0001FA0017120031F12A10300547502F8371D
:10E0E000672E0091E903152AE7F07D92620240B99C
:10E0F000463C4092423C40931F0000714210869A79
:10E10000DEFFFF17A92200113F0100718D000054AE
:10E11000673E0091E7F07D92D7FFFF17E70313AA50
:10E12000F3C2358BD4FFFF17A92200113F01007104
:10E130008D000054672E0091E7F07D92ECFFFF17F1
:10E14000E70313AAF3C2358BE9FFFF171501F83770
:10E15000672E0091E903152AE7F07D92620240B92B
:10E16000E603022A427C4093E4FFFF17A922001134
:10E170003F0100718D000054672E0091E7F07D9201
:10E18000F7FFFF17E70313AAF3C2358BF4FFFF175E
:10E19000FD7BB9A9FD030091F35301A9F30301AA83
:10E1A000F40300AAE10303AAE0430191F51300F987
:10E1B000F50302AA020480D247FBFF97E00745A9B6
:10E1C000E00703A9E3C30091E00746A9E20315AA0B
:10E1D000E00704A9E10313AAE00314AAAAFDFF972C
:10E1E0007FC220EB88000054600600517F0200F1DE
:10E1F00000109F1AF51340F9F35341A9FD7BC7A8FE
:10E20000C0035FD6FD7BB6A9FD030091E39307A988
:10E21000E3830291E30F03A9E3C30191E32300F930
:10E22000E3048012E34B00B9E3430091FF4F00B9D0
:10E23000E59B08A9E41744A9E74F00F9E61F43A9A5
:10E24000E61F01A9E41702A9E61F05A9E41706A91C
:10E250008DFDFF97FD7BCAA8C0035FD6FD7BBCA9DF
:10E26000FD030091F35301A9F30300AAF40301AAEB
:10E27000E10302AA020480D2E063228B16FBFF971F
:10E28000E3830091E20314AAE00313AAE17B40B206
:10E290007DFDFF97F35341A9FD7BC4A8C0035FD662
:10E2A000FD7BB8A9FD030091E20F05A9E2030291ED
:10E2B000E20B03A9E2430191E22300F9E205801297
:10E2C000E24B00B9FF4F00B9E20F43A9E20F01A9E9
:10E2D000E20F44A9E20F02A9E2430091E41706A964
:10E2E000E61F07A9DEFFFF97FD7BC8A8C0035FD626
:10E2F000FF8311D1020480D2FD7B00A9FD030091B0
:10E30000F30B00F9F30300AAE063228BF2FAFF9704
:10E31000E20313AAE3830091E0230191818280D27A
:10E320009CFFFF97F303002A60000034E023019173
:10E3300078DBFF97FD7B40A9E003132AF30B40F93C
:10E34000FF831191C0035FD6FD7BB7A9FD03009148
:10E35000E18B05A9E1430291E10703A9E1430191A2
:10E36000E12300F9E1068012E14B00B9E14300919D
:10E37000FF4F00B9E39306A9E20F43A9E20F01A9F9
:10E38000E20F44A9E20F02A9E59B07A9E74700F9BC
:10E39000D8FFFF97FD7BC9A8C0035FD6E30300AA9F
:10E3A00000004039A6000090C6E432911FC0007101
:10E3B000610400546404403960044039C46864381E
:10E3C0006400003600800011001C00121FE0017183
:10E3D000E10200546308009102028052E803022A1D
:10E3E000000080D2870880526400403965004039BF
:10E3F000C46864389F00076AE00200546400003675
:10E40000A5800011A51C0012A9C00051A45C0151F7
:10E41000BFE4007184C0899A9F00026B63010054BD
:10E42000410000B4230000F9C0035FD65F00007113
:10E43000000180524210801AE9FFFF175F0000714F
:10E4400040018052FCFFFF170011009B6304009104
:10E45000E6FFFF17042080D2F0FFFF174201805231
:10E46000CFFFFF17FD7BBEA9FD030091F35301A968
:10E47000F40300AAF30302AA610000B54BFAFF9768
:10E480008102008B200400D19F0200EB4202005465
:10E4900023F05F38A200009042E432914368633871
:10E4A000A301103603F05F3843686338E300103788
:10E4B000530000B4600200F9F35341A9010080D277
:10E4C000FD7BC2A8E6FFFF17000400D19F0200EB0E
:10E4D000A1FEFF54530000B4610200F9F35341A9B7
:10E4E00000008092FD7BC2A8C0035FD6020080D2EC
:10E4F000DDFFFF17010080D2FDFFFF17C10000F014
:10E50000E303002AC20000F020403E9142403E91C9
:10E51000C10000F021803F91210002CBE2E702B26E
:10E52000A29999F221FC4393217C029B020580521F
:10E530002100229B3F0000EB61000054000080D2CC
:10E54000C0035FD6020840B95F00036BA0FFFF5411
:10E5500000A00091F8FFFF17FD7BBDA9C20000F0ED
:10E56000C10000F0FD03009142403E91F35301A928
:10E5700021803F91D40000F0F51300F9F50300AAC3
:10E5800094423E910020403920030035330002CBF5
:10E59000E0E702B2A09999F273FE4393737E009B69
:10E5A000000580527352209B7F0214EB61000054DF
:10E5B000140080D207000014811240F9E00315AA6C
:10E5C00020003FD600010035800A40B9A022003962
:10E5D000F51340F9E00314AAF35341A9FD7BC3A846
:10E5E000C0035FD694A20091F0FFFF17F51340F926
:10E5F000F35341A9FD7BC3A8C1FFFF17FD7BBDA954
:10E60000C10000F021803F91FD030091F35301A967
:10E61000D40000F094423E91F55B02A9F50300AAF4
:10E62000C00000F000403E91330000CBE0E702B2B2
:10E63000A09999F273FE4393737E009B000580526C
:10E640007352209BA022403960030035BF2200395D
:10E650009F0213EB80020054811240F9E00315AAD7
:10E6600020003FD6C0020035800A40B9A022003900
:10E670000D000014A0224039C10A40B93F00006BD0
:10E68000A0000054D6A20091DF0213EB41FFFF541B
:10E69000EFFFFF17C11240F9E00315AA20003FD693
:10E6A00020FFFF35F35341A9F55B42A9FD7BC3A8C9
:10E6B000C0035FD6F60314AAF4FFFF1794A20091DB
:10E6C000E4FFFF17FD7BBDA9FD030091F35301A9F2
:10E6D000F30300AAF403012AF51300F9F50303AAD2
:10E6E000020200359DFFFF97200200B4030840F9A5
:10E6F000230200B4E103142AE20315AAE00313AADB
:10E7000060003FD61F000071210080120000811AB6
:10E71000F51340F9F35341A9FD7BC3A8C0035FD6AD
:10E72000E003022A76FFFF97F0FFFF17800B8012AD
:10E73000F8FFFF17A0048012F6FFFF17E30302AAF9
:10E7400002008052E0FFFF17FD7BBEA9FD03009190
:10E75000F30B00F9F30301AA3F0000F9010C40F9A3
:10E76000610600F9A10000B021943491001040F935
:10E77000600A00F97F5A00B960E2009165F9FF97DD
:10E7800060620091A10000D0213C1C9161F9FF97CB
:10E79000F30B40F900008052FD7BC2A8C0035FD696
:10E7A000030040B9E60302AA7FB8017120030054B8
:10E7B0006C0200547F2C0171200300546C03005440
:10E7C0007F500071800300547FF80071A50000D0D5
:10E7D000A3681C91A20000D042A01C914210839A11
:10E7E000030440B9E403012AE00306AAA10000D013
:10E7F0006384011121AC1C91AAFEFF177F040271F2
:10E80000A50000D0A20000D0A3741C91F3FFFF1755
:10E81000A20000B0425C3391F2FFFF17A20000D0CB
:10E8200042881C91EFFFFF17A20000D042A01C916C
:10E83000ECFFFF17A20000D042681C91E9FFFF1710
:10E84000FD7BBDA9FD030091F35301A9F40300AAC8
:10E85000E20702A9300A0094F30300AAE00314AA15
:10E86000650A00941F580171A1010054600A40F923
:10E87000E11740F91F0001EB69010054E21340F970
:10E880002100028B1F0001EB2004801200309F1A30
:10E89000F35341A9FD7BC3A8C0035FD6A004801237
:10E8A000FCFFFF17C0008012FAFFFF17FD7BBCA919
:10E8B000FD030091F35301A9F30300AAF55B02A93C
:10E8C000F50301AAF60302AAF71B00F9F70303AA4E
:10E8D000DCFFFF9700020035E00313AA3E0A009414
:10E8E000F40300AAE00313AA0B0A0094010440F900
:10E8F000E30317AAF71B40F9E20316AAA102018B52
:10E90000E00314AAF55B42A9F35341A9FD7BC4A817
:10E91000CC010014F71B40F9007C4093F35341A94C
:10E92000F55B42A9FD7BC4A8C0035FD6FD7BBDA9F2
:10E93000FD030091F35301A9F30300AAF55B02A9BB
:10E94000F50301AAF60302AABEFFFF97C001003536
:10E95000E00313AA200A0094F40300AAE00313AA18
:10E96000ED090094010440F9E20316AAE00314AA99
:10E97000A102018BF35341A9F55B42A9FD7BC3A81A
:10E9800022020014F35341A9007C4093F55B42A995
:10E99000FD7BC3A8C0035FD6FD7BBCA9FD0300912E
:10E9A000F35301A9F30300AAF55B02A9F50301AA39
:10E9B000F60302AAF71B00F9F70303AAA1FFFF97CA
:10E9C00000020035E00313AA030A0094F40300AA2E
:10E9D000E00313AAD0090094010440F9E30317AA45
:10E9E000F71B40F9E20316AAA102018BE00314AA67
:10E9F000F55B42A9F35341A9FD7BC4A8CA010014E9
:10EA0000F71B40F9007C4093F35341A9F55B42A901
:10EA1000FD7BC4A8C0035FD601F847393F5401719C
:10EA20008105005401FC47393FA8027121050054BB
:10EA3000FD7BBEA902F8069103008052FD03009100
:10EA400001008052F35301A9440040399F1840F25D
:10EA5000010100544410403921040011424000914A
:10EA60009F0000716304831A3F100071E1FEFF54A0
:10EA70003F100071F3079F1A7F000071601A407AFF
:10EA8000C0020054F40300AAA10000D000D80091F5
:10EA900021001D91620080D2ADF8FF97A0000035E3
:10EAA00020008052F35341A9FD7BC2A8C0035FD66A
:10EAB000A10000D0804A019121101D91A20080D2B6
:10EAC000A3F8FF97E0FEFF34E003134BF6FFFF17B8
:10EAD00000008012C0035FD600008052F2FFFF17D3
:10EAE000FD7BBEA9FD030091FF4300D1011040F959
:10EAF00021FC009121E47A922100019122BC7092C4
:10EB0000E26322CBFF6322EB80000054FF4340D13D
:10EB1000FF0302F9FCFFFF17213C4092FF6321CB6A
:10EB2000FF0300F93F0010F143000054FF0302F916
:10EB3000E33F0191220080D263E47A92010080D207
:10EB4000A30F00F9C50100941F0400F10101005456
:10EB5000A00F40F9B1FFFF971F000071E0039F5A1B
:10EB6000BF030091FD7BC2A8C0035FD600008012E6
:10EB7000FCFFFF17FD7BB4A9FD030091F35301A92E
:10EB8000F30305AAF55B02A9F76303A9F70302AA39
:10EB9000F803042AF96B04A9FA0300AAF903032A6B
:10EBA000FB2B00F9FF4300D1FB0301AA001040F941
:10EBB00000FC009100E47A920000019101BC709287
:10EBC000E16321CBFF6321EB80000054FF4340D180
:10EBD000FF0302F9FCFFFF17003C4092FF6320CBCC
:10EBE000FF0300F91F0010F143000054FF0302F976
:10EBF000BF7F06A9BF7F07A9BF7F08A9BF7F09A95B
:10EC0000BF7F0AA9BF7F0BA93F030471CD01005448
:10EC1000A00000D000281D91CCFDFF9715008012A8
:10EC2000BF030091E003152AFB2B40F9F35341A9E0
:10EC3000F55B42A9F76343A9F96B44A9FD7BCCA816
:10EC4000C0035FD6F63F0191E1031BAAD6E67A9294
:10EC5000E0031AAAE30316AA220080D27F010094DF
:10EC60001F0400F1E0000054410740B9E2031BAA71
:10EC7000A00000D000E81D91B4FDFF97E8FFFF174A
:10EC8000C1FA4739C2FE47393F540171610000544F
:10EC90005FA80271A0000054A00000D000981E914F
:10ECA000AAFDFF97DEFFFF17A1830191E0031AAAD7
:10ECB000A6FEFF97F503002A40FBFF35C0FA069138
:10ECC000C2FA0791F40300AA810240393F1840F2CA
:10ECD0006105005481124039210500341F03196B6E
:10ECE000E1040054BB0000B4231800127F1400712B
:10ECF00024184F7A60040054A03B40F9014080D2B0
:10ED00001F0008F10020819A600A00F98112407901
:10ED100080164079821A4079204000AA811E4079ED
:10ED200000001B8B414001AA62620091600600A9AD
:10ED3000E103192AE0031AAA9AFEFF9760E2009104
:10ED4000A10000B021943491F2F7FF97801240396E
:10ED5000810240391FBC0371E0179F1A00781F53CE
:10ED60003F0002714100005400000032605A00B9B7
:10ED700080124039607A0139AAFFFF17FB0000B406
:10ED800081124039C1000034231800127F14007131
:10ED900024184F7A40000054390700119442009122
:10EDA0009F0202EB21F9FF54011040392318001291
:10EDB0007F14007124184F7AC10100540210407969
:10EDC0007F0300F101144079E50313AAE403182A34
:10EDD000E303192AE0031AAA414001AA2100178B74
:10EDE000E212819A64FFFF97F503002A8DFFFF1757
:10EDF000004000911F0002EB81FDFF54E00316AAC2
:10EE000006FFFF971F040071A1F0FF54A03B40F9DB
:10EE10007F0200F9024080D2410F40F91F0008F143
:10EE20000020829A618200A960E200917F5A00B9B5
:10EE3000A10000B021943491B6F7FF9779FFFF1736
:10EE4000E50302AAE403012A23008052020080D2D3
:10EE5000010080D248FFFF17E10300AA00805FF89D
:10EE6000020040F9423440F9421040F9620000B417
:10EE7000F00302AA00021FD620008052C0035FD612
:10EE8000FD7BB3A9FD030091F35301A9F40300AA8C
:10EE9000F55B02A9F71B00F99F080094F30300AA91
:10EEA000D7FDFF976022403960050034E00314AAC3
:10EEB00099080094F70300AAE00314AACE0800946E
:10EEC0001F5C007181040054B50000D0B60000D072
:10EED000B53E1F91D6CA1C9133008052E2C3019106
:10EEE000E103132AE00317AA15FEFF97E00200359D
:10EEF000830640F9E20315AAE403132A010480D231
:10EF0000E0430191C0FCFF97E0430191C7F7FF97F1
:10EF1000E3230191E20300AAE10316AAE00314AA85
:10EF2000A609009480010035E02740F97A08009492
:10EF3000138400B8E1C30191020C80D2E6F7FF9779
:10EF4000E02740F927080094730600117F0602713C
:10EF500061FCFF54F71B40F900008052F35341A9B4
:10EF6000F55B42A9FD7BCDA8C0035FD6020040F946
:10EF7000423440F9A20000B4420C40F9A20000B4AF
:10EF8000F00302AA00021FD6A0048012C0035FD6BD
:10EF900000008052FEFFFF17004440F9F4FFFF1706
:10EFA000FD7BBBA9FD030091F35301A9F55B02A909
:10EFB000F603002AF50302AAE0028052F71B00F9CB
:10EFC000F703012AE1230191B80A0094F403002A0F
:10EFD00080020035E02740F9130840F9736201D13F
:10EFE000E02740F961620191004000913F0000EB91
:10EFF00061000054540280120A000014E00313AAB6
:10F0000045080094010040B93F00166B61010054AF
:10F01000000440B91F00176B01010054B30200F94E
:10F02000F71B40F9E003142AF35341A9F55B42A909
:10F03000FD7BC5A8C0035FD6732E40F9E8FFFF171C
:10F04000FD7BB9A9FD030091F35301A9F30300AAC5
:10F05000F40302AAF55B02A9F50301AAF60303AAC9
:10F06000F71B00F92C080094610240F9373440F98D
:10F07000E40240F9440500B401404039C1030034C2
:10F08000F37F04A9E5FFFFF0E10316AAFF7F05A9BE
:10F09000A560399143008052FF7F06A9041040F912
:10F0A000E0230191827C149B83D7FF97E00000341A
:10F0B000007C4093F71B40F9F35341A9F55B42A94B
:10F0C000FD7BC7A8C0035FD6E40240F9E20314AA9F
:10F0D000E32B40F9E10315AAE00313AA80003FD611
:10F0E000F30300AAE02301919BD7FF97E00313AA43
:10F0F000F1FFFF17F71B40F9E30316AAE20314AA76
:10F10000E10315AAE00313AAF00304AAF35341A9EB
:10F11000F55B42A9FD7BC7A800021FD6A004809220
:10F12000E5FFFF17FD7BB9A9FD030091F35301A98A
:10F13000F30300AAF40302AAF55B02A9F50301AAEE
:10F14000F60303AAF71B00F9F3070094610240F9E4
:10F15000373440F9E40640F9440500B40140403931
:10F16000C1030034F37F04A9E5FFFFF0E10316AA11
:10F17000FF7F05A9A560399123008052FF7F06A972
:10F18000041040F9E0230191827C149B4AD7FF9739
:10F1900000010034137C4093F71B40F9E00313AAED
:10F1A000F35341A9F55B42A9FD7BC7A8C0035FD615
:10F1B000E40640F9E20314AAE32B40F9E10315AA9F
:10F1C000E00313AA80003FD6F30300AAE0230191D5
:10F1D00061D7FF97F1FFFF17F71B40F9E30316AA6A
:10F1E000E20314AAE10315AAE00313AAF00304AA98
:10F1F000F35341A9F55B42A9FD7BC7A800021FD6C6
:10F20000B3048092E5FFFF17FD7BBDA9FD030091CC
:10F21000F30B00F9F30300AAE20702A9BE0700946A
:10F22000600240F9003440F9030840F9E30000B4FB
:10F23000E20742A9E00313AAF30B40F9F00303AA83
:10F24000FD7BC3A800021FD6F30B40F9A0048092F7
:10F25000FD7BC3A8C0035FD6004440F979FFFF17C8
:10F26000FD7BBCA9FD030091E1E30091F35301A9EB
:10F27000F51300F9F503002AE00280520B0A00940E
:10F2800040030035E01F40F953028012140840F992
:10F29000946201D1E01F40F9816201910040009128
:10F2A0003F0000EBC1000054F51340F9E003132ABE
:10F2B000F35341A9FD7BC4A8C0035FD6E00314AAA1
:10F2C00095070094010040B93F00156B8100005480
:10F2D000000440B97F02006B73A2801A942E40F99B
:10F2E000946201D1ECFFFF17F303002AEFFFFF1731
:10F2F000FD7BBFA9FD030091DAFFFF971F4C003192
:10F30000A0000054E103202A007C410BFD7BC1A832
:10F31000C0035FD600008052FDFFFF17FD7BB6A93A
:10F32000FD030091F35301A9F55B02A9F603032A3B
:10F33000F76303A9F80307AAF96B04A9FA03042ADF
:10F34000E40302AAFB7305A9A20000B042541F9176
:10F35000030440F9FC0301AAC10380D2FB0300AA05
:10F36000F90306AAE0030291E56F00B9A6FBFF9737
:10F37000E0030291ADF6FF97200C00B4F70300AA5A
:10F380005F07003181060054E003162AD9FFFF977A
:10F39000F303002AD30AF837E3E30191E20317AA43
:10F3A000E1031CAAE0031BAA84080094F503002AC9
:10F3B000C0090035E03F40F957070094160000B936
:10F3C000E56F80B9E1CF0432E2E70232E39F083211
:10F3D000BF0001EA1F200039E1079F1ABF0002EABF
:10F3E000E2079F1A199401A942781F534108010BA3
:10F3F000E2F30132BF0002EA2104811ABF3C70F23D
:10F40000E2079F1ABF0003EAE3079F1A63701D53C8
:10F410006210020B2100020B012800B9E13F40F904
:10F42000130400B9014400F9E03F40F9000300F97A
:10F4300075070094F35341A9E003152AF55B42A92F
:10F44000F76343A9F96B44A9FB7345A9FD7BCAA8DF
:10F45000C0035FD6E1E30191E0028052930900947A
:10F46000F303002A00030035E03F40F9150840F996
:10F47000B56201D1E03F40F9A162019100400091E5
:10F480003F0000EB61000054330080120E000014B6
:10F49000E00315AA20070094F40300AA000040B975
:10F4A000DF02006BA1010054800640B95F03006BCE
:10F4B00041010054E003162A8EFFFF972001F83720
:10F4C000800600B97F02007164BA423A010100541B
:10F4D000F3031A2AB0FFFF17B52E40F9E5FFFF1717
:10F4E000F303002AF8FFFF17F303002AE00317AA2B
:10F4F000F503132AA4D7FF97CFFFFF1775018012DA
:10F50000CDFFFF17FD7BBBA9FD030091F35301A9BC
:10F51000F51300F9F50300AAFF2300F9FF4B00B92A
:10F52000A5070094F30300AA000041B900781F1258
:10F53000600201B9740641B9BF3F03D5A04A40F942
:10F54000A10000B0E2F3009121902091F60B00940D
:10F55000C0000035E13F40B980020432947A0312C2
:10F560003F0000719402801AA04A40F9A10000B047
:10F57000E2F3009121C82091EB0B0094C00000350C
:10F58000E13F40B980020332947A02123F000071D9
:10F590009402801AA04A40F9A10000B021042191F0
:10F5A000D30C0094001C0A530000142ABF3F03D55B
:10F5B000600601B9740A41B9BF3F03D5A04A40F9BA
:10F5C000A10000B0E203019121542191630080D297
:10F5D000400C009440010035E00748292104005107
:10F5E00000040051215C18532010002AE14B40B95F
:10F5F000210400513400142A1400142ABF3F03D5FB
:10F60000740A01B9740E41B9BF3F03D5A04A40F94D
:10F61000A10000B0E203019121942191630080D206
:10F620002C0C009440010035E007482921040051CA
:10F6300000040051215C18532010002AE14B40B90E
:10F64000210400513400142A1400142ABF3F03D5AA
:10F65000740E01B9600241B900000032600201B9C4
:10F6600000008052F51340F9F35341A9FD7BC5A872
:10F67000C0035FD6400300B4FD7BBEA9FD0300912B
:10F68000F35301A9F40300AA000040F99F0600F912
:10F69000133440F973E201D1800240F961E2019133
:10F6A00000A001913F0000EB81000054F35341A9F9
:10F6B000FD7BC2A8C0035FD6E00313AACE06009468
:10F6C0001F7C007181000054E00313AA9806009487
:10F6D000E9FFFF97733E40F9EFFFFF17C0035FD6C6
:10F6E000E20300AAE00301AA010100B4410040F9CD
:10F6F000213440F9020000F9210440F9610000B40E
:10F70000F00301AA00021FD600008052C0035FD69A
:10F71000FD7BBDA9FD030091E2A30091F35301A974
:10F72000F30301AAF40300AA010040F9E0038052A8
:10F73000B50A0094C0010035E01740F9600200F9F5
:10F74000000040F9003440F9020040F9620100B4C1
:10F75000E10314AAE00313AA40003FD6800000355D
:10F76000E01740F9E10313AADEFFFF97F35341A925
:10F77000FD7BC3A8C0035FD6800A40B91F04007197
:10F78000EC00005480000034800E40B960FE01A9F6
:10F79000F4FFFF17000080D2FDFFFF17A0028012C8
:10F7A000F3FFFF17FD7BB9A9E403022AA20000B012
:10F7B000FD030091E5830091F30B00F9424822918B
:10F7C0007F0000F9F30303AA03008052004840F9C8
:10F7D000F70B0094A00000357F0200F9E10313AAA3
:10F7E000E0830091CBFFFF97F30B40F9FD7BC7A8A7
:10F7F000C0035FD6FD7BB9A9E403012A0300805250
:10F80000FD030091E5830091F30B00F9F30302AAD5
:10F81000A10000B0A20000B02190239142482291A3
:10F82000E30B00947F0200F980000035E10313AA86
:10F83000E0830091B7FFFF97F30B40F9FD7BC7A86A
:10F84000C0035FD6004840F9EBFFFF17FD7BBEA960
:10F85000FD030091F35301A9F40300AAF30302AAE4
:10F860005F0000F9410100B4E20301AAA10000B069
:10F87000217C2291AC0B0094E103002AA000F83611
:10F88000F35341A9FD7BC2A8C0035FD6010080529B
:10F89000E20313AAE00314AAF35341A9FD7BC2A813
:10F8A000D5FFFF17004840F9E9FFFF17200100B41A
:10F8B000010040F9E10000B4210040F9213440F991
:10F8C000210C40F9A10000B4F00301AA00021FD6E8
:10F8D000000080D2C0035FD6A0048092FEFFFF1715
:10F8E000A00100B4000040F9600100B4FD7BBFA995
:10F8F000FD03009138060094800000B5400280921C
:10F90000FD7BC1A8C0035FD609060094A0FFFFB528
:10F91000FBFFFF17C0035FD6C00400B4020040F92C
:10F92000820300B4FD7BBDA9FD030091F35301A93F
:10F93000F30301AA410040F9343440F9811240F93F
:10F94000410100B4E01700F94BFFFF97821240F924
:10F95000E10313AAE01740F9F00302AAF35341A907
:10F96000FD7BC3A800021FD6011040B9610110360B
:10F97000DCFFFF97A00100B41F0440B168010054F0
:10F98000010040F9210100B4210040F9EBFFFF170D
:10F99000000080D2C0035FD6A0048092F35341A937
:10F9A000FD7BC3A8C0035FD640028092FCFFFF1717
:10F9B000C0035FD6200100B4010040F9E10000B4AB
:10F9C000210040F9213440F9211840F9A10000B488
:10F9D000F00301AA00021FD600008052C0035FD6C8
:10F9E000A0048012FEFFFF17200100B4010040F9BF
:10F9F000E10000B4210040F9213440F9211C40F914
:10FA0000A10000B4F00301AA00021FD6000080523A
:10FA1000C0035FD6A0048012FEFFFF17FD7BBCA9C8
:10FA2000FD030091F35301A9F55B02A9F71B00F94F
:10FA3000800400B4020040F9420400B4420040F9DE
:10FA4000B6048012573440F9E21640F9E20300B4DC
:10FA5000F40301AAF50300AAE00301AAD6FFFF9769
:10FA60001F000071F303002A0410567A800100542D
:10FA7000800240F9010440F9A00000B000AC2291DE
:10FA800032FAFF97F71B40F9E003132AF35341A919
:10FA9000F55B42A9FD7BC4A8C0035FD6E21640F91E
:10FAA000E10314AAE00315AA40003FD6F303002A9D
:10FAB000A0FEFF34E00314AACCFFFF97F2FFFF176C
:10FAC00013008052F0FFFF17F303162AEEFFFF1713
:10FAD000FD7BB2A9FD030091F35301A9F40300AA31
:10FAE000F55B02A9F76303A9F96B04A9FB2B00F9E5
:10FAF000004840F90002F8B7B30000B07312239138
:10FB0000F503012A03008052E10313AAA20000B00A
:10FB100042482291400B0094F903002A0007F8366E
:10FB2000804A40F9B30000B061AE2391D60A009438
:10FB30002007F836000080522A000014E30316AABA
:10FB4000E2031A2AE10313AAE00314AA16FFFF979F
:10FB50001F080031A10000545A0700113F031A6B1F
:10FB6000E1FEFF54EFFFFF17C0030035DF0640B191
:10FB700089000054E003162A40030035E9FFFF170F
:10FB8000E30317AAE2031A2AE10318AAE00314AA5E
:10FB900005FFFF971F14083100FEFF5420020035B7
:10FBA000E03740F99F0200EBD500003560FDFF54BF
:10FBB000FF0640B1A9000054E003172AEFFFFF172A
:10FBC000C1FCFF54FBFFFF17E10316AAE00317AACD
:10FBD00093FFFF971F98003100FCFF54E0FBFF36B6
:10FBE000FB2B40F9F35341A9F55B42A9F76343A905
:10FBF000F96B44A9FD7BCEA8C0035FD6B80000B066
:10FC0000F6430291F7A30191186F23911A008052D5
:10FC1000D3FFFF17007C4093810080D216FC42D3B3
:10FC2000E00316AAE9D7FF97F80300AA600000B521
:10FC300060018012EBFFFF17E20300AAE30316AA9C
:10FC4000804A40F961AE2391A20A00946007003512
:10FC5000B90000B0FBE30291396F23911300805289
:10FC6000170080D2DF02176B8D050054007B77B838
:10FC700060020034E3031BAAE203172AE10319AA76
:10FC8000E00314AAFA03172AC7FEFF97F303002A1A
:10FC90001F14083180000054A00000341F080031F8
:10FCA000A10100541300805205000014E05F40F9E8
:10FCB0009F0200EB9500003581000054F70600918B
:10FCC000E9FFFF17C1FFFF547F0740B189000054CF
:10FCD000F3031B2A607E930AC2FFFF17017B77B8EC
:10FCE000E0031BAA0DFFFF97E50300AAF303002A18
:10FCF0001F04403149FEFF54E46B40F9A00000B0FE
:10FD0000E3031A2A00002491F40000B4810A40A9F8
:10FD1000210040F98DF9FF97E00318AA9AD5FF97C3
:10FD2000EDFFFF17A20000B0A10000B04200259136
:10FD3000212C2591F8FFFF17F303002AF7FFFF1787
:10FD4000FD7BBFA921008052FD03009161FFFF9759
:10FD500000008052FD7BC1A8C0035FD6FD7BBDA91A
:10FD6000FD030091F35301A9F30300AAF40301AAD0
:10FD7000000580D201009052B2F3FF97A00100B4B9
:10FD8000E20300AAE10314AAE00313AAE21700F9B0
:10FD9000C5FEFF97E21740F940000034027C409313
:10FDA000F35341A9E00302AAFD7BC3A8C0035FD6B9
:10FDB00062018092FBFFFF1700008052C0035FD6F4
:10FDC000001440F9C0035FD6FD7BBFA9FD0300917D
:10FDD000000040F9CA040094001440F9FD7BC1A85A
:10FDE000C0035FD6FD7BBEA902008052FD030091D7
:10FDF000F35301A9F40300AAF30301AA004840F950
:10FE0000A10000B021442591CA090094007C4093D0
:10FE1000601600F9E10313AAE00314AAFE0400949B
:10FE2000740200F97F1600B97F0E00F9F35341A95F
:10FE3000FD7BC2A8C0035FD6FD7BBEA9FD03009178
:10FE4000F30B00F9F30300AAAD040094E10300AA48
:10FE5000E00313AAE4FFFF97F30B40F90000805280
:10FE6000FD7BC2A8C0035FD6FD7BBEA9FD03009148
:10FE7000F30B00F9000040F9A1040094F30300AA79
:10FE80008BFEFF971F0440B1A8000054612A40B9BF
:10FE90000008C19A612E40B9007C019BF30B40F928
:10FEA000FD7BC2A8C0035FD6FD7BBDA9FD03009109
:10FEB000F35301A9F40300AAF51300F99004009488
:10FEC00001008052E20300AAF30300AAE00314AA8F
:10FED0005DFEFF97F503002AA0010035804A40F936
:10FEE00022008052A10000B02108269191090094BF
:10FEF000602A00B922008052A10000B0804A40F977
:10FF0000213026918B090094602E00B9E003152A58
:10FF1000F51340F9F35341A9FD7BC3A8C0035FD695
:10FF200024344CD30224001200244092213448D3BC
:10FF30000020C49A1F9001F168010054830C80D204
:10FF40006308C09A607C021BE103012A0020C49A66
:10FF50000008C19A00100051002400120040032A3A
:10FF6000C0035FD623008052F7FFFF1700008052C6
:10FF7000C0035FD6FD7BBDA9E103012AFD0300910B
:10FF8000F35301A9F403022AF51300F9F50300AABB
:10FF9000000040F9006861B8BF3F03D5F303002AB1
:10FFA000004450D31F0400F1200200541F0800F148
:10FFB00020020054400200B53EC3FF97E003002A30
:10FFC000A10240F9216874B8BF3F03D5732E48D30E
:10FFD00021244092F51340F90008D39AF35341A924
:10FFE000FD7BC3A8207C009BC0035FD641C3FF9765
:10FFF000F3FFFF1742C3FF97F1FFFF17600080D2A6
:020000021000EC
:10000000F0FFFF17FD7BBEA9FD030091F35301A98B
:10001000F40300AA3A040094F30300AAE00314AA2C
:10002000DB0400941F0400B1C0000054600200F91A
:1000300000008052F35341A9FD7BC2A8C0035FD6E4
:10004000A0028012FCFFFF17FD7BBDA9FD030091FC
:10005000F35301A9F51300F9130040F9BF3F03D58D
:10006000000040F97312009114C489D2013000B924
:10007000000080D2EBF3FF97F50300AA600240B9BD
:10008000BF3F03D520010036E00315AAE5F3FF9733
:100090001F0014EBA8000054200080D22AF4FF9720
:1000A000BCD7FF97F6FFFF17F51340F9F35341A9AB
:1000B000FD7BC3A8C0035FD6FD7BBDA9FD030091F6
:1000C000F35301A9F51300F9130040F9BF3F03D51D
:1000D000000040F97312009114C489D2018800B95C
:1000E000000080D2CFF3FF97F50300AA600240B969
:1000F000BF3F03D520010036E00315AAC9F3FF97DF
:100100001F0014EBA8000054200080D20EF4FF97CB
:10011000A0D7FF97F6FFFF17F51340F9F35341A956
:10012000FD7BC3A8C0035FD6FD7BBDA9FD03009185
:10013000F35301A9F51300F9130040F9BF3F03D5AC
:10014000000040F97312009114C489D2010000B973
:10015000000080D2B3F3FF97F50300AA600240B914
:10016000BF3F03D520010036E00315AAADF3FF978A
:100170001F0014EBA8000054200080D2F2F3FF9778
:1001800084D7FF97F6FFFF17F51340F9F35341A902
:10019000FD7BC3A8C0035FD6020040F9E100003533
:1001A000425040B9BF3F03D503008052A200C03780
:1001B00000008052C0035FD642A440B9FAFFFF1787
:1001C000020040F901010035425040B9BF3F03D55C
:1001D000630400117FA00F71A1FEFF54A00D8012D7
:1001E000F5FFFF1742A440B9F9FFFF17840000D0C4
:1001F0000800885209008852E50300AA84300B9158
:10020000FD7BBFA9060080520820A0720960A07281
:10021000FD03009187004079E000082A8103003542
:10022000BF3F03D5A20040F9405000B9E00305AA42
:10023000DAFFFF9780030035A00040F90103003585
:10024000005440B9BF3F03D5828C40290000230AE7
:100250000000022AE040002A0000092A810200353D
:10026000BF3F03D5A20040F9405000B9E00305AA02
:10027000C6040011C9FFFF9784300091DF100071A0
:10028000A1FCFF54FD7BC1A8C0035FD6BF3F03D5CF
:10029000A20040F940A400B9E5FFFF1700A840B94B
:1002A000E9FFFF1700008052E8FFFF17BF3F03D5AB
:1002B000A20040F940A400B9EDFFFF17FD7BBBA9E8
:1002C000FD030091F35301A9F30300AAF55B02A912
:1002D000F76303A95EC2FF97F40300AAE00313AA21
:1002E00087030094D42700B4F30300AA00C49ED26D
:1002F000A123019122008052E000A0F2F7030091B7
:10030000750240F92CC2FF97600240F9010040B924
:10031000BF3F03D5206080522100002AE00313AACA
:1003200082FFFF97E00313AAC11E805247FFFF9789
:10033000E00313AAE11D805260FFFF97610240F9BC
:10034000204840B900741E12204800B9610240F9EB
:10035000209C40B900741E12209C00B9802240B934
:10036000850A40B9E103052AA5781E12EDFEFF9724
:10037000BF3F03D5610240F9254800B9820E40B95C
:10038000BF3F03D5610240F9224C00B9BF3F03D5FE
:10039000610240F9205800B9811240B9BF3F03D52E
:1003A000600240F9015C00B9811640B9BF3F03D536
:1003B000600240F9016000B9811A40B9BF3F03D51E
:1003C000600240F9016400B9811E40B9BF3F03D506
:1003D000600240F9016800B9812240B9BF3F03D5EE
:1003E000600240F9016C00B9810240B9BF3F03D5FA
:1003F000600240F9014000B9810640B9BF3F03D512
:10040000600240F9014400B9804640B9852E40B9E8
:10041000E103052AA5781E12C2FEFF97BF3F03D550
:10042000610240F9259C00B9823240B9BF3F03D533
:10043000610240F922A000B9BF3F03D5610240F933
:1004400020AC00B9813640B9BF3F03D5600240F906
:1004500001B000B9813A40B9BF3F03D5600240F90D
:1004600001B400B9813E40B9BF3F03D5600240F9F5
:1004700001B800B9814240B9BF3F03D5600240F9DD
:1004800001BC00B9814640B9BF3F03D5600240F9C5
:1004900001C000B9812640B9BF3F03D5600240F9D1
:1004A000019400B9812A40B9BF3F03D5600240F9E9
:1004B000019800B9A04B40B940128037BF3F03D527
:1004C00089BFFF972100805201FC00B9814A40B9E1
:1004D000BF3F03D5600240F901D400B9814E40B955
:1004E000BF3F03D5600240F901D800B9815240B93D
:1004F000BF3F03D5600240F901DC00B9815640B925
:10050000BF3F03D5600240F901E000B9815A40B90C
:10051000BF3F03D5600240F901E800B9815E40B9F0
:10052000BF3F03D5600240F901EC00B9816240B9D8
:10053000BF3F03D5600240F901F000B9816640B9C0
:10054000BF3F03D5600240F901F800B9816A40B9A4
:10055000BF3F03D5600240F901FC00B9816E40B98C
:10056000BF3F03D5600240F9010001B9817240B973
:10057000BF3F03D5600240F9010401B9817640B95B
:10058000BF3F03D5600240F9010801B9817A40B943
:10059000BF3F03D5600240F9010C01B9610240F987
:1005A000204840B900040032204800B9610240F9F7
:1005B000209C40B900040032209C00B9E00313AA3B
:1005C000010080520AFFFF9721008052E00313AA26
:1005D00007FFFF97600240F9005C40B9BF3F03D5B9
:1005E00000000532BF3F03D5610240F9205C00B92D
:1005F000600240F9006040B9BF3F03D500000532FA
:10060000BF3F03D5610240F9206000B9600240F9A4
:10061000006440B9BF3F03D500000532BF3F03D59A
:10062000610240F9206400B9600240F9006840B9F5
:10063000BF3F03D500000532BF3F03D5610240F93B
:10064000206800B9600240F900B040B9BF3F03D54F
:1006500000000532BF3F03D5610240F920B000B968
:10066000600240F900B440B9BF3F03D50000053235
:10067000BF3F03D5610240F920B400B9600240F9E0
:1006800000B840B9BF3F03D500000532BF3F03D5D6
:10069000610240F920B800B9600240F900BC40B9DD
:1006A000BF3F03D500000532BF3F03D5610240F9CB
:1006B00014208052B51200913400A07216C489D261
:1006C00020BC00B9000080D256F2FF97F80300AAC0
:1006D000A00240B9BF3F03D59F02206AA001005489
:1006E000E00318AA4FF2FF971F0016EB28010054F1
:1006F000200080D294F2FF9726D6FF97F5FFFF17D0
:10070000BF3F03D5F8BEFF971FFC00B970FFFF176E
:10071000BF3F03D5610240F920008052207800B924
:10072000BF3F03D5610240F920CC00B9600240F917
:10073000004840B9BF3F03D500000332BF3F03D597
:10074000610240F9204800B9600240F9009C40B9BC
:10075000BF3F03D500000332BF3F03D5610240F91C
:10076000209C00B9E00313AA0100805237FEFF97D6
:10077000E00313AA0100805250FEFF97610240F986
:10078000E2BD8712201440B900741C12201400B975
:10079000610240F920F440B90000020A20F400B9D7
:1007A000404238D5000C02531F0C0071A1000054C8
:1007B00000809052E0FAA27200E01BD500E03BD529
:1007C000600240F9010040B9BF3F03D521781F12F4
:1007D000E00313AA55FEFF97FF020091F35341A9CE
:1007E00000008052F55B42A9F76343A9FD7BC5A8D1
:1007F000C0035FD6FD7BBDA9E103012AFD03009183
:10080000F35301A9F403022A020040F9416861B8D8
:10081000BF3F03D5214850D33F080071A0030054C7
:1008200088010054F30300AA4102003501098052F7
:10083000820D8052D0FDFF97610240F9216874B8A3
:10084000BF3F03D5212840920008C19A060000143A
:100850003F0C0071400200543F10007140020054F0
:10086000000080D2F35341A9FD7BC3A8C0035FD62B
:100870008113805202188052E32F00B9BEFDFF970A
:10088000610240F9E32F40B9216863B8EDFFFF171B
:1008900008C1FF97E003002AF3FFFF1715C1FF9778
:1008A000FDFFFF1716C1FF97FBFFFF17FD7BBFA9D9
:1008B00083168052020D8052FD0300910108805280
:1008C000CDFFFF97FD7BC1A8C0035FD6FD7BBEA90E
:1008D000FD030091F30B00F9F30300AAF4FFFF9767
:1008E000E003002A610240F9214440B9BF3F03D52B
:1008F000211444D3F30B40F90024C19AFD7BC2A814
:10090000C0035FD6FD7BBDA9FD030091F35301A990
:10091000F40300AAF51300F9000040F9F80100946F
:10092000F30300AA950E40F9BF0E00F1E004005455
:10093000A17A00D13F5400F1081100543F540071D6
:10094000C8100054800000D000C00E91005861789B
:100950006100001020A8208B00001FD6A00038D511
:1009600000FC48D30316805200001D121F080071BE
:10097000E9010054820B805281208052E00313AAC7
:100980009DFFFF97610240F9210041B9BF3F03D5A8
:1009900021284092210400910008C19AF51340F9E2
:1009A000F35341A9FD7BC3A8C0035FD6020C80525C
:1009B00001208052F2FFFF17E00313AABCFFFF974C
:1009C000E003002AF6FFFF17010040F9210440B9B7
:1009D000BF3F03D58100C036B5FFFF97007C0153B0
:1009E000EFFFFF17B2FFFF97007C0253ECFFFF17EA
:1009F000E00313AAAEFFFF97610240F9E003002A6B
:100A0000214440B9BF3F03D5211C46D30024C19ADD
:100A1000E3FFFF17E00313AAADFFFF97610240F960
:100A2000E003002A214440B9BF3F03D5214450D3FD
:100A3000F7FFFF17600240F9BFAE00714103005499
:100A400000DC40B9BF3F03D5811B80D2620240F970
:100A5000004850D3546861B8BF3F03D5942A0012B0
:100A60001F0800718006005428040054200500353A
:100A700001098052E00313AA820D80523EFDFF97C8
:100A8000610240F9E003002ABFAE0071E1030054A7
:100A9000216840B9BF3F03D5212840920008C19A80
:100AA0001700001400D440B9BF3F03D5610240F9DC
:100AB000219440B9BF3F03D5BFA20071E1000054AB
:100AC00021681A533F000071021B80D2811A80D224
:100AD0002100829ADEFFFF17226C1B53BFA6007114
:100AE00021701C532110821AF7FFFF171F0C007191
:100AF000600200541F10007160020054940600113F
:100B00000008D41AA6FFFF17216040B9E2FFFF17C3
:100B1000E00313AA021880528113805216FDFF973A
:100B2000610240F921BC40B9BF3F03D5007C40922F
:100B3000DAFFFF175FC0FF97F1FFFF176DC0FF9748
:100B4000EFFFFF176EC0FF97EDFFFF17E00313AA3B
:100B50005FFFFF979BFFFF17A000809290FFFF179A
:100B6000A1022836FD7BBEA9FD030091F35301A924
:100B700013FC001173661A12000880D2617E409344
:100B800048D4FF97F40300AAE00000B4627E4093CB
:100B900001008052B5F0FF9781C2338BE00314AAA5
:100BA000E3C2FF97E00314AAF35341A9FD7BC2A857
:100BB000C0035FD6017C4093200080D203D4FF178E
:100BC000FD7BB9A9FD030091F35301A9F40301AA28
:100BD000F55B02A9F60300AAF76303A9F80303AAC9
:100BE000F70306AAF96B04A9F90302AAFA0304AAF7
:100BF000FB2B00F9FB0305AA460000B4DF0000F957
:100C0000591100B4800A40B9E1A30191A7030094EF
:100C1000F503002A400C0035011380D2200080D259
:100C2000EAD3FF97F30300AA401000B415E0019146
:100C300000A0019101008012B55600A9000000A992
:100C400060620191000000A9746600A97ADA02A925
:100C5000E03740F9780A00F9602200F9618E00B9A6
:100C60007B4A00F9000440F9017440B901010037E2
:100C7000E03740F9010440F9217440B98101083797
:100C80006A040094608E00B909000014010040F964
:100C900001FFFFB4FBFEFFB7400A40F96332029147
:100CA000E2031B2A44EDFF9740FEFF35805E40B90A
:100CB00040010034380100B5608A40B900001F329D
:100CC000608A00B9200080D2815E80B9BFD3FF97CF
:100CD000400A00B4600A00F9E03740F9000440F926
:100CE000016840B921010034608A40B9217C4093F9
:100CF00000001C32608A00B9200080D2B3D3FF9775
:100D0000C00800B4601200F9D60200B4C00240F975
:100D1000016440B9A1000035C02240F9000440F947
:100D2000017040B921010034608A40B9217C4093B0
:100D300000001D32608A00B9200080D2A3D3FF9743
:100D4000C00600B4600E00F9C13A40F9D53A00F986
:100D5000C0A20191603E00F9A10600F9350000F93A
:100D6000E00313AA5E050094F503002AA0050035F0
:100D7000810E40F9410200B5360300B5E03740F975
:100D8000000440F9010840F9A10300B5370400B59B
:100D9000608A40B900001A32608A00B9FB2B40F922
:100DA000E003152AF35341A9F55B42A9F76343A970
:100DB000F96B44A9FD7BC7A8C0035FD6E00313AA63
:100DC00020003FD6F403002A80FDFF34E00313AA7D
:100DD000F503142A6CD1FF97F1FFFF17C00240F909
:100DE000012040F9C1FCFFB4E00313AA20003FD664
:100DF000F403002A40FCFF34F5FFFF17E00313AAB9
:100E000020003FD6F403002A20FCFF34F0FFFF1738
:100E1000F30200F9DFFFFF1774018012ECFFFF17E8
:100E2000F403002AEAFFFF17B5028012DCFFFF1768
:100E300075018012DAFFFF17E60305AAE50304AA8D
:100E4000E40303AA030080D25EFFFF17E60305AAAE
:100E5000E50304AA040080D25AFFFF17FD7BBDA959
:100E6000FD030091F35301A9F40300AA331C0012FF
:100E7000400040F9E20F02A953010094C00100B400
:100E8000E20F42A973000036017040B9C10110366B
:100E9000E60303AAE10300AA420C40A9E00314AA56
:100EA000F35341A905008092FD7BC3A8040080D2C2
:100EB00044FFFF1720008012F35341A9FD7BC3A814
:100EC000C0035FD600008012FCFFFF17600800B46B
:100ED000FD7BBEA9FD030091F35301A9F30300AA12
:100EE000008840B940056037601A40F9800400B5B9
:100EF000740240F9805A40B9E0040035602240F99C
:100F0000010440F9206440B9E0000034622640F951
:100F1000A20000B5217440B912FFFF97600400B42D
:100F2000602600F9611A40F9C10100B4200040F9BF
:100F3000006040B9A0000035202040F9000440F9CD
:100F4000006C40B9E0000034612A40F9A10000B50E
:100F5000817240B903FFFF97800200B4602A00F954
:100F6000600240F9011C40F9C10200B5608A40B935
:100F700000001432608A00B905000014D4FFFF9706
:100F800060010035608A40B940FB6736000080523E
:100F900007000014611E40F921FBFFB5817240B9C2
:100FA000F0FEFF97A00000B560018012F35341A945
:100FB000FD7BC2A8C0035FD6601E00F9D0FFFF17FB
:100FC000604A40F940FDFFB7E00313AA20003FD676
:100FD000E0FCFF34F6FFFF17A0028012C0035FD6CB
:100FE000A00800B4FD7BBEA9FD030091F35301A945
:100FF000F30300AA018840B9A10000360000805226
:10100000F35341A9FD7BC2A8C0035FD6140040F989
:10101000AFFFFF9760010035601A40F9A00100B5ED
:10102000608A40B900000032608A00B9601A40F955
:10103000A00100B5E00313AAC5040094A002003487
:10104000618A40B921781F12618A00B9EDFFFF174C
:10105000E4FFFF9760FFFF35608A40B920FE073646
:10106000E7FFFF17602240F9000440F9000840B98B
:101070001F7C017100FEFF54807240B9C0FD5F37D4
:10108000E00313AAB922009460FDFF34EDFFFF17BF
:10109000601A40F9A00100B5604A40F9A000F8B715
:1010A000E00313AA010080528AFAFF97A0FCFF35E3
:1010B000811240F9810100B5E00313AABE04009437
:1010C000E0F9FF34DFFFFF17000040F9012440F989
:1010D00041FEFFB4E00313AA20003FD6E0FDFF3439
:1010E000D8FFFF17E00313AA20003FD660FEFF34AD
:1010F000D4FFFF17A0028012C0035FD6400000B4E7
:10110000000840F9C0035FD6400000B4000C40F96D
:10111000C0035FD6400000B4001040F9C0035FD6A2
:10112000400000B4001C40F9C0035FD6400000B48A
:10113000002440F9C0035FD6400000B4002840F905
:10114000C0035FD6023440F903A001915F0003EBB6
:1011500040E001D100109F9A200000F90000805269
:10116000C0035FD6010040F9221840F9233C40F942
:1011700042A0019161E001D17F0002EB21109F9A12
:10118000010000F900008052C0035FD65F0000F943
:10119000038C46F863E001D164E001919F0000EB0D
:1011A000610000544002801208000014642040F9DD
:1011B000840440F9840840B93F00046B8100005466
:1011C00000008052430000F9C0035FD6633C40F941
:1011D000F1FFFF17001840F9C0035FD6001440F973
:1011E000C0035FD6600000B4000040F9003440F94D
:1011F000C0035FD6002040F9000440F9000840B960
:10120000C0035FD6018840B921001932018800B9B6
:10121000C0035FD6012400F9C0035FD6FD7BBFA9E0
:10122000FD030091004840F9E50500941F0000719E
:10123000E0079F1AFD7BC1A8C0035FD6FD7BBDA957
:10124000E403012AE103032AFD0300910600805212
:10125000F30B00F9F30300AA050080D2830000F02D
:10126000400A40F963BC2D910EEDFF97E10300AAFF
:101270001F0400B160010054601A40F9E11700F941
:10128000DDFFFF971FC00171E11740F9A100005475
:10129000601A40F9F30B40F9FD7BC3A875040014F4
:1012A000F30B40F9E00301AAFD7BC3A8C0035FD69E
:1012B000FD7BBDA9FD030091F35301A9F30300AA2F
:1012C000F51300F9F503012A400A40F9744A40F980
:1012D000E103142AFDE8FF97E203142AE303002A3E
:1012E000E103152AE00313AAF51340F9F35341A9CA
:1012F000FD7BC3A8D2FFFF17FD7BBCA9FD030091B6
:10130000F35301A9F40300AAF55B02A9F503012A2E
:10131000400A40F9E21F00F9934A40F9E103132A19
:10132000EAE8FF97E51F40F9F603002AE103002AE7
:10133000E403152A400A40F9E203132A060080520A
:10134000830000F063BC2D91D6ECFF97E303162ACF
:10135000E203132AE103152AE00314AAF55B42A96C
:10136000F35341A9FD7BC4A8B5FFFF17FD7BBFA9BF
:10137000FD030091E1FFFF971F0400B141000054FD
:10138000000080D2FD7BC1A8C0035FD6010080525F
:10139000C8FFFF17FD7BBFA9FD030091C5FFFF97A5
:1013A0001F0400B141000054000080D2FD7BC1A8A1
:1013B000C0035FD601008052F7FFFF17F6FFFF174B
:1013C000FDFFFF17FD7BBDA9C100009021C03D912D
:1013D000FD030091F35301A9D4000090946207919A
:1013E000F51300F9F50300AAC00000900060079112
:1013F000330000CBE0EB03B2E0DD9DF273FE4393DC
:10140000737E009B000F80527352209B7F0214EB6F
:10141000E1000054140080D2F51340F9E00314AA4F
:10142000F35341A9FD7BC3A8C0035FD6810240F9F5
:10143000E00315AA3DEEFF9700FFFF3494E201910F
:10144000F3FFFF17C10000B0E303002AC20000B0A1
:101450002060019142600191C10000B021802C9177
:10146000210002CBE2EB03B2E2DD9DF221FC4393CB
:10147000217C029B020F80522100229B3F0000EB47
:1014800061000054000080D2C0035FD6020840B95A
:101490005F00036BA0FFFF5400E00191F8FFFF170E
:1014A000FD7BBAA9FD030091F76303A9F80300AA25
:1014B000F703012AC0000090C100009000003E9197
:1014C00021C03D91000001CBF35301A914008052CB
:1014D00013FC4493F96B04A95A018052F55B02A9ED
:1014E000D5000090B5C23D91190080D216008052FF
:1014F0007F02196BEC0100549F020071841A4B3A71
:101500009412961ADF2E0031610000545A070071C0
:10151000C1FEFF54F55B42A9E003142AF35341A92D
:10152000F76343A9F96B44A9FD7BC6A8C0035FD646
:10153000E103172AE3630191A252398BE00318AA51
:1015400047FEFF97010400113F0400718900005419
:10155000DF0200710018423AD602801A3907009162
:10156000E4FFFF17FD7BBCA9FD030091F30B00F91D
:10157000F30300AAE00301AAE48F02A9E21F00F925
:1015800091FFFF97200100B4E21F40F9E10300AA98
:10159000E59342A9E00313AAF30B40F9030080D2BC
:1015A000FD7BC4A825FEFF17F30B40F92000801235
:1015B000FD7BC4A8C0035FD6E40303AA03008092A6
:1015C000E9FFFF17FD7BB7A9FD030091F35301A9C4
:1015D000D3000090F40302AAF55B02A9736207919D
:1015E000D5000090F76303A9B5C23D91D8000090E3
:1015F000F96B04A918630791F60301AAFB7305A907
:10160000F90303AA971C0012E03B00F9420000B462
:101610005F0000F9E00316AA3C040094E213029173
:10162000810000F0213C1391E03F00F9E00316AA8D
:10163000A2040094FA0300AA000300B4B50218CB78
:10164000E0EB03B2E0DD9DF2F7020012B5FE43933A
:10165000B57E009B000F8052A04E209B150080524B
:10166000E03700F9E08740B91F00156BCD01005449
:1016700058C3358BFB0313AAE03740F91F001BEB5F
:1016800021020054E00318AAC8EDFF97000400915E
:10169000B502000BF4FFFF17E08740B91F040031CB
:1016A0004100005400008052F35341A9F55B42A968
:1016B000F76343A9F96B44A9FB7345A9FD7BC9A84E
:1016C000C0035FD6F90000B47F0319EB600000543B
:1016D0007BE30191E9FFFF177C0B40F99C0100B40B
:1016E0007C0B40F97CFFFFB4800340F920FFFFB47E
:1016F000E10318AA8DEDFF97A00000349C430091F0
:10170000FAFFFF17830740F909000014D7000034DF
:10171000E00316AAA804009460000037607340B983
:1017200020FC17361CFFFFB5030080D2E00B47A951
:10173000E5230291E40316AAE1031BAABFFDFF976C
:101740001F4C003100FAFF5400FBFF35D4FAFFB400
:10175000E04740F9800200F9D3FFFF17FD7BBCA9E9
:10176000FD030091F35301A9F55B02A9F76303A9F7
:101770008105F8B7F70300AAF603022A400A40F9E8
:1017800014008052B4E5FF971F00007113A09F5A08
:10179000737E40937F0600B1E1000054E003142AF9
:1017A000F35341A9F55B42A9F76343A9FD7BC4A8A4
:1017B000C0035FD6E00313AAD4030094400A40F9A3
:1017C000F803132AE103132A6BEAFF97400100355F
:1017D000F503142A400A40F9E103182AF403152AF4
:1017E000AAE5FF971F00007113A09F5A737E4093D4
:1017F000E9FFFF17E403162AE10313AAE00317AA7F
:10180000030080D2020080D26FFFFF971F0000719B
:10181000F503002A801A407AC1FDFF54EEFFFF173E
:1018200014008052DEFFFF17FD7BBDA9FD03009170
:10183000F35301A9F30300AAF51300F9351C0012B4
:10184000004840F941010037608A40B9800178368C
:10185000E00313AAE3FDFF9720010034F51340F9DC
:10186000F35341A9FD7BC3A8C0035FD66001F8B65E
:10187000600240F9007040B980FE1737748E46F858
:1018800094E201D180E201911F0013EBC1000054EA
:1018900000008052F2FFFF174704009460FD0737F5
:1018A000F4FFFF17E00314AAE103152ADFFFFF97F7
:1018B000943E40F9F3FFFF17407A40F9C00200B5AB
:1018C000FD7BBFA940E2039182000090FD030091DF
:1018D00042E03691408600F943C20391000000A91E
:1018E00001008052000080D25DFDFF9700010035AD
:1018F000407A40F91F4800F9407A40F9B9FDFF9756
:101900006000003541420391210400A9FD7BC1A87C
:10191000C0035FD6A0028012C0035FD6FD7BBFA9C3
:10192000E103002AFD030091407A40F9DDFEFF97B4
:101930001F0800314100005400008052FD7BC1A807
:10194000C0035FD6421A40F9014840F9E20322AAD7
:101950004200001282FFFF17E203002A010080D23A
:10196000407A40F97EFFFF17FD7BBBA9FD03009184
:10197000F35301A9F403002A800000B000683F91EE
:10198000E01B00F9800000F000782791E01F00F9CB
:10199000800000F000982791E02300F9800000F01B
:1019A00000141A91F51300F9E02700F9E003142A56
:1019B000EAFFFF97A0010035F5C30091130080D224
:1019C000A07A73F89C030094E10300AA407A40F9DE
:1019D000E203142A62FFFF9780000035730600912E
:1019E0007F1200F1E1FEFF54F51340F9F35341A9D2
:1019F000FD7BC5A8C0035FD600008052C0035FD640
:101A0000411A40F9407A40F9E10321AA210000126D
:101A100086FFFF17FD7BBEA9FD030091F30B00F9C4
:101A2000F303002A00008052A4FFFF9760010035F5
:101A3000E003132ABAFFFF9700010035E003132AE1
:101A4000CAFFFF97A0000035E003132AF30B40F90B
:101A5000FD7BC2A8E9FFFF17F30B40F9FD7BC2A88D
:101A6000C0035FD6E303002A407A40F9000100B4C6
:101A7000428640F9410040F9208000D10180009168
:101A80005F0001EB61000054000080D2C0035FD60C
:101A9000010440F9210840B93F00036B80FFFF5467
:101AA000011040F9F5FFFF17FD7BBCA9FD03009174
:101AB000F35301A9F55B02A9F71B00F9F70301AA8B
:101AC000418640F9010800B4FF0200F9E403002A4E
:101AD000E5FFFF97400700B5E003042A5AFEFF9791
:101AE000F60300AA400700B4010680D2200080D28D
:101AF00036D0FF97F30300AAE00600B4C16240B9F4
:101B0000C1000034217C4093200080D22FD0FF9769
:101B1000200500B4600200F97582009160420091D6
:101B2000760600F9B55600A9000000A9408640F9E4
:101B3000010040F9350400F9611200F9A00600F92E
:101B4000150000F9C12A40F9010300B4E00313AA0B
:101B500020003FD6F403002A80020034C06240B95E
:101B600080000034600240F907CEFF977F0200F941
:101B7000611240F9A00640F9200400F9010000F9C3
:101B80007F1200F9BF0600F9E00313AAFECDFF970C
:101B9000F71B40F9E003142AF35341A9F55B42A96E
:101BA000FD7BC4A8C0035FD6F30200F91400805285
:101BB000F8FFFF1774018012F4FFFF17E00200F92D
:101BC000FBFFFF1754048012F2FFFF17F40B801283
:101BD000F0FFFF1774018012EEFFFF17FD7BBBA91A
:101BE000FD030091F35301A9F55B02A9F60302AAD4
:101BF000F71B00F9F703012AE1230191ABFFFF97DF
:101C0000F403002AE0010035F52740F9B30E41F84E
:101C1000736201D1606201911F0015EB61000054F5
:101C20005402801207000014400A40F9619240B942
:101C3000F8E5FF97FF02006B01010054D30200F9A1
:101C4000F71B40F9E003142AF35341A9F55B42A9BD
:101C5000FD7BC5A8C0035FD6732E40F9EDFFFF17CB
:101C6000FD7BBDA9FD030091F35301A9F403012AF3
:101C7000F30302AA5F0000F9E1A300918BFFFF9735
:101C8000E0010035E01740F902400091010840F9F9
:101C90005F0001EBC0000054216001D1E003142A71
:101CA000236001915F0003EB610000544002801249
:101CB00003000014A0000035610200F9F35341A9AC
:101CC000FD7BC3A8C0035FD6212C40F9000400515E
:101CD000216001D1F3FFFF17FD7BBDA9FD0300913A
:101CE000F30B00F9F30301AA3F0000F9E1A300910F
:101CF0006EFFFF9700010035E11740F92240009187
:101D0000210840F93F0002EB60000054216001D13E
:101D1000610200F9F30B40F9FD7BC3A8C0035FD655
:101D2000010040F91F0000F9222040F9232C40F95E
:101D300042400091616001D17F0002EB21109F9A27
:101D4000010000F9C0035FD6FD7BBBA9FD03009134
:101D50007F0000F9F35301A9F55B02A9F76303A91A
:101D6000610400B4F60303AA557C4093F70301AA6B
:101D7000E12301914DFFFF97F303002A8002003514
:101D8000F82740F9140F41F8946201D18062019163
:101D90001F0018EB61000054530280120C00001465
:101DA000800640F9E20315AAE10317AAE8EBFF97C2
:101DB000F303002A80010035800640F9FBEBFF9712
:101DC000BF0200EB01010054D40200F9F55B42A907
:101DD000E003132AF35341A9F76343A9FD7BC5A888
:101DE000C0035FD6942E40F9E8FFFF17B3028012BC
:101DF000F7FFFF17FD7BBDA9FD030091F30B00F971
:101E0000F303002AE00301AAE10B02A9E7EBFF9725
:101E1000E10F42A9E203002AE003132AF30B40F981
:101E2000FD7BC3A8C9FFFF17010440F9E20300AA24
:101E3000207440B920020036400A40F9E00100B4A5
:101E4000FD7BBEA9FD030091210040F9E20F00F9DE
:101E500023E9FF97E20F40F9410C41F8216001D1DD
:101E6000236001917F0002EB810100540004001106
:101E7000FD7BC2A8C0035FD6410C41F80000801270
:101E8000216001D1236001917F0002EB0101005428
:101E900000040011C0035FD6238C40B9212C40F907
:101EA0001F00036B00A0831AEDFFFF17238C40B9BE
:101EB000212C40F91F00036B00A0831AF1FFFF17CC
:101EC0005F0000F93F0400316100005440028012BD
:101ED000C0035FD6FD7BBDA9FD030091F35301A9AB
:101EE000F403012AF30302AAE1A30091EFFEFF9796
:101EF00000010035E11740F9230C41F8636001D17E
:101F0000626001915F0001EBA10000544002801269
:101F1000F35341A9FD7BC3A8C0035FD6628C40B9CF
:101F20005F00146B61000054630200F9F9FFFF17B2
:101F3000632C40F9F2FFFF175F0000F96100F836EB
:101F400040028012C0035FD6FD7BBDA9FD03009156
:101F5000F35301A9F403012AF30302AAE1A30091B8
:101F6000D2FEFF9700010035E11740F9230C41F83C
:101F7000636001D1626001915F0001EBA100005438
:101F800040028012F35341A9FD7BC3A8C0035FD672
:101F9000624840F99F02026B61000054630200F93D
:101FA000F9FFFF17632C40F9F2FFFF175F0000F9FC
:101FB0006100F8B640028012C0035FD6FD7BBDA968
:101FC000FD030091F35301A9F40301AAF30302AA4C
:101FD000E1A30091B5FEFF9700010035E11740F93C
:101FE000230C41F8636001D1626001915F0001EB55
:101FF000A100005440028012F35341A9FD7BC3A805
:10200000C0035FD6624840F95F0014EB61000054E2
:10201000630200F9F9FFFF17632C40F9F2FFFF1785
:10202000FD7BBEA9FD030091F35301A9F403002A2F
:10203000E00301AA7F0000F9E10302AAF30303AA67
:1020400002008012004840F93A0100941F0000711C
:10205000ED000054E20313AAE103002AE003142A6E
:10206000F35341A9FD7BC2A8DDFEFF17F35341A93D
:1020700020008012FD7BC2A8C0035FD6FD7BBCA9F7
:10208000FD030091F35301A9F40302AAF51300F92B
:10209000F50301AAE1E3009184FEFF9700020035F9
:1020A000E01F40F9130C41F8736201D161620191A4
:1020B0003F0000EB61000054400280120800001451
:1020C000610240F93F0015EB21010054E00313AA1F
:1020D000C4FBFF9740000035930200F9F51340F967
:1020E000F35341A9FD7BC4A8C0035FD6732E40F90A
:1020F000EEFFFF17C1010035FD7BBEA9FD03009176
:10210000F35301A9F40300AAF30302AAB5FBFF9756
:10211000E103002A40000035740200F9F35341A99D
:10212000E003012AFD7BC2A8C0035FD6E003012AB9
:10213000C0035FD6FD7BBDA9FD030091F30B00F941
:10214000F30302AAE2A300917F0200F9C5FEFF9704
:10215000E103002AE01740F9E20313AAF30B40F968
:10216000FD7BC3A8E4FFFF17FD7BBDA9FD03009124
:10217000F30B00F9F30302AAE2A300917F0200F936
:102180001DFFFF97E103002AE01740F9E20313AABD
:10219000F30B40F9FD7BC3A8D7FFFF17FD7BBDA95B
:1021A000FD030091F30B00F9F30302AAE2A30091EF
:1021B0007F0200F943FFFF97E103002AE01740F98F
:1021C000E20313AAF30B40F9FD7BC3A8CAFFFF1774
:1021D000FD7BBDA9FD030091F30B00F9F30302AAF7
:1021E000E2A300917F0200F954FFFF97E103002A68
:1021F000E01740F9E20313AAF30B40F9FD7BC3A8F3
:10220000BDFFFF17FD7BBDA9FD030091F30B00F996
:10221000F30302AAE2A300917F0200F964FFFF9793
:10222000E103002AE01740F9E20313AAF30B40F997
:10223000FD7BC3A8B0FFFF17FD7BBDA9FD03009187
:10224000F30B00F9F30303AAE3A300917F0200F963
:1022500074FFFF97E103002AE01740F9E20313AA95
:10226000F30B40F9FD7BC3A8A3FFFF17FD7BBEA9BD
:10227000FD030091F30B00F9F30301AA3F0000F9FD
:1022800096FEFF97E0000035610240F9A10000B41E
:10229000F30B40F9E00301AAFD7BC2A851FBFF1735
:1022A000F30B40F9FD7BC2A8C0035FD6FD7BBEA93E
:1022B000FD030091E10F00F9EDFFFF97C00000352D
:1022C000E10F40F9200040F91F0000F140028012A8
:1022D000E013801AFD7BC2A8C0035FD6FD7BBEA9B8
:1022E000FD030091F35301A914600191012040F90D
:1022F00021400091220440F9340400F9018805A925
:10230000540000F9011840F9E10100B4212040F91E
:10231000210440F9211C40F9610100B4F30300AA33
:1023200020003FD6A0000034628645A9410400F990
:10233000220000F97FFE05A9F35341A9FD7BC2A845
:10234000C0035FD600008052FCFFFF17FD7BBEA9D3
:10235000FD030091F30B00F9F30300AA012040F9FB
:10236000210440F9211040F9A10000B5601A40F99C
:10237000000100B5000080520300001420003FD689
:1023800060FFFF34F30B40F9FD7BC2A8C0035FD6AA
:10239000002040F9000440F9012040F9C1FEFFB4DB
:1023A000E00313AAF00301AAF30B40F9FD7BC2A8D6
:1023B00000021FD6FD7BBEA9FD030091F30B00F9BF
:1023C000F30300AA011840F9210100B5602240F989
:1023D000000440F9011440F9810100B50000805269
:1023E000F30B40F9FD7BC2A8C0035FD6212040F962
:1023F000210440F9212440F9A1FEFFB420003FD67A
:1024000060FEFF34F7FFFF17E00313AAF00301AAF1
:10241000F30B40F9FD7BC2A800021FD6FD7BBDA9CE
:10242000FD030091F35301A9F40300AA3AFBFF97BF
:10243000F30300AA810000D0804A40F9E2830091B2
:1024400021581A91630080D2A2000094A0000035A8
:10245000E02340B9600200F9E1834429608600A9C5
:10246000E00314AAF35341A9FD7BC3A836FDFF176F
:10247000FD7BBEA9FD030091F30B00F9F30301AA54
:1024800025FBFF97010040F93F0013EB08010054C2
:10249000020440F92200028B5F0013EB8900005414
:1024A000000840F97302008B730201CBE00313AA0A
:1024B000F30B40F9FD7BC2A8C0035FD6FD7BBDA92D
:1024C000FD030091F35301A9F403022AE20301AAD8
:1024D000E103002AF30303AA400A40F9E3B30091A1
:1024E000BDE3FF97800100B4E12F80B9820600119F
:1024F0003FC822EB4301005400D874B80008C05A0A
:10250000600200B900008052F35341A9FD7BC3A8CB
:10251000C0035FD6A0028012FCFFFF1740098012A3
:10252000FAFFFF17E30302AA02008052E4FFFF173D
:10253000FD7BBEA9FD030091E3730091E21F00B98A
:1025400002008052DEFFFF97E01F40B9FD7BC2A86A
:10255000C0035FD6FD7BBEA9FD030091E21F00B959
:10256000E2730091F0FFFF97E01F40B9FD7BC2A826
:10257000C0035FD6FD7BBDA9FD030091E3B30091CD
:10258000F30B00F9F30302AAE20301AAE103002A14
:10259000400A40F990E3FF97800100B4E12F40B971
:1025A0003F1C00712901005401004029208000AA2D
:1025B000000CC0DA600200F900008052F30B40F911
:1025C000FD7BC3A8C0035FD6A0028012FCFFFF17EB
:1025D000FD7BBEA9FD030091E20F00F9E2630091CB
:1025E000E5FFFF97E00F40F9FD7BC2A8C0035FD66F
:1025F000FD7BBDA9FD030091E3B30091F30B00F94E
:10260000F30302AAE20301AAE103002A400A40F907
:1026100071E3FF97E00000B5730000B40100801281
:10262000610200B9F30B40F9FD7BC3A8C0035FD67C
:10263000B3FFFFB4E12F40B9FAFFFF17FD7BBDA93F
:10264000FD030091E2B30091F35301A9E9FFFF9765
:10265000C00000B5130080D2E00313AAF35341A9D0
:10266000FD7BC3A8C0035FD6F42F80B9F30300AA93
:10267000E10314AAE3E9FF979F0200EBE8FEFF5491
:10268000F5FFFF17FD7BBEA9FD030091E2730091EA
:10269000D8FFFF971F0000F1E11F40B9A002801290
:1026A000FD7BC2A82010801AC0035FD6FD7BBFA9A6
:1026B000E20301AAE103002AFD030091400A40F968
:1026C000BAE2FF97007C4093FD7BC1A8C0035FD6B0
:1026D000E403032AE30302AAE20301AAE103002AB6
:1026E000400A40F944E7FF17FD7BBFA9E103002A38
:1026F000FD030091400A40F9F4E3FF97007C40930A
:10270000FD7BC1A8C0035FD6E10300AA8000F8B733
:10271000400A40F9020080D262E2FF17000080D236
:10272000C0035FD6FD7BBFA9E30302AAE20301AAAF
:10273000FD030091E103002A400A40F937E4FF97C6
:102740001F040031C00000541F000071A10280125C
:1027500000A0811AFD7BC1A8C0035FD6800780124C
:10276000FDFFFF17FD7BBDA9FD030091E4B30091C0
:10277000F30B00F9F30303AAE303022AE20301AA1D
:10278000E103002A400A40F951E4FF97600200F992
:10279000E02F40B9F30B40F91F000071FD7BC3A887
:1027A000A002801200B09F1AC0035FD6FD7BB9A9BA
:1027B000FD030091E6A30091F35301A9F30305AAD9
:1027C000E503042AE403032AE30302AAE20301AABD
:1027D000E103002A400A40F92AE7FF97F403002AA0
:1027E00020010035E02B80B9E1C30091600200F9BF
:1027F000020880D2E02F40B9600A00B9603200912F
:10280000B5E9FF97E003142AF35341A9FD7BC7A85C
:10281000C0035FD6E403032AE30302AAE20301AA8A
:10282000E103002A400A40F9060080D20500801228
:1028300014E7FF17FD7BBFA9E10300AAFD03009188
:10284000400A40F963E3FF971F00007100A09F5A00
:10285000FD7BC1A8007C4093C0035FD6FD7BBDA972
:10286000FD030091F30B00F9F30300AA800000D0F0
:1028700000181391E11700F9EFFFFF97E21740F9F5
:10288000E10313AAF30B40F9FD7BC3A859FFFF171F
:10289000FD7BBFA9010080D2FD030091F0FFFF97EF
:1028A000600000B4FD7BC1A8E3FFFF170000809229
:1028B000FD7BC1A8C0035FD6E30302AAE20301AA1D
:1028C000E103002A400A40F9C3E2FF17FD7BBFA9DC
:1028D000020080D2FD030091F8FFFF971F0000F176
:1028E000E0079F1AFD7BC1A8C0035FD6F8FFFF1762
:1028F000E103002A400A40F9DAE5FF17E103002A64
:10290000400A40F9E4E5FF17FD7BBCA9E60302AAF3
:10291000FD030091F35301A9F30300AAF403032A72
:10292000F51300F9620000B4E07F40B2400000F906
:10293000E00313AAE61B00F9E13F00B96BFFFF9724
:10294000F50300AAEBFFFF97E403002AE00315AAB2
:10295000E43B00B9EAFFFF97E503002A400A40F98B
:10296000E703142AF51340F9E103132AE61B40F9A3
:10297000820000D0E33F40B942BC2D91F35341A9FE
:10298000E43B40B9FD7BC4A820E7FF172300805239
:10299000DEFFFF17FD7BBEA9FD030091E2630091FE
:1029A000FBFFFF97FD7BC2A8C0035FD601008052EA
:1029B000F9FFFF1720008052C0035FD6FD7BBFA93F
:1029C000E20301AAE103002AFD030091400A40F955
:1029D000EAE3FF971F000071E0179F1AFD7BC1A873
:1029E000C0035FD6FD7BBDA9FD030091F30B00F989
:1029F000F30300AA800000D000982891E12F00B9CD
:102A00008DFFFF97C000F8B7E22F40B9E10313AA8A
:102A1000F30B40F9FD7BC3A8C6FEFF17F30B40F98B
:102A2000E02F40B9FD7BC3A8C0035FD6FD7BBEA9E4
:102A3000FD030091F30B00F9F30300AA000040F935
:102A4000010040F9213440F9221040F9611240B9E7
:102A500040003FD6610640F9610018361F00007142
:102A6000E0179F1AF30B40F9FD7BC2A8C0035FD6A5
:102A700000008052C0035FD6FD7BBCA9FD0300911E
:102A8000E1E30091F35301A9F40300AA8006805208
:102A9000F55B02A905FCFF97F603002A400100350B
:102AA000E01F40F915008052130840F9736201D10C
:102AB000E01F40F961620191004000913F0000EB8E
:102AC000C1000054F35341A9E003162AF55B42A963
:102AD000FD7BC4A8C0035FD6608A40B90001003600
:102AE0007F0214EBC0000054E00313AA90F9FF9793
:102AF000150C00B9000840B9B502000B732E40F95F
:102B0000736201D1EBFFFF17FD7BBDA9FD030091AF
:102B1000F35301A914008052F51300F9F50300AA3C
:102B200083F9FF97F30300AA600A40B91F00146BF2
:102B300048010054600A40F913CAFF97600E40F93B
:102B400011CAFF97E00315AAF51340F9F35341A901
:102B5000FD7BC3A8C9FFFF17600E40F900D874F8C9
:102B6000400000B408CAFF9794060011EFFFFF175A
:102B7000FD7BBEA9FD030091F30B00F96CF9FF97F3
:102B8000F30300AA000840B9010180D20FCCFF97DF
:102B9000600E00F9400100B4600A40B9810080D2A3
:102BA000007C0011007C055308CCFF97600A00F9F7
:102BB000E00000B5600E40F9F3C9FF97F30B40F950
:102BC00060018012FD7BC2A8C0035FD6F30B40F901
:102BD000000080D2FD7BC2A8A8FFFF17227C05530E
:102BE00021100012007862B80024C19A000000127F
:102BF000C0035FD6FD7BBEA9FD030091F35301A97D
:102C0000F30300AA000040F9200300B4F40301AA72
:102C100047F9FF97E30300AA641240B9000840F99E
:102C2000E103042AEEFFFF97E103002A000080522F
:102C300081010037600240F9630040F9010440F966
:102C4000630000B5830000F063300A91E20314AA28
:102C5000800000D000B82891BCEDFF97E001801201
:102C6000F35341A9FD7BC2A8C0035FD620008012A8
:102C7000FCFFFF17E203002A40007DD3A2000836C4
:102C800003007BB201007AB25F007EF22000839ADB
:102C900042002036000079B242002836000078B2A7
:102CA000C0035FD6FD7BBEA9FD030091F35301A9CC
:102CB000F40302AAF30301AA1DF9FF97810A40B9A0
:102CC0003F000071AC000054A0028012F35341A9F0
:102CD000FD7BC2A8C0035FD6810E40B9611200B966
:102CE000000840B93F00006B02FFFF54800A40B962
:102CF0001F0400716C00005400008052F4FFFF17A5
:102D0000801240B9DCFFFF97600600F9FBFFFF1758
:102D1000FD7BBCA9FD030091F35301A9F55B02A95A
:102D2000F50300AAF76303A9F70301AA130040F90A
:102D3000600240F9183440F9E00313AAFCF8FF9749
:102D4000F60300AA000840F9A11240B9A4FFFF97BA
:102D500060040037E00317AA34E8FF97F40300AAE1
:102D6000200400B4030340F9E30100B4A11240B908
:102D7000E00313AAE20317AA60003FD6F303002A78
:102D800020010034E00314AA7FC9FF97E003132A4F
:102D9000F35341A9F55B42A9F76343A9FD7BC4A89E
:102DA000C0035FD6A31240B9200080D2C20A40F906
:102DB00013008052617C05530020C31A21F47ED396
:102DC000436861B80000032A406821B8C00E40F98A
:102DD000A11240B9147821F8EDFFFF17F30180121A
:102DE000EBFFFF1773018012E9FFFF17FD7BB4A90A
:102DF000FD030091F35301A9F30300AAE00303913B
:102E0000E08304A9E0430291F40301AAE02F00F952
:102E1000E0058012E1230191E06300B9FF6700B98A
:102E2000E20F09A9020480D2E063228BE4170AA909
:102E3000E61F0BA928E8FF97E3830091E20314AA99
:102E4000E0A30191010580D2D2ECFF97E1A30191AB
:102E5000E00313AAAFFFFF97F35341A9FD7BCCA872
:102E6000C0035FD6FD7BBEA9810000D0215429910B
:102E7000FD030091F30B00F9F30300AA5EFFFF9737
:102E8000A0000035E00313AAF30B40F9FD7BC2A8B4
:102E9000E7FEFF17F30B40F9FD7BC2A8C0035FD626
:102EA000FD7BBDA9FD030091F30B00F9F30300AA1C
:102EB000E12F00B9810000D0217C29914EFFFF97BE
:102EC00000050035630640F9E22F40B9630018366B
:102ED0005F000071E2179F1A600240F9010040F99B
:102EE000243440F9852040F9450100B461007CB2EA
:102EF0005F00007163F87B92F00305AA6200819A7B
:102F0000611240B9F30B40F9FD7BC3A800021FD644
:102F10004300283682000035611240B90301303683
:102F200022010035820840F9611240B9F30B40F9E3
:102F3000F00302AAFD7BC3A800021FD67F047BF228
:102F4000C0000054830C40F9F00303AAF30B40F9CE
:102F5000FD7BC3A800021FD6831440F9FBFFFF17B7
:102F6000F30B40F9FD7BC3A8C0035FD6FD7BBCA972
:102F7000FD030091F35301A9F55B02A9F50300AA33
:102F8000F76303A9F80301AAF70302AA810000D09E
:102F900021A4299118FFFF97F403002A200500358A
:102FA000B64E40A9C00240F97302388A730217AACC
:102FB000173440F9E00316AA5DF8FF9760067F9288
:102FC0001F1800F140050054600679921F0006F1B9
:102FD000E004005460067B921F8001F180040054DD
:102FE000E32240F9400180D26002008A62027CD272
:102FF0001F2800F14200939AE30000B4A11240B9E7
:10300000E00316AA60003FD6A0010034F403002AB2
:103010000C0000145F0479F2A1020054E2000836AB
:10302000E30E40F942100453A11240B9E00316AA7E
:1030300060003FD6F5FFFF1702011037B30600F915
:10304000E003142AF35341A9F55B42A9F76343A9AE
:10305000FD7BC4A8C0035FD6E20A40F9E00316AACC
:10306000A11240B940003FD6E8FFFF17B40280121A
:10307000F4FFFF17E20301AAC10280D2BCFFFF17D1
:10308000FD7BBBA9FD030091F35301A9F30305AA3E
:10309000E52B40F9F55B02A9F76303A9F92300F9D1
:1030A000657E00A97F1200B9C0020035F81C00122D
:1030B000D47C4093F703042AF60303AAF90302AA77
:1030C000F50301AA450100B4600240F9010040F98E
:1030D000213440F9231C40F9030200B5E20319AA88
:1030E000E10313AAF0FEFF970F000014210340F93B
:1030F000E20313AA8006805243FCFF9760FEFF3470
:10310000F92340F9F35341A9F55B42A9F76343A9B9
:10311000FD7BC5A8C0035FD6E20319AAE10313AA89
:1031200060003FD6E0FEFF351F0340F2800000B094
:10313000810000B000DC299121541F91E403172A7B
:103140002100809AE30316AAE20315AAE00313AA5A
:1031500027FFFF9760FDFF35610640F9C00280D26E
:10316000F92340F92100008AF55B42A9210014AA45
:10317000F76343A9E00313AAF35341A9FD7BC5A854
:10318000BDFFFF17FFC302D1E603042AE5830191C7
:10319000E403022AFD7B01A9FD430091F35302A938
:1031A000F40300AAF303022AF55B03A9820000B02E
:1031B000F50301AAF72300F9F60303AA42FC2991BB
:1031C00003008052004840F9E65F00B978FDFF97A0
:1031D000F703002A804A40F94CFDFF97FF0300F9EE
:1031E000E65F40B97F020071E50316AAE403132AE3
:1031F000E30315AAE2830191E10300AAE7D79F1A2E
:10320000E003172A9FFFFF97F72340F9FD7B41A9B1
:10321000F35342A9F55B43A9FFC30291C0035FD6F4
:10322000FD7BBEA9FD030091E11F00B9B4F7FF9734
:10323000020840B983018052000840F9427C031B18
:1032400042100011427C4093006862B8BF3F03D532
:10325000E11F40B9E003002AFD7BC2A80024C19A07
:1032600000000012C0035FD6FD7BBEA9FD030091E4
:10327000E2070329A2F7FF97030840B984018052AF
:10328000E2074329637C041B040840F920008052B4
:10329000637C40930120C11A806863B8C200003487
:1032A0002100002A816823B800008052FD7BC2A85B
:1032B000C0035FD60000210A806823B8FBFFFF1718
:1032C000FD7BBDA9FD030091F35301A9F303012A7E
:1032D000F51300F9F50300AA89F7FF97F40300AA94
:1032E000E103132AE00315AACEFFFF97810A40F9F4
:1032F000820A40B91F040071A1010054800180526C
:10330000427C001B427C4093206862B8BF3F03D5DB
:10331000E003002AF51340F90024D39AF35341A99E
:1033200000000012FD7BC3A8C0035FD6425000110D
:1033300042741E53F4FFFF17FD7BBEA9FD030091ED
:10334000E20703296EF7FF97030840B98601805210
:10335000070840F924008052E2074329637C061BDA
:10336000631000118120C11A637C4093E56863B843
:10337000A500012AE56823B8030840B9000840F910
:10338000637C061B637C4093E2000034026863B8F0
:103390002100022A016823B800008052FD7BC2A8E8
:1033A000C0035FD6026863B84100210AFAFFFF1725
:1033B000FD7BBEA9FD030091E11F00B950F7FF9707
:1033C000020840B983018052040840F9E11F40B966
:1033D000427C031B23008052421000116320C11A5B
:1033E000427C4093806862B80000230A806822B85B
:1033F00000008052FD7BC2A8C0035FD6FD7BBEA942
:10340000FD030091F35301A9F40300AA3CF7FF97D1
:10341000F30300AAE00314AA42F7FF977F0200F12A
:10342000040840FAC0000054F35341A9FD7BC2A830
:10343000010840B9000040F92A310014F35341A9B2
:1034400000008052FD7BC2A8C0035FD6FD7BBDA9F2
:10345000FD030091F35301A9F40300AAF51300F949
:1034600033F7FF97F30300AAE00314AA24F7FF97AA
:10347000E00400B5E00314AA2AF7FF97E10300AACD
:10348000F50300AAE00314AA61310094F303002AB3
:10349000000200341F3008310418423A000400547E
:1034A000800000B000B02A91E303132A740200B434
:1034B000810A40A9210040F9A4EBFF97F51340F9D8
:1034C000E003132AF35341A9FD7BC3A8C0035FD6D1
:1034D000E00315AAF0300094F303002A0002003440
:1034E000A00240F9A10A40B9FE300094800000B06B
:1034F00000202B91EDFFFF17820000B0810000B08B
:1035000042002591212C2591ECFFFF17010C40B9B9
:10351000610A00B9000040F9600200F9130080520E
:10352000E7FFFF17FD7BB8A9FD030091F35301A945
:10353000F55B02A9F60300AAF76303A9F92300F9D2
:10354000EFF6FF97000100B400008052F92340F924
:10355000F35341A9F55B42A9F76343A9FD7BC8A8D2
:10356000C0035FD6E00316AA89F7FF97F50300AA08
:103570001F0400B160090054400A40F9980000B0EF
:10358000C19240B9990000B018932B9139D32B9177
:103590001700805230DEFF971F00007100A09F5A75
:1035A000137C40937F0600B100FDFF54E10318AA8D
:1035B000E00313AACEFCFF9760060036010090528C
:1035C000000380D29FE5FF97F40300AA600400B4D3
:1035D000970A00B902300091950A00F9E10319AA8F
:1035E000E00313AAD0FBFF97E0000034E00313AA26
:1035F00002008052810000B021EC2B91CDFBFF979F
:10360000800E00B9810000B0E30314AA21242C919C
:10361000E00313AA0200805253FCFF9720020034FB
:10362000E00313AA39FCFF97820000B0E30300AA6D
:10363000424C2C91010480D2E0830191F2EAFF9781
:10364000E0830191F9E5FF97800200F9A00000B541
:10365000E00314AA4CC7FF9760018012BCFFFF175C
:10366000820240F9E5630191C10240F9E40313AA23
:10367000E30314AAE00316AAF5F5FF9780F6FF35D9
:10368000F7060011400A40F9E103132AFFDDFF9716
:103690001F00007100A09F5A137C4093C2FFFF17C8
:1036A000A0008012AAFFFF17014840F96100F8B698
:1036B00000008052C0035FD6FD7BBBA9FD030091D3
:1036C000F35301A9940000B094BE2D91F55B02A9BB
:1036D000950000B0B5E22C91F71B00F9400A40F9C3
:1036E000DDDDFF971F00007100A09F5A137C4093FF
:1036F0007F0600B1E100005400008052F71B40F942
:10370000F35341A9F55B42A9FD7BC5A8C0035FD671
:10371000E00313AAFDFBFF97200600B4E3330191F9
:10372000E10314AAE00313AA2200805264FBFF976E
:10373000F603002A40050035E00313AA9CFCFF971E
:10374000F70300AA1F0400B1A0040054E223019172
:10375000E10315AAE00313AAA6FBFF97000400B437
:10376000E14B80B9820180D2E47F40B22108C29A45
:10377000E14B00B9E14B40B9DF02016B0B01005492
:10378000400A40F9E103132AC0DDFF971F000071D2
:1037900000A09F5A137C4093D6FFFF17020040B948
:1037A000E54F40B94108C05A4208C05A4310009141
:1037B000BF0003EB82010054610000F0800000B004
:1037C00021042D9100382D91E0EAFF97E14F40B997
:1037D000800000B000CC2D91DCEAFF97A00280129F
:1037E000C7FFFF17020840B9003000912100170BF6
:1037F0004508C05A4308C05AE200003402805FB84E
:103800004208C05A7F0004EBE1000054BF3F03D5DB
:10381000220000B9210040B9BF3F03D5D6060011F0
:10382000D5FFFF17230040B96200024A4200050A93
:103830004200034AF7FFFF17C00B8012C0035FD698
:10384000FD7BBFA9E003012AFD0300913F04007145
:10385000C90000543F0C0071E0000054800B80123E
:10386000FD7BC1A8C0035FD674000094400E801297
:10387000FCFFFF1795000094FDFFFF17FD7BBEA91D
:10388000810000B0E0058052FD030091E2630091E9
:103890002184309135FAFF97FD7BC2A8C0035FD623
:1038A000414238D5210C02533F0C007140050054B1
:1038B000FD7BBEA9810000B021E82E91FD0300919F
:1038C000F35301A9F30300AA004840F95CFBFF97FA
:1038D000F40300AA000100B5800000B000042F919D
:1038E0009AEAFF97A0008012F35341A9FD7BC2A87A
:1038F000C0035FD6E10300AA800000B000702F91E2
:103900000AE5FF97A0010034E10314AA800000B08B
:1039100000802F9105E5FF9741008052000100349F
:10392000E10314AA800000B000902F9187EAFF976E
:10393000A0028012EDFFFF1721008052A00000902E
:1039400001200FB9E00313AAEDF5FF9700008052A4
:10395000E6FFFF17A0028012C0035FD6FD7BBEA961
:10396000810000B0210C3091FD030091F30B00F9B0
:10397000F30300AA2AF6FF9760010036820000B028
:1039800042B02E91E10302AAE00313AA030080D201
:103990000AF7FF97F30B40F900008052FD7BC2A8A5
:1039A000C0035FD6810000B0E00313AA214030912C
:1039B0001BF6FF9740FE0737F7FFFF17FF0301D104
:1039C000A4000090FD7B01A9FD43009184204FB924
:1039D0009F08007181010054E4830091E47F00A9F5
:1039E000070080D2060080D2050080D2040080D279
:1039F000D3B6FF97E01340F9FD7B41A9FF03019186
:103A0000C0035FD69F04007121010054E48300913C
:103A1000E47F00A9070080D2060080D2050080D292
:103A2000040080D2D1B6FF97F3FFFF17E000809229
:103A3000E01300F9F0FFFF17FD7BBEA9FD03009125
:103A4000F30B00F9F303002A8DFFFF97030080D2E8
:103A5000020080D2010080D20080B0D2D8FFFF9750
:103A6000FF43406B60020054410280D2400180D28B
:103A7000030080D2020080D20180B8F20080B0F250
:103A8000CFFFFF977F0200710408413A20010054E4
:103A9000400280D2030080D2020080D2010080D296
:103AA0000080B8F2F30B40F9FD7BC2A8C4FFFF17FA
:103AB000200180D2030080D2020080D2010080D297
:103AC0000080B0F2F8FFFF17FD7BBFA9FD03009156
:103AD0006BFFFF97FD7BC1A8000180D2030080D25D
:103AE000020080D2010080D20080B0F2B4FFFF1744
:103AF000FD7BBDA9FD030091F35301A9F40300AAC6
:103B0000F303032AE00314AAE10B02A91A090094A3
:103B1000A000003473060051E10B42A97F0600317A
:103B200021FFFF54F35341A9FD7BC3A8C0035FD617
:103B3000FD7BBCA9FD030091F30B00F9F30300AA80
:103B4000E00300B2E01300F9FF2B00B9410100349B
:103B5000610240F9603E40B9210C40B90100010A00
:103B600000040312213C19122100002A2100023214
:103B7000E12B00B9E1830091E00313AA020080D297
:103B8000FD08009460000035E12F40B9613E00B9A6
:103B9000F30B40F9FD7BC4A8C0035FD6FD7BBCA935
:103BA000FD030091F30B00F9F30300AA007D80D21E
:103BB00065E5FF97E00313AAE1830091020080D23C
:103BC000FF1300F9FF2B00B9EB080094F303002A60
:103BD0006000003500FA80D25BE5FF97E003132A0E
:103BE000F30B40F9FD7BC4A8C0035FD6FD7BBEA9E3
:103BF000FD030091F35301A93F0C00710003005431
:103C00000C02005481020034210400513F04007171
:103C1000E8010054134C40F9134400F9148040B9F2
:103C200018090094F403142A730AD49A130C00F9A7
:103C300000008052F35341A9FD7BC2A8C0035FD6A8
:103C4000211000513F0C0071E90000540000801267
:103C5000F9FFFF17134840F9F0FFFF17135040F921
:103C6000EEFFFF1701CC218B335440F9EBFFFF1718
:103C7000033040B97F00016B60000054013000B98F
:103C80007E07001400008052C0035FD6FD7BBEA9F2
:103C9000FD030091F35301A9F40300AA006C40F95D
:103CA000A00100B42100805293190094F303002A6C
:103CB0001F000071A00480126412407AC0000054FA
:103CC000800000B0E103132A009830919FE9FF972C
:103CD00004000014807240F9C00000B51300805247
:103CE000E003132AF35341A9FD7BC2A8C0035FD6AA
:103CF0002100805280190094F303002A1F000071F4
:103D0000A00480126412407AA0FEFF54800000B02C
:103D1000E103132A001C3191EDFFFF17FD7BBEA9C3
:103D200021008052FD030091F30B00F9F30300AA78
:103D3000018000391F2800B950070094606E40F9D7
:103D4000800100B5607240F9600200B5E00313AA7B
:103D500083070094A001003500FA80D2FAE4FF97AF
:103D6000E00313AAF30B40F9FD7BC2A8C8FFFF17BD
:103D700001008052601900941F000071A10480129C
:103D80000410417A00FEFF54F30B40F9FD7BC2A8FA
:103D9000C0035FD601008052571900941F000071C4
:103DA000A10480120410417A20FDFF54F7FFFF1791
:103DB000FD7BA4A9210080520100A272FD030091A5
:103DC000020080D2F35301A9F30300AAF55B02A914
:103DD000F60680D2B602C0F2F76303A9F96B04A914
:103DE000013400B901E04079F64300F9213C105359
:103DF000E18B00B9E10302915F080094F403002A0B
:103E0000E00B0035E00300B2F5FF0391B5E67A92CE
:103E1000F50305A900018052D61200D1E2430191B9
:103E2000E103029163008052E06300B9E00313AA4A
:103E3000F64300F9FF8B00B92EFFFF97F403002A29
:103E4000E0090035A00A40290108C05A000C001200
:103E5000614A00B94208C05A1F040071E0090054C9
:103E60001F080071010A00543F0071F26000B05257
:103E70004300B0520010831A600A00B9624E00B9C4
:103E800081009036603640B900000332603600B9D8
:103E9000610A40B92000B0523F00006B0007005497
:103EA000F5FF0591D70080D238FE9F52B5E67A9291
:103EB00096008052B702C0F2F81FA072F90300B258
:103EC0001A088052E2A30191E1830291E00313AA50
:103ED000F5E706A9FA7B00B9F75300F9F8AB00B98A
:103EE0002508009440060035A01E40B90008C05ABD
:103EF00060008836D606007161FEFF54A00E40B9FE
:103F00000108C05A81008836613640B921001E324E
:103F1000613600B9620A40B9A1FFAF125F00016BC0
:103F2000E9020054013048D361F600B980005836E8
:103F3000613640B921001732613600B98000503631
:103F4000613640B921001932613600B98000483627
:103F5000613640B921001A32613600B9800040361E
:103F6000613640B921001B32613600B980006036ED
:103F7000603640B900001832603600B9F55B42A9DE
:103F8000E003142AF35341A9F76343A9F96B44A949
:103F9000FD7BDCA8C0035FD6004081522000B072D8
:103FA000B6FFFF172000B052B4FFFF17F403002A3A
:103FB000F3FFFF1701FC00B9E1000035027C40B9B6
:103FC000027800B93F200071E1179F1A01CC00B9B7
:103FD000C0035FD63F300071690000541F7800B9FC
:103FE000F9FFFF17620000F042600A91425861B881
:103FF000027800B93F10007161FEFF542100805229
:10400000F3FFFF17FD7BBCA983008052020080D222
:10401000FD030091F30B00F9F30301AAA10180D283
:10402000A102C0F2E11300F901E04079213C1053F4
:10403000E12B00B9E1830091AEFEFF9760000035EF
:10404000E12F40B9610200B9F30B40F9FD7BC4A830
:10405000C0035FD6FD7BBAA9421C0012211C0012CE
:10406000FD0300915FCC0271F35301A92008417A4E
:10407000F40300AAF51300F9E4179F1A631C001259
:1040800001D84139400180523F000071337C001B50
:10409000813E80527312811A8400003481DE4139DE
:1040A00041000034337C001B635C1853C00080D295
:1040B0006240022AA003C0F242040832E1030191E7
:1040C00063008052E02300F9E00314AAE24B00B938
:1040D000020080D287FEFF97C0030035000080D227
:1040E000D0E3FF97027D805221008052F50300AAA1
:1040F000E00314AA627E021B690600941F0000718F
:10410000A10480120410417A41020054737E40934E
:10411000E1F30091E00314AABBFFFF97C000003554
:10412000E13F40B9E1013837211018123F002471F6
:1041300000010054800C80D203E4FF97E00315AA2D
:10414000B8E3FF971F0013EB43FEFF54A00D80124E
:10415000F51340F9F35341A9FD7BC6A8C0035FD610
:1041600080008012FBFFFF1703CC40B963020035CB
:10417000FD7BBDA9030280D2A302C0F2FD03009122
:10418000E11B00B9010441B9E30B00F9E100083675
:10419000E143009183008052020080D255FEFF97D8
:1041A000FD7BC3A8C0035FD6E1430091020080D22B
:1041B00071070094FBFFFF1700008052C0035FD619
:1041C000FD7BB9A9FD030091F35301A9F51300F993
:1041D000FF4300D1022440B95F200071C0010054A8
:1041E0005F100071C1050054930000F073860F91B9
:1041F00003088052757C4093E4030091A23A019138
:10420000FF6324EB00010054FF4340D1FF0302F998
:10421000FCFFFF17930000F003108052738610918B
:10422000F5FFFF1742107C92FF6322CBFF0300F9DA
:104230005F0010F143000054FF0302F9A15300B9DD
:10424000A1028052F43F0191A1FF0A29E10300B2CB
:1042500094E67A92A2E30091B48703A9A143019165
:10426000A34B00B94407009400010035E10313AAF1
:10427000E20315AAE00314AA48E3FF971F000071A8
:10428000810080120000811ABF030091F51340F9EC
:10429000F35341A9FD7BC7A8C0035FD6A0028012DB
:1042A000FAFFFF17FD7BBDA982018052FD0300913B
:1042B000E21300B9020840B9FF1B00B98201F837C8
:1042C000211C0012A20280523F0040F2A103805242
:1042D0002110821A020080D2E11700B9E143009157
:1042E00025070094FD7BC3A8C0035FD6A1038052BD
:1042F000F9FFFF17FD7BB6A9FD030091F35301A958
:10430000F55B02A9F50302AAF60301AAF76303A964
:10431000F70303AAF96B04A9FB2B00F97EF3FF97BF
:10432000350200B4F30300AA000440B94207009428
:10433000F40300AA800100B4612E4039E00313AAFF
:1043400016EBFF970001F837620E40F9A102168BB9
:104350003F0002EBA90100548000009000A43191BD
:10436000FAE7FF97150080D2FB2B40F9E00315AA6E
:10437000F35341A9F55B42A9F76343A9F96B44A93B
:10438000FD7BCAA8C0035FD6818240B9E00314AAAE
:1043900076FFFF9780FEFF35E20315AAE10317AA17
:1043A000E00314AAF80315AADD060094F903002A15
:1043B000BA0280523B0080523F0318EB818240B921
:1043C0003393989A821E40B97F0600F1F73700F9BF
:1043D000E0979F1A5F00007100440011E06B102904
:1043E000207C161BE2A30191FB4F0E29C012801AFC
:1043F000E17B00B9E1030291E08B00B9E00314AA6C
:10440000DD060094800200357F0600F1290100548A
:10441000E00314AA01008052A3FFFF97A00000341C
:104420008000009000543291C8E7FF97CEFFFF173D
:10443000E003132A7FC220EB61F9FF54808240B968
:10444000D602138B180313EB175CB39B61FBFF546D
:10445000C6FFFF1700008052F7FFFF17FD7BBBA9C7
:10446000020180D2A202C0F2FD030091E10F00F927
:10447000E10300B2E11300F901408052E12B00B9E1
:10448000E1C30091E21B00F9E2630091FF3B00B938
:10449000B9060094FD7BC5A8C0035FD6030840B9E8
:1044A00082FFB7127F00026B680000540000805248
:1044B000C0035FD6FFC309D1E1BF019121E47A9225
:1044C000FD7B00A9FD030091F30B00F9E11700F952
:1044D000137440F9E2FFFF9740030035E11740F9FC
:1044E00062824239208042395F00006B60000054D4
:1044F0002009801213000014627643392074433976
:104500005F00006B61FFFF546202433920004339B2
:104510005F00006BE1FEFF54628243392080433923
:104520005F00006B61FEFF542150039160520391C4
:10453000820080D299E2FF97C0FDFF3500008052D3
:10454000F30B40F9FD7B40A9FFC30991C0035FD67F
:104550003F040071A000005409040054220C0051D3
:104560005F040071E803005423008052FF8309D1E7
:10457000C2088012FD7B00A9FD030091F35301A93D
:10458000F303012AF40300AA21008052B2FEFF9730
:10459000C0010035617A1E123F04007161010054B0
:1045A000F37F0191E00314AA73E67A92E10313AA60
:1045B000ABFFFF97A000003560E642391F00007195
:1045C00060418012E013801AFD7B40A9F35341A99A
:1045D000FF830991C0035FD603008052E4FFFF17F9
:1045E000A0028012C0035FD69BFEFF17FFC309D154
:1045F00082FFB752FD7B00A9FD030091F35301A98F
:10460000F55B02A9010840B92100020B8200B81233
:104610003F00026BC80E0054F3BF0191F40300AADF
:1046200073E67A92E10313AA8DFFFF97F503002A40
:10463000E00E0035807640F9A00000B5004080D241
:10464000DAC3FF97807600F9C00E00B4E10313AA25
:10465000024080D220E2FF97610243393F2000717F
:10466000480D0054600000D000B00C9100D861B833
:10467000E13F8052800A00B98100A8721F00016BDF
:1046800089010054811E40B98100003461D680B98F
:1046900021D877D3814A00F9E19F80528100A87226
:1046A0001F00016B6900005460E2433980DA013970
:1046B000601E4339616E423902040051421C0012EF
:1046C000210000125F700071C20380520080821AC4
:1046D00080DE01396282423982CA0139608A4339F7
:1046E000420000376000003462CE423982D6013980
:1046F00036000012A100003462824239620008369E
:104700006272423982CE013962A24239001C6FD3F3
:1047100085A202916676029104008052421C6FD3FA
:10472000808A09A96046029102E05F38030040399F
:104730004340030B02F05F386220022B8008407A6E
:10474000E4079F1AF600003463824339637CA29B1E
:1047500062764339427CA39B42B06DD3A20000F93C
:10476000000C0091A5200091DF0000EBE1FDFF545B
:104770006082423980000036607242391F1040F278
:10478000810000543F0000718008407A20020054EC
:1047900023008052E00314AAE103032A020A8012D4
:1047A00092FFFF97F503002A200300352000805276
:1047B00060BE0239801E40B900010034F6000034AA
:1047C00060D680B900D877D3804A00F9030000147E
:1047D00060BE423900FF0737609E423980D20139FE
:1047E000609E4339001044D3801202391500805274
:1047F000FD7B40A9E003152AF35341A9F55B42A9CB
:10480000FFC30991C0035FD6B5028012807640F9DC
:1048100000FFFFB4DCC2FF979F7600F9F5FFFF179A
:1048200075018012F3FFFF17FD7BBCA9FD0300910A
:10483000F35301A9F40300AAF55B02A9F503012AC9
:1048400096008052F76303A9F703012A3808001283
:1048500083D64139E00314AA8209801221008052D4
:1048600063701D126300182A60FFFF97F303002A8C
:10487000C0000034D6060071C1FEFF54BF020071B3
:104880000008533A01010054E103152AE00314AA79
:10489000D7FCFF97F303002AE00314AAF90500945C
:1048A000172C0039E003132AF35341A9F55B42A901
:1048B000F76343A9FD7BC4A8C0035FD6441C001264
:1048C000E2000037020040F9420C42297F00016BF0
:1048D0006190811A3F00026B2120821A0480003906
:1048E000012800B965040014FD7BADA9FD0300910A
:1048F000F35301A9F30300AA0000A4D2F55B02A9B7
:104900000000E2F2F76303A9F96B04A9FB7305A9A0
:10491000E03B00F9603E40B9C002C03760F640B9E4
:104920001F081E72E0079F1A623A40B93500020A5A
:1049300040000035B56A1612F90680D2740000D026
:10494000B902C0F294420D91FBC301913CC700D162
:10495000170180D2F70600F1010100548000009099
:1049600076418012004C339178E6FF975200001494
:1049700020008052EDFFFF17800240B921008052D5
:104980002020C01A1F00156A610000549432009163
:10499000F1FFFF17180080D2800640B91A6B7BB870
:1049A000A002000A1F001A6A200D00540000A8523D
:1049B0005F03006B000900540000A4525F03006B0A
:1049C000E00800540000A2525F03006BC0080054CE
:1049D00016008052E1031A2A8000009000C0329134
:1049E0005AE6FF97400280D20024D69A200A003669
:1049F00060E24079E1C30291020080D2F95B00F9E4
:104A0000003C1053E0BB00B9E00313AA5A05009420
:104A100000090035DF120071E1C30291E0179F1A0F
:104A2000020080D2FC5B00F900781F53E0BB00B9A4
:104A3000E00313AA50050094F603002AA0070035EE
:104A40000000A8525F03006B200500540000A45230
:104A50005F03006B000500540000A2525F03006B6F
:104A6000E0040054E1031A2A8000009000C0329153
:104A700036E6FF9700008052602600B9E00313AAD3
:104A8000FE030094610A40B92000B0523F00006B61
:104A9000A1030054810240B9E00313AA46FDFF9729
:104AA000617A40B90200805285FFFF97810A40B9C0
:104AB000410A0035F35341A9E003162AF55B42A9E8
:104AC000F76343A9F96B44A9FB7345A9FD7BD3A800
:104AD000C0035FD616018052C3FFFF1796008052B5
:104AE000C1FFFF1736008052BFFFFF170001805241
:104AF000E2FFFF1780008052E0FFFF172000805286
:104B0000DEFFFF17800240B91F1C007160060054D1
:104B1000480200541F140071400600541F18007111
:104B200040060054E00500341F080071E005005401
:104B3000617E40B9E00313AA617A00B90200805295
:104B40007FCE00B97FFE00B95DFFFF9718F2FFB579
:104B5000980080D291FFFF171F200071A00400541D
:104B60001F24007161FEFF5463008052C00080D298
:104B7000E4BF0391A002C0F2E04B00F900FE9F5297
:104B800084E47A92E01FB0726000002AE09B00B9D2
:104B9000E00300B2E48307A900088052E2E3019138
:104BA000E1430291E43300F9E36F00B9E08B00B90F
:104BB000E00313AAF0040094C0FBFF35E43340F98E
:104BC000E36F40B9801040B9000C00121F00036B66
:104BD00020F6FF54D7FFFF1743008052E4FFFF1772
:104BE00003008052E2FFFF1723008052E0FFFF170F
:104BF00083008052DEFFFF17E00313AAC303009473
:104C000080F9FF35ACFFFF17030840B982FFB712E8
:104C10007F00026B6800005400008052C0035FD622
:104C2000FD7BB9A9FD030091F35301A9F30300AA89
:104C3000F55B02A9F76303A9F96B04A9FB7305A946
:104C4000027440F9620000B56041801271000014E6
:104C5000023840B9750000D0790000D0B5F20B9150
:104C60003700020A017C40B939E30991B80080D2CB
:104C7000140080523B0080527C0000D00200805221
:104C80000FFFFF97180700F1C1000054E103142A39
:104C90008000009000783491ACE5FF97EBFFFF17A0
:104CA000A00240B96023C01A1F00176AC006005452
:104CB00096F30891A00240B9C21240391F1000714A
:104CC0000418487AE1179F1A5F00016B61050054D0
:104CD000A10640B9C20240B9E102010A3F00026ADE
:104CE000C0040054613240B9E16B00B91F1000717B
:104CF000C0010054002800511F08007188040054AE
:104D000060F240B9010A80521F00016A011480520A
:104D1000F4079F1A947A1F531F00016A0001005480
:104D2000940200320600001460F240B9C1008052C3
:104D300014001E729402811A40FF1F37FA0080523D
:104D40000A0000142100C05AE00313AA2110C05A1F
:104D50006120C11AE16F00B9C6FBFF97000800345B
:104D6000E16F40B95A03210A4103146A23008052BB
:104D7000A1FEFF5474418012D6320091DF0219EB7C
:104D8000A1F9FF54B5320091BFFFFF179400805284
:104D9000EBFFFF171401805246000014940080526C
:104DA0004400001434008052420000143F3000716F
:104DB000A1000054800000906141801200103491E5
:104DC00045000014E00313AAE2FDFF97F403002A54
:104DD00060080035C30A40B9A3021037A10240B9E8
:104DE000E00313AA74FCFF97617A40B90200805275
:104DF000B3FEFF97A10A40B981020035E00313AA70
:104E0000A7FDFF97F403002AA0060035000080529A
:104E1000F35341A9F55B42A9F76343A9F96B44A990
:104E2000FB7345A9FD7BC7A8C0035FD6E00313AAA7
:104E30000209801221008052ECFDFF97F403002A42
:104E4000E0FCFF3426000014E00313AA2F030094B3
:104E5000F403002A40FDFF3421000014C30A40B9C6
:104E6000E00313AA020980122100805263781D1208
:104E7000DEFDFF97F403002A20030035C10240B98C
:104E80000000A8523F00006B60F8FF540000A452DD
:104E90003F00006B40F8FF540000A2523F00006B3F
:104EA00020F8FF548000009000C0329127E5FF9762
:104EB000742600B9E00313AAF0020094A10240B9DD
:104EC0003F2C007141F7FF548000009000B03391F7
:104ED00061418012744180121CE5FF97E16B40B97B
:104EE000E00313AA63FBFF9703008052E00313AAB9
:104EF0000209801221008052BCFDFF977FCE00B9CD
:104F0000617E40B9E00313AA617A00B902008052C1
:104F10007FFE00B96AFEFF9720008052602600B92C
:104F2000E00313AAD502009494FFFF17FD7BB6A9F6
:104F3000FD030091F35301A9F30300AAF55B02A955
:104F4000F76303A9F96B04A9FB7305A9001840B91D
:104F5000A01C0035E20313AA3A1C00128100009045
:104F600021EC349140844DF8140840B9606A40F94E
:104F700007150094606A40F96282039181000090F5
:104F8000211C359102150094E0008052600601B9A1
:104F9000E00313AA62FBFF97E00C00359F121B721F
:104FA000F6079F1AE00313AAFF020094F403002AF5
:104FB000C019003597000090FB0680D23C0580D2D6
:104FC000F7523591BB02C0F23C00C0F27FCE00B96F
:104FD000E00313AA8100805226FBFF97E000003413
:104FE000E00313AA4100805222FBFF9760000034C7
:104FF000E00317AAD5E4FF97607E40B9607A00B954
:1050000020008052602600B97FCE00B9E00313AAC9
:105010007FFE00B999020094020080520100805284
:10502000E00313AA26FEFF97E00313AAAC02009444
:10503000E00313AADAFAFF97F503002A40170035B8
:10504000E00313AA0F0400941F2C003900018052C2
:10505000E08300B941358052600240F9020080D2FD
:10506000000C40B91F201172401580520000811AB7
:10507000E08B00B9A0028052E1030291E08700B901
:10508000E00313AABC030094C0000035E0334239AA
:105090001FA80271610000544000B052600A00B9BC
:1050A000D9020012387D8052E1830191E00313AAF6
:1050B000020080D2FB3300F9FF6B00B9AE0300940D
:1050C000F403002A000C0035600240F94200B0529F
:1050D000630A40B9FC3300F9010C40B97F00026B50
:1050E000020080D221201112200002320000811A19
:1050F0003F030071E103002A000008320010811A0A
:10510000E1830191E06B00B9E00313AA9A030094D4
:10511000F403002A80090035E06F40B9E001F83758
:1051200018070071A00A0054007D80D206E0FF97A6
:10513000DEFFFF17603A40B900681612603A00B906
:10514000E00313AAD2FAFF97F403002AE00C00351B
:105150001600805294FFFF17620A40B94100B05216
:105160005F00016B600000542100B052610A00B979
:10517000603E00B9B90500340120A8523F00206A02
:1051800041050054600180D2E1030291A002C0F207
:10519000020080D2E04300F9E00313AAFF8B00B9BC
:1051A0007503009460060035E08F40B9E00598373C
:1051B000E00313AA820C805201008052380200944E
:1051C0001F980031C1030054800C80D2DEDFFF97AE
:1051D0002000805260820039E00313AA2702009465
:1051E000E00313AA41008052A2FAFF972004003581
:1051F00000E284D2D4DFFF97612A40B902008052D6
:10520000E00313AAAEFDFF97E00313AA027D8052CC
:1052100021008052220200941F9800312102005484
:10522000007D80D2C8DFFF97603E40B97FE2007901
:1052300000785ED3601E00B903000014A0FCFF34A8
:10524000B40D80129F020071C41A407AA00100546C
:10525000E00313AA16008052B1FAFF975DFFFF1713
:1052600040FEFF34F7FFFF1794008012F6FFFF1790
:10527000F403002AF4FFFF17D40B8012F2FFFF178C
:105280009FBA013121030054E00313AA44FAFF97A7
:10529000000080D263DFFF97F40300AABF02007111
:1052A000E00313AAE1079F1A22FAFF97E103002AFD
:1052B000E0020035603E40B92001F837E00314AA4F
:1052C00058DFFF971FA00FF108020054800C80D216
:1052D000B50600119CDFFF97F1FFFF1720008052F9
:1052E0006022033914008052F55B42A9E003142ABE
:1052F000F35341A9F76343A9F96B44A9FB7345A98B
:10530000FD7BCAA8C0035FD6A10D80129A000037AA
:10531000600000F000DC35910CE4FF97D40B8012A4
:10532000F2FFFF17F403002AF0FFFF17FD7BBEA971
:10533000220080520200A272FD030091F30B00F9DB
:10534000F30300AA040C41B9000040F9000840B979
:105350000300022A633A00B99F34007140010054EF
:10536000210080522120C41A7F00016A20020054CB
:1053700000481312000004320000012A0000022A33
:10538000603A00B9E00313AAFE010094E00313AAF7
:10539000D5010094C00100357F1A00B9600000F00B
:1053A00000283791E9E3FF97400F801205000014B1
:1053B000600000F000943691E4E3FF97A0028012B1
:1053C000F30B40F9FD7BC2A8C0035FD6E00313AA2C
:1053D00001008052D6FEFF9740FFFF35210080522A
:1053E00061260339F7FFFF17FD7BBCA9FD03009180
:1053F000F35301A9F30300AA006840F94CEFFF97AB
:10540000130000F9601A40B9201E0035000080D258
:1054100004DFFF9760264339E01D003460224339E2
:105420007F260339401E0035400080D2FF2B00B993
:10543000E000C0F2E01300F9600641B90021003637
:10544000E1830091E00313AA83008052020080D21E
:10545000A8F9FF9740240035E1B30091020280D201
:10546000608201919CDEFF9760E24079E1830091C8
:10547000020080D2003C1053E02B00B9600080D2C3
:10548000A002C0F2E01300F9E00313AABA020094EC
:1054900060220035600A40B96000F836E05F40796C
:1054A00060E20079200180D2E1830091E000C0F247
:1054B000E01300F960E24079020080D2003C105312
:1054C000E02B00B9E00313AAAB0200948020003562
:1054D000E283452962020A29640A40B9E18F46291C
:1054E000610E0B290300A8529F00036BA101005419
:1054F00043745AD37F0C0071E01C00545F040472A3
:10550000811B00547F040071C01B00547F08007190
:10551000C01B0054034080522300A872630A00B9E4
:10552000441843D3830000D0638C0D91420840920D
:105530007FCE00B97FFE00B963686438640000B0B4
:1055400084E00991827862B8044C50D3627C021BDB
:1055500003304CD3620A0F2922008052634600B9FF
:105560004220C41A641E40B9A41900340014105318
:105570000040412A0101805221080011000400115D
:105580005F0008717F7E0AA90020C19A417C409388
:105590007F7E0BA97F6200F9007C019B607E09A9D8
:1055A0000040805242D0801A628200B90302003467
:1055B000604240B91F040031A0010054003C105368
:1055C000E02B00B9800080D2E1830091020080D2FC
:1055D000E01300F9E00313AA67020094800000348E
:1055E000600000F00080379158E3FF97E00080D220
:1055F000E1830091A002C0F2E01300F960E240797B
:10560000020080D2003C1053E02B00B9E00313AA43
:1056100059020094401600350000801260D601390E
:10562000E00313AAF2FBFF97A0150035E00313AACD
:1056300094020094012C4039E00313AA6CF9FF97FF
:1056400040170035620A40B92213F836E00313AA66
:10565000D8F9FF974014003560F640B91F081E7254
:10566000E00100542000805260820039E00313AA58
:1056700002010094E00313AA410080527DF9FF97D4
:10568000E012003500E284D2AFDEFF97612A40B914
:10569000E00313AA0200805289FCFF97613640B9EB
:1056A000E00313AA91FCFF978011003560FE40B91A
:1056B000600201B960CE40B9600000340040805201
:1056C000608200B9E00313AA6E0200941F140079EF
:1056D000F40300AA1F300039E2FF9F52608240B9F4
:1056E000E103002A1FF00172811200F9E1079F1AFD
:1056F0001F00026BE2979F1A1F9C08722210020B78
:10570000E1079F1A1FCC0472410C010BE2079F1A9C
:105710001FE40272E0079F1A00781F530008020B73
:105720002000000B802A00B9604640F9618240B930
:105730000008C19A610000F021203891800E00F924
:1057400080B2009164DE407963D24079628E413943
:10575000D4E2FF9767AE41398056019162824139A8
:10576000610000F0636640B921783891661C001230
:10577000653C48D3645C50D3637C1853C9E2FF97FF
:10578000626A40B980AA0191610000F021AC3891B1
:10579000434C50D3425C54D3C2E2FF972000805266
:1057A000601A00B9608A40F9200100B5600240F932
:1057B00002D490D2010000902200A0F22180269114
:1057C000030040F960420491D4C1FF970000805269
:1057D00004000014E00313AAD5FEFF9700E2FF3493
:1057E000F35341A9FD7BC4A8C0035FD6603E40B916
:1057F0007F2203396002F837E00313AAE8F8FF9725
:10580000000080D207DEFF97F40300AAE00313AA8A
:1058100021008052C7F8FF9720060035603E40B94E
:105820000001F837E00314AAFEDDFF971FA00FF177
:1058300008080054800C80D243DEFF97F4FFFF1766
:1058400000785ED30100A852610A00B9601E00B959
:105850002000805260E20079F4FEFF17E18300919E
:10586000E00313AA020080D2C3010094FAFEFF17DE
:105870007F10007101E5FF548300A85228FFFF1735
:105880000380805225FFFF17034080524300A87217
:1058900023FFFF176300A85221FFFF1700241E53A8
:1058A0000078412A21444FD334FFFF172100805252
:1058B00083FFB7120100A272613600B9607640F929
:1058C0005F00036BC9020054E00000B5600000F007
:1058D00000D437919DE2FF97604180127F1A00B992
:1058E000C0FFFF17210080520100AE72613600B97F
:1058F0000010433960F200B9C000083622400011A0
:105900001F041E722100821A21001D32613600B967
:105910006000003621041F32613600B9E00313AA8B
:10592000BAFCFF9761FFFF1700008012ECFFFF1722
:10593000C00B8012EAFFFF17FD7BBEA9FD0300919B
:10594000F30B00F9F30300AA008840F9600000B4EB
:10595000604204915FC1FF97601A40B9C0010034F2
:10596000600A40B9613640B9C000F836E00313AAB6
:1059700021681612F30B40F9FD7BC2A8DBFBFF1771
:10598000E00313AA21701312F30B40F9FD7BC2A8A8
:105990009EFCFF17F30B40F9FD7BC2A8C0035FD646
:1059A000FD7BBEA9FD030091F30B00F9134004D168
:1059B000008050B8E0000034E00313AA4A000094CD
:1059C00080000035E00313AADCFFFF977F1A00B9BF
:1059D000F30B40F9FD7BC2A8C0035FD6FD7BBDA9D8
:1059E000E103002AFD030091E2A30091E01F00B94A
:1059F00060098052EAF1FF97E11F40B9C00000350D
:105A0000E01740F93C010094200100B500008052ED
:105A100005000014E2A3009160098052C6F1FF97CF
:105A200000FFFF34FD7BC3A8C0035FD601284339C4
:105A3000A2018052020C01B9A1FEFF343CFEFF9787
:105A4000F3FFFF17FD7BBFA9FD030091E2EDFF9778
:105A5000B7EDFF97FD7BC1A8000040F963FEFF177B
:105A6000FD7BBFA9FD030091B1EDFF97FD7BC1A8B0
:105A7000000040F9B1FFFF17006840F9010040F94C
:105A8000213440F9210C40F9610000B4F00301AA6F
:105A900000021FD6A0048012C0035FD6006840F940
:105AA000030040F9633440F9632040F9630000B417
:105AB000F00303AA00021FD6A0048012C0035FD621
:105AC000010040F9213440F9211040F9610000B48F
:105AD000F00301AA00021FD6C0035FD6006840F998
:105AE000F8FFFF17006840F9010040F9213440F940
:105AF000211440F9610000B4F00301AA00021FD68E
:105B0000A0048012C0035FD6FD7BBEA9FD030091F7
:105B1000F30B00F9F30300AA00204439000000321F
:105B200060220439606A40F9020040F9423440F9C9
:105B3000421C40F9020100B440003FD661224439C2
:105B400021781F1261220439F30B40F9FD7BC2A8B2
:105B5000C0035FD6A0048012F9FFFF17006840F968
:105B6000010040F9213440F9212440F9610000B4DA
:105B7000F00301AA00021FD600008052C0035FD6C6
:105B8000006840F9010040F9213440F9210040F952
:105B9000610000B4F00301AA00021FD60000805289
:105BA000C0035FD6006840F9010040F9213440F994
:105BB000210440F9610000B4F00301AA00021FD6DD
:105BC00000008052C0035FD6FD7BBEA92200805238
:105BD000FD030091F35301A9F40300AAF30301AA02
:105BE000004840F9810000B02194079151F2FF97DD
:105BF0001F10007160020054E303002A1F2000718F
:105C0000A00100541F04007120020054600000F045
:105C100000083991741300B4810A40A9210040F9A9
:105C2000CAE1FF97A0028012F35341A9FD7BC2A8ED
:105C3000C0035FD6600A40B900000232600A00B9B2
:105C4000600A40B900000332600A00B9600A40B936
:105C500062520091810000B021D80391000004320B
:105C6000600A00B9804A40F92FF2FF97804A40F954
:105C7000610000F021C438911DF3FF97C010003778
:105C8000804A40F9610000F021A0399118F3FF9794
:105C9000A0000036600A40B9410180520000012A8C
:105CA000600A00B9804A40F981000090212C0D91D2
:105CB0000FF3FF9780000036600A40B900001B32E6
:105CC000600A00B9804A40F98100009021B40D912A
:105CD00007F3FF9780000036600A40B900001A32CF
:105CE000600A00B9804A40F981000090213C0E9181
:105CF000FFF2FF9780000036600A40B900001932B9
:105D0000600A00B9804A40F9610000F021E8399149
:105D1000F7F2FF9780000036600A40B900001732A2
:105D2000600A00B9804A40F98100009021C40E91B8
:105D3000EFF2FF9780000036600A40B90000183289
:105D4000600A00B9804A40F9610000F021203A91D0
:105D5000E7F2FF9780000036600A40B900001C326D
:105D6000600A00B9804A40F9610000F021543A917C
:105D7000DFF2FF9780000036600A40B900001C3255
:105D8000600A00B9804A40F9610000F021883A9128
:105D9000D7F2FF9780000036600A40B90000163243
:105DA000600A00B9804A40F9610000F021C43A91CC
:105DB000CFF2FF9780000036600A40B9000016322B
:105DC000600A00B9804A40F9610000F021003B916F
:105DD000C7F2FF9780000036600A40B9000416320F
:105DE000600A00B9804A40F9610000F0213C3B9113
:105DF000BFF2FF9780000036600A40B900041632F7
:105E0000600A00B9804A40F9610000F021783B91B6
:105E1000B7F2FF9780000036600A40B900001432E4
:105E2000600A00B9804A40F9610000F021E03B912E
:105E3000AFF2FF9780000036600A40B90074131279
:105E4000600A00B9804A40F9610000F021143C91D9
:105E5000A7F2FF9780020036600A40B900001232B4
:105E6000600A00B9804A40F9610000F021A43C9129
:105E70009FF2FF9780030037000080526BFFFF17EF
:105E8000620000F0610000F042002591212C259174
:105E900064FFFF17600A40B900001E32600A00B9B3
:105EA00078FFFF17804A40F9610000F0214C3C91D7
:105EB0008FF2FF9780000036600A40B90000103270
:105EC000600A00B9804A40F9610000F0217C3C91F1
:105ED00087F2FF9780FC0736600A40B90000113254
:105EE000E0FFFF17600A40B9005C1312600A00B9B6
:105EF000E2FFFF17018840B9E1000036FD7BBFA932
:105F0000FD0300918AECFF97000040F9FD7BC1A8DA
:105F1000C0035FD6000080D2C0035FD6FD7BBDA961
:105F2000FD030091F35301A9136840F9600240F9A1
:105F3000143440F9E00313AAE20702A9EEFFFF9729
:105F4000832A40F9E30000B4E20742A9E00313AA60
:105F5000F35341A9F00303AAFD7BC3A800021FD697
:105F6000000040F9F35341A9001840B9FD7BC3A8D4
:105F7000C0035FD6FD7BBDA9FD030091F30B00F9C3
:105F8000E20702A9136840F9E00313AADAFFFF97BA
:105F9000600240F9003440F9030840F9E30000B41E
:105FA000E20742A9E00313AAF30B40F9F00303AAA6
:105FB000FD7BC3A800021FD6F30B40F9A00480129A
:105FC000FD7BC3A8C0035FD6FD7BBDA9FD03009187
:105FD000F35301A9F40300AAE12F00B97EECFF9767
:105FE000C5FFFF97F30300AAE00314AA4AECFF974A
:105FF000E12F40B9002C40391F00016B0001005413
:1060000060D641391FFC037120010054E00313AA3C
:10601000F35341A9FD7BC3A804FAFF170000805287
:10602000F35341A9FD7BC3A8C0035FD6600F801264
:10603000FCFFFF17FD7BBDA9E103002AFD030091D2
:10604000E2A30091E01F00B960098052D5E3FF97F9
:10605000E11F40B9E0000034600000D000C83C916E
:10606000BAE0FF97000080D2FD7BC3A8C0035FD6D3
:10607000E01740F958ECFF979FFFFF97FBFFFF17D2
:10608000FD7BBEA9E1028052FD030091E263009115
:10609000006840F93EECFF97E00F40F9400000B483
:1060A0001DECFF97FD7BC2A8C0035FD6FD7BBCA99A
:1060B000FD030091F35301A9F30301AAF55B02A9C3
:1060C000010040F9213440F9210400B4048C40B9A6
:1060D000F40300AAF60302AAE7E30091060080D2C7
:1060E0000540805263098052620000D0610000D0F8
:1060F000423C3D91212C3D9189E4FF97F503002A14
:10610000C0010035E01F40F903ECFF97760200F96B
:10611000E17F40B2740A00F9612200F92100805247
:1061200001340039C172403901200039A001805288
:10613000746A00F9600E01B9F35341A9E003152A0E
:10614000F55B42A9FD7BC4A8C0035FD6B5048012ED
:10615000FAFFFF17200040F99F00007225048052CB
:10616000640480528410851A03080039637C085344
:10617000030C0039433C085303140039435C1053AB
:1061800003180039437C1853031C0039439C60D327
:106190000320003943BC68D3040000391F040039D0
:1061A000021000390324003943DC70D342FC78D359
:1061B00003280039022C0039200040F900300091FA
:1061C000200000F9C0035FD6FD7BBAA9FD03009152
:1061D000F35301A9F55B02A9F50301AAF60303AA8B
:1061E000F76303A9F80303AA41D04129F52F00F969
:1061F000947E011B61FF9F529302010B81FF9F520E
:10620000730AC11AF703132AF706007141030054F9
:106210006206005181FF9F529402010B4260A19BD4
:1062200061FF9F126352011B200500B4011840F961
:10623000E10400B4252440F9A50400B4E163019110
:1062400024008052A0003FD6E12F40F9E00315AAB8
:10625000210015CB21FC009121E47A9235ADFF9706
:10626000F35341A9F55B42A9F76343A9FD7BC6A897
:10627000C0035FD6E00100B4011840F9A10100B4E9
:10628000252440F9650100B4E20316AAE1630191F7
:106290000400805283FF9F52E02700F9A0003FD600
:1062A00080FF9FD2D602008BE02740F9D7FFFF176F
:1062B000E20316AAE16301910400805283FF9F521A
:1062C000E02700F9A4FFFF97F6FFFF17E1630191B4
:1062D00024008052A0FFFF97DCFFFF17810183D2CB
:1062E000000880D26FBEFF17BF3F03D5020440F9FC
:1062F000410000B9017D80D2020440F9420040B95A
:10630000BF3F03D55F0840F2A0000054210400F114
:1063100041FFFF5400008052C0035FD6200080522E
:10632000FEFFFF173F000072E1830032E103811A94
:10633000BF3F03D5020440F9411000B90200845266
:106340000204B072016841393F0040F201008452FA
:106350000104B2722110821ABF3F03D5020440F932
:10636000412C00B901E28452020440F9424440B990
:10637000BF3F03D5C2001036BF3F03D5000440F92C
:1063800081008052014400B9C0035FD6210400712E
:10639000C1FEFF54FDFFFF17A1040034FD7BBEA921
:1063A000FD030091F35301A9F30300AAF403012AAA
:1063B000022840F9E20200B440003FD6E003002A80
:1063C0001F4034EB00030054817A1F53230400D193
:1063D0006300008B6308C19AE00313AA0100805296
:1063E000D1FFFF97BF3F03D5600640F9030800B90E
:1063F000BF3F03D5600640F9210080521F0C00B951
:10640000E00313AAC8FFFF97741600B90300001435
:10641000001840B940FDFF35F35341A9FD7BC2A8E8
:10642000C0035FD603008052ECFFFF17C0035FD6A6
:10643000FD7BBEA9FD030091F35301A9AEFEFF97BA
:10644000012840B9140840F9F30300AAE00314AA94
:10645000D2FFFF97602640B91F100071400300541F
:106460001F200071E0179F1A003C1053BF3F03D557
:10647000810640F9201800B9800640F9007440B93F
:10648000BF3F03D562CE40B90100103200780F1231
:106490005F0000710000811ABF3F03D5810640F9FB
:1064A000207400B9812240F9210100B5607240F9E1
:1064B000600100B500008052F35341A9FD7BC2A8E2
:1064C000C0035FD620008052E9FFFF17E00314AA43
:1064D00020003FD6C0FEFF34F8FFFF17613240B9FD
:1064E0003F0800712101005401E88E526103A0723F
:1064F000060F00941F000071A10480120410417A5D
:10650000A0FDFF54EDFFFF1701548B524106A0720E
:10651000F8FFFF17FD7BB7A9FD030091F35301A915
:10652000F30300AAF40302AA000080D2F55B02A9DB
:10653000F60301AAF76303A9F70303AAF96B04A9F9
:10654000FB2B00F9B7DAFF97F50300AA600640F9C4
:10655000004840B9BF3F03D5A0004836E00315AA64
:10656000B0DAFF971FD007F129FFFF54BF3F03D5D3
:10657000600640F901008012014400B9340F00B5F3
:10658000C10A40B9BF3F03D5600640F9012800B9F0
:10659000F41D00B4800A40B9014080D21F007FF290
:1065A00000C080D20010819AC10640B942018052D9
:1065B0002200020A5F280071A02F0054C20240B9D5
:1065C00003001232000013325F3000710010831A92
:1065D000A100003603001A323F007FF200041A3295
:1065E0000010831A41001036000018325F2C007131
:1065F000E1179F1A616A013941000054000004321A
:10660000C10240B90000012A0100B4520000012A71
:10661000BF3F03D5610640F9202C00B901D4905248
:106620002100A072600640F9004440B9BF3F03D585
:10663000626A413902190036E0185036BF3F03D56F
:10664000610640F902808052224400B94019403767
:10665000202B0837C10640B941001036C02A303718
:1066600041020036600640F981190836003C40B905
:10667000BF3F03D5C00E00B9600640F9003840B9ED
:10668000BF3F03D5C01200B9600640F9003440B9DD
:10669000BF3F03D5C01600B9600640F9003040B9CD
:1066A000BF3F03D5C01A00B9F42700B4761A40F9E9
:1066B000000080D25BDAFF97FB0300AA80D6412955
:1066C00017D09752C18A4429B57E001B000A805218
:1066D000980240F9A07E001BB57E02530008C21A42
:1066E0000008C11AC1CE40B93F000071E1079F1AEE
:1066F000210400110008C11A017D8052007C011B99
:106700001F00016B1620811A600640F9194440B938
:10671000BF3F03D53F03176A21210054606241390E
:10672000601C0036551C0034800A40B91F040071FB
:10673000E1160054000580522003006AA01B00549B
:10674000BF3F03D5610640F9204400B9600640F917
:10675000004840B9BF3F03D5FAC389529A000014DC
:1067600060624139821240B9A0010036BF3F03D5B3
:10677000600640F9021C00B981824129007C011B9E
:10678000BF3F03D5610640F9202000B9E00313AAFA
:1067900041008052D5FEFF977AFFFF17800E4129F6
:1067A000810240F9427C031B1F04007181070054E1
:1067B00043008052E0A30191E3B9FF97F503002A5B
:1067C000C00D0035E73B40F9E00313AA41008052B9
:1067D000C6FEFF97603240F9E60317AA000840B9E9
:1067E000BF3F03D5610640F9007C40930200801250
:1067F000226820B8603240F9000040B9BF3F03D59D
:10680000610640F9007C4093376820B860664139E2
:1068100000010036603240F9E1FE60D3000440B967
:10682000BF3F03D5620640F9007C4093416820B821
:1068300008038052850E40B90800B072E10317AA20
:1068400009210051000080521F000071841240B9DC
:106850000301891ABF20007168020054A47C041B44
:1068600063001E326A664139024C14530A02003634
:10687000237C002923000191E240228B247C012902
:10688000220C01A9E10303AABF200071C901005431
:10689000A520005100040011ECFFFF1723008052D7
:1068A000C5FFFF1784701D53EFFFFF174200070B52
:1068B000E3120029E3020111F7020191E20E3929E6
:1068C000F2FFFF17606641391F0040F2E00306AA9D
:1068D000F702819AE1FE009121E47A9294ABFF974E
:1068E000600640F9000040B9BF3F03D50104805263
:1068F0000140A0720000012ABF3F03D5610640F9A4
:10690000200000B9600640F9008040B9BF3F03D5C0
:10691000411080520000012ABF3F03D5610640F9B3
:10692000208000B9811240B9BF3F03D5600640F90D
:10693000011C00B981824129007C011BBF3F03D5A6
:10694000610640F9202000B90EFFFF1700008052B9
:1069500016FFFF17C0001036B4E7FFB5BF3F03D5E1
:10696000610640F9204400B939FFFF172104007186
:10697000A1E5FF54B50D8012FB2B40F9E003152A69
:10698000F35341A9F55B42A9F76343A9F96B44A905
:10699000FD7BC9A8C0035FD6003040B9BF3F03D517
:1069A000C00E00B941FFFF17001980D2E6D9FF974A
:1069B000600640F9004840B9BF3F03D55A0700714F
:1069C0006007005420FF1737007451D3010080D2B4
:1069D0001F00156B0290951A5F00016BC8000054F0
:1069E000184B228B1F00156B620A0054B502024B34
:1069F00057FFFF17630640F9630042B9BF3F03D555
:106A0000037B21B821040091F4FFFF171F080071D8
:106A1000E1040054D9042036600640F9004840B92A
:106A2000BF3F03D5FAC3895208000014001980D271
:106A3000C5D9FF97600640F9004840B9BF3F03D56C
:106A40005A070071C002005420FF1F37612A40B965
:106A5000007451D32000004B010080D21F00156B41
:106A60000290951A5F00016BC8000054184B228BEE
:106A70001F00156B22010054B502024BE7FFFF1700
:106A8000047B61B8BF3F03D5630640F92104009140
:106A9000640002B9F4FFFF1715008052BF3F03D511
:106AA000600640F901028052014400B9D904183748
:106AB000E0031BAA5BD9FF971F0016EB69E2FF54A6
:106AC000B50D8012BF3F03D5600640F9194400B9E7
:106AD00060624139E0050037800A40B9740640F928
:106AE0001F040071603240F9F5179F1AB5060011B6
:106AF000000840B99402008B000080D249D9FF976A
:106B0000F60300AA800240B9BF3F03D5BF02206A46
:106B1000E0010054E00316AA42D9FF971FA00FF12D
:106B2000E8030054200080D287D9FF9719BDFF9752
:106B3000F5FFFF1715008052DDFFFF17B502801229
:106B4000E1FFFF1715008052DFFFFF17150080528D
:106B5000603240F9000840B9BF3F03D5610640F9F3
:106B6000007C409362008052226820B8600640F9A1
:106B7000000040B9BF3F03D500781A12BF3F03D5CC
:106B8000610640F9200000B9E0A30191F2B8FF9737
:106B9000800C80D26CD9FF9778FFFF17B50D80125B
:106BA000ECFFFF1715008052FAFFFF17F501801266
:106BB00072FFFF179500801270FFFF17FD7BBDA9C4
:106BC000FD030091F30B00F9FF4300D1A10B02A9D3
:106BD000C9FCFF97A10B42A9000840F9420200B48A
:106BE000430C40B9631C0011637C0353E40780D25B
:106BF000F30300918318038B0464413963E47A92B0
:106C0000633801914401003664507092E46324CBF0
:106C1000FF6324EBA0010054FF4340D1FF0302F9BE
:106C2000FCFFFF17030080D2F1FFFF176450709242
:106C3000E46324CBFF6324EB80000054FF4340D186
:106C4000FF0302F9FCFFFF17632C7C92FF6323CB49
:106C5000FF0300F97F0010F143000054FF0302F925
:106C6000E33F019163E47A922BFEFF977F0200914C
:106C7000BF030091F30B40F9FD7BC3A8C0035FD6AF
:106C8000FD7BBDA9FD030091F35301A9F51300F9A4
:106C900099FCFF97130840F9F50300AA612640F913
:106CA000610000B4E00313AA20003FD6BF3F03D524
:106CB000600640F934008052E1008052140400B9AB
:106CC000E00313AA89FDFF9700080034A00240F9F1
:106CD000011040B9E00313AAB0FDFF97BF3F03D5F1
:106CE000610640F900008012204400B9BF3F03D57F
:106CF000610640F93F2400B9BF3F03D5610640F962
:106D0000201400B9BF3F03D5600640F9148000B9D4
:106D1000602A40B9E0000035600640F9004C40B9F7
:106D2000BF3F03D5006C50D30000140B602A00B99C
:106D3000007C0153010400510040012A000003328D
:106D4000BF3F03D5610640F9204C00B9616241396B
:106D5000E1010037600640F9007040B9BF3F03D53C
:106D6000C002D8376000009000F0079161660139D9
:106D7000603200F9000C40B9BF3F03D5610640F90D
:106D8000007C409362008052226820B8BF3F03D548
:106D9000600640F91F1000B9BF3F03D5600640F9F7
:106DA0001F0C00B900008052F51340F9F35341A9BC
:106DB000FD7BC3A8C0035FD6600000902100805215
:106DC00000700891EAFFFF1780008012F7FFFF179D
:106DD000240040F9021400B902108052040000F9A6
:106DE0000206A072028C0129221040B9020800B9E3
:106DF000232440B941780212427801122100023264
:106E00007F200071420003324210811AE1FF9F523D
:106E100042081F32020800B9011800B9C0035FD64A
:106E2000A3FCFF17FD7BBEA9FD030091F35301A94D
:106E3000001C40F9004C532900080012730A1C532F
:106E40007302002A2BA5FF97147C40B929A5FF9750
:106E5000947A1A12147C00B9BF3F03D522A5FF977C
:106E6000132800B923A5FF97137C40B921A5FF97EC
:106E700073021B32137C00B900008052F35341A906
:106E8000FD7BC2A8C0035FD6FD7BBDA9FD030091B9
:106E9000F35301A9F30300AAF55B02A9A1E8FF9748
:106EA000619240B9F40300AA82000090400A40F9C0
:106EB00042DC09910300805281D4FF972001F8360B
:106EC000600000D0004C3D9120DDFF97A0028012B1
:106ED000F35341A9F55B42A9FD7BC3A8C0035FD66C
:106EE000F603002A600640F9800600F9E00313AAC1
:106EF00031E9FF97800A00F98300805282000090F8
:106F0000400A40F942940791619240B96CD4FF97CE
:106F10009F2600B980DA0529000000900090389182
:106F2000802600F963008052620000D0400A40F9D8
:106F300042C03D91619240B971D4FF97809A00B9E7
:106F400003008052620000D0400A40F942DC3D91CB
:106F5000619240B96AD4FF97942200F9809E00B9EB
:106F6000610000D021FC3D91604A40F960EEFF973E
:106F70008082013900008052D6FFFF17FD7BB9A93E
:106F8000FD030091F35301A9F30300AAF55B02A9E5
:106F9000F71B00F95AE8FF97F60300AAE00313AACB
:106FA00063E8FF97F50300AAE00313AA5DE8FF97E3
:106FB000130000F9F40300AAE00313AA59E8FF97AD
:106FC000F70300AAE2230191E00313AA21008052F3
:106FD0001DE2FF9720010035E023019134E2FF9785
:106FE000E02200B940010035600000D000243E914D
:106FF000D6DCFF97A0028012F71B40F9F35341A99A
:10700000F55B42A9FD7BC7A8C0035FD6E1230191D0
:10701000E00313AA942200917D220094E303002A46
:10702000C0030034610000B020B02A91D30200B444
:10703000610A40A9210040F9C4DCFF97821A40B9D7
:1070400003508352E10314AAE00316AAC300A072FE
:1070500060FFFF97C1820091811A00F9D41A00F9EC
:10706000801A40F9A00200F9136800F9E00313AA9E
:10707000F71B40F9F35341A9F55B42A9FD7BC7A873
:1070800000FFFF17620000B0610000B042002591D0
:10709000212C2591E9FFFF17E0230191FE210094A7
:1070A000E7FFFF17FD7BBEA9FD030091F30B00F97D
:1070B000F30300AA12E8FF97E20300AA01800091FF
:1070C000E00313AAF30B40F9FD7BC2A855FFFF179D
:1070D000FD7BBEA9FD030091E11F00B986FBFF9770
:1070E000020840F9421840F9E20000B4421040F9A9
:1070F000A20000B4E11F40B9F00302AAFD7BC2A8C0
:1071000000021FD600008052FD7BC2A8C0035FD6DC
:10711000FD7BBFA9FD03009177FBFF97000840F9B5
:10712000011840F9C10000B4211C40F9810000B4ED
:10713000FD7BC1A8F00301AA00021FD60000805207
:10714000FD7BC1A8C0035FD6FD7BBDA9FD030091F7
:10715000F35301A9F403022AF55B02A9F503012AFE
:1071600065FBFF97160840F9CDD7FF97BF02007166
:1071700013C0348BF5079F1AC00640F9012440B9AB
:10718000BF3F03D5215054D321000052211C0012CF
:107190003F00156B4101005414FFFF34C0D7FF9727
:1071A0007F0200EBA5FEFF54A00D8012F35341A90E
:1071B000F55B42A9FD7BC3A8C0035FD600008052E7
:1071C000FBFFFF17FD7BBEA9FD030091F35301A94F
:1071D00049FBFF97F30300AA000040F9000840B9FB
:1071E0001F041272E1020054740A40F98062019196
:1071F0001DEFFF972001F837610240F9210840B9DF
:10720000610080361F000071E0179F1AF35341A9F7
:10721000FD7BC2A8C0035FD6800640F9002440B9B8
:10722000BF3F03D5610240F9220840B9014050D365
:10723000200000525F0070F20010811AF4FFFF1767
:1072400020008052F2FFFF17FD7BBDA9211C001218
:10725000FD030091F35301A9F40300AABF3F03D536
:10726000000440F9B30C80D201BC0039800640F91B
:1072700000BC4039BF3F03D53F00006A8100005485
:10728000F35341A9FD7BC3A8C0035FD6730600F189
:10729000C1000054F35341A9600000B0FD7BC3A8B6
:1072A00000183F9129DCFF17007D80D2E12F00B943
:1072B000A5D7FF97E12F40B9EDFFFF17FD7BB9A9D7
:1072C000FD030091F35301A9F40302AAF55B02A99F
:1072D000F50301AAF76303A9F96B04A9FB7305A9D8
:1072E00005FBFF97130840F966FBFF971B0440B9A5
:1072F000000080D24BD7FF977F5600F9A00240B91B
:107300001F300071201700541F4C00710418557A6B
:10731000011700549F0200F176008052D6169F1A82
:1073200097000090790000B0F7923C9139873F9127
:10733000180080527C0000B011000014E00240B937
:107340001F00186B68010054E1031B2AE00319AA0F
:10735000FEDBFF97E10240B921781F533F003271F5
:10736000A813005480B73F91E10200B9F7DBFF9703
:1073700018070011007D80D273D7FF97600640F98F
:107380001A2440B9BF3F03D55A03166A81FDFF5442
:10739000BF3F03D5600640F901008012013000B9FB
:1073A000A10240B93F4C00712418557AE2179F1A88
:1073B000411200549F0200F11804805218079F1ACE
:1073C000A00640B917000012A00000368000083760
:1073D0008011183618031F32770080524000103693
:1073E000F7021D3240002036F7021C32F41000B4C0
:1073F000F7021B32BF3F03D5600640F9C10180523E
:1074000001B8003980EE41291B7C1B1B1F04007151
:10741000C8100054760A40F9D62A4AD3D602005240
:10742000D67A1F53800A40B91F04007141000054EE
:10743000D6021C3260B240B91F0840F2001300545B
:10744000600640F9D6020032990240F900A04039A6
:10745000BF3F03D561B240B9C10E103600041D32E2
:10746000BF3F03D5610640F9627F409320A00039F9
:1074700060B240B91C000012400E003660824239F2
:10748000A0000037601240B9A00100363F0B40F267
:1074900060010054800A40B91F040071C00000540C
:1074A000604E40F9E10319AAE23700F98AD6FF9746
:1074B000E23740F91C008052794E40F941FC0091BE
:1074C000800A40B921E47A922103018BE00B08374E
:1074D000E00319AA95A8FF9760B240B9795600F960
:1074E000A00B0036BF3F03D5600640F9190000B974
:1074F000801240B9002C001200081432BF3F03D59F
:10750000610640F920080079811A4079BF3F03D510
:10751000600640F9010C0079BF3F03D5600640F9D1
:1075200016180079A10A40B9BF3F03D5600640F99B
:10753000010800B9A00240B9E022002ABF3F03D5EC
:10754000610640F9201C0079000080D2B5D6FF9773
:10755000F70300AA600640F9163040B9BF3F03D5D3
:10756000D60A7836000311320000160A1F00186B85
:10757000200E005415008012601240B960003036B1
:10758000007D80D2F0D6FF97600640F9163040B9F2
:10759000BF3F03D5BF3F03D5600640F9010080120D
:1075A000013000B9D51B0035601240B9E00A003641
:1075B000DC0A0035800A40B91F040071610A0054DA
:1075C000800240F9627F4093614E40F942D6FF97B6
:1075D0004E000014600000D000FC00915BDBFF97C0
:1075E000A00880124A000014360080524DFFFF1799
:1075F000760080524BFFFF173800805271FFFF1753
:107600005700805276FFFF173F4C00714000005436
:1076100042000034F7021B32600418373C008052ED
:107620001B008052C0FFFF17560480527EFFFF17D9
:1076300000741B1261F10F3600001C3289FFFF1726
:107640003C0080529EFFFF17E00319AA38A8FF975D
:10765000A2FFFF171F041F72C0F4FF54616240F9BC
:10766000E30319AAE20314AAE00313AAD7FAFF97C7
:10767000615E40F9BF3F03D5600640F9015800B98B
:1076800060B240B960F3173661BE40B9BF3F03D561
:10769000600640F9015C00B996FFFF173C0080527C
:1076A00094FFFF17BF3F03D5600640F9C101805228
:1076B00001B80039DAFFFF17601240B980011037B6
:1076C000E00317AA57D6FF971F9C0FF1E902005459
:1076D000600000D0E203182AE103162A002C009172
:1076E0001ADBFF97A00D801209000014A00640B914
:1076F00080FE1F3674FEFFB5600640F9002440B9D5
:10770000BF3F03D5E0FD173700008052F35341A976
:10771000F55B42A9F76343A9F96B44A9FB7345A93B
:10772000FD7BC7A8C0035FD61F03366A41F1FF5433
:107730008DFFFF17A00640B980020836B5320091D0
:10774000800380D2610640F9216860B8BF3F03D54D
:10775000215C1853A10200B91F4000F1E001005460
:10776000620640F9010400D142686138421C0012EF
:10777000BF3F03D5A10240B9001000D12100022A69
:10778000A14600B8F0FFFF17600640F9001040B9AD
:10779000BF3F03D5A00E00B9BF3F03D5600640F937
:1077A000183000B9740000B51500805273FFFF1740
:1077B000755640F91848885217008052F801A07297
:1077C0001901805203068052600640F9163040B914
:1077D000BF3F03D5160A7837E4020012D7020035FE
:1077E000DF061C7280020054600640F9002440B994
:1077F000BF3F03D51F04167260040054BF3F03D57A
:10780000600640F901008052033000B9801240B98F
:10781000820240F91F00016B280500544040208B74
:10782000800200F9800E40B95A0700115F03006B17
:10783000E206005460B240B91F0840F2A0010054B3
:107840008401003576011836BF3F03D5600640F944
:10785000193000B960B240B9C0000036B5B26D92BF
:10786000B5024291BF3F03D5600640F9150000B94B
:1078700058040034400180D21807005132D6FF97D7
:107880000306805236FA0F3660B240B91F0840F244
:10789000C0F8FF54800A40B980F80F37818A412927
:1078A000605640F9217C021B21FC009121E47A9270
:1078B0002100008B9DA7FF97BCFFFF17850A40B9E9
:1078C000207C4093BF040071E1000054650640F93C
:1078D000A52040B9BF3F03D5456820B8211000114D
:1078E000CBFFFF17426860B8BF3F03D5600640F981
:1078F000022000B9FAFFFF17600000D0B50D80121A
:1079000000C4009191DAFF971CFFFF1737008052E7
:10791000DDFFFF179500801218FFFF17E00313AA81
:107920004100805249FEFF97E00313AA8100805274
:1079300046FEFF9776E587366BFFFF17FD7BBCA9F8
:10794000FD030091F35301A933198052F55B02A99D
:10795000F71B00F9F703012A140840F9800640F9E3
:10796000002440B9BF3F03D51F0440F2C1020054B8
:10797000BF3F03D5800640F91F580079570E0034E9
:10798000801A40F9400300B4011440F9010300B427
:10799000E00314AA20003FD6F503002A8002003439
:1079A000600000D000C0019168DAFF97F71B40F932
:1079B000E003152AF35341A9F55B42A9FD7BC4A856
:1079C000C0035FD673060071C1000054600000D090
:1079D00000200191F50180125CDAFF97F4FFFF1798
:1079E000800C80D2D8D5FF97DDFFFF17801A40F9B1
:1079F000800100B4031840F9430100B4E103172AE1
:107A0000E00314AA0200805260003FD6F503002A6A
:107A100080000034600000D0003C0291E3FFFF17BB
:107A200096024329D61A1F72A0050054962240B927
:107A3000D6030034210080520208C11A5F00176B80
:107A400089000054210400113F04107161FFFF54AC
:107A50003304005116048052801A40F9C00000B46B
:107A6000020C40F9820000B4E103132AE00314AAD7
:107A700040003FD6801A40F9400400B4031840F992
:107A8000030400B4E103172AE00314AA2200805281
:107A900060003FD6F503002A40030034600000D0A8
:107AA00000980291C1FFFF17FF02006B42010054D2
:107AB000410080520208C11A5F00176B8900005410
:107AC000210800113FF81F7161FFFF54337C0153FF
:107AD000E2FFFF1721008052FDFFFF1702018052D5
:107AE000210080520308C11A7F00176B09FFFF5461
:107AF00021781F534204007161FFFF54F4FFFF1708
:107B000060061812611E185321000032C00A402A74
:107B10002100002ABF3F03D5800640F9B3028052FE
:107B200001580079800640F900584079BF3F03D5DD
:107B3000E000083600001E32BF3F03D5810640F941
:107B4000205800791500805299FFFF1773060071C5
:107B500081000054600000D0000C03919EFFFF17CD
:107B6000007D80D278D5FF97EFFFFF17FD7BBEA980
:107B7000FD030091F35301A9DFF8FF97F40300AA76
:107B8000130840F9601A40F9A00000B4010440F95C
:107B9000610000B4E00313AA20003FD6602640B97C
:107BA000812A40B93F00006B60000054E00314AA32
:107BB00063FFFF978082403980000036E00314AAFB
:107BC000010080525EFFFF97600640F903A0403934
:107BD000631C0012BF3F03D5641240B9E003032ABF
:107BE000621A40B9852640B98100181242181F1246
:107BF000BF2000716103005460781E122100022A28
:107C00004100003400001B32010580529F00016AD0
:107C10008103005481FE40B9220400512118005113
:107C20005F0C00712088467AC802005400001E32A2
:107C3000BF3F03D5610640F920A00039601A40F922
:107C4000400200B4010840F9010200B4E00313AAA5
:107C5000F00301AAF35341A9FD7BC2A800021FD67D
:107C60002100022A4100003460781A1201001F32FC
:107C7000BF10007100781E120010811AE3FFFF1779
:107C800000781D12EBFFFF17F35341A9000080524B
:107C9000FD7BC2A8C0035FD6010440F9021440F97D
:107CA000217C4079BF3F03D542FC40B921701D12B1
:107CB000420400515F2C007108010054430000F0A1
:107CC00063900E9163486238620000104388238BF2
:107CD00060001FD621000032BF3F03D5000440F9E9
:107CE000017C0079C0035FD621001F32FBFFFF1724
:107CF00021001E32F9FFFF1721040032F7FFFF17A2
:107D0000A20080522100022AF4FFFF17FD7BBDA9CB
:107D1000FD030091F35301A9F55B02A9F60300AA44
:107D2000131440F9000440F9157C4079B53E001267
:107D3000BF3F03D5603240B9F403152A1F08007114
:107D4000600500541F10007101090054607240F971
:107D5000200300B40100805267090094E000003461
:107D6000600000D000940391F35341A9F55B42A950
:107D7000FD7BC3A875D9FF17607240F901548B527F
:107D80004106A072E108009480000034600000D039
:107D900000140491F5FFFF17607240F92100805232
:107DA0005509009480000034600000D000A80491C0
:107DB000EEFFFF17600A40B9A000F836B47A1C1233
:107DC000BF3F03D5C00640F9147C0079007182D210
:107DD000DDD4FF97600A40B98004F8367404183681
:107DE000600000D000240591E0FFFF17607240F9A9
:107DF000000200B4010080523F09009420FBFF35CF
:107E0000607240F901E88E526103A072BF080094CD
:107E100080000034600000D000D80591D3FFFF1728
:107E2000607240F92100805233090094E0FBFF3575
:107E3000600A40B9A000F836B4021D32BF3F03D536
:107E4000C00640F9147C0079007182D2BED4FF973D
:107E5000600A40B9A000F83694001837600000D0DE
:107E6000006C0691C1FFFF17F35341A9F55B42A9CE
:107E7000FD7BC3A8C0035FD6FD7BBEA9FD030091B7
:107E8000E00F00F9A2FFFF97E00F40F9FD7BC2A8C9
:107E900082FFFF17FD7BBEA9FD030091F35301A9EB
:107EA00015F8FF97F40300AA130840F984008052E4
:107EB000006840F96362019102008052610000D0C5
:107EC00021200791B0ECFF97E00313AA2100805214
:107ED000DEFCFF97601240B9A00100360101A0D27C
:107EE000000180D26FB7FF97604E00F9000100B526
:107EF000600000D00044079114D9FF976001801200
:107F0000F35341A9FD7BC2A8C0035FD6800240F9AC
:107F1000000C40B9000200340010C05A0104805225
:107F20002100004B203C00133F4C00712005005401
:107F300002040051210080522120C21A3F004171E9
:107F40000C0300541F200071800300541F4800716F
:107F500000040054BF3F03D5600640F91FA4003958
:107F6000601A40F9A00000B4010040F9610000B4BB
:107F7000E00313AA20003FD6BF3F03D5600640F9B7
:107F800061078052E14FA072013400B9BF3F03D5B1
:107F9000600640F91F3800B900008052D9FFFF1772
:107FA0001F540071600000541F58007141FDFF54C0
:107FB000C0018052020000144001805200000032D3
:107FC000BF3F03D5610640F920A40039E5FFFF1744
:107FD00080018052FAFFFF17FD7BBBA9FD030091D2
:107FE000F35301A9F40300AAF30301AAF55B02A964
:107FF000F76303A9F803032AF92300F9F903022A16
:10800000020080D2201440F9610000B021B807912D
:10801000006840F9004840F96EE9FF97F60300AAAE
:10802000601640F9020080D2610000B021F807918B
:10803000006840F9004840F966E9FF97F50300AA97
:10804000600640F9174040B9BF3F03D5F702360A32
:10805000F702152A77019837600000B000240891D4
:10806000BAD8FF97A0028012F92340F9F35341A92F
:10807000F55B42A9F76343A9FD7BC5A8C0035FD6A2
:10808000606240F9600000B595F8FF9760820BA927
:1080900060B240B9611240B900001E3260B200B94E
:1080A000600640F90105083601FC40B9BF3F03D521
:1080B000217C1053600240F9611A00B9800200F976
:1080C000611A40B921181F7280010054600640F9FE
:1080D000014440B9BF3F03D5C0FE60D3B5FE60D3B5
:1080E0002100200A2100152A205C50D31F000071B6
:1080F000E007801A602200B9601E40B9C002003556
:10810000631A40B9E23E48D3E03648D37F181F7265
:108110000000821A02488852E201A072007C021B11
:10812000622240B9601E00B962000034007C021B6C
:10813000601E00B900010035600000B000A8089181
:10814000C8FFFF1701FC4179BF3F03D5213C001256
:10815000D9FFFF17790000341F00196B0090991A9E
:10816000801600B9D8000035621A40B95F181F7236
:1081700060070054D8FF80521808D81AE00208722D
:10818000981200B90206A0520000821AD706C8371A
:10819000800E00B97700D03600001932800E00B989
:1081A000621240B982002036627240B90000022A91
:1081B000800E00B99700A836820A40B942081F32E3
:1081C000820A00B9820A40B943000332830A00B927
:1081D000631A40B97F181F72A000005497009037AF
:1081E0004278011242000332820A00B9621240B999
:1081F00082002836820A40B942701C12820A00B9F5
:1082000060003836601240B92003483621701D12D4
:10821000601240B9A00058368100F836800A40B993
:1082200000001532800A00B981001036800A40B97A
:1082300000001832800A00B9611640B9810000348C
:10824000800A40B90000012A800A00B9E0FF9F526D
:10825000801A00B90000805284FFFF17187C085371
:10826000C7FFFF1700040F32CAFFFF173F0840F295
:1082700000FDFF54800A40B9A100083602DC80529C
:108280000000022A800A00B9E2FFFF1702081B3231
:108290003F0040F200041B320000821AFAFFFF1771
:1082A00083F7FF17FD7BBDA9FD030091F35301A9DF
:1082B000F30300AAF403012AF51300F9007840F94A
:1082C00098E3FF97006040391F100071E9000054E7
:1082D000F51340F9E103142AE00313AAF35341A96B
:1082E000FD7BC3A8DA0100149F667AF221030054D3
:1082F00073C240F9601A40B9BF3F03D5006412123F
:10830000550080520120142A21001132BF3F03D5AD
:10831000611A00B962D3FF9714040091611A40B941
:10832000BF3F03D5E10078365DD3FF979F0200EB96
:1083300065FFFF54611A40B9BF3F03D5810278370A
:10834000BF06007101020054000080520A000014B0
:10835000430000D0E215805263542D91610000B0BB
:10836000600000B02164099100D40991F7D7FF970C
:10837000A0028012F51340F9F35341A9FD7BC3A875
:10838000C0035FD635008052E0FFFF17A00D8012BA
:10839000F9FFFF17FD7BBBA9FD030091F35301A972
:1083A0001400805213008052F55B02A91500805220
:1083B000F76303A9F70300AA18008052F96B04A918
:1083C000FA03012A4EE3FF97F60300AAE103142AF9
:1083D000E00316AAB4FFFF97A0000035E1031A2AB4
:1083E000C082009177EFFF97600200341500805241
:1083F000940600119FA20071A1FEFF5433030035C3
:10840000600000B000340A91370200B4E10A40A9CC
:10841000210040F9CDD7FF9780008012F35341A986
:10842000F55B42A9F76343A9F96B44A9FD7BC5A895
:10843000C0035FD6B5060011BF02136BADFDFF543C
:10844000F803142AF303152AEAFFFF1762000090CD
:108450006100009042002591212C2591EEFFFF172D
:1084600040008052F96B44A9610EC01AE00316AABD
:10847000F35341A9F55B42A90103014BF76343A9FB
:10848000FD7BC5A888FFFF17FD7BBDA9FD030091FB
:10849000F35301A9F51300F9F50300AA131440F9E9
:1084A000606A40F916E3FF97F40300AA600A40B936
:1084B0004005F83760FE40B91F2800714804005499
:1084C0001F200071E80400541F100071E0040054E4
:1084D00028030054A10080122004000A81C240F940
:1084E000221840B9BF3F03D542701D124000002A38
:1084F000BF3F03D581C240F9201800B9600A40B9D6
:108500006000F836E00315AA5CFEFF97A0624039D0
:108510001F100071E9020054F51340F9E10314AA99
:10852000606A40F962FE40B9F35341A9FD7BC3A8DC
:10853000CD0000141F20007160008052E013801AEB
:10854000E7FFFF17002C00511F080071A0008052A8
:1085500000309F1AE2FFFF1700008052E0FFFF1774
:1085600080008052DEFFFF1760008052DCFFFF17A3
:10857000F51340F9F35341A9FD7BC3A8C0035FD6AF
:10858000FD7BBEA9FD030091F30B00F9F30300AAE4
:10859000DBE2FF97E20300AA01800091E00313AA47
:1085A000F30B40F9FD7BC2A83EFFFF17FD7BB9A985
:1085B000FD030091F35301A9F30300AAF55B02A99F
:1085C000F76303A9F96B04A9FB7305A9D8E2FF9728
:1085D000F60300AAE00313AAC9E2FF97F50300AA75
:1085E000E00313AACFE2FF97F40300AAE00313AA63
:1085F00067E3FF971F0400B1C00E0054A0C200F94A
:10860000C00E00B4E1830191E00313AA001D0094A1
:10861000E303002A600800346100009020B02A9132
:10862000730700B4610A40A9210040F947D7FF97BA
:10863000600640F9800200F943F74F90020C80D2A7
:10864000A0C240F9410000B021603C9100000891B7
:10865000800600F9400000B000603891801A00F9EF
:10866000801240B900001A32801200B960000891EF
:1086700019D2FF97E30300AA0000009000500E916A
:10868000E10315AA601C00F9E00313AA4FF5FF9758
:1086900000030035610000B0E00313AA21AC0A9189
:1086A000DFE2FF9740040036E10315AAE00313AAB6
:1086B000E5000094E0010035B7820091971600F9BB
:1086C000B37A00F9E10314AAA21640B9E00315AA8F
:1086D0000300805241FEFF97C0000035D70200F929
:1086E000801640F9140800F9E00313AAEAFDFF9789
:1086F000F35341A9F55B42A9F76343A9F96B44A978
:10870000FB7345A9FD7BC7A8C0035FD6620000903C
:108710006100009042002591212C2591C4FFFF1794
:10872000E08301915C1C0094C2FFFF17590A40F9D5
:10873000570000B07A9240B9F7A23991780180527F
:10874000E20240F9E1031A2AE00319AA030080D2E9
:1087500021CBFF97600300B4010040B9E02240390B
:108760002108C05A00140012211C1853BBC240F942
:108770002100002ABF3F03D5611300B92100083250
:10878000BF3F03D5611300B945D2FF971C28009164
:10879000611340B9BF3F03D5E100D03740D2FF9706
:1087A0009F0300EB65FFFF54611340B9BF3F03D542
:1087B0008101D03621780712BF3F03D5611300B97C
:1087C000F742009118070071C1FBFF54BBFFFF1770
:1087D000A0028012C7FFFF1760018012C5FFFF17BC
:1087E000A00D8012C3FFFF17FD7BBEA9211C001244
:1087F000FD030091F35301A9F30300AA002440B93B
:10880000BF3F03D502781F12210000720000003222
:108810000000821ABF3F03D5602600B9A0000054B3
:1088200000008052F35341A9FD7BC2A8C0035FD66C
:108830001BD2FF9714E02E91602640B9BF3F03D5AD
:1088400000FF0F3716D2FF979F0200EB65FFFF5422
:10885000602640B9BF3F03D540FE0F37A00D801200
:10886000F1FFFF175F300071A80E0054FD7BBCA91B
:10887000FD030091F76303A9F70300AA400000B0CD
:1088800000200C91F35301A9F30301AAF55B02A99F
:10889000145862F8400000B000C00D91962200917B
:1088A00098620191155862F8E20316AAC1825FF836
:1088B000D6420091E04A40F91BE7FF97DF0218EB30
:1088C00041FFFF54B6220091B8220191C1825FF8A6
:1088D000E20316AAE04A40F9D642009112E7FF9758
:1088E000DF0218EB41FFFF5460C240F921008052C3
:1088F000BEFFFF97810A40B9BF3F03D560C240F970
:1089000082008452021000B9BF3F03D560C240F913
:10891000011400B9811A40B9BF3F03D560C240F9C4
:1089200002018452021000B9BF3F03D560C240F972
:10893000011400B9814A40B9BF3F03D560C240F974
:1089400082018452021000B9BF3F03D560C240F9D2
:10895000011400B9812A40B9BF3F03D560C240F974
:1089600002028452021000B9BF3F03D560C240F931
:10897000011400B90100805260C240F99BFFFF97CB
:1089800040010034600000B0004011916FD6FF97A5
:10899000A00D8012F35341A9F55B42A9F76343A9E7
:1089A000FD7BC4A8C0035FD6823A40B9BF3F03D560
:1089B00061C240F903008452231000B9BF3F03D5C0
:1089C00061C240F9221400B961C240F9212440B9C2
:1089D000BF3F03D562FE8F52C2FFBF722100020A61
:1089E000A20A40B92100022ABF3F03D562C240F962
:1089F000412400B961C240F9212840B9BF3F03D5E5
:108A0000A21A40B9216C0C122100022ABF3F03D5E3
:108A100062C240F9412800B9A22A40B9BF3F03D53C
:108A200061C240F9224000B9A23A40B9BF3F03D524
:108A300061C240F9221C00B9D7FFFF17A0028012C3
:108A4000C0035FD60200805287FFFF17FD7BBDA9E0
:108A5000215C1853FD030091F35301A9F40300AA0C
:108A600000058052F51300F92108C01ABF3F03D555
:108A700080C240F915028452151000B980C240F935
:108A8000001440B9BF3F03D5221C0012003C18124D
:108A90004160012A3300002A2100805280C240F93F
:108AA00052FFFF97BF3F03D580C240F9151000B9B0
:108AB000BF3F03D580C240F901008052131400B9B2
:108AC00080C240F949FFFF97A0000034600000B069
:108AD000004011911DD6FF97A00D8012F51340F9AB
:108AE000F35341A9FD7BC3A8C0035FD6217C7C93CF
:108AF000026861B8820000341F6821B821008052EA
:108B000001001039C0035FD6227C7C9301D0218BF9
:108B1000006862B860000034200440F9C0035FD6EA
:108B2000000080D2FEFFFF17E30300AA020080D2FC
:108B3000407C7CD3606860B820010035E003022AE5
:108B4000427C7CD36500028B24008052646822B88A
:108B5000A10400F964001039C0035FD642040091FB
:108B60005F0001F161FEFF5460038012FBFFFF17FD
:108B7000FD7BBEA9FD030091F30B00F9F30300AAEE
:108B800081000094E303002A00020035654240B9E9
:108B900044F74F9080800991E103052ADBFFFF979E
:108BA0001F0013EB21020054035841B96301003444
:108BB000021C40F9E103052A600000B00058309122
:108BC000E2D5FF97E3018012F30B40F9E003032A9B
:108BD000FD7BC2A8C0035FD6E103052A808009910E
:108BE000C3FFFF97F9FFFF1743028012F7FFFF173C
:108BF000057440F9650100B48101F8B7030440F938
:108C00007F0001EB23010054630001CB7F0002EBE6
:108C1000C3000054E20000B4F00305AA00021FD60E
:108C2000C00B8012C0035FD6A0028012FEFFFF17A8
:108C300000008052FCFFFF17FD7BBEA9FD030091E1
:108C4000F30B00F9F30300AA001440B980010035CA
:108C5000430000D0610000B063DC2E9121183191F7
:108C600002368052600000B000703191B7D5FF9796
:108C7000600000B000C0319180D1FF9740F74F9065
:108C8000E10313AA0080099104008052030080527E
:108C900002008052A5FFFF97A006F837604200B996
:108CA000600206917F5A01B9000000A9603640B900
:108CB00060000035605E40B9603600B9601240B9AE
:108CC000E103002AC0000034220400D10000C05A91
:108CD0000010C05A5F0001EA00009F1A611640B9F7
:108CE000602600B9E203012AC1000034430400D128
:108CF0002100C05A2110C05A7F0002EA21009F1AA9
:108D0000220080524020C01A000400514220C11AA3
:108D100061020529610640B942040051623200B97E
:108D2000008084521F00216AA1010054620640F9AC
:108D3000010080D2E00313AAAEFFFF971F0000716D
:108D4000C10B80120410417AA0000054611E40F94A
:108D5000600000B000D431917CD5FF9700008052B4
:108D6000F30B40F9FD7BC2A8C0035FD62000805200
:108D7000FCFFFF17A0028012C0035FD60000801224
:108D8000C0035FD6FD7BBBA9FD030091F35301A98E
:108D9000F55B02A916000691F76303A9180080523B
:108DA000F92300F9790000B03977329113C040F906
:108DB00073C205D175BA40F9B5C205D177C2059124
:108DC000FF0216EB01010054F92340F9E003182AD1
:108DD000F35341A9F55B42A9F76343A9FD7BC5A8FD
:108DE000C0035FD661C240F9600206913F0000EB0C
:108DF00060000054E00313AAE3FFFF97E00313AA07
:108E00005CFFFF97F403002A4001F836611E40F929
:108E1000E203002AE00319AA4CD5FF97A0BA40F953
:108E2000F30315AAF803142A15C005D1E4FFFF17B0
:108E3000E10240A9200400F9F403182A010000F916
:108E4000FF7E00A9601E40F94FB1FF97E00313AA0F
:108E50004DB1FF97F2FFFF1700008052C0035FD6AD
:108E6000040040F9843440F9840040F9F00304AA76
:108E700000021FD6FD7BBAA9E403012AFD0300917D
:108E8000F55B02A9F503022AF603032A620000B08B
:108E9000E303002A42283391F35301A9F403012A82
:108EA000C10380D2F303002AE0030191D6D4FF97D7
:108EB000E0030191DDCFFF97640000B0E50300AA55
:108EC000E7C30091E6E3009184683391E303162A37
:108ED000E203152AE103142AE003132A91090094FE
:108EE00000010035E01B40F9000040F990E0FF97D9
:108EF000F35341A9F55B42A9FD7BC6A8C0035FD629
:108F0000000080D2FBFFFF17FD7BBCA9FD03009191
:108F1000E38B01A9E12F00B985E0FF97E48B41A91C
:108F2000E3E30091054440F9E12F40B9A0003FD6AA
:108F3000FD7BC4A8C0035FD6FD7BBCA9FD030091E7
:108F4000E38B01A9E12F00B979E0FF97E48B41A9F8
:108F5000E3E30091054040F9E12F40B9A0003FD67E
:108F6000FD7BC4A8C0035FD6FD7BBDA9FD030091B6
:108F7000F35301A9F30300AAF51300F96FE0FF977B
:108F8000F40300AAE00313AA69E0FF97135019A99C
:108F9000540100B553028012600000B000C8339144
:108FA000EAD4FF97F51340F9E003132AF35341A9DC
:108FB000FD7BC3A8C0035FD6F50300AAE00314AA93
:108FC00016090094F303002AE0FEFF35E00315AA1A
:108FD000B1000094F303002A80000035E00315AAD5
:108FE000F7010094F303002AE00314AA0D0900948A
:108FF000EDFFFF17FD7BBFA9FD0300914CE0FF973C
:10900000FD7BC1A8EC010014FD7BB7A9FD03009115
:10901000F35301A9F403012AF30302AAF51300F99B
:1090200043E0FF97F50300AA001040B9A002003406
:10903000810AC01A21D0001B41020035E003002A3A
:10904000610AC09A20CC009BC00100B5020B80D2FF
:1090500001008052E0E3009184CFFF97A23A40F9EB
:10906000F44F04A9E1E30091E00315AA40003FD6C4
:10907000F51340F9F35341A9FD7BC9A8C0035FD69E
:10908000A0028012FBFFFF17FD7BBFA9FD0300912B
:1090900027E0FF97CB01009400008052FD7BC1A820
:1090A000C0035FD660418012C0035FD6604180126A
:1090B000C0035FD6FD7BB6A9FD030091F35301A960
:1090C000F30302AAF55B02A9F50301AAF60304AAB9
:1090D000F76303A938008052F77F40B2F96B04A907
:1090E00039008052FB2B00F9FB0303AA149C40F9C2
:1090F000330100B500008052FB2B40F9F35341A926
:10910000F55B42A9F76343A9F96B44A9FD7BCAA8A3
:10911000C0035FD682BE41B9FA0313AA80DA46398A
:10912000FF7F06A941FC50D3E0CB007980D24639BD
:10913000E0A3013980DE4639E1870139413C08531B
:10914000FF7F07A9007C011BFF7F08A9FF7F09A9FA
:10915000007C0313F8830139E1A70139F53B00F9DD
:10916000E0E30139E1E70139E2030239F98700B9A7
:10917000F64B00F95F0317EBE18301914093979A57
:10918000E08B00B980CE40F9B310009400020035A6
:1091900080CE40F9E18301913910009480010035BF
:1091A000E13B40F9E08B40B92100008BE13B00F945
:1091B000E14B40F95A0300EB2100008BE14B00F931
:1091C000A1FDFF54E003132A3301003460F9FF3797
:1091D000610340F9D6C2208BB5C2208B73C220CB6D
:1091E00021C0208B610300F9C2FFFF1780008012AD
:1091F000C2FFFF17FD7BBBA9211C00122420805257
:10920000FD03009100CC40F9FF7F01A9E12B00791B
:1092100021008052FF7F03A9E1C300394100805241
:10922000FF7F04A9E4230079FF7F02A9E18F0629CB
:10923000E1430091E22300F911100094FD7BC5A8E1
:10924000C0035FD6FD7BBBA9211C001224208052E5
:10925000FD03009100CC40F9FF7F01A9E12B0079CB
:1092600021008052FF7F03A9E1C300392100805211
:10927000FF7F04A9E4230079FF7F02A9E18F06297B
:10928000E1430091E22300F9FD0F0094FD7BC5A8A6
:10929000C0035FD6FD7BADA9222080522200A072C0
:1092A000FD030091C3008052F35301A9F30300AA08
:1092B000F55B02A9F71B00F902BC01B9E2C300B2D9
:1092C00001CC40F9420008D202E000F9621080525D
:1092D000210C40B93F0073F2610080523500821AC0
:1092E000E2430191010C8012D7FFFF976015F83619
:1092F000147C40939F0640B14814005420008052D3
:10930000E06700B960008052E0AB01392020805254
:10931000FFD300792000A072E06F00B9811640B938
:109320004102183762008052E26700B902008152A0
:10933000E2E3007962018052E2CB0139E07700B9C3
:10934000800240391FD0007101010054800640396D
:1093500000A80051001C00121F0400716800005496
:1093600000018052E0C3013961013036E06740B945
:1093700000001932E06700B900008152E043017932
:10938000600D8052E08B0239802080522000A07254
:10939000E0A700B96000009000703491601E00F9F1
:1093A0000200009060CA40F960A600F96000805297
:1093B0006002003920008052601600B9008081529E
:1093C000600600B9739E00F942B00291801A40799C
:1093D000810A40B9017C011B610600F9618A02B96A
:1093E0000100009021900291613A00F90100009083
:1093F00021D00291610A08A9801640B9400D383782
:10940000801640B98000703660CE41B900001B3232
:1094100060CE01B9801640B980001836E06740B9C7
:1094200000781E12E06700B9E06740B9E26301917D
:10943000E3670191A102000A200441D33F0079F2C1
:10944000E10080520000811AE16B019100087DD398
:10945000004000912168603861DA0639E1730191BA
:1094600042686038216860B86068603861BE01B9E0
:10947000211C00124000000B60DE06393F10007115
:10948000810E0054800240391F800071200E00546C
:109490001FB00071E00D0054E2230191E00313AA14
:1094A00023008052A106805267FFFF97C00AF83759
:1094B000E0234139E00C083700001F32E21F019120
:1094C00023008052A1008052E0270139E00313AA53
:1094D0005DFFFF978009F837E01F41390300805294
:1094E000020080D2C1008052E0230139E00313AAB8
:1094F00041FFFF97E2230191E00313AA430080524A
:10950000210080523CFFFF97E007F837000080D22F
:10951000C4CEFF97F60300AAF58793D2E00316AAFC
:10952000C0CEFF971F0015EB6904005461CA40F9D3
:109530006000009000983491C10700B4210840A950
:10954000210040F981D3FF97A00D80120E00001476
:10955000821A4039C200003594620091800A40B9F5
:1095600080FFFF35740F809206000014E1430191E3
:10957000E00314AA89CEFF9700FFFF35D4EBFFB5B7
:10958000E003142AF71B40F9F35341A9F55B42A904
:10959000FD7BD3A8C0035FD6540000B094720F9136
:1095A000EFFFFF1760CE41B90000003260CE01B975
:1095B00094FFFF17E21F0191E00313AA23008052DA
:1095C000A100805220FFFF97E0FDFF3760CE41B938
:1095D000F71F4139C0010037200080521F00007181
:1095E000E0079F1A1F00376AA0F9FF54E21F01919C
:1095F000E00313AA23008052A106805212FFFF97B6
:109600002002F836A0028012DFFFFF17E21F01914F
:10961000E00313AA23008052010E80520AFFFF9735
:1096200020FBFF37E01F413900001912ECFFFF1744
:10963000420000F0410000F042002591212C2591CC
:10964000C1FFFF17E01F4139E0FDFF34C0FD0F36B9
:1096500060D2463920030035802240796000003412
:1096600060D2063915000014610640F90020A0D22E
:109670003F0000EBA90300548000805260D20639FD
:10968000800240391F04007160000054801640B908
:109690004001583661DA4639600000D000540F911D
:1096A000020080D2030040397F00016B4101005469
:1096B0000104403961DA063960D246391F10007161
:1096C00028FAFF5474D200F940010054000080527F
:1096D000ADFFFF1742040091000800915F1800F1F0
:1096E00021FEFF54F4FFFF1760008052DDFFFF17DB
:1096F000800240391F040071A0FEFF54801640B95B
:1097000060FE5F3760CE41B9800030366000009067
:10971000002035910DD3FF9760D240F90000403909
:109720001FB0007140020054280100541F800071D6
:10973000E0010054E00F8012624207912300805242
:10974000E102805260420739180000141F080371BB
:10975000A00000541FBC0371600000541F7402710C
:10976000A1FEFF5414008052070000143400805200
:10977000E00313AA03008052020080D2C10080528D
:109780009DFEFF97E00313AA03008052020080D2DF
:109790000109801298FEFF97B4F9FF34030080524C
:1097A000020080D281008052E00313AA92FEFF974C
:1097B000C7FFFF1760418012C0035FD61FFDFF1770
:1097C000ECFCFF17FD7BBEA9FD030091F35301A93B
:1097D000F40300AA56DEFF97F30300AAE00314AADD
:1097E0004DDEFF97000040B960000034600240F990
:1097F000E5AEFF97F35341A900008052FD7BC2A85C
:10980000C0035FD6FD7BBEA9FD030091F35301A900
:10981000F40300AA46DEFF97F30300AAE00314AAAC
:109820003DDEFF97010040B9C1000034217C409328
:10983000800080D2E5B0FF97600200F9A00000B47C
:1098400000008052F35341A9FD7BC2A8C0035FD63C
:1098500060018012FCFFFF17FD7BB7A9E403022A19
:1098600003008052FD030091E5030191F35301A928
:1098700062000090F40301AAF51300F94218369132
:109880006100009021683691004840F9C8E3FF97D5
:10989000F303002A40020035E12340F9E2E300919E
:1098A000E00B805258E2FF97F303002A8001003555
:1098B000E01F40F9010040F9353440F9800200F919
:1098C000A20240F9620100B4E1030191E00314AA8D
:1098D00040003FD680010034F303002AF51340F91D
:1098E000E003132AF35341A9FD7BC9A8C0035FD647
:1098F000E04B40B91F04007101010054E04F40B932
:10990000800600F9A10640F9A1FEFFB4E00314AA05
:1099100020003FD6F1FFFF17B3028012F0FFFF17C0
:10992000FD7BBDA9FD030091F35301A9F40300AA37
:10993000F51300F9000040F9FDDDFF97F50300AADB
:10994000800240F9F4DDFF97000040B9810240F940
:10995000210040F9233440F9A0010034A10240F96C
:10996000930640F962F67ED3330813AB200100540E
:10997000206862B800040011206822B81F0400713A
:109980008D000054200E801205000014130080D2B8
:10999000610C40F9C10000B500008052F51340F998
:1099A000F35341A9FD7BC3A8C0035FD6E00314AA0B
:1099B00020003FD620FFFF3433FFFFB4610240B9DF
:1099C00021040051610200B9F5FFFF17FD7BBDA91D
:1099D000FD030091F35301A9F40300AAF51300F964
:1099E000000040F9D2DDFF97F50300AA800240F99C
:1099F000C9DDFF97000040B9810240F9210040F91C
:109A0000233440F9C0010034A10240F9930640F923
:109A100062F67ED3330813AB40010054206862B86D
:109A20001F000071CD02005400040051206822B8CC
:109A300080000034E001801205000014130080D281
:109A4000611040F9C10000B500008052F51340F9E3
:109A5000F35341A9FD7BC3A8C0035FD6E00314AA5A
:109A600020003FD620FFFF3433FFFFB4610240B92E
:109A700021040011610200B9F5FFFF17200E8012CA
:109A8000F3FFFF17FD7BBAA903008052620000902C
:109A9000FD03009142183691F35301A9F40300AA83
:109AA00013008052F55B02A9351C00126100009082
:109AB000F76303A921683691B8020012004840F903
:109AC0001600805254E3FF97F703002ADF02176B5A
:109AD0006B020054FF020071B5020052E0D79F1ADA
:109AE0001F00156A00010054E00314AABADDFF97B5
:109AF000E12740F91F0001EB61000054E00314AAC4
:109B0000BDDDFF97F55B42A9E003132AF35341A99A
:109B1000F76343A9FD7BC6A8C0035FD6E203162AFC
:109B2000E1230191E00314AA4CFFFF97F303002AFD
:109B3000A0FEFF35E02301911801003479FFFF9763
:109B40001FC801314100005400008052D6060011A8
:109B5000F303002ADEFFFF179DFFFF971FC80131A7
:109B60000418503AF8FFFF1721008052C6FFFF1774
:109B7000FD7BBCA9FD030091F35301A9F51300F986
:109B8000000040F902DEFF97F30300AA00C49ED252
:109B9000E1E3009122008052E000A0F2069CFF97D2
:109BA000F503002A60030035F43B40B9604640B934
:109BB0008002002A604600B9200080D262CDFF9763
:109BC000604A40B99402002A744A00B9000080D269
:109BD00014CDFF97F40300AA604E40B9BF3F03D5F0
:109BE0001F1C0072A1000054E00314AA0DCDFF97C2
:109BF0001F9C0FF129FFFF54E00314AA09CDFF9722
:109C00001F9C0FF168000054604E40B9BF3F03D560
:109C1000F35341A9E003152AF51340F9FD7BC4A8CD
:109C2000C0035FD6FD7BBEA9FD030091F30B00F9D5
:109C3000F30300AA3BDDFF97A00000B4130000F976
:109C4000F30B40F9FD7BC2A8CAFFFF17F30B40F9E5
:109C5000A0028012FD7BC2A8C0035FD6FD7BBEA917
:109C6000FD030091F35301A9F40300AA2ADDFF9735
:109C7000800B00B4F30300AA82078012804A40F9E7
:109C800061000090214437912AE2FF97601600B9E5
:109C90008207801261000090804A40F921A4379128
:109CA00024E2FF97601A00B98207801261000090D9
:109CB000804A40F9210438911EE2FF97601E00B9E6
:109CC0008207801261000090804A40F92168389133
:109CD00018E2FF97602200B98207801261000090AD
:109CE000804A40F921C4389112E2FF97602600B9FA
:109CF0000200805261000090804A40F92120399191
:109D00000CE2FF97602A00B961000090217439913C
:109D1000804A40F9F6E2FF9760BA0039610000908E
:109D200021D83991804A40F961E2FF97F40300AAF3
:109D30006004F8B76100009021283A91ECE2FF97A7
:109D40000000005260FA0039610000906202019147
:109D5000218C3A91E00314AAF3E1FF9760000034EC
:109D6000601A40B9604200B9611640B93FF4003151
:109D700020010054601A40B91FF40031C0000054A3
:109D80003F00006B81000054603A40B9000000328F
:109D9000603A00B9612240B93FF4003180000054BC
:109DA000602640B91FF400310101005400008052C8
:109DB000F35341A9FD7BC2A8C0035FD620008052A7
:109DC00060FA0039E7FFFF173F00006B01FFFF5407
:109DD000603A40B900001F32603A00B9F4FFFF1743
:109DE000A0008012F3FFFF17FD7BBBA9FD030091CC
:109DF000F35301A9F30300AAF55B02A976000090D2
:109E0000D6963B91F76303A9C3DCFF97F50300AA3D
:109E1000604A40F96100009021FC3A91B4E2FF975A
:109E2000A0B2003961000090214C3B91604A40F99A
:109E3000AFE2FF97A0B60039E10316AA604A40F9E5
:109E4000FFE1FF97A01A00F9E00200B5604A40F96F
:109E50002EE2FF97A01A00F9F40300AA600600B4EE
:109E6000E00314AAD1CBFF97E1230191F70300AAE5
:109E7000C00C805299DFFF9720020034A0B2403915
:109E800080050037A0B640394005003700008052F9
:109E9000F35341A9F55B42A9F76343A9FD7BC5A82C
:109EA000C0035FD6F40300AAEEFFFF177F0200EBAA
:109EB000C1000054E02301919ADFFF97E02740F9A9
:109EC00060FFFFB5EEFFFF1793DCFF97F80300AAD2
:109ED000001840F9B5CBFF97FF02006BC1FEFF549D
:109EE000001B40F9E10314AA90CBFF9740FEFF3519
:109EF000A41A40F96000009000D03B91F30000B537
:109F0000420000F0410000F0E30316AA4200259150
:109F1000212C259104000014610A40A9E30316AA2C
:109F2000210040F909D1FF97A0028012D9FFFF1745
:109F3000608A40B900001132608A00B9D4FFFF176F
:109F4000FD7BBEA9FD030091F30B00F9F30300AA0A
:109F5000A5DCFF97000100B4010040F9C10000B486
:109F6000E00313AAF00301AAF30B40F9FD7BC2A89A
:109F700000021FD6F30B40F9A0048012FD7BC2A89B
:109F8000C0035FD6FD7BBDA9FD030091F35301A97A
:109F9000F303012AF51300F9F50300AA92DCFF97F9
:109FA000400300B4F40300AA000840F9E00200B442
:109FB000E00315AA58DCFF97011440B93FF40031C3
:109FC000600000543F00136BAC020054001840B90D
:109FD0001FF40031600000541F00136B0B0200548B
:109FE0007FF60031C0010054820A40F9E103132AD0
:109FF000E00315AAF51340F9F00302AAF35341A9AF
:10A00000FD7BC3A800021FD6A0048012F51340F9FF
:10A01000F35341A9FD7BC3A8C0035FD6A002801201
:10A02000FBFFFF17FD7BBDA9FD030091F35301A9C1
:10A03000F303012AF51300F9F50300AA6ADCFF9780
:10A04000400300B4F40300AA001440F9E00200B495
:10A05000E00315AA30DCFF97012040B93FF400313E
:10A06000600000543F00136BAC020054002440B960
:10A070001FF40031600000541F00136B0B020054EA
:10A080007FF60031C0010054821640F9E103132A23
:10A09000E00315AAF51340F9F00302AAF35341A90E
:10A0A000FD7BC3A800021FD6A0048012F51340F95F
:10A0B000F35341A9FD7BC3A8C0035FD6A002801261
:10A0C000FBFFFF17FD7BBEA9FD030091F30B00F919
:10A0D000F30300AA44DCFF97000100B4011840F923
:10A0E000C10000B4E00313AAF00301AAF30B40F986
:10A0F000FD7BC2A800021FD6F30B40F9A00480121A
:10A10000FD7BC2A8C0035FD6FD7BBCA9FD03009107
:10A11000F35301A9F40300AAF303012AF55B02A992
:10A12000F76303A930DCFF97E00600B4F80300AA48
:10A13000000440F9800600B4E00314AAF6DBFF97A0
:10A14000F70300AA001440B91FF400316000005466
:10A150001F00136BCC050054E01A40B91FF4003106
:10A16000600000541F00136B2B0500547FF6003174
:10A17000E0040054E02A40B900040034E00314AACB
:10A18000D1FFFF97F603002AE00314AA6DFFFF97A3
:10A19000F503002A020740F9E00314AAE103132A99
:10A1A00040003FD6F403002AC0010035E12A40B93F
:10A1B00081010034BF020071C4CA407A20010054FA
:10A1C0007302156BE003012A7356935A010400D100
:10A1D00033C0338B600EC09A007C4093DACBFF977C
:10A1E000E003142AF35341A9F55B42A9F76343A99D
:10A1F000FD7BC4A8C0035FD6F503132A1600805266
:10A20000E5FFFF17B4048012F6FFFF17B4028012B7
:10A21000F4FFFF17FD7BBCA9FD030091F35301A9D7
:10A22000F55B02A9F50300AAF71B00F9371C001221
:10A23000EDDBFF97800500B4F30300AA001C40F992
:10A24000200500B4E00315AAB3DBFF97F40300AACE
:10A250007700003700B04039A0040037802A40B9A9
:10A26000E0030034E00315AA97FFFF97F603002AE6
:10A27000621E40F9E103172AE00315AA40003FD609
:10A28000F303002A00020035802A40B9C0010034DF
:10A29000DF020071E40A407A60010054E00315AA6D
:10A2A00028FFFF971F000071ED000054812A40B97C
:10A2B000220400D140C0208B0008C19A007C40934A
:10A2C000A1CBFF97F71B40F9E003132AF35341A9F1
:10A2D000F55B42A9FD7BC4A8C0035FD6160080527F
:10A2E000E4FFFF17B3048012F7FFFF1793018012FA
:10A2F000F5FFFF17FD7BBEA9FD030091F30B00F9ED
:10A30000F303012AC4FFFF971F98003104184D3A48
:10A31000000100541F40003173020052E1179F1AE0
:10A320003F00136A610000541FC80131410000540E
:10A3300000008052F30B40F9FD7BC2A8C0035FD63A
:10A34000FD7BBDA9FD030091F30B00F9F30300AA07
:10A35000E12F00B9A4DBFF97200100B4022040F9EF
:10A36000E20000B4E12F40B9E00313AAF30B40F977
:10A37000F00302AAFD7BC3A800021FD6F30B40F92D
:10A38000A0048012FD7BC3A8C0035FD6E30302AA2A
:10A39000E20301AAE10300AAC00C8052A7DFFF1765
:10A3A000FD7BBEA9FD030091F35301A9F40300AAAC
:10A3B00059DBFF97F30300AA003840B96007103754
:10A3C00061FA4039E00314AADEFFFF971F980031BD
:10A3D000400000548000003560FA403960010037C9
:10A3E0000000805261BA403961020036010080529B
:10A3F000E00314AA88FFFF97613A40B921001E329A
:10A40000613A00B909000014614240B93FF40031DB
:10A4100080FEFF54E00314AADBFEFF971F98003173
:10A4200000FEFF54E0FDFF34F35341A9FD7BC2A8B9
:10A43000C0035FD661B240396100003761B6403970
:10A4400001030036610240B93F0C00716100005405
:10A4500021008052E7FFFF17613A40B981000036C2
:10A46000611640B9E00314AA28FFFF97611E40B9A6
:10A470003F0000716D000054E00314AA23FFFF9712
:10A48000C0FBFF35603A40B940FE0F36612240B94B
:10A49000E00314AAE4FEFF9700FBFF35EDFFFF1772
:10A4A000600F8012D5FFFF17200E8012DFFFFF170D
:10A4B000FD7BBFA9FD030091BAFFFF971F0000714C
:10A4C000610F80120410417AE00000541F9800715F
:10A4D000210E80120410417A00109F1AFD7BC1A842
:10A4E000C0035FD600008052FDFFFF17FD7BBDA9B2
:10A4F000FD030091F35301A9F40300AAF30301AA99
:10A50000F55B02A9410000F0F60302AA004840F9F9
:10A5100021683C9155018052F5E0FF971F0040F201
:10A5200040008052B502801A804A40F9410000F094
:10A53000214C3B91EEE0FF97041C1C538400152A2C
:10A54000E30313AAE10316AAE00314AA020080524F
:10A550000DE3FF97600000341F080031E101005453
:10A56000804A40F902008052410000F021B43C9141
:10A57000F0DFFF97601A00B902008052410000F03E
:10A58000804A40F921143D91EADFFF97601E00B92F
:10A59000C000003400008052F35341A9F55B42A98A
:10A5A000FD7BC3A8C0035FD6804A40F902008052F9
:10A5B000410000F021F83C91DEDFFF97601E00B9FA
:10A5C000F5FFFF17E00301AA210040F9410000B4A4
:10A5D00025E2FF1720008052C0035FD6FD7BBCA997
:10A5E000FD030091F35301A9F30301AAF55B02A94E
:10A5F00055000012230040F9030100B5350600356F
:10A60000B4048012F55B42A9E003142AF35341A974
:10A61000FD7BC4A8C0035FD6632240B9411C001271
:10A62000D50000348301003463040011632200B9B3
:10A63000340E8012F4FFFF177F040071A90000544C
:10A6400063040051F4018012632200B9EEFFFF178A
:10A6500003FFFF34F60300AAE00313AAE13F00B9A9
:10A6600010E2FF97F403002AE0000034C10640F92D
:10A67000400000F0E23F40B900543D9133CFFF97D6
:10A68000E1FFFF1715010035601E40B9600000347E
:10A69000E003002AACCAFF97602240B900040051D1
:10A6A00007000014601A40B960000034E003002A7B
:10A6B000A5CAFF97602240B900040011602200B9CA
:10A6C00014008052D0FFFF17FD7BBDA9FD03009150
:10A6D000F30B00F9F30300AAE12F00B988DAFF9722
:10A6E000E22F40B9E10300AAE00313AAF30B40F9FB
:10A6F000FD7BC3A8BAFFFF17FD7BBEA9FD03009138
:10A70000F30B00F9F30300AA7DDAFF97E10300AA37
:10A71000E00313AAF30B40F9FD7BC2A8AAFFFF17C1
:10A72000FD7BBFA9FD0300917BDAFF97E00000B439
:10A73000010044293F00006BA10280120000811A31
:10A74000FD7BC1A8C0035FD6A0008012FDFFFF17EC
:10A75000FD7BBFA9FD0300916FDAFF97E00000B415
:10A76000018042293F00006BA10280120000811A83
:10A77000FD7BC1A8C0035FD6A0008012FDFFFF17BC
:10A78000FD7BBDA9FD030091F35301A9F30300AACA
:10A79000F51300F95ADAFF97F50300AAE00313AAAC
:10A7A0005DDAFF97400200B461008052010000B9F9
:10A7B000410000F0342C0791604A40F9E10314AAEB
:10A7C0004BE0FF971F0040F2420000D042B82C91AE
:10A7D0004200949AE10315AAF51340F9E00313AA85
:10A7E000F35341A9FD7BC3A841FFFF17F51340F9BF
:10A7F000A0008012F35341A9FD7BC3A8C0035FD61C
:10A80000FD7BBFA9FD03009146DAFF97000840B920
:10A81000FD7BC1A81F000071E0079F1AC0035FD62F
:10A82000FD7BBDA9FD030091F35301A9F40300AA28
:10A83000F51300F9351C00123ADAFF97F30300AA6A
:10A84000E00314AA2EDAFF97F40300AA600240F98D
:10A850005501003658D4FF97610A40B92104001110
:10A86000610A00B900020034F51340F9F35341A91D
:10A87000FD7BC3A8C0035FD65CD4FF97610A40B9D3
:10A8800021040051610A00B900FFFF35801E40B964
:10A8900060000034E003002A2BCAFF9700008052BA
:10A8A000F2FFFF17801A40B9FAFFFF17FD7BBEA920
:10A8B000FD030091F35301A9F40300AA19DAFF97ED
:10A8C000F30300AA010080D2E00314AA24D5FF9765
:10A8D0001FFC3FB1600200F900209F1AF35341A909
:10A8E000FD7BC2A8C0035FD6FD7BBDA9FD0300911F
:10A8F000F30B00F9F30300AAE12F00B900DAFF9788
:10A90000E22F40B9E10300AAE00313AAF30B40F9D8
:10A91000FD7BC3A832FFFF17FD7BBEA9FD0300919D
:10A92000F30B00F9F30300AAF5D9FF97E10300AA9E
:10A93000E00313AAF30B40F9FD7BC2A822FFFF1727
:10A94000FD7BBDA9FD030091F35301A9F303012A87
:10A95000F51300F9F50300AAE9D9FF97011440F9AE
:10A96000610300B4014840B93F00136B6102005419
:10A97000014040B93F00007100A00091F4079F1A08
:10A98000E103142A47E1FF97F303002AC0000034D3
:10A99000A10640F9400000F0E203142A00543D9162
:10A9A0006ACEFF97F51340F9E003132AF35341A948
:10A9B000FD7BC3A8C0035FD6014C40B93F00136BB9
:10A9C000A1000054014440B9EBFFFF17B30480120B
:10A9D000F5FFFF17B3028012F3FFFF17FD7BBEA93F
:10A9E000FD030091F35301A9F40300AAC4D9FF9712
:10A9F000F30300AA001440F9200200B4E00314AAF3
:10AA0000C5D9FF97018042293F00006BCC0100545B
:10AA100060A2009114E1FF97614240B93F00006BD2
:10AA2000A1000054604A40B9F35341A9FD7BC2A87C
:10AA3000C0035FD6604E40B9FCFFFF17A004801230
:10AA4000FAFFFF17A0028012F8FFFF17FD7BBCA9D9
:10AA5000FD030091F35301A9F40300AAF55B02A9D9
:10AA6000A7D9FF97F30300AAE00314AAAAD9FF9776
:10AA7000C00500B481008052010000B963A20091BA
:10AA8000E00314AA4400805202008052410000F00A
:10AA9000212C0791BCE1FF97560000F0804A40F955
:10AAA000C1163F91F8DEFF978003F837007C409392
:10AAB000E2C300911F4C00F1C1163F9115FC42D337
:10AAC000800080D2B592809A804A40F9A37E40935C
:10AAD00000DFFF972002F83775010034E03340B9FA
:10AAE000604A00B9E03740B9604200B9BF0A00715E
:10AAF000AD000054E03B40B9604E00B9E03F40B9C2
:10AB0000604600B9420000F0E10313AA42303F91D1
:10AB1000E00314AA76FEFF97F35341A9F55B42A91F
:10AB2000FD7BC4A8C0035FD6A0008012FBFFFF1707
:10AB3000FD7BBDA9FD030091F35301A9341C001254
:10AB4000F30300AAF51300F9010040F9353440F988
:10AB50009F2A007161000054A1018052F5FFFF9708
:10AB6000A20A40F9E103142AE00313AA40003FD6E9
:10AB70001F2C003160FFFF54F51340F9F35341A936
:10AB8000FD7BC3A8C0035FD6010040F9213440F922
:10AB9000220040F9820000B4417640B9F00302AAD5
:10ABA00000021FD600008052C0035FD60000805212
:10ABB000C0035FD6E103002A400E40F9400000B414
:10ABC000DCFFFF17C0035FD6FD7BBEA9FD0300912C
:10ABD000F35301A9540E40F9540100B5F35341A9B0
:10ABE000FD7BC2A8C0035FD673060091E00314AAE0
:10ABF000D0FFFF976102403981FFFF35F8FFFF1753
:10AC0000F30300AAFCFFFF17400E40F9000100B457
:10AC1000010040F9213440F9220040F9820000B4DB
:10AC2000417640B9F00302AA00021FD6C0035FD6E6
:10AC3000FD7BBDA9FD030091F35301A9530A40F91F
:10AC4000B30700B4E00313AA410000F021DC3F91F8
:10AC5000D8C5FF97F40300AAC00200B5E00313AA09
:10AC600061000090210C00915AC2FF97F403002A62
:10AC7000E2A30091E103142AE00D805255DDFF9715
:10AC800040030035E11740F9410E00F9810000B49E
:10AC9000411A40F9210078B2411A00F9DBFFFF9711
:10ACA00000008052F35341A9FD7BC3A8C0035FD6C7
:10ACB0004107805233C8FF97000100B40200144BD3
:10ACC000E10314AAE00313AA06C2FF97F403002AC3
:10ACD00000FDFF36E2FFFF17E00314AA33C8FF9719
:10ACE000E203002AF7FFFF179F020071ED010054F5
:10ACF000407A40F9E2A30091817E409304008052A3
:10AD0000030080D230DAFF9700010035E01740F9E8
:10AD100039D9FF971FBC017181000054E01740F939
:10AD2000B0D8FF9700FBFF3460000090002C00912A
:10AD30004CC9FF97E2A3009101008052E00D8052C0
:10AD400017DDFF9700FAFF34E2A300910100805263
:10AD5000E00D8052F8DCFF9760F9FF34E1A3009129
:10AD6000E00D805252DDFF97EFFFFF17FD7BBFA97B
:10AD7000FD030091EBD8FF97A0048012FD7BC1A8D2
:10AD8000C0035FD6FD7BBAA9FD030091F35301A96F
:10AD9000F40300AAF51300F9D9D8FF97F30300AA2A
:10ADA000E00314AA0ED9FF97F50300AAE00314AA42
:10ADB00077D9FF971F0400B1E0070054607E00A917
:10ADC0000200805261000090804A40F92188009181
:10ADD000D8DDFF97601A00B9020080526100009030
:10ADE000804A40F921B40091D2DDFF97601600B986
:10ADF0002200805261000090804A40F921DC0091DD
:10AE0000CCDDFF97601200B9601E40B9E00200354A
:10AE1000804A40F902008052410000D0214425912F
:10AE2000C4DDFF97601E00B900020035E2E3009127
:10AE3000E00314AA0100805283D2FF97400200353C
:10AE4000E0E300919AD2FF971F044031480000547C
:10AE5000601E00B9601E40B98000003500209C5281
:10AE6000A0BEA072601E00B9BF060071E102805250
:10AE7000E00080520010811A602200B90000805268
:10AE800009000014029800115F900071C80000547E
:10AE900021008092E1FEBFF2E1FDDFF22128C29A9B
:10AEA000A1FD0736F51340F9F35341A9FD7BC6A870
:10AEB000C0035FD6A0028012FBFFFF17030040F91A
:10AEC000021880B9001440B94200038B2120C01A37
:10AED000217C4093406861B8C0035FD6FD7BBFA969
:10AEE000FD0300918FD8FF97040C40F9A100805218
:10AEF000E00304AAF2FFFF97A0000036FD7BC1A883
:10AF0000E00304AA01008052EDFFFF174001801208
:10AF1000FD7BC1A8C0035FD6FD7BBEA9FD030091E8
:10AF2000F30B00F9331C00127ED8FF97000C40F998
:10AF3000A1008052D3000036E1FFFF97000000120D
:10AF4000F30B40F9FD7BC2A8C0035FD6DCFFFF977F
:10AF5000001445D300000052FAFFFF17030C40F91C
:10AF6000640040F9601880B9631440B90000048B94
:10AF70002120C31A217C4093026821B8C0035FD608
:10AF8000FD7BBEA9221C0012FD030091E21F00B947
:10AF900064D8FF97E40300AAA1008052000C40F996
:10AFA000C7FFFF9780012836E21F40B9E00304AADB
:10AFB00001008052EAFFFF975F2800718000005473
:10AFC00000008052FD7BC2A8C0035FD6F1ABFF97A3
:10AFD000FCFFFF1740018012FBFFFF17FD7BBEA99E
:10AFE000FD030091E11F00B94ED8FF97E11F40B962
:10AFF00023041E1222041C127F3000714008507A74
:10B0000081010054210400123F0C00712001005402
:10B01000220000F042882B914248E13861008052C2
:10B02000CFFFFF9700008052FD7BC2A8C0035FD610
:10B0300060418012FDFFFF17FD7BBFA9E50300AA59
:10B04000E703012AFD03009161008052000C40F9E2
:10B050009BFFFF97E603002A02001932610080522D
:10B06000E00305AABEFFFF97E00305AAE21C001259
:10B0700001008052BAFFFF97E00305AAE23C48D3E3
:10B0800021008052B6FFFF97FD7BC1A8C27818123D
:10B09000E00305AA61008052B1FFFF17FD7BBEA946
:10B0A000FD030091E11F00B91ED8FF97030C40F982
:10B0B000E11F40B9631C40B9226C1C53216C1D5325
:10B0C0002100030B2108C21ADCFFFF970000805209
:10B0D000FD7BC2A8C0035FD6E50300AAE603012AF0
:10B0E000FD7BBFA9FD030091A00C40F9A100805297
:10B0F00073FFFF97A0FF3736E00305AA02008052D6
:10B100002100805296FFFF97E00305AA620080525B
:10B110008100805292FFFF97A00C40F941008052BD
:10B12000022040B9E00305AA8DFFFF97620080521C
:10B13000E00305AAE103022A89FFFF97DF0400313B
:10B14000A0000054FD7BC1A8E103062AE00305AA84
:10B15000BAFFFF17FD7BC1A8C0035FD6FD7BBDA969
:10B16000FD030091F35301A9F40300AAE4D7FF976C
:10B17000E00314AAEBD7FF97E1830091F30300AA41
:10B18000E00314AA2212009460000035E0830091CD
:10B19000C1110094E00314AAD9D7FF97600E00F9FB
:10B1A00001008012E00313AACCFFFF970000805239
:10B1B000F35341A9FD7BC3A8C0035FD6FD7BBDA9A6
:10B1C000FD030091F35301A9F40300AAF55B02A962
:10B1D000F603022A020040F9553440F9A31640F95B
:10B1E000030200B460003FD6F303002AE0010034FC
:10B1F000400000F000BC0291E303132AF40200B403
:10B20000810A40A9210040F950CCFF97E003132A9E
:10B21000F35341A9F55B42A9FD7BC3A8C0035FD6E8
:10B22000B3028012F3FFFF17A31A40F9230100B401
:10B23000E103162AE00314AA60003FD6F303002AB4
:10B2400060FEFF34400000F000440391EBFFFF1765
:10B25000B3028012FCFFFF17420000B0410000B0B3
:10B2600042002591212C2591E8FFFF17FD7BBEA907
:10B27000FD030091F35301A9F30300AAA3D7FF979D
:10B28000F40300AAE00313AAACD7FF97130000F958
:10B2900002018052810A40B9010800B9810E40B90B
:10B2A0000188012900008052F35341A9FD7BC2A807
:10B2B000C0035FD6FD7BBEA9FD030091F35301A936
:10B2C000F40300AA9AD7FF97F30300AA0200805262
:10B2D000804A40F9410000F021C8039195DCFF97B6
:10B2E000600200B900008052F35341A9FD7BC2A85F
:10B2F000C0035FD6FD7BBCA9FD030091F35301A9F8
:10B30000F40300AAF55B02A9161840F9C00240F93F
:10B31000153440F9E00316AA85D7FF97F30300AA76
:10B32000E00314AA85D7FF9700084129610240B9BC
:10B3300001030034600000343F00006B2190801A4C
:10B34000600640B91F00016B81000054600A40B9DB
:10B350001F00026BE0000054E00316AAE10B07296E
:10B3600097FFFF9720020035E10B4729618A0029EA
:10B37000A10240F9810100B4F55B42A9E00314AADF
:10B38000F35341A9F00301AAFD7BC4A800021FD614
:10B390001F00007101D490522100A0720110811A87
:10B3A000E8FFFF1700008052F35341A9F55B42A963
:10B3B000FD7BC4A8C0035FD6011840F9210040F905
:10B3C000213440F9210440F9610000B4F00301AADE
:10B3D00000021FD6C0035FD6051840F9A62040F929
:10B3E000C60440F9C60840B9DFD00171E10000543D
:10B3F000A50040F9A53440F9A50C40F9A50000B41A
:10B40000F00305AA00021FD6C00B8012C0035FD64E
:10B41000A0048012FEFFFF17000040F9B6FFFF17DF
:10B42000000040F9E5FFFF17000040F9EBFFFF17B0
:10B43000FD7BBFA9FD03009134D7FF97800000B4C6
:10B44000000040B9FD7BC1A8C0035FD62000801278
:10B45000FDFFFF17FD7BBCA9FD030091F35301A97C
:10B46000F40300AAF55B02A9F50302AAF603012A78
:10B47000020040F9423440F9431C40F9E30200B4B1
:10B48000E2C3009160003FD6F303002A600200345B
:10B49000400000F0E403132A00100491E303162A8D
:10B4A000340100B4810A40A9210040F9A7CBFF97DD
:10B4B000F55B42A9E003132AF35341A9FD7BC4A81D
:10B4C000C0035FD6420000B0410000B042002591A9
:10B4D000212C2591F6FFFF17E1E30091E00314AA68
:10B4E00019D7FF97E01F40F9600000B553028012A2
:10B4F000F0FFFF1705D7FF97000040B91F00166B3C
:10B50000A1000054E01F40F913008052A00200F98E
:10B51000E8FFFF17E0E3009113D7FF97F2FFFF1753
:10B52000FD7BB9A9FD030091F35301A9F55B02A9C5
:10B53000F503022AF60307AAE2830191F76303A940
:10B54000F803032AF70306AAF96B04A9F903012AF1
:10B55000FA0304AAE103002AFB7305A9FB03002AEE
:10B56000FC0305AA800E80520DDBFF97E00100343A
:10B57000F303002AE203002AE1031B2A400000F043
:10B58000008C049171CBFF97F55B42A9E003132A6D
:10B59000F35341A9F76343A9F96B44A9FB7345A988
:10B5A000FD7BC7A8C0035FD6E03340F9E2A3019159
:10B5B000E103192AA8FFFF97F303002A5F0300F1B4
:10B5C0000018533A61070054E03340F9E3A30191B6
:10B5D000E2031CAAE1031AAAF8D7FF97F303002A93
:10B5E00040FDFF35E03740F9C8D6FF97190000B994
:10B5F000F40300AAF5030034E003152A8062012950
:10B60000E03740F9018840B90101003775D6FF974E
:10B61000F303002AA0FBFF35E03740F9C7D6FF97B8
:10B62000E13740F9010000F9E03740F9C3D6FF9750
:10B63000F90300AAE03340F9BDD6FF97FA0300AA48
:10B64000000440B920060034B5060035940000B46B
:10B65000800E40B91F00186BA1060054E03340F97A
:10B66000E00200F913008052D90200F9C7FFFF176A
:10B67000E13340F9400000F0830C8052009C0591BA
:10B68000E10000B4210840A9210040F92FCBFF9729
:10B6900000D490522000A072D9FFFF17420000B0E2
:10B6A000410000B042002591212C2591F8FFFF17A1
:10B6B00020020034E13340F9400000F0E503132A92
:10B6C00000F00491E403192AE3031B2AA10000B44B
:10B6D000210840A9210040F91CCBFF97ABFFFF17C1
:10B6E000420000B0410000B042002591212C25917C
:10B6F000FAFFFF17E03740F940F8FFB483D6FF9711
:10B70000F40300AABFFFFF17E00319AA43FFFF9746
:10B71000F303002AA0F9FF349CFFFF17400740B94C
:10B7200060F9FF341F00156B20F9FF54E03340F936
:10B73000E203182AE103152AA1FEFF97F303002A6A
:10B74000E0F8FF34E00319AA36FFFF978FFFFF17D9
:10B75000FD7BBDA902008012FD030091F35301A9F6
:10B76000F40300AAF55B02A9F60301AA410000B0A8
:10B77000004840F921BC2D916EDBFF97C00200B953
:10B7800002D49052410000F0804A40F92200A07299
:10B7900021C8039167DBFF97C00A00B9410000F0A0
:10B7A00021540691804A40F951DCFF97151C001284
:10B7B000804A40F9410000F0217806914CDCFF9767
:10B7C000131C0012804A40F9410000F0219C0691B0
:10B7D00047DCFF97001C1E531504152A410000F09A
:10B7E000804A40F921CC0691B502132A40DCFF972C
:10B7F000131C0012804A40F9410000F021F4069128
:10B800003BDCFF97001C19531310132A410000F072
:10B81000804A40F97302152A213407912200805290
:10B8200044DBFF971F100071000300541F200071BC
:10B83000000300541F0800714100005473021732C6
:10B84000804A40F9410000F022008052217807919F
:10B8500038DBFF971F100071000200541F20007199
:10B86000000200541F08007141000054730214329A
:10B87000D30E00B900008052F35341A9F55B42A9F1
:10B88000FD7BC3A8C0035FD673021632EDFFFF171E
:10B8900073021232EBFFFF1773021332F5FFFF172B
:10B8A00073021132F3FFFF17FD7BBEA9FD03009168
:10B8B000F30B00F9F30300AA14D6FF97614A40F98D
:10B8C000C100F8B7E10300AAE00313AAF30B40F9A3
:10B8D000FD7BC2A89FFFFF17F30B40F900008052C9
:10B8E000FD7BC2A8C0035FD6FD7BBDA9FD0300910F
:10B8F000F30B00F9E12F00B90AD6FF97F30300AA72
:10B90000000440F979020094600640F9E12F40B943
:10B91000A40200946086423960000036600640F957
:10B9200078020094600640F96A020094F30B40F933
:10B9300000008052FD7BC3A8C0035FD623084039B6
:10B94000E20301AAE30100362120403961000034FE
:10B9500041284039210100364160403961000034FE
:10B9600041684039A1000036412840B981010034C6
:10B97000418440394101003700008052C0035FD646
:10B9800023284039A3FF07372368403963FF07376F
:10B990002284403922FF07371C060014E10302AA63
:10B9A000FC050014FD7BBFA9FD030091DDD5FF97C9
:10B9B000003C40F9A00000B4FD7BC1A8010840B9DB
:10B9C000000040F9C70F001400008052FD7BC1A8A1
:10B9D000C0035FD6FD7BBAA9222080D2E213C0F259
:10B9E000FD030091FF7F02A9E21300F9E20300B218
:10B9F000FF7F04A9E22300F962008052FF7F05A9BE
:10BA0000F30B00F9F30300AAFF7F03A9E24B00B98F
:10BA1000E12B00F9E18300912203009480000035BE
:10BA2000E1830091E00313AA39030094F30B40F97A
:10BA3000FD7BC6A8C0035FD6FD7BBEA9FD030091B8
:10BA4000F35301A9F403012AB6D5FF97F30300AA23
:10BA5000010040B9000440F9E203142A3E020094B8
:10BA6000600640F9E203142A651A5229631251292B
:10BA7000610240B9F35341A9FD7BC2A86F020014D3
:10BA8000FD7BB9A9FD030091F35301A9F403012A39
:10BA9000F55B02A9F76303A9F96B04A9F90300AAEE
:10BAA000FB2B00F99FD5FF97150440B9F30300AABB
:10BAB00074000034BF02146BB592941A600640F90A
:10BAC0000A020094607640B98001F837E103152A34
:10BAD000E00319AAD9FFFF97600640F921008052C0
:10BAE000627640B90D020094600640F9140080525D
:10BAF000F80100941B000014606E40B91F00156B24
:10BB000000040054E00319AA86D5FF97F70300AAA2
:10BB100001488852E00319AAE101A072F80640F931
:10BB2000FF7F0D29C5FFFF97020080522100805240
:10BB3000E00318AAF9010094E00318AAE5010094B3
:10BB4000E1A30191E00317AAA3FFFF97F403002AE2
:10BB5000A0020034400000F0002C08916DA5FF9772
:10BB6000FB2B40F9E003142AF35341A9F55B42A9EA
:10BB7000F76343A9F96B44A9FD7BC7A8C0035FD64F
:10BB8000606640B91F00156BE1FBFF54746A40B951
:10BB9000E00319AA27FEFF979F02006B41FBFF54A9
:10BBA000D2FFFF171B008012FA031B2A16008052D7
:10BBB000E103152AE00319AAA0FFFF97E00318AAE2
:10BBC000CA010094E203162A21008052E00318AA59
:10BBD000D2010094E00318AABE010094E1B30191E0
:10BBE000E00317AA7CFFFF97F403002A40FBFF3510
:10BBF000E1034D295F070031C10100541F00016BB3
:10BC00007B03961ADA029A1AD6060011DF420071F7
:10BC100061FDFF545F07003121010054400000F036
:10BC20009400801200A808913AA5FF97CDFFFF1756
:10BC30003F00006B00020054DB060051E00318AA2D
:10BC40005A031B0BA901009442008052E00318AA7A
:10BC500021008052420FC21AB0010094F56600B96B
:10BC6000E00319AAF3FDFF97E06A00B9756E00B909
:10BC70009EFFFF17FB03162AE4FFFF170000805208
:10BC8000C0035FD6FD7BBDA9FD030091F35301A95D
:10BC9000F30301AAF55B02A9F50300AA000040F92D
:10BCA000001840F91FD5FF97F40300AA160440F9C5
:10BCB000A00240F9DFFDFF97E103002A82824239AA
:10BCC000E00316AAC8010094612640B960224039F9
:10BCD0003F04007121020054611A40F9610500B46B
:10BCE00000040034602A40B91F200071680000542D
:10BCF000809A40B960030036E10313AAE00314AA56
:10BD00000F03009460050034F35341A9F55B42A989
:10BD1000FD7BC3A8C0035FD680030034601A40F9DE
:10BD2000400300B4602A40B91F200071680000542D
:10BD3000809A40B9A0020036E10313AAE00314AAD6
:10BD4000D003009420FEFF35F55B42A9E10313AA5E
:10BD5000E00314AAF35341A9FD7BC3A80C0400140B
:10BD6000E10313AAE00314AA4E020094E0FCFF359D
:10BD7000F55B42A9E10313AAE00314AAF35341A916
:10BD8000FD7BC3A862020014E10313AAE00314AA16
:10BD9000AB020094A0FBFF35F55B42A9E10313AAB7
:10BDA000E00314AAF35341A9FD7BC3A8A502001424
:10BDB000808A4239E10313AAC0000036F55B42A92C
:10BDC000E00314AAF35341A9FD7BC3A8ACFFFF17FE
:10BDD000F55B42A9E00314AAF35341A9FD7BC3A874
:10BDE0001303001400008052C0035FD6000080528D
:10BDF000C0035FD6FD7BBAA9FD030091F35301A9EF
:10BE0000F51300F9F50300AABDD4FF97F40300AAC7
:10BE1000E00315AAC3D4FF97F30300AA800640F9F4
:10BE2000600600F9800A40F9600A00F98052413941
:10BE3000608A02398062403960820239801E40B9CE
:10BE4000601A00B9802240B9601E00B9802640B94E
:10BE5000602200B9803640B9607600B9801640F99A
:10BE6000601600F9800240B9600600B9803A40B916
:10BE7000608200B9803E40B9608600B9804240B916
:10BE8000608A00B9804640B9608E00B9804A40B9E6
:10BE9000609200B9804E40B9609600B9805240B9B6
:10BEA000609A00B9600240B900010035E2E30091F8
:10BEB000E00315AA0100805263CEFF9720040034EE
:10BEC000C590FF97600200B9E00315AAEF0E009439
:10BED000603E00F9400000B46F0E0094606240B90B
:10BEE000A0000035E00313AA7F01009420008052D7
:10BEF000606200B9610240B9E03F99D24073A7F295
:10BF00002000008B0008C19A41068052007C011B72
:10BF1000410000F0607200B921380991E00315AAD0
:10BF2000BFD4FF9740010036E00315AAAEFFFF978C
:10BF3000F51340F9F35341A9FD7BC6A8C0035FD6B2
:10BF4000E0E300915ACEFF97DFFFFF17E00315AA49
:10BF5000A7FFFF97F7FFFF17FD7BBFA9FD03009128
:10BF6000019040B9400A40F9BBBBFF971F00007128
:10BF700000A09F5AFD7BC1A8007C4093C0035FD600
:10BF8000FD7BBDA9FD030091F35301A9F40300AAB1
:10BF9000F51300F95AD4FF97F30300AAE00314AA9B
:10BFA00060D4FF97F50300AA01008052E00314AAB1
:10BFB00003D5FF97600600F962A20091210080522C
:10BFC000E00314AAEAD4FF97600A00F9410000F0E8
:10BFD000217C0991804A40F945DAFF976062003977
:10BFE00002108052410000F0804A40F921C80991B6
:10BFF00050D9FF97601E00B982008052410000F0C6
:10C00000804A40F921080A914AD9FF97602200B975
:10C0100002008052410000D0804A40F921480A9134
:10C0200044D9FF97602600B9611640F9E05B40B241
:10C030003F0000EB6900005420008052A0860239C6
:10C04000804A40F9410000D0219C0A9128DAFF97EC
:10C0500060520139E00314AAC0FFFF97F50300AA5C
:10C060002001F8B6400000D000CC0A91B7C8FF9775
:10C0700040028012F51340F9F35341A9FD7BC3A898
:10C08000C0035FD602249452410000D0E200A072A7
:10C0900021C8039127D9FF97600200B9022080527E
:10C0A000E00315AA410000D021880B9121D9FF9708
:10C0B000603A00B902028052E00315AA410000D0A4
:10C0C00021B00B911BD9FF97603E00B90219805235
:10C0D000E00315AA410000D021DC0B9115D9FF9790
:10C0E000604200B9E21F8052E00315AA410000D06F
:10C0F00021140C910FD9FF97604600B9820280523B
:10C10000E00315AA410000D0214C0C9109D9FF97FA
:10C11000604A00B982028052E00315AA410000D0B3
:10C1200021840C9103D9FF97604E00B9410000D0E3
:10C1300021BC0C9102008012E00315AA06D9FF97DA
:10C14000603600B9E00314AA25D4FF97000440B973
:10C15000605200B900008052C7FFFF1702604039EB
:10C16000211C00122201003403644039E300003432
:10C17000000180520008C31A007C021B41000036F7
:10C18000007C0153C0035FD600008052FEFFFF1702
:10C19000FD7BBDA9FD030091F35301A9F40300AA9F
:10C1A000000080D2F55B02A99EC3FF97F60300AAA8
:10C1B000130080D2F57082D2E00316AA99C3FF97CC
:10C1C0001F0015EB49010054017182D2400000D0DC
:10C1D000009C0D915DC8FF9700008052F35341A968
:10C1E000F55B42A9FD7BC3A8C0035FD669A7FF9793
:10C1F000800240B9BF3F03D5C000F83673060091F6
:10C200007F0E00F1A1FDFF5420008052F4FFFF17C4
:10C21000130080D2E9FFFF17421C1053211C145356
:10C220002100022A001C18532000002AC0035FD6F8
:10C2300022084039E20100362220403962000034F1
:10C240002228403962010036222840B962010034B8
:10C2500022844039420000120298023923044039F6
:10C260007F200071E900005460418012C0035FD656
:10C2700002008052F9FFFF1722008052F7FFFF17DC
:10C28000220000D042C02A914358E378E3FEFF37F2
:10C29000038C0239232440397F20007168FEFF544B
:10C2A0004358E37823FEFF37039002392180403959
:10C2B0003F200071A8FDFF544158E17861FDFF3730
:10C2C0000194023900008052E9FFFF17C0035FD6D6
:10C2D000010040B9BF3F03D521000032BF3F03D565
:10C2E000010000B9C0035FD6010040B9BF3F03D5CC
:10C2F00021781F12BF3F03D5010000B9C0035FD6EC
:10C30000010040B9BF3F03D521001932BF3F03D51B
:10C31000010000B9C0035FD6FD7BBFA9E603012A77
:10C32000FD030091F1FFFF97031040B9BF3F03D514
:10C3300065000032DF00007163781F126300851A08
:10C34000430C1F33BF3F03D5FD7BC1A8031000B9C9
:10C35000E0FFFF17FD7BBFA925040051FD030091FD
:10C36000E2FFFF97040040B9BF3F03D541781F5358
:10C37000A204020B846C09124208C11AE101805226
:10C38000420400515F3C00714290811A824C022AA3
:10C39000BF3F03D5FD7BC1A8020000B9CDFFFF1749
:10C3A000FD7BBFA9E30300AAE203012AFD0300917C
:10C3B000CEFFFF97000040B9BF3F03D500741D12A8
:10C3C0004200083600001F3242001E534200002A7D
:10C3D000BF3F03D5FD7BC1A8620000B9E00303AAFB
:10C3E000BCFFFF17FD7BBFA9E503012AE40300AAF8
:10C3F000FD030091BDFFFF97030040B9BF3F03D588
:10C400000201003463001732A30C1633BF3F03D57B
:10C41000FD7BC1A8830000B9E00304AAADFFFF17AC
:10C4200020008052637816120020C51AE003202AEB
:10C43000050C0012F5FFFF17FD7BBFA9E903012AD8
:10C44000E83F9952FD0300914873A772E70300AAE1
:10C45000A6FFFF972001080B4800080B0108C91A26
:10C460000209C21A2000020B1F00036B480000548F
:10C470006300004B0004010B1F00056B48000054D3
:10C48000A500004B200400517F00026B8404005182
:10C49000C6040051A500000B6320821A8400010B22
:10C4A000C600010B6300000BA508C11A8408C11A5D
:10C4B000C608C11AA51C18536308C11A841C10535E
:10C4C000C61C00128400062AA360032A8400032AE3
:10C4D000BF3F03D5FD7BC1A8E40C00B9E00307AA68
:10C4E0007CFFFF17FD7BBFA9E20300AAFD030091BB
:10C4F000000440F97DFFFF97400440F9011440B962
:10C50000BF3F03D5400C502921340A12633C10531D
:10C510006010002A0000012ABF3F03D5410440F902
:10C52000201400B9BF3F03D5400440F91F2400B9CF
:10C53000401840B9007C0153BF3F03D5410440F986
:10C54000201800B9BF3F03D5400440F91F4400B98B
:10C55000FD7BC1A8400440F95EFFFF17FD7BBEA92B
:10C56000FD030091F35301A9F30300AABF3F03D5D4
:10C57000019000B921000032BF3F03D5F4E184529D
:10C58000019000B9609240B9BF3F03D5E001083681
:10C59000200080D294060051EBC2FF977DA6FF9742
:10C5A0009F06003101FFFF54400000D000600E9153
:10C5B00066C7FF9708000014BF3F03D500008052F4
:10C5C0007F9200B905000014E00313AAF1FEFF9763
:10C5D00040FFFF3580008012F35341A9FD7BC2A8C4
:10C5E000C0035FD6230040397F0800710102005468
:10C5F000030440F92108407963E040B9BF3F03D507
:10C60000E41F8052211C00128420C21A6300240AF5
:10C610002120C21A2100032ABF3F03D5000440F99C
:10C6200001E000B900008052C0035FD6A002801272
:10C63000FEFFFF17040440F9E60300AA631C001282
:10C64000850040B9BF3F03D5E3010036FD7BBFA99C
:10C65000FD030091E4FFFF97200100350020A85260
:10C66000A500002ABF3F03D5C00440F9050000B96A
:10C6700000008052FD7BC1A8C0035FD6A0028012DB
:10C68000FDFFFF170020A812A500000ABF3F03D539
:10C69000C00440F9050000B900008052C0035FD615
:10C6A000FD7BBFA9E70300AAE40301AAFD030091F3
:10C6B000E0FEFF9740020035E3984239E10304AA07
:10C6C000E00307AA02008052DBFFFF97E303002A82
:10C6D000A0010035E2944239E1904239E08C4239C0
:10C6E000CEFEFF97BF3F03D5E10440F9200400B917
:10C6F000E003032AFD7BC1A8C0035FD6634180121B
:10C70000FCFFFF17A3028012FAFFFF17FD7BBCA9F5
:10C71000E50301AAE60300AAFD030091F35301A972
:10C72000F55B02A901984239A40840792000001263
:10C7300041000036847C0853841C00129FF0017174
:10C74000810000541F000071800180528410801A03
:10C75000E00305AA82FEFF971F7C00718806005443
:10C76000D60440F9841C0853B31840F9B52840B9E1
:10C7700040000034841C002AA1060051A02040394A
:10C7800021080C532100042A21000932E13F00B99D
:10C7900080010034A10840F9BF3F03D5C00440F92F
:10C7A000019400B9E03F40B9A12040392104005173
:10C7B000210410532100002A21000D32E13F00B96D
:10C7C000E00316AA66FFFF97F403002A4003003532
:10C7D000C0A240B9BF3F03D5BF1200718200805292
:10C7E000E1F30091A292821AE03F00B9E00313AA9C
:10C7F000B9C1FF97BF12007109010054C0A640B92A
:10C80000BF3F03D5A2120051E1F30091E03F00B910
:10C8100060120091B0C1FF97F55B42A9E003142AB2
:10C82000F35341A9FD7BC4A8C0035FD674418012B5
:10C83000FAFFFF1794008012F8FFFF1799FFFF1708
:10C84000FD7BBCA9E20300AAE00301AAFD0300915D
:10C85000F35301A9F55B02A9361840F93308407972
:10C86000342840B941984239550440F94100003616
:10C87000737E085301204039731E08534101003470
:10C88000030840F9BF3F03D5410440F9239400B9A0
:10C890000120403921040051210410533300132A90
:10C8A00073020D32419842392DFEFF971F7C0071B3
:10C8B0002804005440000034731E002AF40200349F
:10C8C0009F12007180060051E10316AA8200805277
:10C8D000000814538292821A1300132AE0F3009185
:10C8E0007DC1FF9773021132E03F40B9BF3F03D5CE
:10C8F000A0AA00B99F1200710901005482120051D0
:10C90000C1120091E0F3009173C1FF97E03F40B97D
:10C91000BF3F03D5A0AE00B9E103132AE00315AA77
:10C920000FFFFF97F35341A9F55B42A9FD7BC4A814
:10C93000C0035FD6C00B8012FBFFFF17FD7BBFA9B2
:10C94000E70300AAE80301AAFD030091296040392A
:10C9500038FEFF97A000003465418012E003052AED
:10C96000FD7BC1A8C0035FD6E3984239E10308AA62
:10C97000E00307AA020380522FFFFF97E503002A76
:10C9800020050035E12040B9BF3F03D5E00440F960
:10C99000011C00B9E0984239040940794000003692
:10C9A000847C0853E1904239841C0012E29442399D
:10C9B000E08C423919FEFF978400002A010940F9F2
:10C9C000BF3F03D5E00440F9016800B90901003414
:10C9D000E1984239E00308AAE1FDFF971F7C00714E
:10C9E000C8FBFF54400000348460002ABF3F03D5D9
:10C9F000E00440F9040400B9E00440F9011440B92E
:10CA0000BF3F03D500214039216C1C1200040051A6
:10CA10000000012ABF3F03D5E10440F9201400B90A
:10CA2000CFFFFF17A5028012CDFFFF17FD7BBCA92A
:10CA3000FD030091F35301A9F40300AA20008052E2
:10CA4000F55B02A9F71B00F9330840F9351840F9E6
:10CA5000362840B91EFEFF9780864239E003003633
:10CA6000811640F96042368BE203162A1F0001EB63
:10CA700042030054800A40F90000138B620000B4A6
:10CA80001F0840F2A1010054010080D23F0002EBD8
:10CA9000C1010054800640F9BEFDFF97800B0035B0
:10CAA00080008012F71B40F9F35341A9F55B42A9BE
:10CAB000FD7BC4A8C0035FD601144038420400D1F6
:10CAC000A1160038EEFFFF1703686138A36A21380A
:10CAD00021040091EEFFFF17BF3F03D5800640F908
:10CAE000166C00B9BF3F03D5800640F92100805283
:10CAF000016000B916020035930640F9000080D2AB
:10CB000048C1FF97F50300AA606240B9BF3F03D553
:10CB100020092837E00315AA42C1FF971F2800F11A
:10CB200028080054200080D287C1FF9719A5FF97DD
:10CB3000F6FFFF1717E28452800640F9132C40B924
:10CB4000BF3F03D5733E007201020054200080D223
:10CB50007DC1FF970FA5FF97F7060071E1FEFF5417
:10CB6000400000D000FC0E91A10D8012F7C5FF9788
:10CB7000BF3F03D5800640F941008052016000B9F3
:10CB8000A00D8012C8FFFF17801E40B9820A40F92D
:10CB9000607E001B1F00166B0090961AA10640F2E3
:10CBA000610000541F0440F240020054E303002AD5
:10CBB000010080D23F0003EB41010054B542208BBD
:10CBC000D602004B800640F9132C40B9BF3F03D575
:10CBD000733E0012EFA4FF9793FDFF35C6FFFF17CA
:10CBE00044004039A46A213821040091F2FFFF1764
:10CBF000037C02533F0003EB20FEFF54440040B986
:10CC0000A47A21B821040091FBFFFF170000805295
:10CC1000A5FFFF17400000D0A10D801200780F91F2
:10CC2000D3FFFF17400000D0A10D80120024109107
:10CC3000CFFFFF17BF3F03D5800640F901048052A4
:10CC4000016000B9000080D2950640F9F5C0FF9759
:10CC5000F30300AAA06240B9BF3F03D5C0F12F364D
:10CC6000E00313AAEFC0FF971F2800F148FDFF540F
:10CC7000200080D234C1FF97C6A4FF97F6FFFF17AC
:10CC8000FD7BBFA9E70300AAE80301AAFD03009109
:10CC900068FDFF9740070035E3984239E10308AA91
:10CCA000E00307AA0202805263FEFF97E303002A13
:10CCB000A0060035E12040B9BF3F03D5E00440F9AC
:10CCC000011C00B9E1984239000940794100003661
:10CCD000007C0853E2904239011C0012E094423972
:10CCE000424C14534040002A0000012ABF3F03D5A4
:10CCF000E10440F9200800B9E2944239E190423958
:10CD0000E08C423945FDFF97BF3F03D5E10440F970
:10CD1000200400B9010940F9BF3F03D5E00440F900
:10CD2000017800B9E098423900010036E00440F98A
:10CD3000003840B9BF3F03D500001232BF3F03D5D2
:10CD4000E10440F9203800B9E00440F9011440B989
:10CD5000BF3F03D500214039216C1C120004005153
:10CD60000000012ABF3F03D5E10440F9201400B9B7
:10CD7000E003032AFD7BC1A8C0035FD66341801294
:10CD8000FCFFFF17A3028012FAFFFF17FD7BBAA971
:10CD9000FD030091F35301A9F30300AA2000805280
:10CDA000F55B02A9F76303A9F96B04A9FB2B00F952
:10CDB000350840F9341840F9362840B944FDFF974A
:10CDC000609A4239F703162A6004003760864239B8
:10CDD00020040036601640F9A17E4092F542358B62
:10CDE000BF0200EB82030054600A40F90000018B8F
:10CDF000770000B41F0840F2E1010054010080D226
:10CE0000FF0201EB01020054600640F9E1FCFF97CC
:10CE1000E00C003580008012FB2B40F9F35341A950
:10CE2000F55B42A9F76343A9F96B44A9FD7BC6A84A
:10CE3000C0035FD681164038F70600D101140038D0
:10CE4000ECFFFF17826A61380268213821040091E3
:10CE5000ECFFFF17788240B99F0640F2C0040054EF
:10CE6000E00317AAD1A1FF97F50300AA400A00B476
:10CE7000E10314AAF40315AAE20317AA16C0FF9748
:10CE8000BF3F03D5600640F9167C00B9BF3F03D50C
:10CE9000600640F921008052F9FF9F52017000B9ED
:10CEA000017D80D2607240B9009C0F910008C19A48
:10CEB000A5C0FF9756020035740640F9000080D2E5
:10CEC00058C0FF97F60300AA807240B9BF3F03D550
:10CED000800A2837E00316AA52C0FF971F2800F1E6
:10CEE00088090054200080D297C0FF9729A4FF979B
:10CEF000F6FFFF17150080D2E2FFFF171F03166B26
:10CF0000000080D21793961A620A40F9E17E02531C
:10CF10001F0001EB61020054E1060072A1020054FF
:10CF20007A0640F9000080D23EC0FF97FB0300AABA
:10CF3000402F40B9BF3F03D51F00196B09030054B0
:10CF4000E0031BAA37C0FF971F2800F18803005495
:10CF5000200080D27CC0FF970EA4FF97F5FFFF173B
:10CF6000837A60B800040091430000B9E9FFFF171D
:10CF7000630A40F9E2767E928202028BE103012A83
:10CF8000000080D2446860380004009164000039D9
:10CF90001F0001EB81FFFF54E2FFFF179442378B24
:10CFA000D602174BFBA3FF97C3FFFF170000805269
:10CFB0009AFFFF176001801298FFFF17400000D012
:10CFC00000FC0E91A10D8012E0C4FF97BF3F03D576
:10CFD000600640F941008052017000B9750000B44C
:10CFE000E00315AAE8A0FF97A00D80128BFFFF17A2
:10CFF000400000D0A10D801200B81091F3FFFF1780
:10D0000055F0FFB4E00315AADFA0FF977FFFFF17DD
:10D01000400000B0A10D801200681191EBFFFF17D6
:10D02000BF3F03D5600640F901048052017000B98A
:10D03000000080D2760640F9FABFFF97F40300AAF9
:10D04000C07240B9BF3F03D5C0FD2F36E00314AA1C
:10D05000F4BFFF971F2800F1C8FCFF54200080D2C6
:10D0600039C0FF97CBA3FF97F6FFFF17211C0012D3
:10D07000421C00123F100071E0020054E80000540E
:10D080003F040071600300543F08007140010054E8
:10D0900060418012C0035FD63F200071A1FFFF54A2
:10D0A000420200361F0072F260418012E013801AC3
:10D0B000F9FFFF17C200003601C088521F00016A45
:10D0C00060418012E013801AF3FFFF1701009652AF
:10D0D000FBFFFF176200003601808852F8FFFF1740
:10D0E00001009452F6FFFF171F0071F2EFFFFF17C8
:10D0F00000008052E8FFFF17FD7BBFA9E30301AAF0
:10D1000022008052FD03009121044039040C40B9F3
:10D11000E003042AD6FFFF97400300356020403922
:10D12000C000003461244039E003042A2200805208
:10D13000CFFFFF976002003560604039C0000034C7
:10D1400061644039E003042A22008052C8FFFF973F
:10D1500080010035602440B980010034618040398D
:10D160001F080071E2179F1AE003042AC0FFFF970F
:10D170001F000071E0179F1AFD7BC1A8C0035FD696
:10D1800000008052FDFFFF1720008052FBFFFF17B9
:10D19000220440395F2000716100005422004039B0
:10D1A0000203003722204039C2000034220440F933
:10D1B00023E09FD24200038A5F0420F12002005442
:10D1C00022604039C2000034220C40F923E09FD293
:10D1D0004200038A5F0420F140010054222440B938
:10D1E0005F040071C9000054228040395F20007143
:10D1F00061000054222840B942000037BFFFFF17EA
:10D2000000008052C0035FD6230840396301003715
:10D21000232840392301003723684039E3000037D1
:10D2200023844039A3000037220040395F04007195
:10D2300041000054B1FFFF1700008052C0035FD6C9
:10D24000030040F9E20300AAE40301AA631840F9CD
:10D25000630040F9633440F9631040F9A30000B45F
:10D26000630440F9630000B4F00303AA00021FD670
:10D27000E10304AAE00302AAE4FFFF17FD7BBBA9B8
:10D28000FD030091F35301A9F40301AAF55B02A980
:10D29000F50300AAF76303A9F92300F9FF4300D1BE
:10D2A000020040F9421840F9420040F9563440F972
:10D2B000E4FFFF97C00C0036E00315AA57F8FF976C
:10D2C000F303002A0002F837C01240F9C00200B48C
:10D2D000020840F9820200B4E10314AAE00315AA8F
:10D2E00040003FD6F303002AA00000341F3008316D
:10D2F000C00B80126412407A60010054E00315AA4A
:10D3000048F8FF97BF030091E003132AF92340F97F
:10D31000F35341A9F55B42A9F76343A9FD7BC5A877
:10D32000C0035FD6802A40B980020034802640B90D
:10D33000961A40F91F04007120020054F70316AA40
:10D34000160080D280224039E303009193024039D5
:10D35000826240397302000B7302020B613E00913E
:10D3600021187C92FF6323EBE0000054FF4340D17F
:10D37000FF0302F9FCFFFF17160080D2170080D2CE
:10D38000F1FFFF17FF6321CBFF0300F93FFC0FF113
:10D3900049000054FF0302F9810A4079F9430091E2
:10D3A000E14300390005003401040051E4470091D5
:10D3B000860A40F921701D53030080D2C524C19A0A
:10D3C0008568233863040091212000511F00036BFE
:10D3D0006CFFFF5400040011820000342043208BB6
:10D3E000E11F8052A1BEFF97F80216AA6400805286
:10D3F0001F0300F161721D5384049F1AE20319AAEE
:10D4000084044092E00315AA030080D207F8FF9736
:10D41000F303002A80F7FF3538F7FFB4812A40B9BB
:10D42000E30316AAE20317AAE00315AA440080D278
:10D4300021701D53FDF7FF9720F6FF34F303002AF8
:10D44000B1FFFF1720008052E4FFFF1773418012E5
:10D45000ADFFFF17030040F9E40300AAE20301AAAD
:10D46000631840F9630040F9633440F9631040F9F0
:10D47000E30000B4650040F9650000B4F00305AABC
:10D4800000021FD6600840F9C00200B540204039B4
:10D49000410040392100000B406040392100000B61
:10D4A000801840B9A00000341F00016B62000054D6
:10D4B000A0028012C0035FD6458C4429BF040071CE
:10D4C00041010054801440B9800000341F00036BF8
:10D4D0000090831A402800B9402840B9A0FEFF34CC
:10D4E00000008052F4FFFF1780FFFF340000014B63
:10D4F000F7FFFF17202C40F9020080121F0800B927
:10D50000202C40F9020000B9202C40F9000040B95D
:10D510001F0C40F2010100540000009000C0209157
:10D5200002048052202800F900008052229400B9A1
:10D53000C0035FD60000009002028052009021914B
:10D54000F9FFFF17E2038052229000B9EAFFFF17AC
:10D5500000048052209400B90000009000F01F9158
:10D56000202800F900008052C0035FD6010C47A9B3
:10D57000049840B9029040B9847C0313630001CB46
:10D58000012C40F9847C4093252040B9060448A929
:10D59000210006CB210003CB630CC49A210CC49A52
:10D5A0004100014B4200054B5F00036B4230831A80
:10D5B000030080123F00026B2190821A4100003567
:10D5C000C0035FD6043C40F921040051029C80B99D
:10D5D0009F0002EBC0000054039840B9023840F9A4
:10D5E0007F2000714101005443004039022C40F972
:10D5F000436000B9029840B9043840F9427C0313F3
:10D6000082C0228B023800F9EDFFFF1743004079FA
:10D61000F7FFFF17030848A9012C40F9420003CB8C
:10D62000039840B9212440B9637C0313637C409381
:10D63000420CC39A3F00026B2130821A4100003530
:10D64000C0035FD6022C40F921040051044440F984
:10D65000436040B9029C80B99F0002EBC0000054B7
:10D66000049840B9024040F99F2000710101005424
:10D6700043000039029840B9034040F9427C03134B
:10D6800062C0228B024000F9EDFFFF1743000079D2
:10D69000F9FFFF17202840B92200A0521F40407117
:10D6A0000090821A202800B900008052C0035FD683
:10D6B000FD7BBEA9FD030091F30B00F9F303012AE2
:10D6C00098CEFF97136C00B900008052F30B40F91D
:10D6D000FD7BC2A8C0035FD6FD7BBDA9FD03009101
:10D6E000F35301A9F40300AAE12F00B984CEFF97F8
:10D6F000F30300AAE00314AA8ACEFF97042C40F992
:10D70000620240B9E12F40B99F0800B95F00016B88
:10D710004390811A4290811A048445A92108C29A33
:10D72000220080522104001121381F12811400B9F7
:10D73000012C40F9220800B9036800B900008052AA
:10D74000F35341A9FD7BC3A8C0035FD6FD7BBEA9EF
:10D75000FD030091F35301A9F40300AA68CEFF97DB
:10D76000F30300AAE00314AA13CFFF97600600F9A1
:10D77000A00000B5A0028012F35341A9FD7BC2A80E
:10D78000C0035FD6804A40F902249452E200A0729E
:10D79000410000B021C8039166D3FF97600200B931
:10D7A000410000B021001291804A40F950D4FF9707
:10D7B00020FE073700008052F0FFFF17FD7BBEA957
:10D7C000FD030091F30B00F956CEFF97013040B9ED
:10D7D000F30300AA001440F942080094A0000035A9
:10D7E000E00313AAF30B40F9FD7BC2A87FC8FF1723
:10D7F000F30B40F9FD7BC2A8C0035FD60284423917
:10D80000019840B921040051420476D3211000123E
:10D810002100022A02884239006C40B942047AD3BE
:10D82000000478D34000002A2000002AC0035FD6FD
:10D83000019840B90284423921040051420478D34E
:10D84000211070D32100022A02884239006C40B9AD
:10D8500042047CD300047AD34000002A2000002A2E
:10D86000C0035FD602844239019840B921040051B7
:10D87000420478D3210C00122100022A0288423986
:10D88000006C40B942047CD300047AD34000002AE3
:10D890002000002AC0035FD6FD7BBDA9FD030091D7
:10D8A000F35301A9F30300AAF51300F9F50301AA44
:10D8B0001CCEFF97E20300AAF40300AA01008052E5
:10D8C000E00313AAE0C7FF97F303002A0002003524
:10D8D000E00314AA38C8FF971F000071A10480124A
:10D8E0000410417A600000541F300831A101005437
:10D8F000E00314AAEEC7FF97A00200F9800000B56C
:10D90000B3028012E00314AA38C8FF97F51340F958
:10D91000E003132AF35341A9FD7BC3A8C0035FD6DC
:10D92000F303002AFAFFFF17FD7BBBA9FD0300915B
:10D93000F35301A9F55B02A9F50300AAF76303A954
:10D9400027CEFF97F70300AAE00315AAECCDFF97B7
:10D95000F30300AAE00315AAF2CDFF97F40300AA8F
:10D9600000018052E04F00B9600640F9802E00F9B6
:10D9700081820191600240B9806A00B9E00315AA72
:10D98000C6FFFF97F303002A60020035E00315AAE3
:10D99000E4CDFF9701A00091F80300AAE00315AAC7
:10D9A0001B080094F303002A200200341F300831C2
:10D9B0000418423AA0030054400000B0002812911D
:10D9C000E303132A950200B4A10A40A9210040F9FB
:10D9D0005EC2FF97F55B42A9E003132AF35341A906
:10D9E000F76343A9FD7BC5A8C0035FD600A30091E0
:10D9F000A9070094F303002A80010034001740F9BE
:10DA0000013340B9B7070094400000B000FC129108
:10DA1000ECFFFF17220000F0210000F042002591EA
:10DA2000212C2591EBFFFF17970600B4E10314AA00
:10DA3000E00315AAE0023FD6F303002AC0FCFF353D
:10DA4000802E40F9410000B0E233019121D01391C2
:10DA5000005C40B9A04A40F9B3D2FF97800100357D
:10DA6000E14F40B93F0C007189000054809640B9E5
:10DA70001F00016BC2000054400000B00008149168
:10DA800032C2FF9700018052E04F00B9E04F40B929
:10DA9000809A00B9802E40F99F8602391F0800B98C
:10DAA000802E40F91F2C00B920008052812E40F9B1
:10DAB000200800B9819240B9E1F8FF35812E40F984
:10DAC000201800B9812E40F9221840B95F00006B80
:10DAD000E1000054000400111F00047101FFFF5415
:10DAE000809200B93F1800B9BBFFFF171F040071F7
:10DAF00000109F1AFBFFFF17B3028012B6FFFF173B
:10DB0000C0035FD6FD7BBBA9FD030091F35301A9C0
:10DB1000F40301AAF55B02A9F76303A9F70300AABE
:10DB2000F92300F9FF4300D1000040F9362440B941
:10DB3000181840F9E00318AA7ACDFF9795024039EA
:10DB4000F30300AA80224039E1030091B502000BE3
:10DB500080624039B502000BB51E4092A03E009194
:10DB600000107C92FF6321EB80000054FF4340D102
:10DB7000FF0302F9FCFFFF17FF6320CBDF060071F4
:10DB80006000805200049F1AF9430091FF0300F9DE
:10DB900060860239E00313AA612A40F920003FD6CB
:10DBA000612E40F93F0800B9612E40F9200000B90C
:10DBB000DF060071A1000054612E40F9802A40B9AF
:10DBC00000040051200400B9612E40F92000805269
:10DBD000200800B9810A40792103003981224039A7
:10DBE000A10100342004005123070091850A40F967
:10DBF00000701D53020080D2A424C09A64682238A9
:10DC000042040091002000513F00026B6CFFFF5462
:10DC100020040011826240398200003420C3208B2E
:10DC2000E11F805291BCFF97E00240F93503158B4C
:10DC300001008052B3FFFF97795607A97F7E08A99C
:10DC4000610247A93F0000EBE1020054951A40F938
:10DC5000DF060071A1060054754200F9802A40B920
:10DC6000A002008B604600F9E00240F9F1F5FF9751
:10DC7000D622C01A602E40F9161000B9610248A9D8
:10DC80003F0000EB6101005414008052602E40F907
:10DC9000210080521F1000B9E00240F999FFFF9760
:10DCA00013000014E00313AA31FEFF97E5FFFF17EE
:10DCB000E00313AA58FEFF97604240F91F0015EBDE
:10DCC00001030054602E40F9003440B980FD1F3636
:10DCD000400000B000941491B80100B4010B40A9B9
:10DCE000210040F99400801298C1FF97BF03009172
:10DCF000E003142AF92340F9F35341A9F55B42A943
:10DD0000F76343A9FD7BC5A8C0035FD6220000F0DE
:10DD1000210000F042002591212C2591F2FFFF17F0
:10DD2000F50300AAD6FFFF17753A00F9802A40B91B
:10DD3000B502008B753E00F9E00313AA0CFEFF97B5
:10DD4000E00240F9BBF5FF97210080522120C01A64
:10DD5000602E40F9011000B9610247A93F0000EBB5
:10DD6000A1020054CEBCFF9714D0439194020991B4
:10DD7000602E40F9002840B9BF3F03D5400010365F
:10DD800040F80736C6BCFF979F0200EB25FFFF5403
:10DD9000602E40F9002840B9BF3F03D5A100805252
:10DDA0000000010A1F10007100F7FF54B40D80122B
:10DDB000B7FFFF17E00313AAEDFDFF97E7FFFF177B
:10DDC000FD7BBCA9FD030091F35301A9F403012AD3
:10DDD000F55B02A9F50300AAF60303AAF76303A9FA
:10DDE000F70302AAF80304AA001840F9CDCCFF9764
:10DDF0009F0A40F260020054400000B000041591F8
:10DE0000750100B4A10A40A9210040F91300801255
:10DE10004EC1FF97E003132AF35341A9F55B42A9D2
:10DE2000F76343A9FD7BC4A8C0035FD6220000F0BE
:10DE3000210000F042002591212C2591F4FFFF17CD
:10DE4000F30300AA98000036E00315AA01008052EF
:10DE50002CFFFF97DF0200F1E41A40FA810700541B
:10DE6000DF0200F1E0079F1A00781F53612A40F992
:10DE700060860239E00313AA20003FD6817E035357
:10DE8000619E00B9E242218BC142218B760608A92E
:10DE9000612E40F9770A07A93F0800B9612E40F9C1
:10DEA000220040B91F00026B40000054200000B95E
:10DEB000E00315AA5FF5FF97622E40F9210080521A
:10DEC0002020C01A401000B9602E40F9010800B9A6
:10DED000E00313AAA6FDFF97CFFDFF97600648A9B0
:10DEE0003F0000EB68FFFF546DBCFF9714D04391D7
:10DEF00094020991602E40F9002840B9BF3F03D534
:10DF0000400010368001003665BCFF979F0200EB91
:10DF100025FFFF54602E40F9002840B9BF3F03D5CC
:10DF2000A10080520000010AB30D80121F10007181
:10DF30004100005413008052F8F60F36E00315AA92
:10DF400021008052EFFEFF97B3FFFF1700008052C1
:10DF5000C7FFFF17050040F9A53440F9A50040F9B7
:10DF6000650000B4F00305AA00021FD6A0048012C9
:10DF7000C0035FD6E00301AAE103022AE20303AA79
:10DF8000E30304AABCA2FF17FD7BBEA9FD03009119
:10DF9000F30B00F9F30301AA62CCFF97010040F9EB
:10DFA000610200F9000440F9600600F900008052A7
:10DFB000F30B40F9FD7BC2A8C0035FD6FD7BBEA971
:10DFC000FD030091F35301A9F40300AA4CCCFF9781
:10DFD00001008052F30300AAE00314AAB5CCFF9716
:10DFE0001F0400B1C0000054600200F9000080521C
:10DFF000F35341A9FD7BC2A8C0035FD6A0028012E3
:10E00000FCFFFF17FD7BBDA9FD030091F35301A9A0
:10E01000F30300AAF51300F942CCFF97F50300AA19
:10E0200001400091E00313AA7906009440020034F5
:10E03000E303002A210000D020B02A91330100B46C
:10E04000610A40A9210040F9C0C0FF974002801238
:10E05000F51340F9F35341A9FD7BC3A8C0035FD674
:10E06000220000D0210000D042002591212C2591D2
:10E07000F6FFFF17A042009107060094E00313AAE1
:10E08000A300009460FEFF344000009000101B913C
:10E09000209CFF97A00A40F9A11A40B911060094EC
:10E0A000EBFFFF17FD7BBBA9FD030091F35301A913
:10E0B00013C00191F55B02A915800291160080D270
:10E0C000F76303A91700A8D2140080D278867FA92D
:10E0D000E00301AA9F0200EB630100547342009128
:10E0E000D602148B7F0215EB01FFFF54401240F95A
:10E0F0001F0016EB200400544000009000D01C913B
:10E10000080000143F1C00F108010054400000907A
:10E1100000601B91FF9BFF9740000090002C1C911A
:10E12000FC9BFF97C1BAFF973F0017EB000180D21D
:10E130002290979AE10300AA007C7FD31F0002EB94
:10E14000A9FFFF548002188BE12700F97CA0FF97FC
:10E15000E12740F93F0000EB8000005440000090B0
:10E1600000701C91EFFFFF17600240F99402018BD1
:10E17000010014CBD8FFFF17F35341A9F55B42A967
:10E18000F76343A9FD7BC5A8C0035FD600A001913A
:10E19000010281D20100A3F2E40300AA273000D1DA
:10E1A00003008052260080D2820440F9620600B447
:10E1B000820040F94300003542004491BF3F03D53F
:10E1C000220000B9BF3F03D5459C60D3220002B9AD
:10E1D000BF3F03D5250400B9BF3F03D5250402B9CD
:10E1E000BF3F03D5228000B9BF3F03D5228002B9CB
:10E1F000BF3F03D5258400B9BF3F03D5258402B9AD
:10E20000821440A94200058B420400D1BF3F03D5D0
:10E21000220800B9BF3F03D5459C60D3220802B94C
:10E22000BF3F03D5250C00B9BF3F03D5250C02B96C
:10E23000BF3F03D5228800B9BF3F03D5228802B96A
:10E24000BF3F03D5258C00B9BF3F03D56220001125
:10E25000258C02B9C520C39AC220C29A4200052A61
:10E26000BF3F03D5E20000B9BF3F03D5854081D24F
:10E270000500A3F2A20000B96304001184400091DC
:10E28000214000917F0C007101F9FF54028281D27C
:10E29000030080520200A3F2453000D1240080D256
:10E2A000010440F9810200B4010040F94300003547
:10E2B00021004491BF3F03D5410000B9219C60D3A8
:10E2C000BF3F03D5410400B9011840A92100068BC6
:10E2D000210400D1BF3F03D5410800B9219C60D380
:10E2E000BF3F03D5410C00B98120C39ABF3F03D57E
:10E2F000A10000B963040011004000914240009168
:10E300007F0C0071E1FCFF54C0035FD6FD7BB8A910
:10E31000FD030091F35301A9F55B02A9F50300AADF
:10E32000F76303A9F96B04A9FB2B00F974CBFF97E2
:10E33000E00315AA7BCBFF97F60300AA001380D257
:10E340009A9CFF97F40300AAE787FF97170C42B93E
:10E35000BF3F03D5E487FF97185842B9BF3F03D5A5
:10E36000E187FF97135842B9DF87FF97F9030091C0
:10E3700073020032135802B9F30312AA001380D2B9
:10E380008A9CFF97021380D201008052600200F93C
:10E39000400240F9B5BAFF97E00315AA58CBFF97A2
:10E3A000F30300AA80C69ED2A2008052A1A30191CD
:10E3B000E000A0F2008AFF97A07B40B900000012A5
:10E3C000602200390004001180460239A07B40B968
:10E3D000010441D361260039200400118002003974
:10E3E000A0F74079000C4092804A02397B264039E0
:10E3F0007A224039BC87FF97130C42B9BA87FF973E
:10E400007B0F04537A6F1A2A7376031273021A2A47
:10E41000130C02B98002403920010034410000D0C1
:10E4200022A00B91217441F9811200F91F0400719F
:10E4300060000054400440F9802E00F9E00315AA62
:10E440003F0300912ECBFF9701204039C1000036D9
:10E45000020A82D20200A3F2410040B921001C321C
:10E46000410000B900244039000200369E87FF9722
:10E47000132842B99C87FF9773021E32132802B9F2
:10E480009987FF97132842B99787FF97010A82D28D
:10E49000730218320100A3F2132802B9200040B918
:10E4A00000001B32200000B9E00315AAB53700F9BF
:10E4B00013CBFF9701204039A2A3019161000037DF
:10E4C00000244039600100364100009021141F9162
:10E4D000E009805225CFFF97E103002A00010034B4
:10E4E000400000900018209198BFFF97760000141C
:10E4F0004100009021941F91F6FFFF1720008052E9
:10E5000080420239E00314AAD80100944000009030
:10E5100000E020918DBFFF97E00314AA78010094DA
:10E52000E00314AA4D020094F303002AA000003473
:10E53000400000900048219184BFFF971D00001407
:10E54000E00314AA80020094F303002A8000003440
:10E550004000009000BC2191F8FFFF17E00314AACF
:10E56000AE020094F303002A8000003440000090C3
:10E5700000302291F1FFFF17E40312AA030080D2BA
:10E58000400A40F902008052850442F8010080D21E
:10E59000930E40F9CCB8FF97F903002AE00100344C
:10E5A000B30080124000009000CC2291D99AFF97CE
:10E5B000E00314AA749BFF97FB2B40F9E003132A96
:10E5C000F35341A9F55B42A9F76343A9F96B44A949
:10E5D000FD7BC8A8C0035FD6804640398000003666
:10E5E000E00080D2607E009B13FC43D3411240F9CF
:10E5F0003F0013EBA906005421FC54D340000090C7
:10E600000058239151BFFF9761FE54D34000009002
:10E61000004C24914DBFFF97400000900068259169
:10E620004ABFFF975F1200F9441240F9E00312AAB3
:10E63000A40700B5130200B4420000D042E00A91E2
:10E64000030040F9217F409321180091670204CB19
:10E65000461440A96310018B660400F9BF0007EB64
:10E66000A3040054020040F94110018B270800F96F
:10E67000131000F9810640F962FE54D34000009067
:10E6800000B0279131BFFF9780424039E007003644
:10E69000E00314AA9A02009420050036400000907E
:10E6A00000E8279129BFFF97A1A301918011805213
:10E6B000FFCEFF97C0030034400000900070289107
:10E6C00022BFFF9759B9FF9701FBFFB4E0FAFF544F
:10E6D00021FC54D340000090002826911BBFFF97D7
:10E6E00061FE54D34000009000FC269117BFFF97B5
:10E6F000CEFFFF17030040F9390700114240009197
:10E700006310018B650800F9030040F96110018B6B
:10E71000210840F98400018B3F0F007121F9FF545B
:10E72000D4FFFF17F30304AAD3FFFF17A03740F964
:10E73000010080D26D060094E3FFFF17EA86FF9781
:10E74000000C42B9BF3F03D5C0000037B800003706
:10E75000F77E1D53F7060051FF06007109010054B2
:10E76000E00314AADE030094F303002A80000034BF
:10E7700040000090000C299170FFFF1740000090AE
:10E7800000BC2991F1BEFF97400240F946FEFF9779
:10E7900040000090003C2A91ECBEFF97400240F9F7
:10E7A0007BFEFF97B53700F9A2A3019141000090CD
:10E7B000E009805221A02A916CCEFF97F303002A32
:10E7C000A0000034E103002A4000009000002B91DB
:10E7D00046FFFF174000009000BC2B91DBBEFF9767
:10E7E000400240F9003440F9C00200F9401240F9FB
:10E7F000C00600F9BC86FF97155842B9BA86FF9744
:10E80000B57A1F12155802B940000090002C2C91C7
:10E810004AFFFF17FD7BB7A9FD030091F35301A940
:10E82000F55B02A9F76303A9F96B04A9FB7305A9BA
:10E83000631500B4E28F00B9FC0300AA342840B984
:10E840001B989AD220084029E27B00B9E08B00B9DE
:10E85000F30303AA3B00A0F220084129E2830D291B
:10E8600080F310913A644229365C43293854442994
:10E870007F0000B9E03300F9000080D2E9B9FF97CA
:10E88000E04300F9E03340F9000040B9BF3F03D551
:10E8900000030034E04340F9E2B9FF971F001BEB8F
:10E8A00028120054200080D227BAFF97B99DFF9705
:10E8B000F5FFFF171F140071E104005475040035C3
:10E8C000C00080520B0000147900003540008052D7
:10E8D00008000014BF3F03D5993704B9FCFFFF17A8
:10E8E00076000034BF3F03D5963304B960008052F0
:10E8F0001F1000710CFEFF541F08007120FFFF5411
:10E900001F0C0071000100541F040071E0FDFF5452
:10E910007A000034BF3F03D59A3B04B920008052EF
:10E92000F4FFFF1777000034BF3F03D5972F04B9DA
:10E9300078000035A0008052EEFFFF17BF3F03D5DF
:10E94000982B04B9FCFFFF17BF3F03D5952704B9E7
:10E95000DCFFFF1774000034BF3F03D5942304B9D4
:10E96000E10347A9E28B40B9211C70D3001068D3A2
:10E970000000012AE16F40B9213C00122174022AF3
:10E980000000012ABF3F03D5803F04B915989AD2F1
:10E99000000080D294731191A2B9FF97F60300AAE8
:10E9A0003500A0F2800240B9BF3F03D520010037F7
:10E9B000E00316AA9BB9FF971F0015EB480200540D
:10E9C000200080D2E0B9FF97729DFF97F6FFFF17F6
:10E9D00015008052805F44B9BF3F03D5600200B983
:10E9E0007501003514008052E08F40B91F00146B90
:10E9F00021040054805F44B900781F12805F04B97D
:10EA000015000014B50D8012F3FFFF1734000090BD
:10EA10004000009081B2329100782C914BBEFF975C
:10EA2000620240B981B232914000009000DC2C912A
:10EA3000421041D345BEFF97620240B940000090AA
:10EA400081B2329100602D91421C45D33FBEFF97A9
:10EA5000B50D8012F35341A9E003152AF55B42A9D5
:10EA6000F76343A9F96B44A9FB7345A9FD7BC9A8CA
:10EA7000C0035FD69F060071200100549F0A0071F9
:10EA800060010054D4010035805B44B9BF3F03D519
:10EA9000600600B994060011D4FFFF17805744B9EF
:10EAA000BF3F03D5600A00B9FBFFFF17805344B98D
:10EAB000BF3F03D5600E00B9F7FFFF1760CA348B64
:10EAC0002100009021B032911F0400B94000009055
:10EAD00000F82D911DBEFF97EFFFFF17B5028012C2
:10EAE000DDFFFF17210000904000009021B032911F
:10EAF00000642E9115BEFF97D6FFFF17FD7BBDA9C1
:10EB0000FD030091F30B00F9F30300AA001040F994
:10EB1000020040B9BF3F03D5210000904208001217
:10EB2000214432914000009000542F91E22F00B90F
:10EB300006BEFF97E22F40B92201003460820091A7
:10EB400003008052610240397F00016B0B010054C9
:10EB5000F30B40F9FD7BC3A8C0035FD640000090D3
:10EB600000D02F91F9BDFF9730B8FF97010040F911
:10EB70001F1000B9210042B9BF3F03D5020040F980
:10EB8000428042B9BF3F03D5257C1D53447C1D53B1
:10EB9000217058D3427058D3059002290188032967
:10EBA00085000034011040B921040011011000B9A2
:10EBB00084000034011040B921040011011000B993
:10EBC0006304001100E00091DFFFFF17FD7BBDA98A
:10EBD000FD030091F35301A913001091000080D2AE
:10EBE000F51300F90FB9FF97F403002A154C9DD2D5
:10EBF000E00314AA0BB9FF971F0015EB090100549D
:10EC0000E20313AA210000902100329140000090FD
:10EC1000008C3091CDBDFF9704B8FF97200080D2C3
:10EC200049B9FF97DB9CFF97620240B9BF3F03D50C
:10EC3000610240B9BF3F03D521001F1242000012FC
:10EC40004000012A60FDFF34200441D3000000523F
:10EC50000000020AF51340F900040051F35341A9E2
:10EC6000FD7BC3A8C0035FD6FD7BB8A9FD0300915F
:10EC7000F35301A9F30300AAF55B02A9F76303A903
:10EC8000F96B04A9FB2B00F91F040039004042393D
:10EC9000A002003736000090570000907582009166
:10ECA000D6CE3191F7E23291140080523800805272
:10ECB000600240391F00146B4C0A0054610000547C
:10ECC0002000805260060039FB2B40F9F35341A924
:10ECD000F55B42A9F76343A9F96B44A9FD7BC8A87A
:10ECE000C0035FD6200080D2764A42394000C0F28D
:10ECF000E03B00F9800080D2F4C301910001C0F232
:10ED0000F5A30191E03F00F92000A0D24000E0F21D
:10ED100057008052E03700F9800240B9DF02006AF4
:10ED2000A0020054B80240B9000080D2991384D2E6
:10ED30001A989AD2BBB8FF97FB0300AA391AA2F21D
:10ED40003A00A0F2200340B9BF3F03D51F03206A59
:10ED500020010054E0031BAAB2B8FF971F001AEB72
:10ED600048040054200080D2F7B8FF97899CFF9791
:10ED7000F5FFFF17800640B9DF02006AA0020054C9
:10ED8000B80240B9000080D2191484D21A989AD2DD
:10ED9000A4B8FF97FB0300AA391AA2F23A00A0F226
:10EDA000200340B9BF3F03D51F03206A2001005450
:10EDB000E0031BAA9BB8FF971F001AEB68010054E1
:10EDC000200080D2E0B8FF97729CFF97F5FFFF17F5
:10EDD00094220091B5120091FF060071C0F5FF5416
:10EDE00037008052CDFFFF172100009040000090B7
:10EDF00021CC31910074319154BDFF978BB7FF97AF
:10EE0000A00240F972FFFF9780010034807E40939A
:10EE1000010780D2E203142A03008012004C019BF8
:10EE2000E10316AA1FA00039400000900020329193
:10EE300046BDFF97F2FFFF17B8220039E203142AFC
:10EE4000B5E20091E10316AAE00317AA94060011A7
:10EE50003EBDFF9797FFFF17FD7BBAA9FD03009109
:10EE6000F35301A9F30300AA004280D2F55B02A983
:10EE7000758200910052C0F2F76303A9180000F0F8
:10EE800018E31991F96B04A9FA63019156000090F7
:10EE900014008052D69A3391760600F9E02F00F9DB
:10EEA000600240391F00146BAC0400540000805213
:10EEB0001D000014A00240F9417B77B8396860B8A2
:10EEC000BF3F03D5600640F9390B4092E10316AA13
:10EED00096B7FF97017B79F820010035610600F9AC
:10EEE000F7060091A01240B91F00176B48FEFF54AF
:10EEF00094060011B5E20091EAFFFF17600640F9A1
:10EF00003F0000EBE0FEFF54E203142A21000090D2
:10EF1000400000902180319100B833910BBDFF97E4
:10EF2000A0028012F35341A9F55B42A9F76343A9FC
:10EF3000F96B44A9FD7BC6A8C0035FD6170080D239
:10EF4000E9FFFF17FD7BBDA904008052FD0300917E
:10EF5000F35301A9F30300AA804680D28056C0F281
:10EF6000E01700F960220191140080D2610240395B
:10EF70003F00046BEC030054D40400B52100009062
:10EF80004000009021D4309100443491EFBCFF97B1
:10EF9000A0028012740E00F91300001403805DF8C3
:10EFA000A67861B8C36863B8BF3F03D5637C65D3F7
:10EFB000037821F84200038B2104009103805EB89E
:10EFC0007F00016BC8FEFF54C20100B52100009014
:10EFD0004000009021D4309100443491DBBCFF9775
:10EFE000A0028012F35341A9FD7BC3A8C0035FD6E2
:10EFF000E5A30091010080D2020080D2F0FFFF174C
:10F0000000E000919402028B84040011D8FFFF17E6
:10F0100000008052E0FFFF17FD7BBEA9014880D2AF
:10F0200003800091FD030091E76300910158C0F255
:10F0300006008052020080521F200079E10F00F983
:10F04000010040393F00026BAC04005400008052C4
:10F0500015000014610040F9E57864B8A16861B852
:10F06000BF3F03D528040072212048D3E5079F1A2B
:10F07000860000350540003948000034014400395D
:10F0800006404039DF00056B20010054010000F00C
:10F09000200000F0218C309100D83491ABBCFF9758
:10F0A000A0028012FD7BC2A8C0035FD68500003499
:10F0B00005444039BF00016BA1FEFF548404009158
:10F0C00026008052611040B93F00046B48FCFF5499
:10F0D0004204001163E00091DAFFFF17040080D2C0
:10F0E000F9FFFF17818186D21F3800712124C09A51
:10F0F0002100001220309F1AC0035FD6FD7BB8A903
:10F10000FD030091F55B02A9150000F0B53A3091BE
:10F11000F35301A91400805213008052F76303A92E
:10F12000F96B04A9F90300AAFB7305A91B800091E0
:10F13000200000F000043691E03B00F92003403944
:10F140001F00136BEC010054D4000034010000F0E8
:10F15000200000F02138309100543A917BBCFF9799
:10F16000F55B42A9E003142AF35341A9F76343A9CD
:10F17000F96B44A9FB7345A9FD7BC8A8C0035FD602
:10F18000600340F9160043B9BF3F03D5E03B40F9A7
:10F19000DA3E0012D73E0012E3031A2AD67E10533D
:10F1A000E203132AE10315AA68BCFF97B6020034F4
:10F1B000200000F01C0000D000C03691380000B0E4
:10F1C00062BCFF979CE32391187712910200805252
:10F1D000800340B9C026C09AC0000036810740F9BC
:10F1E000E00318AAE27B00B958BCFF97E27B40B964
:10F1F000420400119C4300915F280071A1FEFF545E
:10F20000F7010034640340F9200000F0002C37912E
:10F21000370000F098400C91030080523C0000F051
:10F22000E03300F9E0FA3791E03700F95F03036B50
:10F230006D0000547F40007181000054730600117E
:10F240007BE30091BEFFFF17010340B9BF3F03D529
:10F25000000740B9F603012A37140012E07B00B919
:10F26000BF3F03D5E03340F9E203132AE10315AAB7
:10F27000E37F00B935BCFF97E03740F9E10318AAF6
:10F280001823009131BCFF97C162165380773891E3
:10F290002EBCFF97C1561153200000F000CC3891CE
:10F2A0002ABCFF97C1420A53200000F00034399174
:10F2B00026BCFF97C0260653220000F08AFFFF9766
:10F2C00042C035911F0040F2210000F0217C3591B1
:10F2D000161C00124100819A200000F00094399120
:10F2E0001ABCFF97E17B40B9200000F000E03991A3
:10F2F000218017AA15BCFF97E37F40B9DF02007198
:10F30000800A407AF4079F1A63040011C8FFFF17B0
:10F31000FD7BB1A9FD030091F76303A9F70300AAE0
:10F32000980080D2004C80D2F35301A9F30317AAAE
:10F33000F96B04A91A989AD2005CC0F214008052AA
:10F340007860C0F2190880D23A00A0F2F55B02A9F9
:10F35000FB7305A9E05700F9E00240391F00146B68
:10F36000EC09005400008052220000147B1240F986
:10F37000E1030391803740B9820580D2F8E70CA9F8
:10F38000FFFF0DA9E0C300B9803F40B9F5B300B954
:10F39000E0C700B9E0C30191FFEB00B9CEB6FF971B
:10F3A000E3C30291E1C30191E0031BAA0200805272
:10F3B00019FDFF97E0010035F5B340B9950280379C
:10F3C000E203142A130000F0200000F0611A2F91CC
:10F3D00000E83A91DDBBFF97A21E45D3611A2F9139
:10F3E000200000F0009C3B91D8BBFF97A002801248
:10F3F000F35341A9F55B42A9F76343A9F96B44A90B
:10F40000FB7345A9FD7BCFA8C0035FD6FBA3029188
:10F41000000080D203B7FF97E03700F9200080D2C8
:10F4200049B7FF97601240F9617B76B8206860B8F1
:10F43000BF3F03D520010036D60600919C130091F2
:10F44000603240B91F00166B28F9FF549406001172
:10F4500073E20091C1FFFF17E06B40B9F1B6FF976F
:10F460001F001AEBC9FDFF54E203142A130000F039
:10F47000200000F0611A2F9100443C91B3BBFF972C
:10F48000A21E45D3611A2F91200000F000F03C919C
:10F49000AEBBFF97A00D8012D6FFFF17FC0313AA87
:10F4A000160080D2E7FFFF17FD7BB3A9054C80D281
:10F4B000055CC0F2FD030091F35301A9F55B02A9BD
:10F4C000F76303A9F92300F9E54700F9A40600B49E
:10F4D000850400D1BF0004EA41060054367C409305
:10F4E000547C4093C10180528410C0DAF50316AAFF
:10F4F000E3B700B9C152219B639460D3FF9300B975
:10F50000FF6300F90108018BFFCB00B9223440B939
:10F51000213C40B9E2071429820580D2810080D2C3
:10F52000E37F17296160C0F2E15700F9E1078052DB
:10F530002100044BE1B300B9010780D2D602019B40
:10F54000E1830291E0430191D31240F962B6FF9743
:10F55000E3430291E1430191E00313AA02008052C8
:10F56000ADFCFF97F303002AE0010035F79340B9A3
:10F5700097028037E203152A130000F0200000F004
:10F5800061B62D9100E83A9170BBFF97200000F022
:10F59000E21E45D361B62D91009C3B916BBBFF975A
:10F5A000B3028012F92340F9E003132AF35341A96F
:10F5B000F55B42A9F76343A9FD7BCDA8C0035FD6E5
:10F5C000000080D2F823029196B6FF97F90300AAB3
:10F5D000200080D2DCB6FF97C01240F9017B74B8DE
:10F5E000206860B8BF3F03D5E0FD0737E003192A64
:10F5F0008CB6FF9701989AD22100A0F21F0001EB70
:10F6000089FEFF54130000F0E203152A61B62D9124
:10F61000200000F000443C914CBBFF9761B62D9157
:10F62000E21E45D3200000F0B30D801200F03C91A3
:10F6300046BBFF97DCFFFF17FD7BBBA90100805293
:10F64000FD030091F55B02A9F60300AA15200191C4
:10F65000F35301A9F71B00F9C00240391F00016BE9
:10F660000C0300541400805210000014A47A73F8A4
:10F67000E203132AE00316AA030080D2E14F00B987
:10F68000F703132A89FFFF9773060091E14F40B9F2
:10F69000F403002A80010034200000F0E203172A5E
:10F6A000009C3D9129BBFF97F71B40F9E003142A0A
:10F6B000F35341A9F55B42A9FD7BC5A8C0035FD602
:10F6C000130080D2A0825EB81F00136B08FDFF54A8
:10F6D00021040011B5E20091E0FFFF170144403919
:10F6E00041000036D5FFFF170AFFFF17FD7BBCA9BD
:10F6F000FD030091E2E30091F35301A9F40301AA91
:10F70000F55B02A9F50300AA010040F9000D805243
:10F71000BDCAFF97F303002A80010035E01F40F9BE
:10F72000010040F9363440F9800200F9C20240F984
:10F73000620100B4E10315AAE00314AA40003FD619
:10F7400080010034F303002AF55B42A9E003132A89
:10F75000F35341A9FD7BC4A8C0035FD6A00A40B9FA
:10F760001F04007101010054A00E40B9800600F989
:10F77000C10640F9A1FEFFB4E00314AA20003FD661
:10F78000F1FFFF17B3028012F0FFFF17FD7BB9A94D
:10F79000E403012A03008052FD030091E5830091F8
:10F7A000F30B00F9F30302AA41000090420000901D
:10F7B00021600591422C0591FDCBFF977F0200F956
:10F7C00080000035E10313AAE0830091C8FFFF9792
:10F7D000F30B40F9FD7BC7A8C0035FD6010040F9D9
:10F7E000210040F9213440F9210840F9610000B4BA
:10F7F000F00301AA00021FD600008052C0035FD6AA
:10F80000010040F9210040F9213440F9210C40F970
:10F81000610000B4F00301AA00021FD6000080526C
:10F82000C0035FD6FD7BBEA9FD030091F35301A980
:10F83000F40300AA13008052800A40B91F00136B22
:10F84000A800005400008052F35341A9FD7BC2A8D8
:10F85000C0035FD6810240F9607E7B932000008B5D
:10F86000E8FFFF9720FFFF3773060011F3FFFF1734
:10F87000010040F9210040F9213440F9211040F9FC
:10F88000610000B4F00301AA00021FD600008052FC
:10F89000C0035FD6FD7BBEA9FD030091F35301A910
:10F8A000F40300AA13008052800A40B91F00136BB2
:10F8B000A800005400008052F35341A9FD7BC2A868
:10F8C000C0035FD6810240F9607E7B932000008BED
:10F8D000E8FFFF9720FFFF3773060011F3FFFF17C4
:10F8E000FD7BBDA9FD030091F35301A9F30300AA19
:10F8F00014008052F51300F9F503012A9F02156BDD
:10F900006B000054000080520C000014600240F9AB
:10F91000800000B59406001173820091F8FFFF1774
:10F92000E00313AAB7FFFF9780000035E00313AA96
:10F93000ABFFFF9700FFFF34F51340F9F35341A9E4
:10F94000FD7BC3A8C0035FD6FD7BBCA9030080522A
:10F9500042000090FD030091422C0591F35301A950
:10F96000F40301AAF55B02A9F60300AAF71B00F94C
:10F970003F0800B94100009021600591A6CBFF9798
:10F98000F303002A1F0000714D020054607E7BD3F8
:10F9900001009052ABB4FF97800200F9400300B41D
:10F9A000150080D2800240F9A27E7BD3E103152AA4
:10F9B0000200028BE00316AA75FFFF97810A40B987
:10F9C0004001F836F303002A800240F9C5FFFF9793
:10F9D000F71B40F9E003132AF35341A9F55B42A951
:10F9E000FD7BC4A8C0035FD621040011B5060091B9
:10F9F000810A00B97F02156B6CFDFF541300805221
:10FA0000F4FFFF1773018012F2FFFF17004840F95F
:10FA1000CEFFFF17FD7BBDA9000280D2FD03009140
:10FA2000F30B00F9F30301AA0100905285B4FF978C
:10FA3000800100B4E10300AAE00313AAE11700F972
:10FA4000C2FFFF97E11740F940000034017C40936A
:10FA5000F30B40F9E00301AAFD7BC3A8C0035FD606
:10FA600061018092FBFFFF17FD7BBFA9FD030091A1
:10FA7000E9FFFF971F0440B149000054000080D205
:10FA8000FD7BC1A8C0035FD6014840F9F7FFFF170F
:10FA9000FD7BBEA9FD030091F30B00F9F30300AA5F
:10FAA000000040F99FC5FF97630640F901048052AA
:10FAB000020040F9200080D2610CC11A0020C31A54
:10FAC00021741E53217C4093446861B80000042ACD
:10FAD000406821B800008052F30B40F9FD7BC2A8BA
:10FAE000C0035FD6FD7BBDA9FD030091F35301A9BF
:10FAF000F30300AAF51300F9000040F989C5FF9748
:10FB0000620640F901048052040040F9330080D2BB
:10FB1000410CC11A421000127322C29A21741E5362
:10FB2000217C4093836861B86200330A826821B8FF
:10FB3000140040F9000080D29402018B39B5FF9780
:10FB4000F50300AA800240B9BF3F03D51F00136A26
:10FB500020010054E00315AA32B5FF971FD007F12A
:10FB600048010054200080D277B5FF970999FF978C
:10FB7000F5FFFF1700008052F51340F9F35341A938
:10FB8000FD7BC3A8C0035FD6A00D8012FBFFFF174B
:10FB9000FD7BBEA9FD030091F30B00F961C5FF9742
:10FBA000CE81FF97132440B9CC81FF97E1F99F5292
:10FBB000C11FA0727302010A132400B90000805211
:10FBC000F30B40F9FD7BC2A8C0035FD6FD7BBDA946
:10FBD000FD030091F35301A9F40300AAF51300F902
:10FBE00050C5FF97F30300AAE00314AAF2C5FF97DC
:10FBF000F50300AA804A40F90202805241000090B9
:10FC0000217C05914BCAFF97A042208B600200F92E
:10FC100000008052F51340F9F35341A9FD7BC3A8BE
:10FC2000C0035FD6FD7BBEA9220000B0410000905A
:10FC3000FD030091E4630091034840F942C42E9112
:10FC400021C8059148C6FF9700008052FD7BC2A8DD
:10FC5000C0035FD6FD7BBFA9FD03009131C5FF97AF
:10FC6000000040F9010040B9BF3F03D581000036D4
:10FC7000BF3F03D5C10E8052010C00B90000805275
:10FC8000FD7BC1A8C0035FD6FD7BBDA9FD0300912C
:10FC9000F35301A9F40300AA22C5FF97F30300AAB6
:10FCA000E00314AAECFFFF97BF3F03D5600240F9C1
:10FCB00041000090E2B30091216005911F0000B95E
:10FCC000804A40F94BCAFF97400100B4604200915E
:10FCD000D5FEFF97E02F00B960000035604200912B
:10FCE000EDFEFF97F35341A9FD7BC3A8C0035FD688
:10FCF00000008052FCFFFF17FD7BBBA9FD030091B4
:10FD0000F35301A9F40300AA06C5FF97F30300AA61
:10FD1000E00314AAABC5FF97600200F9A00000B58C
:10FD2000A0028012F35341A9FD7BC5A8C0035FD692
:10FD3000E2A30091E00314AA01008052C2BEFF9723
:10FD4000E02700B900FFFF35E0A300911ABFFF973D
:10FD5000E02700B980FEFF35E0A30091D4BEFF97F5
:10FD6000017D80D20008C19A600A00B9A0FDFF346D
:10FD7000804A40F941000090E29300912160059192
:10FD80001CCAFF97800000B5E00314AABFFFFF97CD
:10FD9000E5FFFF1761420091E00314AA1CFFFF97E3
:10FDA000E02700B900FCFF3560420091BAFEFF97E2
:10FDB000E02700B9A0FEFF34DBFFFF17FD7BBDA9E4
:10FDC000FD030091F35301A9F40300AAE11700F920
:10FDD000D4C4FF97F30300AAE00314AAABFFFF9774
:10FDE000E11740F9600A40B9620240F9017C011B49
:10FDF00021040071800000542110C05A0004805278
:10FE00000100014B21400051E0018052217CA10AF8
:10FE10003F3C007121D0801A2110010BBF3F03D558
:10FE2000410400B9600240F9BF3F03D52100805270
:10FE3000010000B9E00314AAF35341A9FD7BC3A854
:10FE400085FFFF17FD7BBCA9C203805241000090D3
:10FE5000FD03009121B00691F35301A9F30300AA19
:10FE6000F55B02A9F71B00F9004840F9B1C9FF97FB
:10FE7000F603002A604A40F902F4815241000090E2
:10FE800021E00691ABC9FF9781008052150CC11A81
:10FE900041000090604A40F921140791B57E4093DB
:10FEA00093CAFF97C0020037604A40F941000090B2
:10FEB00037008052216007918DCAFF97E00313AA93
:10FEC0009BC4FF97F40300AA17840039000080D276
:10FED000930200F9960A00B9950A00F951B4FF9708
:10FEE000800E00F900008052F71B40F9F35341A93E
:10FEF000F55B42A9FD7BC4A8C0035FD61700805202
:10FF0000EFFFFF17FD7BBAA9FD030091F35301A991
:10FF1000F55B02A9F71B00F9030040F9633440F9CF
:10FF2000630040F9030600B4F40300AAF70301AA32
:10FF300060003FD6F503002AA0040035E00314AAB0
:10FF40007BC4FF97F30300AA01008052E0430191B4
:10FF5000020280D2C5B3FF976182403960A200914E
:10FF600081000036E02700F9DA97FF97E02740F993
:10FF7000167D80D2620A40F9010000B0830640F984
:10FF800021200391427C169BE497FF97630A40F976
:10FF9000010280D2E04301914200009042A4079107
:10FFA00099B8FF972000805260820039E40AD69AFF
:10FFB000220000D0810640F940000090E343019107
:10FFC00042300A9100D40791E0B8FF97F71B40F93F
:10FFD000E003152AF35341A9F55B42A9FD7BC6A8AE
:10FFE000C0035FD6B5048012F9FFFF17FD7BBCA9E3
:10FFF00080118052FD030091E1E30091F35301A9C8
:020000022000DC
:10000000F51300F9A9C6FF9780010035E01F40F9FC
:10001000340000F094AA0891157D8052130840F92D
:10002000736201D1E11F40F96262019121400091A8
:100030005F0001EBC1000054F51340F9000080524D
:10004000F35341A9FD7BC4A8C0035FD6E00313AA04
:10005000E4C3FF9700010035E00313AA34C4FF97FF
:1000600001844039E1000037610640F9E00314AA39
:10007000B6B8FF97732E40F9736201D1EAFFFF17FC
:10008000010840B9020080D2E00313AA217C151BAD
:100090009DFFFF9700FFFF34610640F9200000F04C
:1000A00000080991F3FFFF17010040F9213440F9DE
:1000B000210840F9610000B4F00301AA00021FD634
:1000C000A0048012C0035FD6E10300AA00805DF89F
:1000D000028840B98200003621805F384100003636
:1000E000F2FFFF17C0035FD6020040F9423440F927
:1000F000420C40F9620000B4F00302AA00021FD6CD
:10010000FD7BBFA9E20301AA210080D2FD0300917B
:100110007DFFFF974000F837C4B2FF97FD7BC1A871
:10012000C0035FD6040000D084E43291030080D283
:1001300002686338620000343F0003EB4100005462
:10014000C0035FD6854862386500003642800011E2
:10015000421C00120268233863040091F5FFFF1768
:1001600003F74F90656443F9E50000B50000801285
:10017000C0035FD600008012F30B40F9FD7BC2A8DC
:10018000C0035FD6FD7BBEA9E403002A00F74F90B1
:10019000FD030091E30302AAF30B00F9F303012A24
:1001A000013443F9E20313AAE00305AA2140248B9A
:1001B0002ABCFF977F0200EBE1FDFF54E003132A06
:1001C000EEFFFF17FD7BBDA9FD030091F35301A9CD
:1001D000F51300F93F04007129010054F40300AA4B
:1001E000000840B91F800071000300541F400071D7
:1001F000400800543FBC3F7129010054200000F02A
:100200000098099151B8FF9700008052F51340F90A
:10021000F35341A9FD7BC3A8C0035FD61F30007113
:1002200041FFFF548032407900741E530E000014C9
:10023000800240F9005873B8F5FFFF17800240F9BB
:1002400000587378F2FFFF17E05F1C323F00006B2D
:1002500062FDFF5480324079C2008052007C021B54
:10026000007C02133508C01AB386001B802240B9F7
:100270001F00156BE0010054C3008052820E40B98C
:10028000A40E031B9F00026B84224079A18A031BEA
:10029000820240F92180831AA012031B3F00036BE6
:1002A0002190831AAFFFFF9700FBFF37952200B91B
:1002B000800A40B91F40007120FCFF541F8000716C
:1002C00080FBFF541F30007101FAFF546106130BCD
:1002D000820240F9217C0153200400114148613819
:1002E000406860382020000B53000036007C045327
:1002F000002C0012C6FFFF17E0FD9F523F00006B6D
:10030000E8F7FF54803240790004000BD6FFFF1756
:10031000FD7BBCA9FD030091F35301A9F40300AADE
:10032000F30303AAF55B02A9F50302AAF76303A985
:10033000FF4300D16102003416344079001C40B9FB
:10034000D602011BBF1640F2C0060054833240792A
:10035000F70300918132407963FC009163E47A9263
:100360006338019160047092E06320CBFF6320EB5F
:10037000C0000054FF4340D1FF0302F9FCFFFF1708
:10038000161440B9F0FFFF17632C7C92FF6323CB58
:10039000FF0300F97F0010F143000054FF0302F94E
:1003A000F83F019118E77A927F4221EB4201005415
:1003B000FF020091730500B500008052BF03009159
:1003C000F35341A9F55B42A9F76343A9FD7BC4A898
:1003D000C0035FD6E20318AAE003162A2100805268
:1003E00060FFFF971F04007180000054FF0200911E
:1003F00000008012F2FFFF1782324079E10318AA51
:10040000E00315AAD6060011B3B2FF9780324079F7
:1004100081324079B502008B730200CBE3FFFF17F6
:1004200097324079FF0213EB68FCFF54770AD79AA2
:10043000E20315AAE003162AE103172A49FFFF97F2
:100440001F00176B61FDFF5481324079D602000B0B
:10045000207C001BB502008B730200CBD6FFFF1778
:1004600083324079F703009163FC009163E47A9250
:100470006338019160047092E06320CBFF6320EB4E
:1004800080000054FF4340D1FF0302F9FCFFFF1737
:10049000632C7C92FF6323CBFF0300F97F0010F1F4
:1004A00043000054FF0302F9F43F0191E003162AD0
:1004B00082E67A92210080522AFFFF971F04007182
:1004C00061F9FF54E20313AA81E67A92E00315AAC8
:1004D00081B2FF97FF020091B8FFFF17FD7BBCA917
:1004E000FD030091F55B02A9F60302AA02F74F9003
:1004F000F35301A9426443F9F71B00F9020100B567
:1005000014008012F71B40F9E003142AF35341A9A9
:10051000F55B42A9FD7BC4A8C0035FD6F50301AA21
:10052000F30300AA411040F9000880D221FC009199
:1005300021E47A92DB95FF97F70300AA20FEFFB42F
:10054000E20300AA210080520000805205FFFF97BD
:10055000A000F83614008012E00317AA8A93FF97D0
:10056000E9FFFF17E10317AAE00313AA020880D2EC
:1005700059B2FF97651E4079E5FEFF34624240396B
:10058000A2FEFF3460564039011E80521FDC037109
:100590000490417A01FEFF54602E40397432403994
:1005A0001420142A80020851003C00121F003871E8
:1005B00028FDFF54E303142A600400D11F0003EA5E
:1005C000A1FCFF54603640396636403940FCFFB428
:1005D000010400D13F0000EAE1FBFF54642E4079A2
:1005E0004402003461464039947E0553604A4039E4
:1005F000940600512020002A9402006AC1FAFF5498
:10060000A4010035612640B961010034E102019185
:1006100000048052C00200B9420380D2E00315AA50
:100620002DB2FF97CDFFFF17602640B9C0FDFF3503
:10063000C9FFFF17003C7BD34214041B6192009159
:100640000008C39A635240394200000B604E4039A3
:100650000320032A43000035632240B96300024BA4
:1006600080018052020280526308C61A7FD43F7113
:100670000030821AE8FFFF17FD7BB7A92220009106
:10068000FD030091F35301A9F40300AAF30301AAA7
:10069000E0430191E1C30091F51300F990FFFF974A
:1006A000E0000034B5008012F35341A9E003152A9D
:1006B000F51340F9FD7BC9A8C0035FD6650A40B9B0
:1006C000F503002A00F74F9000A01991BF80007138
:1006D00021010054E17740B9610E00B9E17340B9DE
:1006E000612E00B941010035010440F9612E00B9C5
:1006F00007000014E1CF4079610E00B9E13340F901
:10070000219C58D3612E00B9A1FEFF34E1BF40798E
:10071000E4834139620E40B9643200B96122007944
:10072000E37741398404021B641600B9020840F9DA
:10073000E12F40F963360079219C58D3613200796A
:10074000E603012A5F4021EBA0000054200000F0E6
:1007500000000A91FDB6FF97D3FFFF17A3000035F5
:10076000200000F000AC0A91F8B6FF97CEFFFF170B
:10077000607C011B1F404071E9000054E103002A26
:100780002200A052200000F000140B91EFB6FF975A
:10079000C5FFFF17BF80007101030054E07F40B91F
:1007A0008304034B631E00B9602A00B90000801265
:1007B000602200B9C00080527F4A0039217C001BB2
:1007C000000880D221FC001121347A923595FF97E0
:1007D000600200F980F6FFB4930200F9602A40B984
:1007E00080020129602A40B9807E0229200080D23F
:1007F00080FE01A9ADFFFF17E23340F900008052EF
:10080000425C48D342E87BD34208C69A4304034B78
:10081000622600B96300040B631E00B9E3FFFF17F3
:10082000FD7BBDA9FD030091F35301A9F51300F968
:10083000FF4300D1021040F942FC009142E47A9259
:100840004200019143BC7092E36323CBFF6323EB2F
:1008500080000054FF4340D1FF0302F9FCFFFF1763
:10086000423C4092FF6322CBFF0300F95F0010F18E
:1008700043000054FF0302F915F74F90F33F019135
:10088000020C80D273E67A92A06603F900F74F90CB
:1008900000A0199190B1FF97E20313AA21008052A2
:1008A000000080522FFEFF971F04007120010054AA
:1008B000BF6603F914008012BF030091E003142AFD
:1008C000F51340F9F35341A9FD7BC3A8C0035FD6DC
:1008D00060FA0791420080D2210000F021BC0B9108
:1008E000AEB1FF97F403002A40FEFF3521000090CF
:1008F00060DA009121001D91620080D2A7B1FF97BC
:10090000C0FDFF3421000090604A019121101D912B
:10091000A20080D2A1B1FF9700FDFF34E5FFFF17D1
:10092000FD7BB8A902F74F90FD0300915F6403F9C6
:10093000E2830091F35301A9F30300AAF403012A0F
:100940007FB7FF972002003454010034620640B99B
:10095000E103142A200000F000C80B917BB6FF973A
:1009600000008012F35341A9FD7BC8A8C0035FD6E5
:10097000FF1300F9618241A9E18302A9FFE3003975
:10098000FF630139FF7B00B9E1830091E00313AA03
:10099000A4FFFF97F4FFFF17FD7BBDA9FD030091A6
:1009A000F35301A9F30300AAF55B02A9001440B9AF
:1009B000E0000034150080D2E00315AAF35341A9EA
:1009C000F55B42A9FD7BC3A8C0035FD6630240F973
:1009D000F60301AA621240B9601A40B97434407932
:1009E000827E021BA0040034600840B91F800071A1
:1009F00040040054601440B9632440B94000000B27
:100A00006200024B9F02026B9492821A7502069159
:100A1000E103142AE20315AAD2FDFF97C0FCFF37B9
:100A2000600240F900304079007C141BC00200B91C
:100A3000621A40B9611240B9610E00B9600240F912
:100A400022020034020840B95F800071C0010054E6
:100A500021040011611200B902344079002440B928
:100A6000417C011B3F00006B83FAFF542000805241
:100A7000601600B9D1FFFF17601C40B94000000BA1
:100A8000E3FFFF17D0FDFF97601200B91F0400714C
:100A9000E9FEFF54610240F9210840B93F8000712E
:100AA000E00000543F40007102FE815201FE9F525F
:100AB0002100821A1F00016BECFFFF17E15F1C325F
:100AC000FDFFFF17FD7BBDA9FD030091F30B00F9AE
:100AD000F30300AA011C40B921020035E1B30091E3
:100AE000AEFFFF97800000B57F1200F9000080D2B2
:100AF00008000014E12F40B9217C05532104005166
:100B0000611E00B9601200F90100403901FFFF3495
:100B1000F30B40F9FD7BC3A8C0035FD6001040F97A
:100B200021040051611E00B900800091F6FFFF17FB
:100B3000FD7BBAA9FD030091F35301A9F30300AAB9
:100B4000F55B02A9F76303A9F92300F91FA400F9D3
:100B5000E00313AADCFFFF97F40300AA200100B50D
:100B6000000080527F1A00F9F92340F9F35341A99C
:100B7000F55B42A9F76343A9FD7BC6A8C0035FD616
:100B8000601240F9601A00F9620E40B9611E40B966
:100B9000610A0529820240395F940371A0FDFF5468
:100BA000812E403941041836210C00123F3C00715F
:100BB00001FDFF54E2FC373615004039F40300AA6A
:100BC00019344039F6430191B57A191277E2009150
:100BD000020080D2B5080035800240391F940371AD
:100BE0000418457A60FBFF5462C2228B010080D258
:100BF000000080525FE00039027C0153401C002A53
:100C0000826A6138210400910000020B001C00126E
:100C10003F2C00F121FFFF543F03006BA1F9FF546B
:100C200094F9FFB460E2009160A600F976E20491C5
:100C3000E10314AAF50316AAE00316AA020180D262
:100C4000A5B0FF977F020539A1024039E01B805211
:100C50003F00006A010A0054803240398000183693
:100C6000A102164BE00316AA2FFDFF9781224039FF
:100C7000E01B80523F00006A60020054F70315AA8F
:100C8000C005805281220091620080D2E0160038B7
:100C9000E00317AA90B0FF978032403980002036D9
:100CA000E00317AA610080D21FFDFF97BF12003931
:100CB000F50317AAA1024039E01B80523F00006AE9
:100CC000E1060054BF02003960E244391F94037109
:100CD000A10600547FE2043960A640F9E00600B4A2
:100CE00020008052A1FFFF1783060091000080D2F0
:100CF000017C7FD361686138016836388102003435
:100D0000000400911F1400F141FFFF54813A00914B
:100D100023004039C3CA2038A30100340004001165
:100D2000210800911F2C007141FFFF54817240394E
:100D3000E16F0139C1000034807A4039E073013934
:100D40001F000071E0079F1A003000115800000BCF
:100D50001FFF0371ECEFFF54147C4093E10317AACB
:100D6000E0C2208B75B0FF97E20314AAE10316AA34
:100D7000E00317AA58B0FF97E00313AA52FFFF97AA
:100D8000F40300AA60EEFFB4B5060051027F409361
:100D900091FFFF17B5060091ACFFFF17B506009154
:100DA000C5FFFF171F14007181F9FF544003801223
:100DB00060E20439C9FFFF1776A600F9C9FFFF17E3
:100DC000FD7BBAA9FD030091F35301A9F30300AA27
:100DD000F55B02A9F50301AAF76303A918E00491E2
:100DE000970B8052F96B04A9F903022AFB2B00F937
:100DF000F40315AA80024039800000341FBC007142
:100E00000410577AA0010054E00314AAE7AFFF973B
:100E1000200500B57901083720008012FB2B40F92E
:100E2000F35341A9F55B42A9F76343A9F96B44A9C0
:100E3000FD7BC6A8C0035FD694060091EEFFFF17A6
:100E400000008052F6FFFF17B5060091A00240395E
:100E5000800000341FBC00710410577A61FFFF54FA
:100E6000601A40B9E0040034A20214CB5F0400F120
:100E700061020054210000F021580C91E00314AAF3
:100E8000B3AFFF97E0030035600240F9012840B995
:100E900061860129002840B9600A00B97F1600B9AF
:100EA0007F1E00B97F1200F9A002403920FAFF35F9
:100EB000D9FFFF17F50314AAE5FFFF175F0800F13C
:100EC00001020054210000F021540C91ECFFFF17A7
:100ED000000080522B000014402840B96082012994
:100EE000402840B9600A00B92B000014A002403924
:100EF00040F9FF3579FA073760028012C8FFFF1703
:100F0000BA0214CBE00313AA0AFFFF97FB03002ADF
:100F100040F8FF3460A640F9A4AFFF975F0300EBF1
:100F200061A640F95623809AC27E4092E00314AA3B
:100F300059AFFF972001003460A640F91F0018EB5D
:100F400020FEFF54C27E4092E10318AAE00314AAD7
:100F500051AFFF9780FDFF35601240F9012C4039F9
:100F600061FC2736620240F901344079430840B9F8
:100F70007F800071E1FAFF5400284079003C105353
:100F80002100000B610A00B981FAFF341B00805276
:100F9000618601297FEE02297F1E00B97F1200F9C8
:100FA00094FFFF17FD7BB5A9FD030091F55B02A936
:100FB000F60301AA013080D22100A0F2F35301A967
:100FC000F30300AA000880D2F76303A9F80303AA79
:100FD000F70304AAF96B04A9F90302AAFB7305A994
:100FE0003093FF97E01800B4FB0300AAE1E30191FE
:100FF000A2FDFF9720180035E10313AAE0031BAA06
:10100000220080526FFFFF97FA03002AC0040035C8
:10101000601340F9E28340B9F5274179E123417932
:1010200013344079141C40B95F80007141050054AD
:1010300000284079003C1053FF0200F93F0314EBF5
:101040002A030054B57E011B7302000B1F0300F13D
:101050008D0000543803188B9F0218EB94D2989A95
:10106000F80315AA1CFE9F523F0318EB8A03005495
:10107000B80218CB1403148B390318ABC00A005400
:10108000BF0214EB000880D2B8D2949A01FF0091FD
:1010900021E47A920393FF97FC0300AAC00400B5F1
:1010A0001A008012E03F40F9B790FF97E0031BAAB7
:1010B000B590FF97F35341A9E0031A2AF55B42A9C3
:1010C000F76343A9F96B44A9FB7345A9FD7BCBA842
:1010D000C0035FD600008052D8FFFF17E103132A38
:1010E000E0E3019138FCFF97F303002A1F0400712D
:1010F00002FE8152A8000054200000D000600C9134
:1011000092B4FF97E7FFFF17E08340B91F8000719B
:10111000E00000541F4000718003821A7F02006BC0
:10112000C2FEFF541803158BD0FFFF17E05F1C327F
:10113000FBFFFF17E20300AAE30318AAE103132A47
:10114000E0E3019173FCFF97E0000034200000D041
:1011500000AC0C917DB4FF97E0031CAA8A90FF9726
:10116000D0FFFF17940218CB180319CBE20318AA7B
:101170008103198BE00316AA57AFFF97E0031CAA5F
:101180008190FF97E00240F90000188BE00200F91F
:10119000B4F8FFB4E103132AE0E301910AFCFF97DE
:1011A000F303002A1F04007189FAFF54E08340B959
:1011B0001F800071E00200541F40007101FE815247
:1011C00000FE9F520000811A7F02006B62F9FF54FB
:1011D000D602188BFC0315AAF803132A19FE8152B4
:1011E0009F0314EBAB010054837E4093E20316AAE5
:1011F000E103132AE0E3019146FCFF97A0020035CA
:10120000E00240F90000148BE00200F9A6FFFF178E
:10121000E05F1C32EDFFFF17E103182AE0E30191C4
:10122000E9FBFF97010400511F03016B800100548B
:10123000837F4093E20316AAE103132AE0E30191BE
:10124000E33700F933FCFF97E33740F960020034DD
:10125000200000D000AC0C91AAFFFF171F04007102
:10126000C9F4FF54E18340B93F800071200100546C
:101270003F40007101FE9F522100991A1F00016B2F
:10128000C2F3FF549C03158BF803002AD5FFFF1708
:10129000E15F1C32FAFFFF17E00240F9E103182A70
:1012A0000000038BE00200F9E0E30191C6FBFF9729
:1012B000F303002A1F04007109F2FF54E08340B9D0
:1012C0001F800071600100541F40007100FE9F529A
:1012D0000000991A7F02006B02F1FF5494021CCBAC
:1012E000D6021C8BE003132AFC0315AAE7FFFF17A5
:1012F000E05F1C32F8FFFF17BA0080126CFFFF1787
:101300007A0180126CFFFF17388202000000000093
:10131000E881020000000000E881020000000000F7
:1013200098810200000000004881020000000000D7
:101330003882020000000000E88102000000000086
:1013400098810200000000004881020000000000B7
:10135000F880020000000000F88002000000000099
:10136000A880020000000000A88002000000000029
:1013700068800200000000002880020000000000D9
:101380002880020000000000E87F0200000000004A
:10139000A87F02000000000068800200000000003A
:1013A0002880020000000000E87F0200000000002A
:1013B000A87F020000000000687F0200000000001B
:1013C000687F020000000000287F0200000000008B
:1013D000287F020000000000BF5D02000000000046
:1013E00000000000000000000000000000000000FD
:1013F0000000000000000000606702000000000024
:101400000000000000000000716702000000000002
:1014100000000000000000008667020000000000DD
:1014200000000000000000009867020000000000BB
:101430000000000000000000AE6702000000000095
:10144000000000000000000000000000000000009C
:101450000000000000000000BC2F0200000000009F
:101460000000000000000000CD2F0200000000007E
:10147000000000000000000000000000000000006C
:101480000000000000000000ACE8000000000000C8
:1014900098E90000000000002CE9000000000000B6
:1014A000000000000000000000000000000000003C
:1014B0004B63020000000000F42102000000000065
:1014C000596302000000000000000000000000005E
:1014D0004E6202000000000000000000000000005A
:1014E00000000000000000000000000000000000FC
:1014F00000000000000000003CB9010000000000F6
:1015000084BC01000000000000000000000000009A
:1015100000000000000000000000000000000000CB
:1015200000000000000000000000000000000000BB
:1015300000000000000000000000000000000000AB
:101540000000000000000000F01402000000000095
:1015500080BA010000000000E8B8010000000000AF
:10156000000000000000000000000000000000007B
:101570000000000000000000AA4902000000000076
:10158000000000000000000000000000000000005B
:10159000000000000000000000000000000000004B
:1015A000000000000000000000000000000000003B
:1015B00068FE0000000000000000000000000000C5
:1015C000000000000000000000000000000000001B
:1015D0000000000000000000A95F02000000000001
:1015E00000000000000000000000000000000000FB
:1015F00000000000000000000000000000000000EB
:1016000000000000000000000000000000000000DA
:10161000C8FD000000000000000000000000000005
:101620000000000000000000B8FD00000000000005
:10163000B8FD0000000000000000000000000000F5
:10164000000000000000000000000000000000009A
:10165000C0FD0000000000000000000000000000CD
:10166000000000000000000000000000000000007A
:1016700000000000000000003971020000000000BE
:1016800040710200000000002C7102000000000008
:1016900037710200000000003E71020000000000EF
:1016A0004571020000000000E66C0200000000002E
:1016B000A071020000000000000000000000000017
:1016C000000000000000000000000000000000001A
:1016D000BCFD01000000000088FC010000000000CB
:1016E00054FC0100000000000000000000000000A9
:1016F00000000000000000000000000000000000EA
:10170000BC6B01000000000030640100000000001C
:1017100000000000000000000000000000000000C9
:1017200000000000000000000000000000000000B9
:1017300000000000000000000000000000000000A9
:101740000000000000000000000000000000000099
:101750006F65020000000000F4D4010000000000EA
:101760007F65020000000000F4D4010000000000CA
:101770009565020000000000F4D4010000000000A4
:10178000AB65020000000000F4D40100000000007E
:10179000C165020000000000F4D401000000000058
:1017A000D765020000000000F4D401000000000032
:1017B000EC6502000000000050D5010000000000B0
:1017C000FF65020000000000F4D4010000000000EA
:1017D0001066020000000000F4D4010000000000C8
:1017E000296602000000000044D50100000000004E
:1017F000396602000000000050D501000000000022
:101800004966020000000000F4D40100000000005E
:101810005D66020000000000F4D40100000000003A
:101820006E66020000000000F4D401000000000019
:101830007E66020000000000F4D4010000000000F9
:101840008F66020000000000F4D4010000000000D8
:101850009F66020000000000F4D4010000000000B8
:101860000000000000000000000000000000000078
:1018700094D60100000000000000000000000000FD
:1018800004DB010000000000000000000000000078
:101890000000000000000000000000000000000048
:1018A0000000000000000000000000000000000038
:1018B0000000000000000000000000000000000028
:1018C000C0DD0100000000007018020000000000F0
:1018D000D8D6010000000000B0D6010000000000D2
:1018E00000000000000000000000000000000000F8
:1018F00000000000000000000000000000000000E8
:101900009F6F0200000000000100000000000000C6
:10191000B46F0200000000000200000000000000A0
:10192000D36F020000000000030000000000000070
:10193000E86F020000000000080000000000000046
:101940000770020000000000090000000000000015
:1019500031700200000000000A00000000000000DA
:1019600063700200000000000B0000000000000097
:1019700095700200000000000C0000000000000054
:10198000C6700200000000000D0000000000000012
:10199000F7700200000000002D4802000000000067
:1019A000833F020000000000753F020000000000BD
:1019B000693F02000000000000000000000000007D
:1019C0000B450200000000001C4502000000000062
:1019D0002B450200000000003B4502000000000013
:1019E0004D450200000000005D45020000000000BF
:1019F0007045020000000000814502000000000068
:101A00009345020000000000A44502000000000011
:101A1000B745020000000000CC45020000000000B5
:101A2000DE45020000000000EF450200000000005B
:101A30000146020000000000124602000000000003
:101A400025460200000000003846020000000000A9
:101A50009F5F020000000000000000000000000086
:101A60000000000000000000000000000000000076
:101A70000000000000000000000000000000000066
:101A80000000000000000000000000000000000056
:101A90000000000000000000000000000000000046
:101AA00000A801000000000020A8010000000000C4
:101AB0000000000000000000000000000000000026
:101AC0000000000000000000000000000000000016
:101AD000B55F0200000000000000000000000000F0
:101AE00000000000000000000000000000000000F6
:101AF00050A70100000000000000000000000000EE
:101B000000000000000000000000000000000000D5
:101B100020A70100000000000000000000000000FD
:101B2000F8A6010000000000C8A6010000000000A7
:101B300000000000000000000000000000000000A5
:101B40000000000000000000000000000000000095
:101B5000104A020000000000000000000000000029
:101B60001B4A02000000000000000000000000000E
:101B70000000000000000000000000000000000065
:101B8000224B0200000000000000000000000000E6
:101B90000000000000000000000000000000000045
:101BA0000000000000000000000000000000000035
:101BB000B0330100000000003833010000000000D5
:101BC000C032010000000000683201000000000087
:101BD00020320100000000000000000000000000B2
:101BE00000000000000000000000000000000000F5
:101BF000E85F02000000000000000000000000009C
:101C000000000000000000000000000000000000D4
:101C1000DCA901000000000040A901000000000054
:101C200000000000000000000000000000000000B4
:101C300000000000000000000000000000000000A4
:101C400018A9010000000000E8A801000000000041
:101C50000000000000000000000000000000000084
:101C60000000000000000000000000000000000074
:101C70008248020000000000000000000000000098
:101C80000000000000000000000000000000000054
:101C9000F44201000000000000000000000000000D
:101CA0000000000000000000C85F0100000000000C
:101CB000000000000000000074DF010000000000D0
:101CC000536002000000000000000000000000005F
:101CD0005B60020000000000000000000000000047
:101CE000646002000000000001000000000000002D
:101CF000786002000000000000000000000000000A
:101D00008C600200000000000000000000000000E5
:101D10009D600200000000000000000000000000C4
:101D200000000000000000000000000000000000B3
:101D30009CB0010000000000DCAE010000000000CB
:101D400080AF010000000000000000000000000063
:101D500018AF0100000000000000000000000000BB
:101D60000000000000000000DCAF010000000000E7
:101D70006CAD0100000000001D4C020000000000DE
:101D80000000000000000000034C02000000000002
:101D90000000000000000000104C020000000000E5
:101DA0000000000000000000000000000000000033
:101DB0000000000000000000F549020000000000E3
:101DC0000000000000000000C152020000000000FE
:101DD0000000000000000000DA52020000000000D5
:101DE0000000000000000000E552020000000000BA
:101DF0000000000000000000AB52020000000000E4
:101E000000000000000000000000000000000000D2
:101E100000000000000000000000000000000000C2
:101E200088840100000000000000000000000000A5
:101E300000000000000000000000000000000000A2
:101E40000000000000000000000000000000000092
:101E50000000000000000000000000000000000082
:101E60000000000000000000F85202000000000026
:101E700000000000000000001A53020000000000F3
:101E800001000000000000003653020000000000C6
:101E90000200000000000000585302000000000093
:101EA00003000000000000007A5302000000000060
:101EB00004000000000000009C530200000000002D
:101EC0000500000000000000BE53020000000000FA
:101ED0000700000000000000E153020000000000C5
:101EE0000800000000000000FE5302000000000097
:101EF0000B0000000000000017540200000000006A
:101F00000C00000000000000365402000000000039
:101F10000D00000000000000107101000000000032
:101F20000000000000000000BC7201000000000082
:101F30006C7B0100000000000000000000000000B9
:101F4000C47101000000000000000000000000005B
:101F5000D070010000000000487101000000000086
:101F60000000000000000000000000000000000071
:101F70000000000000000000C9490200000000004D
:101F80000000000000000000000000000000000051
:101F90000000000000000000984B0200000000005C
:101FA0000000000000000000000000000000000031
:101FB0000000000000000000B14F0200000000001F
:101FC0000000000000000000000000000000000011
:101FD0000000000000000000E32D020000000000EF
:101FE00000000000000000000000000000000000F1
:101FF00000000000000000000000000000000000E1
:1020000000000000000000000000000000000000D0
:1020100090FA010000000000E4FA01000000000056
:1020200000000000000000000E5D02000000000043
:1020300000000000000000000000000000000000A0
:102040000000000000000000388F010000000000C8
:10205000088F01000000000008900100000000004F
:10206000F48F010000000000900D0000000000004F
:10207000D80D00000000000000000000000000007B
:102080001B38020000000000923C0200000000002B
:1020900019000000000000009D3C0200000000004C
:1020A000B23C02000000000005000000000000003B
:1020B000C73C020000000000CD3C02000000000010
:1020C0000200000000000000D33C020000000000FD
:1020D000DA3C0200000000001600000000000000D2
:1020E000E13C020000000000E53C020000000000AE
:1020F0001700000000000000EE3C0200000000009D
:10210000F43C02000000000012000000000000008B
:10211000FB3C020000000000013D02000000000046
:102120001A00000000000000AE3A020000000000AB
:10213000073D020000000000110000000000000048
:102140006236020000000000253D02000000000091
:102150000E000000000000002C3D02000000000006
:10216000343D0200000000001000000000000000EC
:102170003C3D020000000000403D02000000000065
:102180001B00000000000000443D020000000000B1
:102190004C3D0200000000001C0000000000000098
:1021A0005B3D0200000000005F3D020000000000F7
:1021B0001D000000000000006C3D02000000000057
:1021C000703D020000000000FFFFFFFF0000000064
:1021D0008C520200000000008C520200000000003F
:1021E000EFBEADDEEFBEADDEEFBEADDEEFBEADDE0F
:1021F000EFBEADDE0000000001000000880000001E
:10220000000000008C00000090000000940000001E
:10221000000000009800000000000000880000009E
:102220008C00000090000000940000009800000066
:102230009C000000A0000000A4000000000000407E
:102240000100000006000000000000200100000066
:102250000500000000000040000000000200000037
:10226000000000200000000001000000000000103D
:10227000000000000000000010270000A086010000
:1022800040420F008096980000000000000000000F
:10229000000000000000000040787D0180BA8C0141
:1022A00080F0FA02007519030075190340787D016A
:1022B00080F0FA0200E1F50580F0FA0200D4650C26
:1022C00000C2EB0B00C2EB0B00C2EB0BB300000033
:1022D0000100000001000000E60000000100000015
:1022E00001000000030000004A0000007F00000021
:1022F000070000004A0000007F000000040000000A
:1023000000000060000000000300000000000070FA
:10231000000000000100000000000070000000004C
:1023200000000000000000700000000000000440F9
:102330000001044000020440000304400004044083
:102340000104044000050440000005400001054070
:10235000090000000000003013000000070000002A
:102360000000003000000000080000000000003005
:102370000000000006000000000000300000000027
:102380000200000000000030000000000500000016
:1023900000000030000000000000000000000030DD
:1023A00000000000000105070100050709090B0BEB
:1023B00000007F0017007C0025007F007F007F0069
:1023C0007F007F0036003600360036007F002E008A
:1023D0007F007F002E007F007C007C0020BB15006A
:1023E00000000300000001002000000100000000C8
:1023F0004100000020BA16000000030000000100A8
:1024000040000001000000004000000020BB16005A
:102410000000030000000100400000010000000077
:102420004000000020BA1700000003000000010077
:1024300080000001000000004100000020BB1700E8
:102440000000030000000100800000010000000007
:102450004100000020BB1800000003000000010044
:1024600000010001000000004100000020BA180037
:102470000000030000000100000100010000000056
:102480004100000020BA19104400060000000100BD
:102490000002000100000000E108000020BA19005D
:1024A0000000030000000100000200010000000025
:1024B000E100000020BB19104400060000000100EC
:1024C0000002000100000000C108000020BB19004C
:1024D00000000300000001000002000100000000F5
:1024E000C100000020BB1800000003000000010034
:1024F0000001000100000000C100000020BB20100E
:10250000440006000000010000040001000000007B
:10251000E108000020BB20000000030000000100D3
:102520000004000100000000C100000020BA2010DB
:10253000440006000000010000040001000000004B
:10254000C108000020BA20000000030000000100C4
:102550000004000100000000C100000020BA2100BA
:10256000000003000000010000080001000000005E
:10257000C110000020BB210000000300000001008A
:102580000008000100000000C110000021BA200076
:10259000000003000000010000080001000000002E
:1025A000C110000020BB2110440006000000010003
:1025B0000008000100000000C118000020BB22003C
:1025C00000000300000001000010000100000000F6
:1025D000C110000020BA220000000300000001002A
:1025E0000010000100000000C11800002C5B1B104F
:1025F000410006000000020000040001000000008D
:10260000801801002C5B1C00000003000000020089
:102610000008000100000000801801000102154DB3
:102620000000050000000100400000010000000063
:10263000600000000102164D0000050000000100CE
:102640008000000100000000600000000102194D40
:10265000008006000000040080000001000000006F
:10266000604000000102194D0180060000000100D9
:102670000002000100000000604000000102204D47
:1026800000800600000004000001000100000000BE
:10269000604000000102174D0181060000000100AA
:1026A0008000000100000000604000000120184D83
:1026B000018106000000010000010001000000008F
:1026C000604000000102194D018106000000010078
:1026D0000002000100000000604000000102204DE7
:1026E000008106000000040000010001000000005D
:1026F000604000000102204D0000050000000400C1
:102700000001000100000000604000000102204DB7
:1027100001000500000001000004000100000000AD
:10272000604000000102204F00000500000004008E
:102730000001000100000000604000000102214D86
:10274000000005000000040000020001000000007D
:1027500060000000012018030000050000000400D4
:1027600040000001000000000000000001201803EC
:102770000100050000000100000100010000000050
:10278000000000000120184D01800600000001003B
:102790000001000100000000604000000120184D11
:1027A00000000500000004004000000100000000DF
:1027B000604000000120184D0100050000000100EC
:1027C0000001000100000000604000000102130051
:1027D00000000300000001001000000100000000E4
:1027E00000000000010214000000030000000100CE
:1027F00020000001000000000000000001021500A0
:102800000000030000000100400000010000000083
:10281000000000000102160000000300000001009B
:1028200080000001000000000000000001401500D1
:102830000000030000000100200000010000000073
:1028400061000000014017000000030000000100CB
:1028500080000001000000000100000001401400A1
:102860000000030000000100100000010000000053
:1028700021000000016017000000030000000100BB
:1028800080000001000000006108000001601800E5
:102890000000030000000100000100010000000032
:1028A0006108000001601900000003000000010041
:1028B000000200010000000061080000342A1A0F25
:1028C0000390060000000400000100010000000069
:1028D00060480000342A1B0F03900600000004002B
:1028E000000200010000000060480000342A1C0FB4
:1028F0000090060000000400000400010000000039
:1029000060180000342B1A0F03900600000004002A
:10291000000100010000000060480000342B1B0F84
:102920000390060000000400000200010000000007
:1029300060480000342B1C0F0090060000000400CB
:10294000000400010000000060180000342B190F83
:1029500008900600000002000001000100000000D5
:10296000400800002020110000000300008000004B
:102970000400000100000000000000002020120000
:10298000000003000000010004000001000000003E
:1029900000000000202013000000030000000100E0
:1029A00008000001000000000000000020201400CA
:1029B0000000030000000100100000010000000002
:1029C00000000000202015000000030000000100AE
:1029D0002000000100000000000000002020160080
:1029E00000000300000001004000000100000000A2
:1029F000000000002020170000000300000001007C
:102A000080000001000000000000000020201800ED
:102A1000000003000000040040000001000000006E
:102A200000000000208015000000030000000100ED
:102A300020000001000000000100000020711500CE
:102A40000000030000000100200000010000000061
:102A50006100000020711700000003000000010069
:102A600080000001000000000000000000000000E5
:102A70000000000000000000000000000000000056
:102A80000000000000001F01D0FFD0FFD0FFD0FFEA
:102A90002401D0FFD0FFD0FFD0FFF3003A014E0059
:102AA000D0FFD0FF3400D0FF2501D0FFD0FF1C01A4
:102AB000000000000100F4FD0200F4FDF4FDF4FD4F
:102AC0000300000102030405060708090A0B0C0DA8
:102AD0000E0F030201000504070608090A0B0C0D7E
:102AE0000E0F030B1B6664745F66697875705F6D0B
:102AF000656D6F72795F62616E6B730073706C5F8E
:102B00006E6F64655F746F5F626F6F745F6465762C
:102B10006963650073706C5F726567697374657271
:102B20005F6661745F646576696365006669745F9A
:102B300066696E645F636F6E6669675F6E6F64651A
:102B400000736F63667067615F64747265675F705E
:102B5000726F62650073646863695F63646E735F5C
:102B60007365745F74756E655F76616C006269731E
:102B7000745F6D656D5F696E69745F62795F6164D2
:102B8000647200626F6172645F626F6F745F6F7214
:102B9000646572006C6F61645F73696D706C655F12
:102BA0006669740073706C5F6C6F61645F696D61FE
:102BB00067655F666174006164645F6D74645F641F
:102BC0006576696365006F75745F6F665F62616EDD
:102BD000645F626973745F6D656D5F696E69745F70
:102BE00073746172740073706C5F6C6F61645F7397
:102BF000696D706C655F666974006664745F7265A8
:102C0000636F72645F6C6F616461626C65006563C1
:102C1000635F696E746572727570745F73746174EA
:102C20007573006563635F656E61626C655F737485
:102C300061747573006765745F6D656D5F77696456
:102C400074685F696E666F006664745F66696E645F
:102C50005F6F725F6164645F7375626E6F6465005D
:102C60006765745F6D656D5F746563686E6F6C6FCB
:102C7000677900696E69745F6D656D5F63616C0093
:102C8000696F3936625F63616C5F73746174757309
:102C90000069735F6D61696C626F785F7370656303
:102CA0005F636F6D70617469626C6500696F39365E
:102CB000625F6D625F7265710008080808080808A5
:102CC00008082828282828080808080808080808E4
:102CD000080808080808080808A0101010101010AC
:102CE0001010101010101010100404040404040438
:102CF00004040410101010101010414141414141D2
:102D000001010101010101010101010101010101B3
:102D100001010101101010101010424242424242C3
:102D20000202020202020202020202020202020283
:102D30000202020210101010080000000000000043
:102D40000000000000000000000000000000000083
:102D5000000000000000000000A010101010101073
:102D60001010101010101010101010101010101063
:102D700010101010101010101001010101010101BC
:102D80000101010101010101010101010101010133
:102D9000100101010101010102020202020202020C
:102DA0000202020202020202020202020202020203
:102DB000100202020202020202626F6172645F2567
:102DC0007500515350493A205265666572656E63CD
:102DD0006520636C6F636B206174202564206B48F1
:102DE0007A0A00616C74722C7273742D6D677200B4
:102DF000277379736D67722720616C696173206E28
:102E00006F7420666F756E6420696E2064657669E4
:102E1000636520747265650A00416C746572612097
:102E200073797374656D206D616E61676572206979
:102E30006E6974206661696C65643A2025640A00D5
:102E40004D50552020202020202025313064206B3B
:102E5000487A0A004C34204D61696E0920202020F8
:102E6000253864206B487A0A004C3420737973202B
:102E70006672656520253864206B487A0A004C34F8
:102E8000204D5020202020202020253864206B4811
:102E90007A0A004C34205350202020202020202566
:102EA0003864206B487A0A0053444D4D432020205B
:102EB00020202020253864206B487A0A0057617250
:102EC0006D20005B66726F6D2053444D5D200043A2
:102ED0006F6C640052657365742073746174653A35
:102EE0002025732573005761746368646F67002839
:102EF0005472696767657265642062792025732062
:102F00002564290A002573206465765F7265616413
:102F10005F616464722829206661696C65640A00D7
:102F20002573204661696C656420746F2072656149
:102F3000642073797374656D206D616E616765726D
:102F4000206174206C6F7765722070726976696C8D
:102F500065676520616E6420776974686F75742099
:102F6000424C33310A002573204661696C65642048
:102F7000746F20777269746520746F20737973742D
:102F8000656D206D616E61676572206174206C6F84
:102F90007765722070726976696C65676520616E0D
:102FA0006420776974686F757420424C33310A006D
:102FB000616C74725F7379736D677200616C7472A7
:102FC0002C7379732D6D67722D73313000616C74C1
:102FD000722C7379732D6D6772002F63686F736540
:102FE0006E0025733A202F63686F73656E206E6FD5
:102FF0007420666F756E642C207573696E6720642B
:10300000656661756C740A0025733A206C696D6998
:103010007420256420746F2073706C5F626F6F740E
:103020005F6C6973742065786365656465640A0024
:103030006465766963655F747970650025733A200D
:10304000756E6B6E6F776E206465766963655F740D
:103050007970652025730A00752D626F6F742C736B
:10306000706C2D626F6F742D6F72646572002573C2
:103070003A2073706C2D626F6F742D6F726465727D
:1030800020696E76616C69642C207573696E6720A7
:1030900064656661756C740A0025733A206E6F2052
:1030A00076616C696420656C656D656E7420737003
:1030B0006C2D626F6F742D6F72646572206C697312
:1030C000740A00736F63667067612D736D6D752D83
:1030D0007365637572652D636F6E6669670048502E
:1030E0005320534D4D55207365637572652073658C
:1030F0007474696E677320696E6974206661696CA7
:1031000065643A2025640A00736F63667067612DF9
:103110006363752D636F6E66696700485053204383
:1031200043552073657474696E677320696E6974A2
:10313000206661696C65643A2025640A00736F63D8
:10314000667067612D6669726577616C6C2D636F5F
:103150006E66696700485053206669726577616CD6
:103160006C2073657474696E677320696E6974206E
:103170006661696C65643A2025640A006664745F60
:10318000726F6F743A2025730A0053504C3A2066D0
:1031900064745F736872696E6B5F746F5F6D696E84
:1031A000696D756D20657272202D2025640A0053AB
:1031B000504C3A20617263685F66697875705F662B
:1031C000647420657272202D2025640A0053504CCF
:1031D0003A2043616E6E6F742073657420757020A1
:1031E000626C6F626C6973740A0053504C3A2043EE
:1031F000616E6E6F74207365742075702053504C2F
:103200002068616E646F66660A00547279696E6741
:1032100020746F20626F6F742066726F6D2025734B
:103220000A004572726F723A2025640A0053504CAE
:103230003A20556E737570706F7274656420426FBA
:103240006F7420446576696365210A0053504C3AD7
:10325000206661696C656420746F20626F6F7420F2
:1032600066726F6D20616C6C20626F6F7420646594
:1032700076696365730A0053504C3A2053504C20D2
:1032800068616E642D6F666620777269746520666A
:1032900061696C656420286572723D2564290A00A5
:1032A0005761726E696E673A204661696C65642089
:1032B000746F2066696E69736820626C6F626C69F6
:1032C000737420287265743D2564290A000A552DFF
:1032D000426F6F742053504C20323032362E3031D2
:1032E0002D6736653539343437333136643020282C
:1032F0004A756E2030392032303236202D2032325D
:103300003A30383A3531202B30323030290A0063D8
:10331000616E6E6F742066696E6420696D616765A9
:10332000206E6F646520272573273A2025640A00E4
:1033300043616E2774206C6F61642025733A204EC0
:103340006F206C6F616420616464726573732061C7
:103350006E64206E6F206275666665720A00257362
:103360003A20536B6970206C6F61642027257327A6
:103370003A20696D6167652073697A6520697320F9
:1033800030210A0043616E6E6F7420676574206996
:103390006D61676520646174612F73697A650A00E5
:1033A000232320436865636B696E672068617368D7
:1033B0002865732920666F7220496D616765202535
:1033C00073202E2E2E20004F4B0A0066647400439B
:1033D0006F756C64206E6F74206765742046495465
:1033E00020627566666572206F6620256C752062A6
:1033F000797465730A0009636865636B20434F4EF7
:103400004649475F53504C5F5359535F4D414C4CB5
:103410004F435F53495A450A00232320436865639D
:103420006B696E6720686173682865732920666F11
:103430007220636F6E666967202573202E2E2E2002
:10344000002F696D61676573006C6F616461626C08
:1034500065730025733A2063616E2774206C6F6179
:103460006420696D616765206C6F616461626C6581
:103470007320696E64657820256420287265742045
:103480003D202564290A00617263680073706C3AFC
:1034900020756E737570706F72746564206D6D63E6
:1034A00020626F6F74206465766963652E0A00730D
:1034B000706C3A20636F756C64206E6F7420696E57
:1034C000697469616C697A65206D6D632E2065721F
:1034D000726F723A2025640A0073706C3A20636F31
:1034E000756C64206E6F742066696E64206D6D6308
:1034F000206465766963652025642E206572726F8D
:10350000723A2025640A0073706C3A206D6D632056
:10351000696E6974206661696C6564207769746896
:10352000206572726F723A2025640A0073706C3ADB
:10353000206D6D6320706172746974696F6E2073A1
:103540007769746368206661696C65640A007370EA
:103550006C3A206D6D633A2077726F6E6720626FF0
:103560006F74206D6F64650A00752D626F6F742E25
:10357000697462004D4D43325F32004D4D4332005D
:103580004D4D4331002F6669742D696D6167657318
:103590000025733A206661742072656769737465EB
:1035A0007220657272202D2025640A0025733A204E
:1035B0006572726F722072656164696E6720696DF1
:1035C0006167652025732C20657272202D2025648B
:1035D0000A005350492070726F6265206661696C01
:1035E00065642E0A00752D626F6F742C73706C2DDC
:1035F0007061796C6F61642D6F66667365740053DA
:1036000050490052414D006172636869746563748A
:1036100075726500636F6D7072657373696F6E00AC
:103620006F7065726174696E672073797374656D0C
:1036300000696D616765207479706500627A6970F0
:103640003200677A6970006C7A6D61006C7A6F0085
:103650006C7A34007A737464006E6F6E6500616E0C
:103660007900752D626F6F7400552D426F6F742055
:1036700070686173650053504C2050686173650039
:10368000756E636F6D7072657373656400627A69DD
:10369000703220636F6D7072657373656400677A52
:1036A000697020636F6D70726573736564006C7A06
:1036B0006D6120636F6D70726573736564006C7A01
:1036C0006F20636F6D70726573736564006C7A341C
:1036D00020636F6D70726573736564007A737464D0
:1036E00020636F6D707265737365640061697369DF
:1036F0006D61676500446176696E63692041495375
:1037000020696D6167650066696C657379737465BE
:103710006D0046696C6573797374656D20496D61E0
:10372000676500666C61745F647400466C61742048
:103730004465766963652054726565006770696DDC
:10374000616765005449204B657973746F6E65201D
:1037500053504C20496D616765006B65726E656CF6
:10376000004B65726E656C20496D616765006B6525
:10377000726E656C5F6E6F6C6F6164004B65726E2C
:10378000656C20496D61676520286E6F206C6F61E4
:1037900064696E6720646F6E6529006B7762696D7E
:1037A000616765004B69726B776F6F6420426F6F62
:1037B0007420496D61676500696D78696D61676541
:1037C00000467265657363616C6520692E4D5820F3
:1037D000426F6F7420496D61676500696D78386963
:1037E0006D616765004E585020692E4D5838204253
:1037F0006F6F7420496D61676500696D78386D6918
:103800006D616765004E585020692E4D58384D2027
:10381000426F6F7420496D61676500696E76616CF7
:10382000696400496E76616C696420496D61676501
:10383000006D756C7469004D756C74692D46696C0A
:103840006520496D616765006F6D6170696D6167C5
:1038500065005449204F4D41502053504C2057692A
:1038600074682047502043480070626C696D61673E
:103870006500467265657363616C652050424C203B
:10388000426F6F7420496D6167650072616D646994
:10389000736B0052414D4469736B20496D616765DC
:1038A000007363726970740053637269707400739B
:1038B0006F6366706761696D61676500416C74650F
:1038C000726120536F43465047412043562F415663
:1038D000207072656C6F6164657200736F636670EF
:1038E0006761696D6167655F763100416C7465720F
:1038F0006120536F43465047412041313020707260
:10390000656C6F61646572007374616E64616C6F85
:103910006E65005374616E64616C6F6E65205072E9
:103920006F6772616D0075626C696D6167650044F7
:103930006176696E63692055424C20696D616765E7
:10394000006D7873696D61676500467265657363C4
:10395000616C65204D585320426F6F7420496D6132
:1039600067650061746D656C696D616765004154E0
:103970004D454C20524F4D2D426F6F7420496D6163
:103980006765007838365F7365747570007838360F
:103990002073657475702E62696E006C70633332CB
:1039A0007878696D616765004C5043333258582010
:1039B000426F6F7420496D61676500726B696D615C
:1039C000676500526F636B6368697020426F6F7444
:1039D00020496D61676500726B736400526F636BA1
:1039E0006368697020534420426F6F7420496D6191
:1039F000676500726B73706900526F636B6368690F
:103A0000702053504920426F6F7420496D61676583
:103A100000767962726964696D61676500567962E2
:103A200072696420426F6F7420496D616765007A26
:103A3000796E71696D6167650058696C696E78208F
:103A40005A796E7120426F6F7420496D616765000D
:103A50007A796E716D70696D6167650058696C691E
:103A60006E78205A796E714D5020426F6F742049E4
:103A70006D616765007A796E716D70626966005874
:103A8000696C696E78205A796E714D5020426F6F63
:103A90007420496D61676520286269662900667037
:103AA0006761004650474120496D61676500746554
:103AB0006500547275737465642045786563757428
:103AC000696F6E20456E7669726F6E6D656E7420DB
:103AD000496D616765006669726D776172655F69DE
:103AE0007674004669726D776172652077697468D3
:103AF0002048414276342049565400706D6D630071
:103B0000544920506F776572204D616E6167656D15
:103B1000656E74204D6963726F2D436F6E74726FA2
:103B20006C6C6572204669726D77617265007374A2
:103B30006D3332696D6167650053544D6963726F0F
:103B4000656C656374726F6E6963732053544D3393
:103B50003220496D616765006D746B5F696D6167E7
:103B600065004D6564696154656B20426F6F7452E6
:103B70004F4D206C6F616461626C6520496D6167B7
:103B80006500636F70726F00436F70726F6365736F
:103B9000736F7220496D6167650073756E78695F38
:103BA00065676F6E00416C6C77696E6E657220653B
:103BB000474F4E20426F6F7420496D6167650073F7
:103BC000756E78695F746F633000416C6C77696EF5
:103BD0006E657220544F433020426F6F7420496DE0
:103BE000616765006664745F6C6567616379006C2A
:103BF000656761637920496D6167652077697468DD
:103C000020466C6174204465766963652054726552
:103C100065200073706B67696D6167650052656E42
:103C2000657361732053504B4720496D6167650090
:103C3000736673706C0053746172466976652053C5
:103C4000504C20496D616765007466612D626C336C
:103C5000310054464120424C333120496D61676543
:103C60000073746D3332696D616765763200535449
:103C70004D6963726F656C656374726F6E696373AF
:103C80002053544D333220496D6167652056322EE2
:103C90003000496E76616C6964204F530061726D2B
:103CA0002D747275737465642D6669726D776172B7
:103CB000650041524D2054727573746564204669E5
:103CC000726D77617265006C696E7578004C696E13
:103CD0007578006E6574627364004E657442534477
:103CE000006F736500456E6561204F534500706C31
:103CF000616E3900506C616E2039007274656D73AD
:103D0000005254454D5300547275737465642045D8
:103D10007865637574696F6E20456E7669726F6E33
:103D20006D656E7400552D426F6F74007678776FF5
:103D3000726B73005678576F726B7300716E7800F8
:103D4000514E58006F70656E73626900524953435B
:103D50002D56204F70656E534249006566690045D7
:103D60004649204669726D7761726500656C660030
:103D7000454C4620496D61676500496E76616C6906
:103D800064204152434800616C70686100416C706E
:103D900068610061726D0041524D00496E74656C3E
:103DA0002078383600696136340049413634006D78
:103DB00036386B004D36384B006D6963726F626C3C
:103DC000617A65004D6963726F426C617A65006D5E
:103DD000697073004D495053006D6970733634003B
:103DE0004D49505320363420426974006E696F7318
:103DF00032004E494F5320494900706F7765727009
:103E00006300506F776572504300707063007333C6
:103E100039300049424D20533339300053757065B5
:103E200072480073706172630053504152430073D3
:103E3000706172633634005350415243203634204F
:103E400042697400626C61636B66696E00426C610A
:103E5000636B66696E00617672333200415652338D
:103E600032006E64733332004E44533332006F724B
:103E7000316B004F70656E52495343203130303002
:103E80000073616E64626F780053616E64626F7874
:103E90000061726D3634004141726368363400410E
:103EA0004D44207838365F3634007874656E73611F
:103EB000005874656E7361007269736376005249CD
:103EC00053432D560025733A2025733A2025730A53
:103ED0000025733A206E756D2062616E6B7320252C
:103EE0006420657863656564732068617264636FDC
:103EF000646564206C696D69742025642E205265A8
:103F0000636F6D70696C6520776974682068696794
:103F1000686572204D454D4F52595F42414E4B539B
:103F20005F4D41583F0A005741524E494E473A2093
:103F3000636F756C64206E6F7420736574202573D5
:103F40002025732E0A00656E74727900556E7375A4
:103F500070706F727465642025732061646472658B
:103F600073732073697A650A00646174612D6F66EA
:103F70006673657400646174612D706F7369746930
:103F80006F6E00646174612D73697A6500616C679E
:103F90006F00556E61626C6520746F207665726982
:103FA0006679207265717569726564207369676EE0
:103FB00061747572650043616E27742067657420B3
:103FC0006861736820616C676F2070726F706572D2
:103FD00074790075626F6F742D69676E6F7265001A
:103FE0002D736B6970706564200043616E277420C7
:103FF00067657420686173682076616C75652070F0
:10400000726F706572747900556E737570706F722F
:10401000746564206861736820616C676F7269748D
:10402000686D0042616420686173682076616C7518
:1040300065206C656E00426164206861736820765B
:10404000616C7565002B20002D2000436F72727526
:1040500070746564206F72207472756E636174652C
:1040600064207472656500206572726F72210A2582
:104070007320666F7220272573272068617368207C
:104080006E6F646520696E202725732720696D6136
:104090006765206E6F64650A00736861310073683C
:1040A0006132353600706B63732D312E3500546FDD
:1040B00074616C2073697A6520746F6F206C617213
:1040C00067650070616464696E67006B65792D6E69
:1040D000616D652D68696E740025733A257300550E
:1040E0006E6B6E6F776E207369676E617475726543
:1040F00020616C676F726974686D006861736865D0
:10410000642D6E6F6465730043616E27742067656C
:1041100074206861736865642D6E6F6465732070C8
:10412000726F7065727479006861736865642D6E72
:104130006F6465732070726F7065727479206D752D
:104140007374206265206E756C6C2D7465726D6978
:104150006E61746564004E756D626572206F6620D5
:10416000686173686564206E6F6465732065786349
:1041700065656473206D6178696D756D002F636F7F
:104180006E66696775726174696F6E730053656CF2
:10419000656374656420636F6E666967206E6F7413
:1041A00020696E20686173686564206E6F64657352
:1041B000004661696C656420746F206861736820D3
:1041C000636F6E66696775726174696F6E004E6FBA
:1041D000206461746120746F206861736800546F9B
:1041E0006F206D616E792068617368207265676900
:1041F0006F6E73006861736865642D737472696EA5
:10420000677300566572696669636174696F6E20D1
:104210006661696C6564004E6F6465206E616D65F2
:1042200020636F6E7461696E7320400072657175F2
:1042300069726564004661696C656420746F2076FC
:10424000657269667920726571756972656420733B
:1042500069676E617475726520272573270A0043AC
:104260006F6E66696775726174696F6E206E6F64D8
:1042700065202725732720636F6E7461696E732034
:104280002740270A0072657175697265642D6D6F2C
:10429000646500636F6E66004E6F20277369676EFA
:1042A000617475726527207375626E6F6465206630
:1042B0006F756E6400206572726F72210A2573201B
:1042C000666F7220272573272068617368206E6FE0
:1042D000646520696E202725732720636F6E6669E9
:1042E00067206E6F64650A004661696C65642074BE
:1042F0006F207665726966792027616E7927206F55
:1043000066207468652072657175697265642073D2
:1043100069676E61747572652873290A0064656641
:1043200061756C74006465736372697074696F6E33
:104330000025733A204D697373696E6720464454B3
:10434000206465736372697074696F6E20696E2092
:104350004454420A004661696C656420746F2061B0
:104360006C6C6F6361746520257820627974657365
:104370000A00557365642073697A653D25782C20A1
:10438000746F74616C2073697A653D25780A004307
:104390006865636B73756D20257820213D20257835
:1043A0000A00426C6F626C69737420617420256C22
:1043B00078206E6F7420666F756E64202865727247
:1043C0003D2564290A00616C6C6F63207370616322
:1043D00065206578686175737465642070747220F7
:1043E000256C78206C696D69742025780A006379E2
:1043F000636C69632066756E6374696F6E202573E4
:1044000020746F6F6B20746F6F206C6F6E673A2033
:10441000256C6C6475732076732025647573206D2C
:1044200061780A006372633332007273612C6E75B7
:104430006D2D62697473007273612C6E302D696E1C
:104440007665727365007273612C6578706F6E6546
:104450006E74007273612C6D6F64756C757300728D
:1044600073612C722D7371756172656400525341D2
:104470003A2043616E27742066696E64204D6F6434
:10448000756C61722045787020696D706C656D6522
:104490006E746174696F6E0A006B65792D25730007
:1044A00072736134303936007273613330373200E1
:1044B00072736132303438006C696E75782C7068B4
:1044C000616E646C65002F616C6961736573006374
:1044D0006F6D70617469626C65003C76616C6964D3
:1044E000206F66667365742F6C656E6774683E0036
:1044F0003C6E6F206572726F723E003C756E6B6E23
:104500006F776E206572726F723E004644545F454D
:1045100052525F4E4F54464F554E44004644545FEE
:104520004552525F455849535453004644545F45E1
:1045300052525F4E4F5350414345004644545F45ED
:1045400052525F4241444F464653455400464454FC
:104550005F4552525F4241445041544800464454E2
:104560005F4552525F4241445048414E444C4500E1
:104570004644545F4552525F42414453544154456E
:10458000004644545F4552525F5452554E43415485
:104590004544004644545F4552525F4241444D41B8
:1045A000474943004644545F4552525F4241445696
:1045B000455253494F4E004644545F4552525F4264
:1045C0004144535452554354555245004644545F58
:1045D0004552525F4241444C41594F555400464464
:1045E000545F4552525F494E5445524E414C00462D
:1045F00044545F4552525F4241444E43454C4C53F4
:10460000004644545F4552525F42414456414C5526
:1046100045004644545F4552525F4241444F56451F
:10462000524C4159004644545F4552525F4E4F50E0
:1046300048414E444C4553004644545F4552525FF6
:10464000424144464C4147530023616464726573A0
:10465000732D63656C6C73002373697A652D6365D4
:104660006C6C73004D697373696E67204454420A21
:1046700000737461747573006F6B6179002F6D65E1
:104680006D6F7279002F72657365727665642D6D3A
:10469000656D6F72790072616E6765730025734096
:1046A00025782C2578002573402578006E6F2D6DB8
:1046B0006170006D617463682D6D61736B006D6175
:1046C0007463682D76616C7565006175746F2D7308
:1046D000697A6500232323204552524F5220232319
:1046E0002320506C656173652052455345542074F6
:1046F000686520626F617264202323230A002530DD
:1047000032580025303278003C4E554C4C3E005714
:10471000686F6C65204469736B0068640075736230
:1047200064006D6D637364007878002573256325DC
:104730006400626C6B5F706172746974696F6E00A3
:10474000464154004641543332002A2A204E6573B4
:1047500074656420444F5320706172746974696F8A
:104760006E732064657465637465642C2073746F64
:104770007070696E67202A2A0A002A2A2043616E17
:104780002774207265616420706172746974696F46
:104790006E207461626C65206F6E2025643A256C12
:1047A00075202A2A0A00626164204D4252207365F6
:1047B00063746F72207369676E61747572652030FF
:1047C0007825303278253032780A00444F5300255E
:1047D000733A25640025732E257300736373690093
:1047E000757362007361746100686F7374006E7634
:1047F0006D65006E766D786970006566696C6F61D5
:104800006465720076697274696F007076626C6FAD
:10481000636B00626C6B6D617000726B6D74640031
:104820007562690070726566657463682D64617491
:10483000610070726566657463682D696E73747269
:104840000061726D2C7368617265642D6F7665729C
:10485000726964650061726D2C7461672D6C61749E
:10486000656E63790061726D2C646174612D6C6199
:1048700074656E637900706C3331305F63616368B7
:10488000650061726D2C706C3331302D636163682B
:10489000650023636C6F636B2D63656C6C730063E1
:1048A0006C6F636B2D6E616D65730043616E6E6F2F
:1048B0007420656E61626C6520706172656E742033
:1048C00025730A0061737369676E65642D636C6F8D
:1048D000636B2D706172656E7473006173736967C9
:1048E0006E65642D636C6F636B73006173736967CE
:1048F0006E65642D636C6F636B2D726174657300FC
:1049000025732025733A206661696C656420746F95
:10491000207365742072617465206F6E20636C6F04
:10492000636B20696E6465782025642028256C649B
:104930002920286572726F72203D202564290A00A3
:1049400075646576696365202A2900284E554C4CAC
:1049500000636C6F636B2D6672657175656E63794C
:104960000066697865645F726174655F7261775F24
:10497000636C6F636B0066697865645F636C6F631B
:104980006B00636C6F636B2D64697600636C6F639F
:104990006B2D6D756C740066697865645F66616324
:1049A000746F725F636C6F636B0066697865642D0A
:1049B000666163746F722D636C6F636B00636C6B05
:1049C0002D6167696C65783500696E74656C2C6162
:1049D00067696C6578352D636C6B6D6772002F634A
:1049E0006C6F636B73002F6669726D77617265001F
:1049F000726F6F7400726F6F745F64726976657244
:104A0000006E6F700073696D706C655F6275730026
:104A100073696D706C652D6275730073696D706C70
:104A2000652D6D6664002F636F6E66696700257380
:104A30003A2025733A206572726F723A2067706966
:104A40006F2025732564206E6F7420726573657204
:104A50007665640A006765745F76616C75650073DE
:104A600065745F76616C7565007365745F64697207
:104A70005F666C6167730025732E257325640023C0
:104A80006770696F2D63656C6C7300696E70757407
:104A9000006F757470757400756E7573656400755C
:104AA0006E6B6E6F776E0066756E630025732025E2
:104AB000733A2043616E27742067657420726573B2
:104AC00065743A2025640A0025732025733A204630
:104AD00061696C656420746F2072657365743A2037
:104AE00025640A006770696F2D636F6E74726F6C56
:104AF0006C6572006E6770696F7300736E70732CF3
:104B00006E722D6770696F730062616E6B2D6E61DE
:104B10006D650025735F006770696F2D6477617044
:104B20006200736E70732C64772D6170622D6770F4
:104B3000696F006D69736300696E74656C2C6F66D4
:104B4000667365742D73657474696E67730025737D
:104B50003A204F766572666C6F77206173206F66BE
:104B600066736574203078256C6C78206F722072C3
:104B7000656700207772697465206973206D6F72B4
:104B800065207468616E20626C6F636B2073697A54
:104B90006520307825780A00696E74656C2C736F17
:104BA00063667067612D6474726567007073636912
:104BB0002D7379737265736574006D6574686F64C5
:104BC000006D697373696E6720226D6574686F6428
:104BD000222070726F70657274790A0068766300C3
:104BE000736D6300696E76616C696420226D657413
:104BF000686F64222070726F70657274793A202534
:104C0000730A0061726D2C707363692D302E32004F
:104C100061726D2C707363692D312E300061726D7D
:104C20002C70736369004572726F7220656E6162E9
:104C30006C696E6720564D4D4320737570706C79AA
:104C4000203A2025640A004572726F7220656E61F9
:104C5000626C696E672056514D4D432073757070BC
:104C60006C79203A2025640A004D4D433A20626C4D
:104C70006F636B206E756D626572203078256C787D
:104C80002065786365656473206D617828307825C8
:104C90006C78290A006D6D63206661696C20746F01
:104CA0002073656E642073746F7020636D640A00F6
:104CB000696E76616C6964206275732077697464CB
:104CC00068206361706162696C697479203078254D
:104CD000780A00756E61626C6520746F2073656C74
:104CE0006563742061206D6F64650A0053656C65AF
:104CF0006374204853343030206661696C656420E9
:104D000025640A0053656C65637420485334303061
:104D10004553206661696C65642025640A00756EE0
:104D200061626C6520746F2073656C6563742061CB
:104D3000206D6F64653A2025640A00766D6D632DE1
:104D4000737570706C790076716D6D632D7375700D
:104D5000706C79006D6D633A206661696C656420E2
:104D6000746F20736574207369676E616C20766F51
:104D70006C746167650A0043617264206469642031
:104D80006E6F7420726573706F6E6420746F20761E
:104D90006F6C746167652073656C65637421203A7C
:104DA0002025640A006275735F6D6F64652072650B
:104DB00071756573746564206973206E6F742073F8
:104DC0007570706F727465640A004D4D433A206EC1
:104DD0006F20636172642070726573656E740A007F
:104DE0004D4D433A205345545F4453522066616908
:104DF0006C65640A004E6F206578745F637364208D
:104E0000666F756E64210A004D616E20253036781C
:104E100020536E7220253034782530347800256395
:104E2000256325632563256325630025642E25649A
:104E3000006361702D73642D6869676873706565C0
:104E4000640025732025733A20496E76616C69648D
:104E500020226275732D7769647468222076616CF4
:104E60007565202575210A006361702D6D6D632DB8
:104E70006869676873706565640073642D7568732D
:104E80002D736472313034006D6D632D6464722D46
:104E9000315F3876006D6D632D6464722D315F3241
:104EA00076006D6D632D68733230302D315F38764A
:104EB000006D6D632D68733230302D315F327600B6
:104EC0006D6D632D68733430302D315F3876006D31
:104ED0006D632D68733430302D315F3276006D6D27
:104EE000632D68733430302D656E68616E63656460
:104EF0002D7374726F6265006E6F2D6D6D632D681A
:104F000073343030006E6F6E2D72656D6F76616236
:104F10006C650063642D696E766572746564006209
:104F2000726F6B656E2D6364006E6F2D312D382DA1
:104F300076004D4D432044657669636520256420E5
:104F40006E6F7420666F756E640A006D6D635F62CC
:104F50006C6B0044574D4D433A2043616E277420DB
:104F6000676574204649464F2064657074680A007E
:104F700064727673656C00736D706C73656C00663B
:104F800069666F2D6D6F64650044574D4D433A203F
:104F90004D4D4320636C6F636B206973207A65729B
:104FA0006F2100736F63667067615F64776D6D6317
:104FB00000616C74722C736F63667067612D647727
:104FC0002D6D736863005265736574202523782006
:104FD0006E6576657220636F6D706C657465640ACA
:104FE000006D6D6325642062757379200074696DAE
:104FF000656F757420696E6372656173696E672091
:10500000746F3A202575206D730A0054696D656FC1
:10501000757420666F722073746174757320757077
:10502000646174653A202530387820253038780A54
:10503000005472616E7366657220646174612074DD
:10504000696D656F75740A0054696D656F757420BC
:1050500077616974696E6720666F7220636D642082
:1050600026206461746120696E68696269740A004F
:105070004572726F72207768696C6520736574740D
:10508000696E67207461702064656C61790A0045FF
:1050900072726F7220636F6E6669677572696E6790
:1050A00020646C6C0A004572726F72207768696CBC
:1050B0006520636F6E6669677572696E6720646CE0
:1050C0006C0A00496E7465726E616C20636C6F636C
:1050D0006B206E657665722073746162696C6973AA
:1050E00065642E0A006661696C656420746F2064D3
:1050F000697361626C652076716D6D632D73757077
:10510000706C790A006661696C656420746F207345
:1051100065742076716D6D632D766F6C7461676553
:1051200020746F20332E33560A006661696C656403
:1051300020746F20656E61626C652076716D6D63A1
:105140002D737570706C790A00332E33562072659A
:1051500067756C61746F72206F75747075742064FC
:105160006964206E6F74206265636F6D652073746F
:1051700061626C650A006661696C656420746F2009
:105180007365742076716D6D632D766F6C746167D5
:105190006520746F20312E38560A00312E38562083
:1051A000726567756C61746F72206F757470757459
:1051B00020646964206E6F74206265636F6D652082
:1051C000737461626C650A0063642D6770696F7344
:1051D00000416C69676E6564206275666665722061
:1051E000616C6C6F63206661696C65640A0073644E
:1051F0006863692D636170732D6D61736B007364F7
:105200006863692D6361707300436F6E74726F6CB5
:105210006C657220646F65736E277420737570708F
:105220006F72742041444D410A0048617264776195
:10523000726520646F65736E27742073706563698F
:105240006679206261736520636C6F636B206672A0
:10525000657175656E63790A00647269766572734B
:105260002F6D6D632F73646863692D636164656E70
:1052700063652E63005741524E494E4720617420AA
:1052800025733A25642F25732829210A00257320C8
:1052900025733A206E6F2074756E696E6720706F8B
:1052A000696E7420666F756E640A0063646E732C99
:1052B00073643668630073646863692D63646E7336
:1052C00000736F63696F6E6578742C756E697068B2
:1052D0006965722D73643468630063646E732C7344
:1052E0006434686300616C74722C6167696C657802
:1052F000352D73643668630063646E732C7068794F
:105300002D696E7075742D64656C61792D73642DD3
:105310006869676873706565640063646E732C7098
:1053200068792D696E7075742D64656C61792D6C6A
:1053300065676163790063646E732C7068792D69A9
:105340006E7075742D64656C61792D73642D75684C
:10535000732D73647231320063646E732C706879DC
:105360002D696E7075742D64656C61792D73642D73
:105370007568732D73647232350063646E732C70BC
:1053800068792D696E7075742D64656C61792D7303
:10539000642D7568732D73647235300063646E73A9
:1053A0002C7068792D696E7075742D64656C6179E7
:1053B0002D73642D7568732D6464723530006364D9
:1053C0006E732C7068792D696E7075742D64656CC0
:1053D00061792D6D6D632D686967687370656564AB
:1053E0000063646E732C7068792D696E7075742D0E
:1053F00064656C61792D6D6D632D64647200636406
:105400006E732C7068792D646C6C2D64656C617999
:105410002D7364636C6B0063646E732C7068792DFC
:10542000646C6C2D64656C61792D7364636C6B2D99
:1054300068736D6D630063646E732C7068792D649E
:105440006C6C2D64656C61792D7374726F6265008C
:1054500073646863695F63646E73365F72657365F6
:10546000745F706879206973206E6F7420636F6D4C
:10547000706C657465640A0063646E732C63747287
:105480006C2D68727330392D74696D696E672D6487
:10549000656C61792D656D6D632D687334303000F6
:1054A00063646E732C6374726C2D68727331302D6B
:1054B0006C70626B2D6374726C2D64656C61792DF8
:1054C000656D6D632D68733430300063646E732CCA
:1054D0006374726C2D68727331362D736C617665EE
:1054E0002D6374726C2D656D6D632D68733430306F
:1054F0000063646E732C6374726C2D687273303742
:105500002D74696D696E672D64656C61792D656DAB
:105510006D632D68733430300063646E732C637474
:10552000726C2D68727330392D74696D696E672DD8
:1055300064656C61792D656D6D632D6873323030F3
:105540000063646E732C6374726C2D6872733130F7
:105550002D6C70626B2D6374726C2D64656C617957
:105560002D656D6D632D68733230300063646E732A
:105570002C6374726C2D68727331362D736C617686
:10558000652D6374726C2D656D6D632D687332309B
:10559000300063646E732C6374726C2D68727330A8
:1055A000372D74696D696E672D64656C61792D6541
:1055B0006D6D632D68733230300063646E732C63DD
:1055C00074726C2D68727330392D74696D696E67F1
:1055D0002D64656C61792D656D6D632D6464720059
:1055E00063646E732C6374726C2D68727331302D2A
:1055F0006C70626B2D6374726C2D64656C61792DB7
:10560000656D6D632D6464720063646E732C6374E6
:10561000726C2D68727331362D736C6176652D63F3
:1056200074726C2D656D6D632D6464720063646EBD
:10563000732C6374726C2D68727330372D74696DBE
:10564000696E672D64656C61792D656D6D632D6480
:1056500064720063646E732C6374726C2D68727371
:1056600030392D74696D696E672D64656C61792DB3
:10567000656D6D632D7364720063646E732C637467
:10568000726C2D68727331302D6C70626B2D637487
:10569000726C2D64656C61792D656D6D632D73641D
:1056A000720063646E732C6374726C2D6872733154
:1056B000362D736C6176652D6374726C2D656D6D1E
:1056C000632D7364720063646E732C6374726C2D4B
:1056D00068727330372D74696D696E672D64656CFF
:1056E00061792D656D6D632D7364720063646E73F3
:1056F0002C6374726C2D68727330392D74696D6906
:105700006E672D64656C61792D73642D6873006319
:10571000646E732C6374726C2D68727331302D6CEF
:1057200070626B2D6374726C2D64656C61792D737E
:10573000642D68730063646E732C6374726C2D68DF
:10574000727331362D736C6176652D6374726C2DB6
:1057500073642D68730063646E732C6374726C2DB4
:1057600068727330372D74696D696E672D64656C6E
:1057700061792D73642D68730063646E732C637498
:10578000726C2D68727330392D74696D696E672D76
:1057900064656C61792D73642D64730063646E734A
:1057A0002C6374726C2D68727331302D6C70626B67
:1057B0002D6374726C2D64656C61792D73642D6436
:1057C000730063646E732C6374726C2D6872733132
:1057D000362D736C6176652D6374726C2D73642D38
:1057E00064730063646E732C6374726C2D687273DF
:1057F00030372D74696D696E672D64656C61792D24
:1058000073642D64730063646E732C7068792D6407
:1058100071732D74696D696E672D64656C61792D86
:10582000656D6D632D68733430300063646E732C66
:105830007068792D676174652D6C70626B2D63746F
:10584000726C2D64656C61792D656D6D632D687367
:105850003430300063646E732C7068792D646C6C26
:105860002D736C6176652D6374726C2D656D6D633F
:105870002D68733430300063646E732C7068792D3A
:1058800064712D74696D696E672D64656C61792D25
:10589000656D6D632D68733430300063646E732CF6
:1058A0007068792D646C6C2D6D61737465722D63F5
:1058B00074726C2D656D6D632D68733430300063C8
:1058C000646E732C7068792D6471732D74696D69C1
:1058D0006E672D64656C61792D656D6D632D6873E0
:1058E0003230300063646E732C7068792D67617498
:1058F000652D6C70626B2D6374726C2D64656C61C8
:10590000792D656D6D632D68733230300063646E80
:10591000732C7068792D646C6C2D736C6176652DB9
:105920006374726C2D656D6D632D68733230300059
:1059300063646E732C7068792D64712D74696D6960
:105940006E672D64656C61792D656D6D632D68736F
:105950003230300063646E732C7068792D646C6C27
:105960002D6D61737465722D6374726C2D656D6D30
:10597000632D68733230300063646E732C70687905
:105980002D6471732D74696D696E672D64656C612A
:10599000792D656D6D632D6464720063646E732C84
:1059A0007068792D676174652D6C70626B2D6374FE
:1059B000726C2D64656C61792D656D6D632D646409
:1059C000720063646E732C7068792D646C6C2D7337
:1059D0006C6176652D6374726C2D656D6D632D64DD
:1059E00064720063646E732C7068792D64712D7419
:1059F000696D696E672D64656C61792D656D6D6388
:105A00002D6464720063646E732C7068792D646C0D
:105A10006C2D6D61737465722D6374726C2D656D80
:105A20006D632D6464720063646E732C7068792DED
:105A30006471732D74696D696E672D64656C61792D
:105A40002D656D6D632D7364720063646E732C70CD
:105A500068792D676174652D6C70626B2D6374724B
:105A60006C2D64656C61792D656D6D632D73647249
:105A70000063646E732C7068792D646C6C2D736C8C
:105A80006176652D6374726C2D656D6D632D736425
:105A9000720063646E732C7068792D64712D746963
:105AA0006D696E672D64656C61792D656D6D632D13
:105AB0007364720063646E732C7068792D646C6C0F
:105AC0002D6D61737465722D6374726C2D656D6DCF
:105AD000632D7364720063646E732C7068792D6437
:105AE00071732D74696D696E672D64656C61792DB4
:105AF00073642D68730063646E732C7068792D670E
:105B00006174652D6C70626B2D6374726C2D6465AD
:105B10006C61792D73642D68730063646E732C70EF
:105B200068792D646C6C2D736C6176652D6374726D
:105B30006C2D73642D68730063646E732C706879C8
:105B40002D64712D74696D696E672D64656C617962
:105B50002D73642D68730063646E732C7068792DE7
:105B6000646C6C2D6D61737465722D6374726C2D31
:105B700073642D68730063646E732C7068792D6490
:105B800071732D74696D696E672D64656C61792D13
:105B900073642D64730063646E732C7068792D6771
:105BA0006174652D6C70626B2D6374726C2D64650D
:105BB0006C61792D73642D64730063646E732C7053
:105BC00068792D646C6C2D736C6176652D637472CD
:105BD0006C2D73642D64730063646E732C7068792C
:105BE0002D64712D74696D696E672D64656C6179C2
:105BF0002D73642D64730063646E732C7068792D4B
:105C0000646C6C2D6D61737465722D6374726C2D90
:105C100073642D64730052656D6F76696E67204DF5
:105C20005444206465766963652023256420282513
:105C3000732920776974682075736520636F756EAA
:105C4000742025640A00647269766572732F6D741E
:105C5000642F6D7464636F72652E63004255472034
:105C600061742025733A25642F25732829210A00A1
:105C7000425547210025733A20756E6C6F636B2087
:105C80006661696C65642C20777269746573206D38
:105C90006179206E6F7420776F726B0A00457272A3
:105CA0006F72207768656E2064656C6574696E67D5
:105CB00020706172746974696F6E202225732220CE
:105CC000282564290A004D5444007370695F666C8E
:105CD0006173684025643A2564006A656465635FA2
:105CE0007370695F6E6F72007370695F666C617369
:105CF000680053463A204661696C656420746F20E1
:105D000073657420757020736C6176650A006A652E
:105D10006465632C7370692D6E6F72007370692DEA
:105D2000666C6173680025732025733A20666C6188
:105D30007368206F7065726174696F6E2074696D2D
:105D40006564206F75740A00656E61626C696E67C8
:105D5000207265736574206861636B3B206D6179A7
:105D6000206E6F74207265636F7665722066726F45
:105D70006D20756E65787065637465642072656208
:105D80006F6F74730A0023706F7765722D646F6D87
:105D900061696E2D63656C6C7300706F7765722D31
:105DA000646F6D61696E7300706F7765725F646FA9
:105DB0006D61696E00616C74725F706D6772006115
:105DC0006C74722C706D67722D6167696C657835C3
:105DD00000726567756C61746F722D6D696E2D6DE3
:105DE0006963726F766F6C7400726567756C61744D
:105DF0006F722D6D61782D6D6963726F766F6C7443
:105E000000726567756C61746F722D696E69742DAF
:105E10006D6963726F766F6C7400726567756C6123
:105E2000746F722D6D696E2D6D6963726F616D7027
:105E300000726567756C61746F722D6D61782D6D80
:105E40006963726F616D7000726567756C61746F04
:105E5000722D72616D702D64656C61790072656779
:105E6000756C61746F722D666F7263652D626F6FF2
:105E7000742D6F666600726567756C61746F722D44
:105E800073746174652D6D656D00726567756C6105
:105E9000746F722D6F66662D696E2D7375737065E4
:105EA0006E6400726567756C61746F722D737573C3
:105EB00070656E642D6D6963726F766F6C740072BD
:105EC0006567756C61746F722D616C776179732D84
:105ED0006F6E00726567756C61746F722D626F6FA3
:105EE000742D6F6E00726567756C61746F722D6EC4
:105EF000616D650025732025733A202725732720BF
:105F0000686173206E6F6E756E697175652076615C
:105F10006C75653A202725730A00656E61626C65B1
:105F20002D6163746976652D6869676800737461B3
:105F3000727475702D64656C61792D757300752DA3
:105F4000626F6F742C6F66662D6F6E2D64656C6169
:105F5000792D75730043616E277420736574207208
:105F60006567756C61746F72203A202573206770C5
:105F7000696F20746F3A2025640A00726567756C3A
:105F800061746F725F66697865645F636C6B0072E1
:105F90006567756C61746F725F66697865640072BD
:105FA0006567756C61746F722D66697865642D63C1
:105FB0006C6F636B00726567756C61746F722D66D0
:105FC000697865640073746174657300656E6162FD
:105FD0006C652D6770696F73006770696F207265FB
:105FE00067756C61746F7200726567756C61746F50
:105FF000722D6770696F007374646F75742D7061B2
:10600000746800636F6E736F6C65004E6F2073650C
:106010007269616C2064726976657220666F756E54
:1060200064007265672D6F666673657400726567DC
:106030002D7368696674007265672D696F2D7769C5
:10604000647468006E7331363535305F736572691C
:10605000616C006E733136353530006E7331363514
:1060600035306100696E67656E69632C6A7A343712
:1060700038302D75617274006E76696469612C74B4
:106080006567726132302D7561727400736E707362
:106090002C64772D6170622D7561727400696E7465
:1060A000656C2C787363616C652D75617274002565
:1060B000732025733A2043616E6E6F74207365748C
:1060C00020737065656420286572723D2564290A15
:1060D0000025732025733A2043616E6E6F74207320
:1060E0006574206D6F646520286572723D25642992
:1060F0000A007370692D6D61782D66726571756522
:106100006E63790025732025733A20496E76616CA1
:10611000696420637320256420286572723D2564BC
:10612000290A00496E76616C6964206275732025C6
:106130006420286572723D2564290A002573202594
:10614000733A20496E76616C6964206368697020D7
:1061500073656C6563742025643A25642028657234
:10616000723D2564290A0025732025733A20576162
:10617000726E696E673A205350492073706565648A
:106180002066616C6C6261636B20746F20257520E2
:106190006B487A0A007370692D63706F6C007370BE
:1061A000692D63706861007370692D63732D686970
:1061B0006768007370692D33776972650073706961
:1061C0002D68616C662D6475706C657800737069FC
:1061D0002D74782D6275732D7769647468007370FF
:1061E000692D72782D6275732D77696474680073F8
:1061F00070695F67656E657269635F64727600736C
:1062000070695F67656E657269630053463A204343
:10621000616C6962726174696F6E206661696C6538
:1062200064202872656164290A0053463A2043615C
:106230006C6962726174696F6E206661696C656415
:1062400020286C6F772072616E6765290A00616D86
:10625000642C76657273616C322D6F7370690063A4
:10626000646E732C69732D6465636F6465642D635C
:10627000730063646E732C6669666F2D6465707459
:10628000680063646E732C6669666F2D7769647449
:10629000680063646E732C747269676765722D6140
:1062A0006464726573730063646E732C69732D6428
:1062B0006D61004572726F723A207375626E6F6421
:1062C0006520776974682053504920666C61736853
:1062D00020636F6E666967206D697373696E6721ED
:1062E0000A00706167652D73697A6500626C6F637F
:1062F0006B2D73697A650063646E732C74736873B5
:106300006C2D6E730063646E732C74736432642D31
:106310006E730063646E732C74636873682D6E73A0
:106320000063646E732C74736C63682D6E7300630A
:10633000646E732C726561642D64656C61790063B1
:106340006164656E63655F7370690063646E732C6E
:10635000717370692D6E6F720074692C616D3635C2
:10636000342D6F73706900515350493A2051535086
:1063700049206973207374696C6C2062757379208D
:10638000616674657220706F6C6C20666F72202578
:106390006C75206D732E0A00515350493A20666C7B
:1063A00061736820636F6D6D616E642065786563ED
:1063B0007574696F6E2074696D656F75740A004934
:1063C0006E6469726563742077726974652074699C
:1063D0006D6564206F757420282569290A00496E4F
:1063E000646972656374207265616420636C6561C1
:1063F0007220636F6D706C6574696F6E2065727268
:106400006F7220282569290A00496E6469726563E4
:1064100074207265616420636F6D706C6574696F60
:106420006E206572726F7220282569290A00496EF4
:1064300064697265637420777269746520636C6542
:10644000617220636F6D706C6574696F6E20657228
:10645000726F7220282569290A00496E6469726585
:10646000637420777269746520636F6D706C6574F6
:10647000696F6E206572726F7220282569290A0083
:106480007370692D736C6176650025732025733AEE
:1064900020436F756C646E27742066696E642F618B
:1064A00073736572742072657365742064657669B0
:1064B000636520286572726F72202564290A0025A1
:1064C000732025733A204661696C656420746F20DF
:1064D00064652D61737365727420726573657420D1
:1064E000666F722053504920286572726F722025A2
:1064F00064290A00626974732D7065722D776F725A
:10650000640069676E6F72696E6720696E76616C90
:10651000696420626974732D7065722D776F72647F
:106520002025640A0025732025733A204649464FEA
:10653000206F766572666C6F77206F6E2052780AD6
:106540000025732025733A204E6F6E2062797465A2
:1065500020616C69676E65642053504920747261D4
:106560006E736665722E0A0064775F7370690073DC
:106570006E70732C64772D6170622D737369007374
:106580006E70732C64772D6170622D7373692D3377
:106590002E32306100736E70732C64772D617062DF
:1065A0002D7373692D332E32326100736E70732C2C
:1065B00064772D6170622D7373692D332E323361D0
:1065C00000736E70732C64772D6170622D73736924
:1065D0002D342E30306100736E70732C64772D6112
:1065E00070622D7373692D342E303100736E7073A9
:1065F0002C6477632D7373692D312E303161006106
:106600006C74722C736F63667067612D73706900B0
:10661000616C74722C736F63667067612D61727246
:10662000696131302D7370690063616E61616E2C38
:106630006B3231302D7370690063616E61616E2C55
:106640006B3231302D73736900696E74656C2C7315
:1066500074726174697831302D73706900696E7479
:10666000656C2C6167696C65782D737069006D735A
:1066700063632C6F63656C6F742D737069006D7349
:1066800063632C6A6167756172322D737069007380
:106690006E70732C6178733130782D73706900736C
:1066A0006E70732C6873646B2D7370690072736104
:1066B0005F6D6F645F657870006D6F645F657870A3
:1066C0005F737700534452414D20696E69742066B0
:1066D00061696C65642E0A00496E76616C6964209C
:1066E00073697A653A204D656D6F72792073697AA6
:1066F0006520726571756972656420746F206265CA
:10670000206D756C7469706C650A006F6620363494
:106710002D42697420776F7264210A004D656D6F98
:1067200072792074657374696E67206661696C653F
:1067300064210A004444523A20534452414D20738C
:10674000697A6520636865636B206661696C65645E
:10675000210A00616C74725F7364725F63746C0011
:10676000616C74722C7364722D63746C2D73313090
:1067700000696E74656C2C7364722D63746C2D618A
:1067800067696C657800696E74656C2C7364722D32
:1067900063746C2D6E357800696E74656C2C73644F
:1067A000722D63746C2D6167696C65783500696E54
:1067B00074656C2C7364722D63746C2D6167696CE5
:1067C0006578376D00736F63667067612D636375FD
:1067D0002D6464722D696E7465726C656176696E84
:1067E000672D6F6E00736F63667067612D636375ED
:1067F0002D6464722D696E7465726C656176696E64
:10680000672D6F666600696E7465726C6561766986
:106810006E67206F6E2F6F666620636375207365E9
:106820007474696E677320696E6974206661696C3F
:1068300065643A2025640A004444523A2043616C5E
:106840006962726174696F6E2073756363657373D7
:106850000A004444523A204661696C656420746FB2
:10686000206765742044445220747970650A00449E
:1068700044523A204661696C656420746F206765F4
:1068800074204444522073697A650A004444523AA1
:10689000204661696C656420746F206765742045CB
:1068A000434320656E61626C656420737461747526
:1068B000730A004444523A204661696C656420744E
:1068C0006F206465636F6465206D656D6F727920FC
:1068D0006E6F64650A004444523A205761726E69D3
:1068E0006E673A204452414D2073697A6520667282
:1068F0006F6D206465766963652074726565202814
:10690000256C6C64204D6942292065786365656457
:10691000730A00207468652061637475616C206877
:106920006172647761726520636170616369747913
:1069300028256C6C64204D6942292E204D656D6FB1
:10694000727920636F6E66696775726174696F6EC4
:106950002077696C6C2062650A002061646A757337
:1069600074656420746F206D617463682074686559
:10697000206465746563746564206861726477611E
:1069800072652073697A652E0A004444523A205792
:1069900061726E696E673A204452414D2073697A84
:1069A000652066726F6D2064657669636520747218
:1069B00065652028256C6C64204D6942290A0020F9
:1069C0006D69736D617463682077697468206861AC
:1069D000726477617265206361706163697479289C
:1069E000256C6C64204D6942292E0A0025733A20DB
:1069F000256C6C64204D69420A004444523A20459B
:106A00004343206572726F72207265636F766572A0
:106A1000207374617274206E6F770A004444523A96
:106A2000204661696C656420746F207472696767C1
:106A30006572207761746368646F6720726573653F
:106A4000740A004444523A204661696C65642074BB
:106A50006F2066756C6C7920696E697469616C6908
:106A60007A6520444452206D656D6F72790A005337
:106A70004452414D2D4543433A20496E6974696142
:106A80006C697A656420737563636573730A004487
:106A900044523A2073697A6520636865636B20739A
:106AA0007563636573730A00736F63667067612D46
:106AB0006E6F632D66772D6D7066652D6373720042
:106AC0004669726577616C6C2073657474696E6772
:106AD00020666F72204D5046452043535220696E08
:106AE0006974206661696C65643A2025640A004413
:106AF00044523A206669726577616C6C20696E69F0
:106B00007420737563636573730A004444523A20BA
:106B1000696E697420737563636573730A00257306
:106B20003A20434D445F524553504F4E5345204504
:106B300052524F523A0A0025733A20535441545549
:106B4000535F47454E4552414C5F4552524F523A72
:106B5000203078256C780A0025733A20535441542C
:106B600055535F434D445F524553504F4E53455F1D
:106B70004552524F523A203078256C780A002573DE
:106B80003A20496E76616C696420726573706F6E2D
:106B9000736520646174610A0025733A2054696D3D
:106BA000656F7574206F662077616974696E672000
:106BB000444452206D61696C626F78207265616433
:106BC0007920746F2062652066756E6374696F6EDC
:106BD0006564210A0025733A20494F53534D206DB7
:106BE00061696C626F782076657273696F6E3A20A6
:106BF00025640A004444523A204661696C65642069
:106C0000746F2067657420636F6D70617469626C66
:106C100065206D61696C626F782076657273696F4B
:106C20006E0A0025733A20534452414D2063616C33
:106C30006962726174696F6E20666F7220494F39A4
:106C4000364220696E7374616E6365203078256CFE
:106C50006C782074696D656F7574210A0025733A2C
:106C600020696F73736D20494F39364220636B671B
:106C7000656E615F6C6F636B206973206E6F74204B
:106C80006C6F636B65640A0025733A20496E697402
:106C900069616C204444522063616C696272617462
:106CA000696F6E20494F3936425F256420666169FD
:106CB0006C65642025640A0025733A20496E697466
:106CC00069616C204444522063616C696272617432
:106CD000696F6E20494F3936425F256420737563B2
:106CE000636565640A00554E4B4E4F574E00257341
:106CF0003A204D69736D6174636820444452207476
:106D0000797065206F6E20494F3936425F25640ADD
:106D10000025733A204661696C656420746F2067B2
:106D200065742076616C6964206D656D6F72792081
:106D300073697A650A0025733A204D69736D617431
:106D40006368204444522045434320737461747542
:106D500073206F6E20494F3936425F25640A004424
:106D60006F75626C652D626974206572726F720056
:106D700053696E676C652D626974206572726F72FB
:106D80000025733A20454343206572726F72206E6E
:106D9000756D626572206465746563746564206FE7
:106DA0006E20494F3936425F25643A2025640A0037
:106DB000454343204572726F72204F766572666C50
:106DC0006F7720466C6167733A0A002025733A207A
:106DD00044445220454343204572726F72204465FB
:106DE000746563746564206F6E20494F3936425F65
:106DF0002564206E756D6265723A25640A00202D47
:106E0000206572726F7220696E666F2061646472B1
:106E1000657373203A3078256C6C780A00202D2039
:106E20006572726F7220697020747970653A2025DE
:106E3000640A00202D206572726F7220696E73746F
:106E4000616E63652069643A2025640A00202D2064
:106E50006572726F7220736F757263652069643A30
:106E60002025640A00202D206572726F72207479CB
:106E700070653A2025730A00202D206572726F72AA
:106E800020616464726573733A203078253031363E
:106E90006C6C780A000A25733A2045434320646FDE
:106EA00075626C652D626974206572726F72206400
:106EB00065746563746564210A0025733A20466130
:106EC000696C656420746F20696E697469616C69AE
:106ED0007A65206D656D6F7279206F6E20494F392C
:106EE00036425F25640A0025733A20424953545FB5
:106EF0004D454D5F494E49545F53544152542045CE
:106F000072726F7220636F6465203078256C780A26
:106F10000025733A2054696D656F757420696E6938
:106F20007469616C697A65206D656D6F7279206F27
:106F30006E20494F3936425F25640A0025733A2096
:106F4000424953545F4D454D5F494E49545F535438
:106F500041545553204572726F7220636F646520EF
:106F60003078256C780A004572726F723A204D6550
:106F70006D6F727920696E6974206661696C6564F1
:106F800020617420496E7374616E63652025642CE2
:106F900020496E746572666163652025640A00206D
:106FA0002D2053696E676C652D626974206572725D
:106FB0006F720A00202D204D756C7469706C65200D
:106FC00073696E676C652D626974206572726F7289
:106FD000730A00202D20446F75626C652D62697400
:106FE000206572726F720A00202D204D756C7469D5
:106FF000706C6520646F75626C652D6269742065C4
:1070000072726F72730A00202D2053696E676C656F
:107010002D626974206572726F7220647572696E78
:10702000672045434320736372756262696E670A25
:1070300000202D205772697465206C696E6B2045A5
:1070400043432073696E676C652D626974206572B5
:10705000726F7220284C5044445235206F6E6C7908
:10706000290A00202D205772697465206C696E6BA7
:107070002045434320646F75626C652D62697420FE
:107080006572726F7220284C5044445235206F6EE6
:107090006C79290A00202D2052656164206C696E8C
:1070A0006B204543432073696E676C652D6269747C
:1070B000206572726F7220284C5044445235206F04
:1070C0006E6C79290A00202D2052656164206C695C
:1070D0006E6B2045434320646F75626C652D626959
:1070E00074206572726F7220284C504444523520CF
:1070F0006F6E6C79290A00202D20524D5720726541
:107100006164206C696E6B2045434320646F756237
:107110006C652D626974206572726F7220284C5004
:1071200044445235206F6E6C79290A00444452352C
:107130005F5244494D4D004C5044445234004C5031
:1071400044445235005144524956002372657365D8
:10715000742D63656C6C7300726573657473006184
:107160006C74722C6D6F647273742D6F66667365C8
:107170007400736F63667067615F737973726573B0
:10718000657400736F63667067612D7265736574F3
:107190000064657369676E776172655F7764740018
:1071A000736E70732C64772D7764740074696D65E9
:1071B0006F75742D7365630068775F6D61726769C1
:1071C0006E5F6D7300752D626F6F742C6E6F6175DD
:1071D000746F737461727400752D626F6F742C61BB
:1071E00075746F73746172740065766572792025A9
:1071F0006C646D73005744543A20202053746172BC
:10720000746564202573207769746825732073651D
:1072100072766963696E6720257320282564732060
:1072200074696D656F7574290A005744543A2020BB
:10723000204E6F74207374617274696E67202573B9
:107240000A005744543A2020204661696C65642046
:10725000746F2073746172742025730A00776174EF
:107260006368646F6700496E76616C6964204641AB
:107270005420656E7472793A2025233038780A00DC
:1072800046415420736563746F722073697A652078
:107290006D69736D61746368202866733D25752C74
:1072A000206465763D256C75290A004641542063AB
:1072B0006C75737465722073697A65206E6F7420C3
:1072C0007365740A0046415420636C75737465726B
:1072D0002073697A6520746F6F2062696720286364
:1072E000733D25752C206D61783D2575290A005563
:1072F000AA00506172746974696F6E2025642069F8
:107300006E76616C6964206F6E2064657669636572
:107310002025640A002E2E00496E76616C69642077
:1073200046415420656E7472790A004572726F721C
:107330002072656164696E6720636C757374657231
:107340000A0030313233343536373839414243441C
:10735000454630313233343536373839616263640B
:10736000656600000A0C0D0F14191E23282D3237F4
:107370003C46503021300906052B0E03021A050049
:107380000414800000000000000000000000000065
:1073900000000000000000000000000000000000ED
:1073A00000000000000000000000000000000000DD
:1073B00000000000000000000000000000000000CD
:1073C00000003031300D0609608648016503040273
:1073D000010500042003130B0C3B3CBBBC6B6CEBA6
:1073E000ECFF0FFF00FFCCC3CCC33CCCFFFEFFFE85
:1073F000EFFFDFFFDDFFFBFFFBBFFF7FFF77F7BD89
:10740000EFFFF0FFF00FFCCC3CCC33CCCFFFEFFF15
:10741000EEFFFDFFFDDFFFBFFFBBFFF7FFF77F7B49
:10742000DEFFFF00FFFFFF0000FFFFCCCCCC33CC22
:10743000CCCC3333CCCCCCFFFFFFEEFFFFFFEEEE26
:10744000FFFFFFDDFFFFFFDDDDFFFFFFBBFFFFFFF6
:10745000BBBBFFFFFF77FFFFFF7777FF77BBDDEE5B
:10746000FFFFFFFF00FFFFFF0000FFFFCCCCCC338E
:10747000CCCCCC3333CCCCCCFFFFFFEEFFFFFFEE08
:10748000EEFFFFFFDDFFFFFFDDDDFFFFFFBBFFFFC7
:10749000FFBBBBFFFFFF77FFFFFF7777FF77BBDD0A
:1074A000EE000000000000000000000000000000EE
:1074B00000000000000000000000000000000000CC
:1074C00000000000000000000000000000000000BC
:1074D00000000000000000000000000000000000AC
:1074E000010000000000000000000000000000009B
:1074F000000000000000000000000000000000008C
:10750000000000000000000000000000000000007B
:10751000000000000000000000000000000000006B
:10752000000000000000000000000000000000005B
:10753000000000000000000000000000000000004B
:10754000000000000000000000000000000000003B
:10755000000000000000000000000000000000002B
:10756000000000000000000000000000000000001B
:10757000000000000000000000000000000000000B
:107580009940020000000000140000000F000000FD
:107590007373020000000000786E0000000000001D
:1075A0009E400200000000002000000013000000C8
:1075B000C273020000000000786E000000000000AE
:1075C000FFFFFFFFFFFFFFFF0000020000000000C1
:1075D00000000000000000000000000000000000AB
:1075E000D075020000000000D0750200000000000D
:1075F000E075020000000000E075020000000000DD
:10760000F075020000000000F075020000000000AC
:10761000007602000000000000760200000000007A
:10762000107602000000000010760200000000004A
:10763000207602000000000020760200000000001A
:1076400030760200000000003076020000000000EA
:1076500040760200000000004076020000000000BA
:10766000507602000000000050760200000000008A
:10767000607602000000000060760200000000005A
:10768000707602000000000070760200000000002A
:1076900080760200000000008076020000000000FA
:1076A00090760200000000009076020000000000CA
:1076B000A076020000000000A0760200000000009A
:1076C000B076020000000000B0760200000000006A
:1076D000C076020000000000C0760200000000003A
:1076E000D076020000000000D0760200000000000A
:1076F000E076020000000000E076020000000000DA
:10770000F076020000000000F076020000000000A9
:107710000077020000000000007702000000000077
:107720001077020000000000107702000000000047
:107730002077020000000000207702000000000017
:1077400030770200000000003077020000000000E7
:1077500040770200000000004077020000000000B7
:107760005077020000000000507702000000000087
:107770006077020000000000607702000000000057
:107780007077020000000000707702000000000027
:1077900080770200000000008077020000000000F7
:1077A00090770200000000009077020000000000C7
:1077B000A077020000000000A07702000000000097
:1077C000B077020000000000B07702000000000067
:1077D000C077020000000000C07702000000000037
:1077E000D077020000000000D07702000000000007
:1077F000E077020000000000E077020000000000D7
:10780000F077020000000000F077020000000000A6
:107810000078020000000000007802000000000074
:107820001078020000000000107802000000000044
:107830002078020000000000207802000000000014
:1078400030780200000000003078020000000000E4
:1078500040780200000000004078020000000000B4
:107860005078020000000000507802000000000084
:107870006078020000000000607802000000000054
:107880007078020000000000707802000000000024
:1078900080780200000000008078020000000000F4
:1078A00090780200000000009078020000000000C4
:1078B000A078020000000000A07802000000000094
:1078C000B078020000000000B07802000000000064
:1078D000C078020000000000C07802000000000034
:1078E000D078020000000000D07802000000000004
:1078F000E078020000000000E078020000000000D4
:10790000F078020000000000F078020000000000A3
:107910000079020000000000007902000000000071
:107920001079020000000000107902000000000041
:107930002079020000000000207902000000000011
:1079400030790200000000003079020000000000E1
:1079500040790200000000004079020000000000B1
:107960005079020000000000507902000000000081
:107970006079020000000000607902000000000051
:107980007079020000000000707902000000000021
:1079900080790200000000008079020000000000F1
:1079A00090790200000000009079020000000000C1
:1079B000A079020000000000A07902000000000091
:1079C000B079020000000000B07902000000000061
:1079D000C079020000000000C07902000000000031
:1079E000D079020000000000D07902000000000001
:1079F000E079020000000000E079020000000000D1
:107A0000F079020000000000F079020000000000A0
:107A1000007A020000000000007A0200000000006E
:107A2000107A020000000000107A0200000000003E
:107A3000207A020000000000207A0200000000000E
:107A4000307A020000000000307A020000000000DE
:107A5000407A020000000000407A020000000000AE
:107A6000507A020000000000507A0200000000007E
:107A7000607A020000000000607A0200000000004E
:107A8000707A020000000000707A0200000000001E
:107A9000807A020000000000807A020000000000EE
:107AA000907A020000000000907A020000000000BE
:107AB000A07A020000000000A07A0200000000008E
:107AC000B07A020000000000B07A0200000000005E
:107AD000C07A020000000000C07A0200000000002E
:107AE000D07A020000000000D07A020000000000FE
:107AF000E07A020000000000E07A020000000000CE
:107B0000F07A020000000000F07A0200000000009D
:107B1000007B020000000000007B0200000000006B
:107B2000107B020000000000107B0200000000003B
:107B3000207B020000000000207B0200000000000B
:107B4000307B020000000000307B020000000000DB
:107B5000407B020000000000407B020000000000AB
:107B6000507B020000000000507B0200000000007B
:107B7000607B020000000000607B0200000000004B
:107B8000707B020000000000707B0200000000001B
:107B9000807B020000000000807B020000000000EB
:107BA000907B020000000000907B020000000000BB
:107BB000A07B020000000000A07B0200000000008B
:107BC000B07B020000000000B07B0200000000005B
:107BD000C07B020000000000C07B0200000000002B
:107BE000D07B020000000000D07B020000000000FB
:107BF000E07B020000000000E07B020000000000CB
:107C0000F07B020000000000F07B0200000000009A
:107C1000007C020000000000007C02000000000068
:107C2000107C020000000000107C02000000000038
:107C3000207C020000000000207C02000000000008
:107C4000307C020000000000307C020000000000D8
:107C5000407C020000000000407C020000000000A8
:107C6000507C020000000000507C02000000000078
:107C7000607C020000000000607C02000000000048
:107C8000707C020000000000707C02000000000018
:107C9000807C020000000000807C020000000000E8
:107CA000907C020000000000907C020000000000B8
:107CB000A07C020000000000A07C02000000000088
:107CC000B07C020000000000B07C02000000000058
:107CD000C07C020000000000C07C02000000000028
:107CE000D07C020000000000D07C020000000000F8
:107CF000E07C020000000000E07C020000000000C8
:107D0000F07C020000000000F07C02000000000097
:107D1000007D020000000000007D02000000000065
:107D2000107D020000000000107D02000000000035
:107D3000207D020000000000207D02000000000005
:107D4000307D020000000000307D020000000000D5
:107D5000407D020000000000407D020000000000A5
:107D6000507D020000000000507D02000000000075
:107D7000607D020000000000607D02000000000045
:107D8000707D020000000000707D02000000000015
:107D9000807D020000000000807D020000000000E5
:107DA000907D020000000000907D020000000000B5
:107DB000A07D020000000000A07D02000000000085
:107DC000B07D020000000000B07D02000000000055
:107DD000C07D020000000000C07D02000000000025
:107DE00099400200000000001400000000000000A4
:107DF000E887000000000000000001000000000013
:107E00001C62000000000000F8610000000000009B
:107E1000B8610000000000009E4002000000000069
:107E20002000000000000000A48800000000000006
:107E3000000001000000000084610000000000005C
:107E400060610000000000002061000000000000F0
:107E500024440200000000000400000000000000B4
:107E6000E4CB000000000000000001000000000062
:107E7000F060000000000000BC6000000000000096
:107E8000846000000000000080000000000000008E
:107E900000000000000000000000000000000000E2
:107EA00000000000000000000000000000000000D2
:107EB00000000000000000000000000000000000C2
:107EC00000000000000000000000000000000000B2
:107ED00000000000000000000000000000000000A2
:107EE0000409010000000000000000000000000084
:107EF00000000000000000006CFF00000000000017
:107F000000000000000000004038010000000000F8
:107F100038380100000000000000000000000000F0
:107F2000000000006400000078540200000000001F
:107F30000080010000000000A054020000000000CA
:107F40000000080000000000CB5402000000000008
:107F50000000001100000000F154020000000000C9
:107F60000000080000000000195502000000000099
:107F700000800100000000004155020000000000E8
:107F800000000800000000006C5502000000000026
:107F900000000000000000009255020000000000F8
:107FA0000000090000000000BA55020000000000B7
:107FB0000C80010000000000E055020000000000FD
:107FC000000002000000000009560200000000004E
:107FD00001000011000000002D560200000000000A
:107FE00001000900000000005356020000000000DC
:107FF0000C80010000000000795602000000000023
:108000000000030000000000A25602000000000073
:108010000000000000000000C65602000000000042
:108020000000080000000000EC5602000000000004
:108030000C800100000000000F570200000000004B
:10804000000003000000000035570200000000009F
:108050000000000000000000565702000000000071
:108060000000080000000000795702000000000036
:108070000C800100000000009C570200000000007E
:108080000000020000000000C257020000000000D3
:108090000000000000000000E357020000000000A4
:1080A0000000080000000000065802000000000068
:1080B00004002800000000002B580200000000000F
:1080C0004000A00100000000545802000000000021
:1080D00000D8DA000000000077580200000000001D
:1080E00001000000000000009B580200000000009A
:1080F0000400000000000000BF5802000000000063
:108100000400380000000000E458020000000000F5
:108110004000A001000000000D5902000000000016
:1081200000DADA0000000000305902000000000010
:10813000010000000000000054590200000000008F
:108140000400000000000000785902000000000058
:1081500004003800000000009B59020000000000ED
:108160004000A00100000000C25902000000000011
:108170000000000000000000E359020000000000C1
:108180000100001000000000055A0200000000007D
:108190000400800000000000275A020000000000D8
:1081A00004003800000000004A5A020000000000ED
:1081B0004000A00100000000715A02000000000011
:1081C0000000000000000000925A020000000000C1
:1081D0000100000000000000B45A0200000000008E
:1081E0000400800000000000D65A020000000000D9
:1081F0000400380000000000F65A020000000000F1
:108200004000A001000000001A5B02000000000016
:108210000000000000000000385B020000000000C9
:108220000100000000000000575B02000000000099
:108230000400800000000000765B020000000000E7
:108240000400380000000000965B020000000000FF
:108250004000A00100000000BA5B02000000000026
:108260000000000000000000D85B020000000000D9
:108270000100000000000000F75B020000000000A9
:10828000040080000000000000000000000000006A
:1082900000000000000000000000000000000000DE
:1082A0000000000000000000709B010000000000C2
:1082B00088DF0100000000000000008000000000D6
:1082C00000000080000000000000008008000000A6
:1082D000000000800700000000000000880000008F
:1082E00000000000780000000000401800000000BE
:1082F00000008018000000000000000000000000E6
:10830000000000000000000000000000000000006D
:10831000000000000000000000000000000000005D
:10832000000000000000000000000000000000004D
:10833000000000000000000000000000000000003D
:10834000000000000000000000000000000000002D
:10835000000000000000000000000000000000001D
:10836000000000000000000000000000000000000D
:1083700000000000000000000000000000000000FD
:1083800000000000000000000000000000000000ED
:1083900000000000000000000000000000000000DD
:1083A00000000000000000000000000000000000CD
:1083B00000000000000000000000000000000000BD
:1083C00000000000000000000000000000000000AD
:1083D000000000000000000000000000000000009D
:1083E000000000000000000000000000000000008D
:1083F000000000000000000000000000000000007D
:10840000000000000000000000000000000000006C
:10841000000000000000000000000000000000005C
:10842000000000000000000000000000000000004C
:10843000000000000000000000000000000000003C
:10844000000000000000000000000000000000002C
:10845000000000000000000000000000000000001C
:10846000000000000000000000000000000000000C
:1084700000000000000000000000000000000000FC
:1084800000000000000000000000000000000000EC
:1084900000000000000000000000000000000000DC
:1084A00000000000000000000000000000000000CC
:1084B00000000000000000000000000000000000BC
:1084C00000000000000000000000000000000000AC
:1084D000000000000000000000000000000000009C
:1084E000000000000000000000000000000000008C
:1084F000000000000000000000000000000000007C
:10850000000000000000000000000000000000006B
:10851000000000000000000000000000000000005B
:10852000000000000000000000000000000000004B
:10853000000000000000000000000000000000003B
:10854000000000000000000000000000000000002B
:10855000000000000000000000000000000000001B
:10856000000000000000000000000000000000000B
:1085700000000000000000000000000000000000FB
:1085800000000000000000000000000000000000EB
:1085900000000000000000000000000000000000DB
:1085A00000000000000000000000000000000000CB
:1085B00000000000000000000000000000000000BB
:1085C00000000000000000000000000000000000AB
:1085D000000000000000000000000000000000009B
:1085E000000000000000000000000000000000008B
:1085F000000000000000000000000000000000007B
:10860000000000000000000000000000000000006A
:10861000000000000000000000000000000000005A
:10862000000000000000000000000000000000004A
:10863000000000000000000000000000000000003A
:10864000000000000000000000000000000000002A
:10865000000000000000000000000000000000001A
:10866000000000000000000000000000000000000A
:1086700000000000000000000000000000000000FA
:1086800000000000000000000000000000000000EA
:1086900000000000000000000000000000000000DA
:1086A00000000000000000000000000000000000CA
:1086B00000000000000000000000000000000000BA
:1086C00000000000000000000000000000000000AA
:1086D000000000000000000000000000000000009A
:1086E000000000000000000000000000000000008A
:1086F000000000000000000000000000000000007A
:108700000000000000000000000000000000000069
:108710000000000000000000000000000000000059
:108720000000000000000000000000000000000049
:108730000000000000000000000000000000000039
:108740000000000000000000000000000000000029
:108750000000000000000000000000000000000019
:108760000000000000000000000000000000000009
:1087700000000000000000000000000000000000F9
:1087800000000000000000000000000000000000E9
:1087900000000000000000000000000000000000D9
:1087A00000000000000000000000000000000000C9
:1087B00000000000000000000000000000000000B9
:1087C00000000000000000000000000000000000A9
:1087D0000000000000000000000000000000000099
:1087E0000000000000000000000000000000000089
:1087F0000000000000000000000000000000000079
:108800000000000000000000000000000000000068
:108810000000000000000000000000000000000058
:108820000000000000000000000000000000000048
:108830000000000000000000000000000000000038
:108840000000000000000000000000000000000028
:108850000000000000000000000000000000000018
:108860000000000000000000000000000000000008
:1088700000000000000000000000000000000000F8
:1088800000000000000000000000000000000000E8
:1088900000000000000000000000000000000000D8
:1088A00000000000000000000000000000000000C8
:1088B00000000000000000000000000000000000B8
:1088C00000000000000000000000000000000000A8
:1088D0000000000000000000000000000000000098
:1088E0000000000000000000000000000000000088
:1088F0000000000000000000000000000000000078
:108900000000000000000000000000000000000067
:108910000000000000000000000000000000000057
:108920000000000000000000000000000000000047
:108930000000000000000000000000000000000037
:108940000000000000000000000000000000000027
:108950000000000000000000000000000000000017
:108960000000000000000000000000000000000007
:1089700000000000000000000000000000000000F7
:1089800000000000000000000000000000000000E7
:1089900000000000000000000000000000000000D7
:1089A00000000000000000000000000000000000C7
:1089B00000000000000000000000000000000000B7
:1089C00000000000000000000000000000000000A7
:1089D0000000000000000000000000000000000097
:1089E0000000000000000000000000000000000087
:1089F0000000000000000000000000000000000077
:108A00000000000000000000000000000000000066
:108A10000000000000000000000000000000000056
:108A20000000000000000000000000000000000046
:108A30000000000000000000000000000000000036
:108A40000000000000000000000000000000000026
:108A50000000000000000000000000000000000016
:108A60000000000000000000000000000000000006
:108A700000000000000000000000000000000000F6
:108A800000000000000000000000000000000000E6
:108A900000000000000000000000000000000000D6
:108AA00000000000000000000000000000000000C6
:108AB00000000000000000000000000000000000B6
:108AC00000000000000000000000000000000000A6
:108AD0000000000000000000000000000000000096
:108AE0000000000000000000000000000000000086
:108AF0000000000000000000000000000000000076
:108B00000000000000000000000000000000000065
:108B10000000000000000000000000000000000055
:108B20000000000000000000000000000000000045
:108B30000000000000000000000000000000000035
:108B40000000000000000000000000000000000025
:108B50000000000000000000000000000000000015
:108B60000000000000000000000000000000000005
:108B700000000000000000000000000000000000F5
:108B800000000000000000000000000000000000E5
:108B900000000000000000000000000000000000D5
:108BA00000000000000000000000000000000000C5
:108BB00000000000000000000000000000000000B5
:108BC00000000000000000000000000000000000A5
:108BD0000000000000000000000000000000000095
:108BE0000000000000000000000000000000000085
:108BF0000000000000000000000000000000000075
:108C00000000000000000000000000000000000064
:108C10000000000000000000000000000000000054
:108C20000000000000000000000000000000000044
:108C30000000000000000000000000000000000034
:108C40000000000000000000000000000000000024
:108C50000000000000000000000000000000000014
:108C60000000000000000000000000000000000004
:108C700000000000000000000000000000000000F4
:108C800000000000000000000000000000000000E4
:108C900000000000000000000000000000000000D4
:108CA00000000000000000000000000000000000C4
:108CB00000000000000000000000000000000000B4
:108CC00000000000000000000000000000000000A4
:108CD0000000000000000000000000000000000094
:108CE0000000000000000000000000000000000084
:108CF0000000000000000000000000000000000074
:108D00000000000000000000000000000000000063
:108D10000000000000000000000000000000000053
:108D20000000000000000000000000000000000043
:108D30000000000000000000000000000000000033
:108D40000000000000000000000000000000000023
:108D50000000000000000000000000000000000013
:108D60000000000000000000000000000000000003
:108D700000000000000000000000000000000000F3
:108D800000000000000000000000000000000000E3
:108D900000000000000000000000000000000000D3
:108DA00000000000000000000000000000000000C3
:108DB00000000000000000000000000000000000B3
:108DC00000000000000000000000000000000000A3
:108DD0000000000000000000000000000000000093
:108DE0000000000000000000000000000000000083
:108DF0000000000000000000000000000000000073
:108E00000000000000000000000000000000000062
:108E10000000000000000000000000000000000052
:108E20000000000000000000000000000000000042
:108E30000000000000000000000000000000000032
:108E40000000000000000000000000000000000022
:108E50000000000000000000000000000000000012
:108E60000000000000000000000000000000000002
:108E700000000000000000000000000000000000F2
:108E800000000000000000000000000000000000E2
:108E900000000000000000000000000000000000D2
:108EA00000000000000000000000000000000000C2
:108EB00000000000000000000000000000000000B2
:108EC00000000000000000000000000000000000A2
:108ED0000000000000000000000000000000000092
:108EE0000000000000000000000000000000000082
:108EF0000000000000000000000000000000000072
:108F00000000000000000000000000000000000061
:108F10000000000000000000000000000000000051
:108F20000000000000000000000000000000000041
:108F30000000000000000000000000000000000031
:108F40000000000000000000000000000000000021
:108F50000000000000000000000000000000000011
:108F60000000000000000000000000000000000001
:108F700000000000000000000000000000000000F1
:108F800000000000000000000000000000000000E1
:108F900000000000000000000000000000000000D1
:108FA00000000000000000000000000000000000C1
:108FB00000000000000000000000000000000000B1
:108FC00000000000000000000000000000000000A1
:108FD0000000000000000000000000000000000091
:108FE0000000000000000000000000000000000081
:108FF0000000000000000000000000000000000071
:109000000000000000000000000000000000000060
:109010000000000000000000000000000000000050
:109020000000000000000000000000000000000040
:109030000000000000000000000000000000000030
:109040000000000000000000000000000000000020
:109050000000000000000000000000000000000010
:109060000000000000000000000000000000000000
:1090700000000000000000000000000000000000F0
:1090800000000000000000000000000000000000E0
:1090900000000000000000000000000000000000D0
:1090A00000000000000000000000000000000000C0
:1090B00000000000000000000000000000000000B0
:1090C00000000000000000000000000000000000A0
:1090D0000000000000000000000000000000000090
:1090E0000000000000000000000000000000000080
:1090F0000000000000000000000000000000000070
:10910000000000000000000000000000000000005F
:10911000000000000000000000000000000000004F
:10912000000000000000000000000000000000003F
:10913000000000000000000000000000000000002F
:10914000000000000000000000000000000000001F
:10915000000000000000000000000000000000000F
:10916000B044020000000000000100000000000008
:1091700000000000000000000000000000000000EF
:109180007468000000000000A84402000000000015
:10919000800100000000000000000000000000004E
:1091A00000000000000000007468000000000000E3
:1091B000A0440200000000000002000000000000C7
:1091C000000000000000000000000000000000009F
:1091D00074680000000000005367020000000000F7
:1091E0006400000000000000F8130200000000000E
:1091F000000000000000000004E00100000000008A
:10920000000000000000000000000000000000005E
:10921000BCDF0100000000000000000000000000B2
:10922000000000000000000000000000000000003E
:1092300020000000100000000000000000000000FE
:10924000B0820200000000000000000000000000EA
:10925000B55D0200000000005F000000000000009B
:10926000D813020000000000000000000000000011
:10927000249C01000000000000000000000000002D
:1092800000000000000000000000000000000000DE
:1092900000000000000000000000000000000000CE
:1092A00000000000000000001800000000000000A6
:1092B00000000000000000008882020000000000A2
:1092C0000000000000000000B02F020000000000BD
:1092D0004F000000000000005814020000000000D1
:1092E00000000000000000003C0D00000000000035
:1092F000000000000000000000000000000000006E
:10930000000000000000000000000000000000005D
:10931000000000000000000000000000000000004D
:109320000800000000000000000000000000000035
:10933000682002000000000004000000000000009F
:10934000324702000000000056000000000000004C
:10935000000000000000000000000000000000000D
:1093600000000000000000000000000000000000FD
:1093700000000000000000000000000000000000ED
:1093800000000000000000000000000000000000DD
:1093900000000000000000000000000000000000CD
:1093A000000000000000000088140200000000001F
:1093B00000000000000000003F6302000000000009
:1093C0007400000000000000B01402000000000063
:1093D0000000000000000000F4BD010000000000DB
:1093E000A4B901000000000000000000000000001F
:1093F00080BF01000000000000000000000000002D
:10940000000000000000000000000000000000005C
:10941000A80000005800000000000000000000004C
:1094200028150200000000000004000000000000F9
:1094300097490200000000001F000000000000002B
:10944000781502000000000000000000000000008D
:10945000000000000000000000000000000000000C
:109460000000000000000000A8FE00000000000056
:1094700000000000000000000000000000000000EC
:1094800000000000000000000000000030000000AC
:10949000000000000000000098150200000000001D
:1094A0000000000000000000614902000000000010
:1094B0001F0000000000000000000000000000008D
:1094C000000000000000000000000000000000009C
:1094D000000000000000000000000000000000008C
:1094E000000000000000000000000000000000007C
:1094F000000000000000000000000000000000006C
:10950000000000000000000000000000000000005B
:1095100038160200000000000400000000000000F7
:1095200091710200000000008C00000000000000AB
:10953000B016020000000000000000000000000063
:10954000F8FC010000000000000000000000000026
:10955000000000000000000000000000000000000B
:1095600000000000000000000000000000000000FB
:1095700000000000000000002000000000000000CB
:109580000000000000000000D016020000000000F3
:1095900004000000000000006865020000000000F8
:1095A00074000000000000005017020000000000DE
:1095B000000000000000000028D9010000000000A9
:1095C000BCD7010000000000000000000000000007
:1095D0004CD7010000000000000000000000000067
:1095E000000000000000000000000000000000007B
:1095F000A8000000100000000000000000000000B3
:10960000A818020000000000000000000000000098
:1096100076490200000000001F000000000000006A
:10962000D81502000000000000000000000000004B
:10963000000000000000000000000000000000002A
:10964000000000000000000038FE000000000000E4
:10965000000000000000000000000000000000000A
:1096600000000000000000000000000030000000CA
:109670000000000000000000F815020000000000DB
:109680000400000000000000174B02000000000072
:109690003400000000000000801B020000000000F9
:1096A00024350100000000004C34010000000000DF
:1096B000FC3301000000000000000000000000007A
:1096C000000000000000000000000000000000009A
:1096D000000000000000000000000000000000008A
:1096E000100000000000000000000000000000006A
:1096F000A01B0200000000000000000000000000AD
:10970000D95F0200000000006600000000000000B9
:10971000F01B02000000000000000000000000003C
:109720000000000000000000000000000000000039
:1097300000000000000000004CAA01000000000032
:109740000000000000000000000000000000000019
:1097500000000000000000000000000050000000B9
:109760000000000000000000101C020000000000CB
:109770000000000000000000DA5C020000000000B1
:10978000750000000000000028200200000000001A
:109790000000000000000000688F010000000000D1
:1097A00088900100000000000000000000000000A0
:1097B00000000000000000000000000000000000A9
:1097C0000000000000000000000000000000000099
:1097D00098020000000000000000000000000000EF
:1097E000482002000000000000040000000000000B
:1097F0004B4F0200000000001700000000000000B6
:109800000000000000000000000000000000000058
:10981000445A0100000000000000000000000000A9
:109820000000000000000000000000000000000038
:109830000000000000000000000000000000000028
:109840000000000000000000000000000000000018
:109850000000000000000000901C0200000000005A
:109860000004000000000000B966020000000000D3
:109870004C0000000000000000000000000000009C
:1098800000000000000000000000000000000000D8
:1098900000000000000000000000000000000000C8
:1098A00000000000000000000000000000000000B8
:1098B00000000000000000000000000000000000A8
:1098C0000000000000000000000000000000000098
:1098D000B81C0200000000000400000000000000AE
:1098E00044600200000000006F0000000000000063
:1098F000C01C02000000000000000000000000008A
:109900005CB1010000000000000000000000000049
:10991000000000000000000084AD01000000000015
:109920000000000000000000000000000000000037
:1099300000000000000000002000000028000000DF
:109940000000000000000000301D020000000000C8
:109950000000000000000000764802000000000047
:109960001E00000000000000701C0200000000004B
:10997000000000000000000004F5000000000000EE
:1099800000000000000000000000000000000000D7
:1099900000000000000000000000000000000000C7
:1099A00000000000000000000000000000000000B7
:1099B00000000000000000000000000000000000A7
:1099C0000000000000000000040000000000000093
:1099D000214C0200000000002F00000000000000E9
:1099E000781D0200000000005C390100000000004A
:1099F000A03801000000000000000000000000008E
:109A00000000000000000000000000000000000056
:109A10000000000000000000000000000000000046
:109A20000000000000000000000000000000000036
:109A30000000000000000000000000000000000026
:109A40000400000000000000AC4B02000000000019
:109A50007A0000000000000000000000000000008C
:109A600000000000000000000000000000000000F6
:109A700000000000000000000000000000000000E6
:109A800000000000000000000000000000000000D6
:109A900000000000000000000000000000000000C6
:109AA00000000000000000000000000000000000B6
:109AB000087F020000000000040000000000000019
:109AC0008F5F020000000000660000000000000040
:109AD000D01A02000000000000000000000000009A
:109AE0000000000000000000000000000000000076
:109AF000000000000000000080A70100000000003E
:109B00000000000000000000000000000000000055
:109B1000000000000000000000000000280000001D
:109B20000000000000000000F01A02000000000029
:109B300000000000000000007B5F02000000000049
:109B40006600000000000000501A02000000000043
:109B50000000000000000000ACA8010000000000B0
:109B600000000000000000000000000000000000F5
:109B700080A70100000000000000000000000000BD
:109B800000000000000000000000000000000000D5
:109B9000100000002800000000000000000000008D
:109BA000701A020000000000000000000000000029
:109BB000F549020000000000000000000000000065
:109BC0000000000000000000000000000000000095
:109BD0000000000000000000000000000000000085
:109BE0000000000000000000000000000000000075
:109BF0000000000000000000000000000000000065
:109C00000000000000000000000000000000000054
:109C10000000000000000000000000000000000044
:109C20000000000000000000B6520200000000002A
:109C30004B00000000000000C81D020000000000F2
:109C40008085010000000000AC85010000000000DC
:109C50000000000000000000000000000000000004
:109C600000000000000000000000000000000000F4
:109C700000000000000000000000000000000000E4
:109C8000C800000088010000000000000000000083
:109C90000002F09F00000000000000000000000033
:109CA000054A0200000000007000000000000000F3
:109CB000501B020000000000000000000000000037
:109CC0000000000000000000000000000000000094
:109CD0000000000000000000000000000000000084
:109CE0000000000000000000000000000000000074
:109CF0000000000000000000000000000000000064
:109D00000000000000000000000000000000000053
:109D10000400000000000000BD4902000000000037
:109D20001F00000000000000781F0200000000007B
:109D30000000000000000000BC0201000000000064
:109D40000000000000000000000000000000000013
:109D500004000100000000000000000000000000FE
:109D600000000000000000000000000000000000F3
:109D700000000000080000000000000000000000DB
:109D8000C87E02000000000000000000000000008B
:109D90009E4B0200000000004F0000000000000089
:109DA000981F0200000000000000000000000000FA
:109DB000A8360100000000000000000000000000C4
:109DC0000000000000000000000000000000000093
:109DD0000000000000000000000000000000000083
:109DE0000000000000000000000000000000000073
:109DF0000000000000000000000000000000000063
:109E00000000000000000000A34F0200000000005E
:109E10004B00000000000000B81F0200000000001E
:109E2000A4700100000000007C6F01000000000031
:109E30000000000000000000000000000000000022
:109E4000886E01000000000000000000000000001B
:109E50000000000000000000000000000000000002
:109E6000A0000000800100000000000000000000D1
:109E7000F0160200000000000000000000000000DA
:109E80008371020000000000680000000000000074
:109E9000D81F02000000000024FC010000000000A8
:109EA000CCFB01000000000090FB0100000000005E
:109EB00000000000000000000000000000000000A2
:109EC0000000000000000000000000000000000092
:109ED000000000000000000008000000000000007A
:109EE0000000000000000000F81F02000000000059
:109EF0000004000000000000EF610200000000000C
:109F000076000000000000000000000000000000DB
:109F10000000000000000000000000000000000041
:109F20000000000000000000000000000000000031
:109F30000000000000000000000000000000000021
:109F40000000000000000000000000000000000011
:109F50000000000000000000000000000000000001
:109F600000000000000000000000000000000000F1
:109F7000B9660200000000000000000000000000C0
:109F8000A5400200000000001C640000000000006A
:109F9000CB470200000000000200000008000000A3
:109FA00040EE000000000000000000000000000083
:109FB000E0EA000000000000C65C020000000000B3
:109FC0000600000040000000748D01000000000049
:109FD00000000000000000007C8D01000000000077
:109FE00080350200000000000100000000000000B9
:109FF0006C270000000000007B350200000000001C
:10A0000002000000000000006C27000000000000BB
:10A010007435020000000000030000000000000092
:10A020006C27000000000000033602000000000062
:10A030000000000000000000082C000000000000EC
:10A04000FF350200000000000800000000000000D2
:10A05000342B0000000000004F4F02000000000001
:10A0600017000000000000000000000000000000D9
:10A0700000000000000000000000000000000000E0
:10A0800080EE000000000000000000000000000062
:10A0900000000000000000000000000000000000C0
:10A0A00000000000000000000000000000000000B0
:10A0B00000000000000000000000000000000000A0
:10A0C0009000000000000000000000000000000000
:10A0D0008C480200000000001E000000000000008C
:10A0E0004419010000000000000000000000000012
:10A0F0000000000000000000000000000000000060
:10A10000000000000000000000000000000000004F
:10A11000000000000000000000000000000000003F
:10A12000000000000000000000000000000000002F
:10A13000000000000000000000000000000000001F
:10A1400000000000000000008B5F02000000000023
:10A150001F000000000000000000000000000000E0
:10A1600000000000000000000000000000000000EF
:10A1700040FD0000000000000000000000000000A2
:10A1800000000000000000000000000000000000CF
:10A1900000000000000000000000000000000000BF
:10A1A00000000000000000000000000000000000AF
:10A1B000000000000000000000000000000000009F
:10A1C000A93C0200000000002F0000000000000079
:10A1D0004419010000000000000000000000000021
:10A1E000000000000000000000000000000000006F
:10A1F000000000000000000000000000000000005F
:10A20000000000000000000000000000000000004E
:10A21000000000000000000000000000000000003E
:10A22000000000000000000000000000000000002E
:10A2300000000000000000002E4B020000000000A3
:10A240003400000000000000702A0100000000003F
:10A2500000000000000000000000000000000000FE
:10A26000702B010000000000082B0100000000001E
:10A2700000000000000000000000000000000000DE
:10A2800000000000000000000000000000000000CE
:10A29000000000000000000000000000200000009E
:10A2A00000000000000000000000000001000000AD
:10A2B000334B0200000000004A00000000000000D4
:10A2C0004419010000000000000000000000000030
:10A2D000000000000000000000000000000000007E
:10A2E000000000000000000000000000000000006E
:10A2F000000000000000000000000000000000005E
:10A30000000000000000000000000000000000004D
:10A31000000000000000000000000000000000003D
:10A320000000000000000000FC3A020000000000F5
:10A330004B000000000000000000000000000000D2
:10A34000000000000000000000000000000000000D
:10A350000000000000000000605A01000000000042
:10A3600000000000000000000000000000000000ED
:10A3700000000000000000000000000000000000DD
:10A3800000000000000000000000000008000000C5
:10A3900000000000000000000000000001000000BC
:10A3A000AD660200000000004C000000000000004C
:10A3B000000000000000000000000000000000009D
:10A3C000000000000000000000000000000000008D
:10A3D000000000000000000000000000000000007D
:10A3E000000000000000000000000000000000006D
:10A3F000000000000000000000000000000000005D
:10A40000000000000000000000000000000000004C
:10A4100000000000000000001C48020000000000D6
:10A420004D000000000000000000000000000000DF
:10A43000000000000000000000000000000000001C
:10A44000000000000000000000000000000000000C
:10A4500000000000000000000000000000000000FC
:10A4600000000000000000000000000000000000EC
:10A47000000000000000000000000000900100004B
:10A4800000000000000000000000000000000000CC
:10A49000014A0200000000004F0000000000000020
:10A4A00000000000000000000000000000000000AC
:10A4B000000000000000000000000000000000009C
:10A4C000000000000000000000000000000000008C
:10A4D000000000000000000000000000000000007C
:10A4E000000000000000000000000000000000006C
:10A4F000000000000000000000000000000000005C
:10A5000000000000000000003647020000000000CC
:10A5100056000000000000000000000000000000E5
:10A52000000000000000000000000000000000002B
:10A53000000000000000000000000000000000001B
:10A54000000000000000000000000000000000000B
:10A5500000000000000000000000000000000000FB
:10A5600000000000000000000000000000000000EB
:10A570007800000000000000000000000000000063
:10A58000A85D0200000000005F0000000000000065
:10A5900000000000000000000000000000000000BB
:10A5A000000000000000000004980100000000000E
:10A5B000C49701000000000000000000000000003F
:10A5C000000000000000000000000000000000008B
:10A5D000000000000000000000000000000000007B
:10A5E000000000000800000004000000000000005F
:10A5F00000000000000000002239020000000000FE
:10A6000064000000000000000000000000000000E6
:10A61000000000000000000000000000000000003A
:10A62000000000000000000000000000000000002A
:10A63000000000000000000000000000000000001A
:10A64000000000000000000000000000000000000A
:10A6500000000000000000000000000000000000FA
:10A6600000000000000000000000000000000000EA
:10A67000DE5F020000000000660000000000000035
:10A68000E89D010000000000000000000000000044
:10A690005C9C010000000000B0A40100000000006C
:10A6A00000000000000000000000000000000000AA
:10A6B000000000000000000000000000000000009A
:10A6C000000000000000000000000000000000008A
:10A6D0000000000000000000480000000000000032
:10A6E00000000000000000008B710200000000006C
:10A6F00068000000000000000000000000000000F2
:10A700000000000000000000000000000000000049
:10A710000000000000000000000000000000000039
:10A720000000000000000000000000000000000029
:10A730000000000000000000000000000000000019
:10A740000000000000000000000000000000000009
:10A7500000000000000000000000000000000000F9
:10A76000F0490200000000000000000000000000AE
:10A7700000000000000000000000000000000000D9
:10A7800000000000000000000000000000000000C9
:10A7900000000000000000000000000000000000B9
:10A7A00000000000000000000000000000000000A9
:10A7B0000000000000000000000000000000000099
:10A7C0000000000000000000000000000000000089
:10A7D00000000000000000004C60020000000000CB
:10A7E0006F000000000000000000000000000000FA
:10A7F0000000000000000000000000000000000059
:10A8000088AB010000000000ACAB010000000000BC
:10A810000000000000000000000000000000000038
:10A820000000000000000000000000000000000028
:10A830000000000000000000000000000800000010
:10A840000000000000000000000000000100000007
:10A85000054A020000000000700000000000000037
:10A860001C240100000000000000000000000000A7
:10A8700000000000000000000000000000000000D8
:10A8800000000000000000000000000000000000C8
:10A8900000000000000000000000000000000000B8
:10A8A00000000000000000000000000000000000A8
:10A8B0000000000000000000180000000000000080
:10A8C00000000000000000003566020000000000EB
:10A8D00074000000000000004419010000000000A6
:10A8E0000000000000000000000000000000000068
:10A8F000B4B20100000000000000000000000000F1
:10A90000A8B80100000000006CB2010000000000C7
:10A910000000000000000000000000000000000037
:10A920000000000000000000000000000C0000001B
:10A9300000000000300000001000000001000000D6
:10A94000FF6102000000000076000000000000002F
:10A9500000000000000000000000000000000000F7
:10A9600000000000000000000000000000000000E7
:10A9700000000000000000000000000000000000D7
:10A9800000000000000000000000000000000000C7
:10A9900000000000000000000000000000000000B7
:10A9A00000000000000000000000000000000000A7
:10A9B0000000000000000000E85C02000000000051
:10A9C0007500000000000000588E0100000000002B
:10A9D0000000000000000000000000000000000077
:10A9E0000000000000000000000000000000000067
:10A9F0000000000000000000000000000000000057
:10AA00000000000000000000000000000000000046
:10AA1000000000000000000000000000980200009C
:10AA20000000000000000000000000000000000026
:10AA3000B14B0200000000007A000000000000009E
:10AA40000000000000000000000000000000000006
:10AA500000000000000000000000000000000000F6
:10AA600000000000000000000000000000000000E6
:10AA700000000000000000000000000000000000D6
:10AA800000000000000000000000000000000000C6
:10AA900000000000000000000000000000000000B6
:10AAA00000000000000000005D72020000000000D5
:10AAB0008C0000000000000000000000000000000A
:10AAC000000000000000000044FE01000000000043
:10AAD0000000000000000000000000000000000076
:10AAE0000000000000000000000000000000000066
:10AAF0000000000000000000000000000000000056
:10AB000000000000000000000000000078000000CD
:10AB10000000000000000000000000000100000034
:10AB2000D00DFEED00002D5F000000380000269CD7
:10AB300000000028000000110000000200000000DA
:10AB4000000006C3000026640000000000000000B2
:10AB500000000000000000000000000100000000F4
:10AB6000000000030000001500000000696E74651D
:10AB70006C2C736F63667067612D6167696C6578B3
:10AB80000000000000000003000000040000000BB3
:10AB90000000000200000003000000040000001A92
:10ABA0000000000200000003000000160000002664
:10ABB000536F4346504741204167696C65783520A3
:10ABC000536F43444B00000000000001736F6300AB
:10ABD00000000003000000040000000B0000000162
:10ABE00000000003000000040000001A0000000143
:10ABF000000000030000000B0000000073696D708E
:10AC00006C652D62757300000000000300000004F5
:10AC10000000002C736F63000000000300000010B0
:10AC200000000038000000000000000000000000EC
:10AC3000FFFFFFFF00000001636C6F636B2D636F0C
:10AC40006E74726F6C6C65724031306431303030CC
:10AC500030000000000000030000001500000000AC
:10AC6000696E74656C2C6167696C6578352D636CF1
:10AC70006B6D677200000000000000030000000818
:10AC80000000003F10D10000000010000000000391
:10AC90000000000400000043000000010000000369
:10ACA00000000004000000500000000A0000000244
:10ACB000000000016770696F40313063303333301A
:10ACC0003000000000000003000000040000000B42
:10ACD0000000000100000003000000040000001A52
:10ACE0000000000000000003000000110000000050
:10ACF000736E70732C64772D6170622D6770696F4D
:10AD00000000000000000003000000080000003FF9
:10AD100010C03300000000800000000300000008A5
:10AD20000000005800000007000000390000000388
:10AD3000000000050000005F6F6B617900000000FB
:10AD4000000000016770696F2D636F6E74726F6C25
:10AD50006C65724030000000000000030000001627
:10AD600000000000736E70732C64772D6170622D8B
:10AD70006770696F2D706F7274000000000000032F
:10AD80000000000000000066000000030000000456
:10AD90000000007600000002000000030000000434
:10ADA0000000008200000018000000030000000402
:10ADB0000000003F00000000000000030000000051
:10ADC000000000900000000300000004000000A547
:10ADD000000000020000000300000006000000B6B2
:10ADE000706F727462000000000000030000000435
:10ADF000000000500000000D0000000200000002F2
:10AE0000000000016933634031306461303030301C
:10AE10000000000000000003000000190000000016
:10AE2000736E70732C64772D6933632D6D61737449
:10AE300065722D312E3030610000000000000003EB
:10AE4000000000080000003F10DA000000001000C1
:10AE500000000003000000040000000B00000001DF
:10AE600000000003000000040000001A00000000C1
:10AE70000000000300000008000000580000000768
:10AE80000000002D0000000300000004000000C0CE
:10AE90000000000B0000000300000008000000CCD0
:10AEA0000000000A0000002100000003000000056F
:10AEB0000000005F6F6B617900000000000000027D
:10AEC000000000016933634031306461313030305B
:10AED0000000000000000003000000190000000056
:10AEE000736E70732C64772D6933632D6D61737489
:10AEF00065722D312E30306100000000000000032B
:10AF0000000000080000003F10DA100000001000F0
:10AF100000000003000000040000000B000000011E
:10AF200000000003000000040000001A0000000000
:10AF300000000003000000080000005800000007A7
:10AF40000000002E0000000300000008000000CCFC
:10AF50000000000A000000210000000300000004BF
:10AF6000000000C00000000B00000003000000050E
:10AF70000000005F6F6B61790000000000000002BC
:10AF800000000001726567756C61746F722D6669EF
:10AF90007865642D337033760000000000000003F4
:10AFA0000000001000000000726567756C61746F2E
:10AFB000722D666978656400000000030000000BD4
:10AFC000000000D3636172642D706F7765720000BA
:10AFD0000000000300000004000000E200325AA05C
:10AFE0000000000300000004000000FA00325AA034
:10AFF0000000000300000000000001120000000338
:10B0000000000004000000500000000E00000002DC
:10B0100000000001726567756C61746F722D31708C
:10B0200038760000000000030000000F0000000060
:10B03000726567756C61746F722D6770696F00005F
:10B040000000000300000010000000D373642D62B4
:10B0500075732D696F2D706F7765720000000003A6
:10B0600000000004000000E2001B77400000000325
:10B0700000000004000000FA00325AA000000003A3
:10B080000000001000000126001B774000000001B6
:10B0900000325AA000000000000000030000000C75
:10B0A0000000008A0000000D000000030000000006
:10B0B0000000000300000004000000500000000F2A
:10B0C00000000002000000016D6D63304031303837
:10B0D0003038303030000000000000030000000471
:10B0E0000000000B0000000100000003000000044D
:10B0F0000000001A00000000000000030000001E15
:10B1000000000000616C74722C6167696C657835B1
:10B110002D73643668630063646E732C73643668E1
:10B120006300000000000003000000080000003F72
:10B1300010808000000010000000000300000010DC
:10B14000000000CC0000000A000000210000000AFE
:10B150000000003000000003000000080000012D86
:10B160006269750063697500000000030000000853
:10B170000000013900000008000000050000000385
:10B18000000000050000005F6F6B617900000000A7
:10B190000000000300000000000001400000000368
:10B1A000000000080000014E000020000000FF0029
:10B1B0000000000300000018000000580000000715
:10B1C00000000006000000070000000F000000075C
:10B1D00000000007000000030000001E0000015EE8
:10B1E000636F6D626F7068790073646D6D632D6F4E
:10B1F000637000736468632D72657365740000008A
:10B2000000000003000000000000016A00000003CD
:10B2100000000000000001710000000300000000B9
:10B220000000017C00000003000000040000018D0C
:10B230000000000E0000000300000004000001995F
:10B240000000000F0000000300000004000001A641
:10B250000BEBC2000000000300000008000001B476
:10B26000000000000000C80000000003000000040F
:10B27000000001BF0078000000000003000000048F
:10B28000000001DF81A40040000000030000000472
:10B290000000020300A000FE000000030000000404
:10B2A000000002212800000100000003000000044B
:10B2B00000000240007800010000000300000004CC
:10B2C0000000026081A400400000000300000004B0
:10B2D00000000284100000010000000300000004D0
:10B2E000000002A3000001010000000300000004B0
:10B2F000000002C4000A0001000000030000000476
:10B30000000002E7007800040000000300000004D1
:10B310000000030A80A400400000000300000004B5
:10B3200000000331040000040000000300000004DA
:10B330000000035238000001000000030000000478
:10B3400000000374F1C1800C000000030000000441
:10B350000000039A00020000000000030000000447
:10B36000000003C30000010100000003000000040E
:10B37000000003E7000900050000000300000004CE
:10B380000000040D11000001000000030000000493
:10B3900000000431007800040000000300000004F5
:10B3A00000000456004D4D000000000300000004A2
:10B3B0000000047981A400400000000300000004A4
:10B3C000000004A2F1C1800000000003000000049E
:10B3D000000004CA0009000000000003000000048F
:10B3E000000004F50000010100000003000000045B
:10B3F0000000051B000A000100000002000000011F
:10B400006E616E64403130623830303030000000A0
:10B41000000000030000000A0000000063646E7377
:10B420002C6E616E6400000000000003000000103C
:10B430000000003F10B80000000100001084000070
:10B440000000100000000003000000090000054398
:10B450007265670073646D61000000000000000306
:10B46000000000040000000B0000000100000003C9
:10B47000000000040000001A0000000000000003AB
:10B4800000000008000000CC0000000A0000002DB1
:10B49000000000030000001000000058000000073A
:10B4A0000000000500000007000000060000000387
:10B4B000000000040000054D000012DE0000000343
:10B4C000000000050000005F6F6B61790000000064
:10B4D00000000001666C61736840300000000003EA
:10B4E000000000040000003F000000000000000316
:10B4F000000000040000000B000000010000000339
:10B50000000000040000001A00000001000000021A
:10B5100000000002000000017273746D6772403118
:10B52000306431313030300000000003000000048E
:10B530000000056100000001000000030000000D94
:10B5400000000000616C74722C7273742D6D677250
:10B550000000000000000003000000080000003FA1
:10B5600010D11000000010000000000300000004D3
:10B570000000056E0000002400000003000000042D
:10B580000000005000000007000000020000000161
:10B590007379736D6772403130643132303030000E
:10B5A000000000030000001400000000616C7472D1
:10B5B0002C7379732D6D677200737973636F6E00EE
:10B5C00000000003000000080000003F10D1200030
:10B5D000000005000000000300000004000000500F
:10B5E00000000009000000020000000174696D65A0
:10B5F00072304031306330333030300000000003AF
:10B600000000001200000000736E70732C64772D30
:10B610006170622D74696D657200000000000003A6
:10B62000000000080000003F10C0300000000100D2
:10B6300000000003000000080000005800000007A0
:10B64000000000260000000300000008000000CCFD
:10B650000000000A000000220000000300000006B5
:10B660000000012D74696D65720000000000000388
:10B67000000000050000005F6F6B617900000000B2
:10B68000000000020000000174696D6572314031F4
:10B69000306330333130300000000003000000120E
:10B6A00000000000736E70732C64772D6170622D42
:10B6B00074696D657200000000000003000000085E
:10B6C0000000003F10C03100000001000000000336
:10B6D00000000008000000580000000700000027DC
:10B6E0000000000300000008000000CC0000000A79
:10B6F0000000002200000003000000060000012DF1
:10B7000074696D6572000000000000030000000510
:10B710000000005F6F6B6179000000000000000214
:10B720000000000174696D65723240313064303060
:10B730003030300000000003000000120000000064
:10B74000736E70732C64772D6170622D74696D65F2
:10B750007200000000000003000000080000003F2D
:10B7600010D00000000001000000000300000008ED
:10B770000000005800000007000000240000000343
:10B7800000000008000000CC0000000A00000003D8
:10B7900000000003000000060000012D74696D65C3
:10B7A0007200000000000003000000050000005FC0
:10B7B0006F6B6179000000000000000200000001D2
:10B7C00074696D657233403130643030313030002F
:10B7D000000000030000001200000000736E707390
:10B7E0002C64772D6170622D74696D6572000000A4
:10B7F00000000003000000080000003F10D001001E
:10B8000000000100000000030000000800000058D4
:10B8100000000007000000250000000300000008F1
:10B82000000000CC0000000A00000003000000033C
:10B83000000000060000012D74696D6572000000B3
:10B8400000000003000000050000005F6F6B6179DD
:10B850000000000000000002000000017365726932
:10B86000616C3040313063303230303000000000E5
:10B87000000000030000001100000000736E7073F0
:10B880002C64772D6170622D756172740000000068
:10B8900000000003000000080000003F10C020006E
:10B8A000000001000000000300000004000005810A
:10B8B0000000000200000003000000040000058BEF
:10B8C0000000000400000003000000080000005811
:10B8D0000000000700000030000000030000000529
:10B8E0000000005F6F6B6179000000000000000342
:10B8F00000000008000000CC0000000A0000002248
:10B9000000000003000000040000059805F5E100B8
:10B9100000000002000000017761746368646F67D3
:10B92000403130643030323030000000000000031D
:10B930000000000C00000000736E70732C64772D03
:10B940007764740000000003000000080000003F5E
:10B9500010D00200000001000000000300000008F9
:10B960000000005800000007000000200000000355
:10B9700000000008000000CC0000000A00000003E6
:10B9800000000003000000050000005F6F6B61799C
:10B99000000000000000000200000001736472401B
:10B9A000313830303030303000000000000000030B
:10B9B0000000001600000000696E74656C2C736452
:10B9C000722D63746C2D6167696C657835000000B9
:10B9D00000000003000000080000003F1800000005
:10B9E00000400000000000030000000800000058B4
:10B9F00000000007000000460000000200000001F7
:10BA000073706940313038643230303000000000EB
:10BA1000000000030000000E0000000063646E736D
:10BA20002C717370692D6E6F7200000000000003AE
:10BA3000000000040000000B0000000100000003F3
:10BA4000000000040000001A0000000000000003D5
:10BA5000000000100000003F108D200000000100D9
:10BA6000109000000010000000000003000000041F
:10BA7000000005A800000080000000030000000492
:10BA8000000005B8000000040000000300000004EE
:10BA9000000005C8000000000000000300000004D2
:10BAA000000000CC000000110000000300000005B1
:10BAB0000000005F6F6B6179000000000000000172
:10BAC000666C6173684030000000000300000004F1
:10BAD0000000000B00000001000000030000000453
:10BAE0000000001A00000001000000030000000E2A
:10BAF000000000006A656465632C7370692D6E6FC9
:10BB00007200000000000003000000040000003F7D
:10BB1000000000000000000300000004000005DD3C
:10BB200005F5E1000000000300000000000005EF43
:10BB30000000000300000004000005FE00000100FA
:10BB400000000003000000040000060D00000010CB
:10BB500000000003000000040000061D0000003289
:10BB600000000003000000040000062B000000326B
:10BB7000000000030000000400000639000000047B
:10BB8000000000030000000400000647000000045D
:10BB9000000000030000000400000655000000043F
:10BBA000000000030000000400000666000000041E
:10BBB000000000020000000200000001736F6366D5
:10BBC0007067612D6363752D636F6E666967000032
:10BBD000000000030000001400000000696E74659E
:10BBE0006C2C736F63667067612D64747265670097
:10BBF00000000003000000040000000B0000000132
:10BC000000000003000000040000001A0000000112
:10BC100000000001695F6363755F636169753040AF
:10BC2000316330303030303000000000000000035D
:10BC3000000000080000003F1C0000000000100091
:10BC4000000000030000012C00000677000003C480
:10BC500000000000070707770000041400018000BF
:10BC6000FFFFFFFF0000041800000000000000FFBD
:10BC700000000410C0E00200C1F03E1F00000424D8
:10BC80000001D000FFFFFFFF0000042800000000BB
:10BC9000000000FF00000420C0800400C1F03E1F2F
:10BCA0000000044400020000FFFFFFFF0000044802
:10BCB00000000000000000FF00000440C11000066A
:10BCC000C1F03E1F0000045400040000FFFFFFFF0E
:10BCD0000000045800000000000000FF00000450B5
:10BCE000C1200006C1F03E1F0000046400080000EF
:10BCF000FFFFFFFF0000046800000000000000FFDD
:10BD00000000047400400000FFFFFFFF0000047803
:10BD100000000000000000FF00000470C160000689
:10BD2000C1F03E1F0000048400800000FFFFFFFF01
:10BD30000000048800000000000000FF00000494E0
:10BD400004000000FFFFFFFF000004980000000057
:10BD5000000000FF00000490C1A00006C1F03E1FDB
:10BD6000000004A408000000FFFFFFFF000004A87B
:10BD700000000000000000FF0000000200000001C1
:10BD8000695F6363755F6E6361697530403163300D
:10BD900030313030300000000000000300000008A7
:10BDA0000000003F1C001000000010000000000315
:10BDB0000000012C00000677000003C40000000012
:10BDC000070707770000040400010000FFFFFFFFE2
:10BDD0000000040800000000000000FF0000040054
:10BDE000C0F00000C1F03E1F0000041400018000FC
:10BDF000FFFFFFFF0000041800000000000000FF2C
:10BE000000000410C0E00200C1F03E1F0000044426
:10BE100000020000FFFFFFFF0000044800000000D8
:10BE2000000000FF00000440C1100006C1F03E1FEA
:10BE30000000045400040000FFFFFFFF000004584E
:10BE400000000000000000FF00000450C1200006B8
:10BE5000C1F03E1F0000046400080000FFFFFFFF68
:10BE60000000046800000000000000FF00000474EF
:10BE700000400000FFFFFFFF00000478000000000A
:10BE8000000000FF00000470C1600006C1F03E1F0A
:10BE90000000048400800000FFFFFFFF0000048812
:10BEA00000000000000000FF0000049404000000F7
:10BEB000FFFFFFFF0000049800000000000000FFEB
:10BEC00000000490C1A00006C1F03E1F000004A4C1
:10BED00008000000FFFFFFFF000004A800000000B2
:10BEE000000000FF0000000200000001695F6363C2
:10BEF000755F6E6361697531403163303032303067
:10BF00003000000000000003000000080000003FB7
:10BF10001C0020000000100000000003000000547E
:10BF200000000677000003C4000000000707077741
:10BF30000000046400080000FFFFFFFF0000046829
:10BF400000000000000000FF0000048400800000EA
:10BF5000FFFFFFFF0000048800000000000000FF5A
:10BF6000000004A408000000FFFFFFFF000004A879
:10BF700000000000000000FF0000000200000001BF
:10BF8000695F6363755F6E63616975324031633009
:10BF900030333030300000000000000300000008A3
:10BFA0000000003F1C0030000000100000000003F3
:10BFB0000000005400000677000003C400000000E9
:10BFC000070707770000046400080000FFFFFFFF79
:10BFD0000000046800000000000000FF000004846E
:10BFE00000800000FFFFFFFF000004880000000049
:10BFF000000000FF000004A408000000FFFFFFFF96
:10C00000000004A800000000000000FF0000000283
:10C0100000000001695F6363755F6E63616975337A
:10C020004031633030343030300000000000000315
:10C03000000000080000003F1C004000000010004D
:10C04000000000030000007800000677000003C431
:10C0500000000000070707770000041400018000BB
:10C06000FFFFFFFF0000041800000000000000FFB9
:10C0700000000410C0E00200C1F03E1F0000046494
:10C0800000080000FFFFFFFF000004680000000040
:10C09000000000FF0000048400800000FFFFFFFF9D
:10C0A0000000048800000000000000FF000004A45D
:10C0B00008000000FFFFFFFF000004A800000000D0
:10C0C000000000FF0000000200000001695F6363E0
:10C0D000755F646365304031633030353030300037
:10C0E00000000003000000080000003F1C0050009A
:10C0F000000010000000000300000054000006775C
:10C10000000003C400000000070707770000046474
:10C1100000080000FFFFFFFF0000046800000000AF
:10C12000000000FF0000048400800000FFFFFFFF0C
:10C130000000048800000000000000FF000004A4CC
:10C1400008000000FFFFFFFF000004A8000000003F
:10C15000000000FF0000000200000001695F63634F
:10C16000755F6463653140316330303630303000A4
:10C1700000000003000000080000003F1C006000F9
:10C1800000001000000000030000005400000677CB
:10C19000000003C4000000000707077700000464E4
:10C1A00000080000FFFFFFFF00000468000000001F
:10C1B000000000FF0000048400800000FFFFFFFF7C
:10C1C0000000048800000000000000FF000004A43C
:10C1D00008000000FFFFFFFF000004A800000000AF
:10C1E000000000FF0000000200000001695F6363BF
:10C1F000755F646D69304031633030373030300006
:10C2000000000003000000080000003F1C00700058
:10C21000000010000000000300000024000006776A
:10C220000000030000000001000000030000030004
:10C230000000000300000003000003080000000CE1
:10C240000000001F0000000200000001695F63633E
:10C25000755F646D693040316330303830303000A4
:10C2600000000003000000080000003F1C008000E8
:10C27000000010000000000300000024000006770A
:10C2800000000300000000010000000300000300A4
:10C290000000000300000003000003080000000C81
:10C2A0000000001F0000000200000002000000016A
:10C2B000736F63667067612D6669726577616C6C18
:10C2C0002D636F6E666967000000000300000014B4
:10C2D00000000000696E74656C2C736F6366706794
:10C2E000612D6474726567000000000300000004A3
:10C2F0000000000B0000000100000003000000042B
:10C300000000001A00000001000000016E6F635F72
:10C3100066775F6C345F7065724031306432313003
:10C320003030000000000003000000080000003F63
:10C3300010D210000000008C00000003000001502B
:10C34000000006770000000001010001010100016A
:10C350000000000C010100010101000100000010BB
:10C3600001010001010100010000001C01010301A5
:10C37000010103010000002001010301010103018B
:10C380000000002401010301010103010000002855
:10C3900001010301010103010000002C0101000162
:10C3A0000101000100000030010100010101000154
:10C3B0000000003401010001010100010000004003
:10C3C000010100010101000100000044010103011D
:10C3D0000101030100000048010103010101030103
:10C3E000000000500101030101010301000000549D
:10C3F00001010301010103010000005801010301D3
:10C40000010103010000005C0101030101010301BE
:10C41000000000600101030101010301000000644C
:10C420000101030101010301000000680101030192
:10C43000010103010000006C01010301010103017E
:10C4400000000070010103010101030100000074FC
:10C450000101030101010301000000780101030152
:10C46000010103010000007C010100010101000144
:10C4700000000080010100010101000100000084B2
:10C480000101000101010001000000880101030118
:10C490000101030100000002000000016E6F635FF4
:10C4A00066775F6C345F7379734031306432313159
:10C4B0003030000000000003000000080000003FD2
:10C4C00010D2110000000098000000030000017469
:10C4D00000000677000000080101000101010001D1
:10C4E0000000000C0101000101010001000000102A
:10C4F000010100010101000100000014010100011F
:10C50000010100010000001801010001010100010A
:10C510000000001C010100010101000100000020D9
:10C5200001010001010100010000002C01010001D6
:10C5300001010001000000300101000101010001C2
:10C540000000003401010001010100010000003879
:10C550000101000101010001000000400101000192
:10C56000010100010000004401010001010100017E
:10C570000000004801010001010100010000004C21
:10C58000010100010101000100000054010100014E
:10C59000010100010000005801010001010100013A
:10C5A0000000005C010100010101000100000060C9
:10C5B0000101030101010301000000640101030105
:10C5C00001010301000000680101030101010301F1
:10C5D0000000006C01010301010103010000007073
:10C5E00001010301010103010000007401010301C5
:10C5F00001010301000000780301000103010001B3
:10C600000000007C01010301010103010000008022
:10C61000010100010101000100000084010100018D
:10C620000101000100000088010100010101000179
:10C6300000000090010100010101000100000094D0
:10C6400001010001010100010000000200000001E1
:10C650006E6F635F66775F6C77736F633266706768
:10C66000614031306432313330300000000000036B
:10C67000000000080000003F10D21300000000047A
:10C68000000000030000000C00000677000000001E
:10C690000FFE03010FFE0301000000020000000175
:10C6A0006E6F635F66775F736F633266706761405A
:10C6B00031306432313230300000000000000003BD
:10C6C000000000080000003F10D21200000000042B
:10C6D000000000030000000C0000067700000000CE
:10C6E0000FFE03010FFE0301000000020000000125
:10C6F0006E6F635F66775F746375403130643231AB
:10C700003430300000000003000000080000003F4B
:10C7100010D2140000000004000000030000000C10
:10C720000000067700000000010100010101000186
:10C73000000000020000000200000001736F636649
:10C740007067612D6363752D6464722D696E746505
:10C75000726C656176696E672D6F66660000000019
:10C76000000000030000001400000000696E746502
:10C770006C2C736F63667067612D647472656700FB
:10C7800000000003000000040000000B0000000196
:10C7900000000003000000040000001A0000000177
:10C7A00000000001695F6363755F63616975304014
:10C7B00031633030303030300000000000000003C2
:10C7C000000000080000003F1C00000000001000F6
:10C7D000000000030000003000000677000003C0E6
:10C7E000000000030000001F00000460813000060C
:10C7F000C1F03E1F0000048081700006C1F03E1FA2
:10C80000000004A081B00006C1F03E1F000000023D
:10C8100000000001695F6363755F6E636169753075
:10C820004031633030313030300000000000000310
:10C83000000000080000003F1C0010000000100075
:10C84000000000030000003000000677000003C075
:10C85000000000030000001F00000460813000069B
:10C86000C1F03E1F0000048081700006C1F03E1F31
:10C87000000004A081B00006C1F03E1F00000002CD
:10C8800000000001695F6363755F6E636169753104
:10C89000403163303032303030000000000000039F
:10C8A000000000080000003F1C00200000001000F5
:10C8B000000000030000003000000677000003C005
:10C8C000000000030000001F00000460813000062B
:10C8D000C1F03E1F0000048081700006C1F03E1FC1
:10C8E000000004A081B00006C1F03E1F000000025D
:10C8F00000000001695F6363755F6E636169753293
:10C90000403163303033303030000000000000032D
:10C91000000000080000003F1C0030000000100074
:10C92000000000030000003000000677000003C094
:10C93000000000030000001F0000046081300006BA
:10C94000C1F03E1F0000048081700006C1F03E1F50
:10C95000000004A081B00006C1F03E1F00000002EC
:10C9600000000001695F6363755F6E636169753321
:10C9700040316330303430303000000000000003BC
:10C98000000000080000003F1C00400000001000F4
:10C99000000000030000003000000677000003C024
:10C9A000000000030000001F00000460813000064A
:10C9B000C1F03E1F0000048081700006C1F03E1FE0
:10C9C000000004A081B00006C1F03E1F000000027C
:10C9D00000000001695F6363755F64636530403127
:10C9E00063303035303030000000000300000008B4
:10C9F0000000003F1C005000000010000000000379
:10CA00000000003000000677000003C000000003B3
:10CA10000000001F0000046081300006C1F03E1FCE
:10CA20000000048081700006C1F03E1F000004A0D9
:10CA300081B00006C1F03E1F0000000200000001AE
:10CA4000695F6363755F64636531403163303036BD
:10CA50003030300000000003000000080000003FFC
:10CA60001C00600000001000000000030000003007
:10CA700000000677000003C0000000030000001F54
:10CA80000000046081300006C1F03E1F00000480F9
:10CA900081700006C1F03E1F000004A081B00006B6
:10CAA000C1F03E1F00000002000000020000000173
:10CAB000736F63667067612D6363752D6464722D97
:10CAC000696E7465726C656176696E672D6F6E0054
:10CAD000000000030000001400000000696E74658F
:10CAE0006C2C736F63667067612D64747265670088
:10CAF00000000003000000040000000B0000000123
:10CB000000000003000000040000001A0000000103
:10CB100000000001695F6363755F636169753040A0
:10CB2000316330303030303000000000000000034E
:10CB3000000000080000003F1C0000000000100082
:10CB4000000000030000003000000677000003C072
:10CB5000000000010000001F0000046081200006AA
:10CB6000C1F03E1F0000048081600006C1F03E1F3E
:10CB7000000004A081A00006C1F03E1F00000002DA
:10CB800000000001695F6363755F6E636169753002
:10CB9000403163303031303030000000000000039D
:10CBA000000000080000003F1C0010000000100002
:10CBB000000000030000003000000677000003C002
:10CBC000000000010000001F00000460812000063A
:10CBD000C1F03E1F0000048081600006C1F03E1FCE
:10CBE000000004A081A00006C1F03E1F000000026A
:10CBF00000000001695F6363755F6E636169753191
:10CC0000403163303032303030000000000000032B
:10CC1000000000080000003F1C0020000000100081
:10CC2000000000030000003000000677000003C091
:10CC3000000000010000001F0000046081200006C9
:10CC4000C1F03E1F0000048081600006C1F03E1F5D
:10CC5000000004A081A00006C1F03E1F00000002F9
:10CC600000000001695F6363755F6E63616975321F
:10CC700040316330303330303000000000000003BA
:10CC8000000000080000003F1C0030000000100001
:10CC9000000000030000003000000677000003C021
:10CCA000000000010000001F000004608120000659
:10CCB000C1F03E1F0000048081600006C1F03E1FED
:10CCC000000004A081A00006C1F03E1F0000000289
:10CCD00000000001695F6363755F6E6361697533AE
:10CCE0004031633030343030300000000000000349
:10CCF000000000080000003F1C0040000000100081
:10CD0000000000030000003000000677000003C0B0
:10CD1000000000010000001F0000046081200006E8
:10CD2000C1F03E1F0000048081600006C1F03E1F7C
:10CD3000000004A081A00006C1F03E1F0000000218
:10CD400000000001695F6363755F646365304031B3
:10CD50006330303530303000000000030000000840
:10CD60000000003F1C005000000010000000000305
:10CD70000000003000000677000003C00000000142
:10CD80000000001F0000046081200006C1F03E1F6B
:10CD90000000048081600006C1F03E1F000004A076
:10CDA00081A00006C1F03E1F00000002000000014B
:10CDB000695F6363755F646365314031633030364A
:10CDC0003030300000000003000000080000003F89
:10CDD0001C00600000001000000000030000003094
:10CDE00000000677000003C0000000010000001FE3
:10CDF0000000046081200006C1F03E1F0000048096
:10CE000081600006C1F03E1F000004A081A0000662
:10CE1000C1F03E1F000000020000000200000001FF
:10CE2000736F63667067612D736D6D752D736563C8
:10CE30007572652D636F6E66696700000000000300
:10CE40000000001400000000696E74656C2C736FA4
:10CE500063667067612D647472656700000000038B
:10CE6000000000040000000B0000000100000003AF
:10CE7000000000040000001A000000010000000192
:10CE8000695F7379735F6D67745F7379736D6772D0
:10CE90005F637372403130643132303030000000F3
:10CEA00000000003000000080000003F10D1200037
:10CEB0000000050000000003000000780000067775
:10CEC0000000017C000000000000003F0000018025
:10CED000000000000000003F00000184000000008E
:10CEE0000000003F00000188000000000000003F3B
:10CEF00000000190000000000000003F00000194CD
:10CF0000000000000000003F000001980000000049
:10CF10000000003F0000019C000000000000003FF6
:10CF2000000001A0000000000000003F000001A47C
:10CF3000000000000000003F0000000200000002AE
:10CF400000000001736F63667067612D6E6F632D63
:10CF500066772D6D7066652D6373720000000003A7
:10CF60000000001400000000696E74656C2C736F83
:10CF700063667067612D647472656700000000036A
:10CF8000000000040000000B00000001000000038E
:10CF9000000000040000001A000000010000000171
:10CFA000695F6E6F635F66775F6D7066655F637301
:10CFB00072403138303030643030000000000003FF
:10CFC000000000080000003F18000D0000000100F4
:10CFD00000000003000000240000067700000000AD
:10CFE0000000000100010101000000040000000138
:10CFF0000001010100000008000000010001010122
:10D000000000000200000002000000017077726D55
:10D01000677240313064313430303000000000033A
:10D020000000001200000000616C74722C706D67CB
:10D03000722D6167696C657835000000000000039F
:10D04000000000080000003F10D140000000010077
:10D05000000000020000000200000001616C696134
:10D060007365730000000003000000150000068DCA
:10D070002F736F632F7379736D6772403130643132
:10D0800032303030000000000000000300000016C5
:10D09000000006942F736F632F73657269616C30A3
:10D0A0004031306330323030300000000000000387
:10D0B000000000120000069C2F736F632F737069CD
:10D0C000403130386432303030000000000000025F
:10D0D000000000016D656D6F7279000000000003B3
:10D0E000000000070000002C6D656D6F7279000074
:10D0F00000000003000000100000003F00000000DE
:10D10000000000000000000000000000000000031C
:10D11000000000040000000B0000000200000003FB
:10D12000000000040000001A0000000200000002DD
:10D130000000000163686F73656E0000000000036B
:10D1400000000011000006A173657269616C303A3D
:10D150003131353230306E380000000000000003FD
:10D1600000000048000006AD2F736F632F6D6D63E4
:10D1700030403130383038303030002F736F632F0B
:10D180007370694031303864323030302F666C61F2
:10D1900073684030002F736F632F6E616E6440318F
:10D1A00030623830303030002F6D656D6F7279002D
:10D1B000000000020000000200000009636F6D70B3
:10D1C000617469626C650023616464726573732DB8
:10D1D00063656C6C73002373697A652D63656C6C91
:10D1E00073006D6F64656C006465766963655F7478
:10D1F0007970650072616E67657300726567002300
:10D20000636C6F636B2D63656C6C73007068616E2B
:10D21000646C650072657365747300737461747512
:10D2200073006770696F2D636F6E74726F6C6C65DD
:10D230007200236770696F2D63656C6C7300736E89
:10D2400070732C6E722D6770696F7300696E7465F0
:10D2500072727570742D636F6E74726F6C6C657220
:10D260000023696E746572727570742D63656C6CE1
:10D27000730062616E6B2D6E616D65006D61785F2C
:10D280006465766963657300636C6F636B730072CA
:10D290006567756C61746F722D6E616D6500726586
:10D2A00067756C61746F722D6D696E2D6D69637237
:10D2B0006F766F6C7400726567756C61746F722D38
:10D2C0006D61782D6D6963726F766F6C7400726535
:10D2D00067756C61746F722D616C776179732D6FF6
:10D2E0006E0073746174657300636C6F636B2D6E95
:10D2F000616D657300696F6D6D75730073642D7575
:10D3000068732D7364723130340073646863692DFF
:10D31000636170732D6D61736B0072657365742D3D
:10D320006E616D6573006E6F2D6D6D630064697362
:10D3300061626C652D7770006361702D73642D6878
:10D34000696768737065656400766D6D632D7375CC
:10D3500070706C790076716D6D632D737570706C83
:10D3600079006D61782D6672657175656E637900FF
:10D3700073646863692D636170730063646E732CFA
:10D380007068792D6471732D74696D696E672D6491
:10D39000656C61792D73642D64730063646E732C06
:10D3A0007068792D676174652D6C70626B2D637484
:10D3B000726C2D64656C61792D73642D64730063E8
:10D3C000646E732C7068792D646C6C2D736C61764F
:10D3D000652D6374726C2D73642D64730063646EC9
:10D3E000732C7068792D64712D74696D696E672D69
:10D3F00064656C61792D73642D64730063646E736E
:10D400002C7068792D6471732D74696D696E672D48
:10D4100064656C61792D73642D68730063646E7349
:10D420002C7068792D676174652D6C70626B2D634B
:10D4300074726C2D64656C61792D73642D68730052
:10D4400063646E732C7068792D64712D74696D69D5
:10D450006E672D64656C61792D73642D687300634C
:10D46000646E732C6374726C2D68727331362D7315
:10D470006C6176652D6374726C2D73642D68730016
:10D4800063646E732C6374726C2D68727330372D05
:10D4900074696D696E672D64656C61792D73642D97
:10D4A00068730063646E732C7068792D6471732DDA
:10D4B00074696D696E672D64656C61792D656D6D3C
:10D4C000632D7364720063646E732C7068792D67CA
:10D4D0006174652D6C70626B2D6374726C2D646564
:10D4E0006C61792D656D6D632D7364720063646E7C
:10D4F000732C7068792D646C6C2D736C6176652D5E
:10D500006374726C2D656D6D632D7364720063645A
:10D510006E732C7068792D64712D74696D696E67F6
:10D520002D64656C61792D656D6D632D736472007A
:10D5300063646E732C6374726C2D68727330392D52
:10D5400074696D696E672D64656C61792D656D6DAB
:10D55000632D7364720063646E732C6374726C2D3C
:10D5600068727331302D6C70626B2D6374726C2D28
:10D5700064656C61792D656D6D632D7364720063F4
:10D58000646E732C6374726C2D68727331362D73F4
:10D590006C6176652D6374726C2D656D6D632D7392
:10D5A00064720063646E732C6374726C2D687273A2
:10D5B00030372D74696D696E672D64656C61792DE6
:10D5C000656D6D632D7364720063646E732C706897
:10D5D000792D64712D74696D696E672D64656C6158
:10D5E000792D656D6D632D68733230300063646E24
:10D5F000732C7068792D6471732D74696D696E6711
:10D600002D64656C61792D656D6D632D68733230A5
:10D61000300063646E732C7068792D646C6C2D73AC
:10D620006C6176652D6374726C2D656D6D632D680C
:10D63000733230300063646E732C7068792D6761CB
:10D6400074652D6C70626B2D6374726C2D64656CE7
:10D6500061792D656D6D632D6873323030006364C0
:10D660006E732C6374726C2D68727330392D74690B
:10D670006D696E672D64656C61792D656D6D632DC7
:10D6800068733230300063646E732C6374726C2D77
:10D6900068727331302D6C70626B2D6374726C2DF7
:10D6A00064656C61792D656D6D632D687332303002
:10D6B0000063646E732C6374726C2D687273313600
:10D6C0002D736C6176652D6374726C2D656D6D6361
:10D6D0002D68733230300063646E732C6374726C27
:10D6E0002D68727330372D74696D696E672D6465AE
:10D6F0006C61792D656D6D632D6873323030007209
:10D7000065672D6E616D65730063646E732C626F67
:10D710006172642D64656C61792D7073002372658C
:10D720007365742D63656C6C7300616C74722C6D21
:10D730006F647273742D6F666673657400726567CB
:10D740002D7368696674007265672D696F2D77693E
:10D7500064746800636C6F636B2D667265717565C8
:10D760006E63790063646E732C6669666F2D646501
:10D770007074680063646E732C6669666F2D7769D8
:10D780006474680063646E732C7472696767657291
:10D790002D61646472657373007370692D6D6178B7
:10D7A0002D6672657175656E6379006D3235702C0A
:10D7B000666173742D726561640063646E732C70AE
:10D7C0006167652D73697A650063646E732C626CA2
:10D7D0006F636B2D73697A650063646E732C747369
:10D7E00068736C2D6E730063646E732C7473643293
:10D7F000642D6E730063646E732C74636873682D9C
:10D800006E730063646E732C74736C63682D6E7337
:10D81000007370692D74782D6275732D7769647447
:10D8200068007370692D72782D6275732D77696445
:10D83000746800696E74656C2C6F66667365742D10
:10D8400073657474696E6773007379736D677200C2
:10D8500073657269616C3000737069300073746451
:10D860006F75742D7061746800752D626F6F742C04
:0FD8700073706C2D626F6F742D6F726465720030
:00000001FF
